compound_index,canonical_smiles,inchikey,chembl_id,source_doi,assay_description,molecular_weight,ic50_M,pIC50,chemistry_category,bemis_murcko_scaffold,split_stratified_9_1
0,O=CN1CCc2cc3c(c4c2C1Cc1ccccc1-4)OCO3,UNKDZOMBELOPQZ-UHFFFAOYSA-N,CHEMBL1170090,10.1016/j.bmc.2010.05.045,Antioxidant activity assessed as DPPH free radical scavenging activity after 30 mins,293.3,0.00012140000000000035,3.91578131326076,Other,c1ccc2c(c1)CC1NCCc3cc4c(c-2c31)OCO4,train
1,Cc1c(N=Cc2ccccc2)c(=O)n(-c2ccccc2)n1C,DOFPFUSLGOLLCL-UHFFFAOYSA-N,CHEMBL2088268,10.1016/j.bmc.2012.04.058,Antioxidant activity assessed as DPPH free radical scavenging activity incubated for 30 mins,291.4,3.1260000000000124e-05,4.50501102631683,Other,O=c1c(N=Cc2ccccc2)c[nH]n1-c1ccccc1,train
2,Cc1c(N=Cc2ccc(Cl)cc2)c(=O)n(-c2ccccc2)n1C,JVBNUGGDDDTNSS-UHFFFAOYSA-N,CHEMBL2088269,10.1016/j.bmc.2012.04.058,Antioxidant activity assessed as DPPH free radical scavenging activity incubated for 30 mins,325.8,3.168000000000033e-05,4.49921482708254,Other,O=c1c(N=Cc2ccccc2)c[nH]n1-c1ccccc1,test
3,Cc1c(N=Cc2ccc(N(C)C)cc2)c(=O)n(-c2ccccc2)n1C,MIOPZSFSXPQPAW-UHFFFAOYSA-N,CHEMBL2088270,10.1016/j.bmc.2012.04.058,Antioxidant activity assessed as DPPH free radical scavenging activity incubated for 30 mins,334.4,2.42999999999999e-06,5.61439372640169,Aromatic amine,O=c1c(N=Cc2ccccc2)c[nH]n1-c1ccccc1,train
4,Cc1c(N=Cc2ccc(O)cc2)c(=O)n(-c2ccccc2)n1C,GBERRIHAQVAYBH-UHFFFAOYSA-N,CHEMBL2088271,10.1016/j.bmc.2012.04.058,Antioxidant activity assessed as DPPH free radical scavenging activity incubated for 30 mins,307.4,1.879999999999999e-05,4.72584215073632,Other,O=c1c(N=Cc2ccccc2)c[nH]n1-c1ccccc1,train
5,COc1ccc(C=Nc2c(C)n(C)n(-c3ccccc3)c2=O)cc1,ZGXWYJRISPAZPS-UHFFFAOYSA-N,CHEMBL2088272,10.1016/j.bmc.2012.04.058,Antioxidant activity assessed as DPPH free radical scavenging activity incubated for 30 mins,321.4,1.526999999999996e-05,4.81616096294358,Other,O=c1c(N=Cc2ccccc2)c[nH]n1-c1ccccc1,test
6,Cc1c(N=Cc2ccc(O)c(O)c2)c(=O)n(-c2ccccc2)n1C,WQLJNMMVTZYNSO-UHFFFAOYSA-N,CHEMBL2088273,10.1016/j.bmc.2012.04.058,Antioxidant activity assessed as DPPH free radical scavenging activity incubated for 30 mins,323.4,9.299999999999898e-07,6.03151705144607,Other,O=c1c(N=Cc2ccccc2)c[nH]n1-c1ccccc1,train
7,COc1cc(C=Nc2c(C)n(C)n(-c3ccccc3)c2=O)ccc1O,BKVIERAQXDUEEP-UHFFFAOYSA-N,CHEMBL2088274,10.1016/j.bmc.2012.04.058,Antioxidant activity assessed as DPPH free radical scavenging activity incubated for 30 mins,337.4,1.1300000000000006e-06,5.94692155651658,Other,O=c1c(N=Cc2ccccc2)c[nH]n1-c1ccccc1,test
8,COc1ccc(C=Nc2c(C)n(C)n(-c3ccccc3)c2=O)cc1OC,CLWGXFVQBMLUHI-UHFFFAOYSA-N,CHEMBL2088275,10.1016/j.bmc.2012.04.058,Antioxidant activity assessed as DPPH free radical scavenging activity incubated for 30 mins,351.4,7.270000000000035e-06,5.13846558914096,Other,O=c1c(N=Cc2ccccc2)c[nH]n1-c1ccccc1,test
9,Cc1c(N=Cc2ccc(O)cc2O)c(=O)n(-c2ccccc2)n1C,ZEQOCKGPOZWQGS-UHFFFAOYSA-N,CHEMBL2088276,10.1016/j.bmc.2012.04.058,Antioxidant activity assessed as DPPH free radical scavenging activity incubated for 30 mins,323.4,2.5000000000000146e-06,5.60205999132796,Other,O=c1c(N=Cc2ccccc2)c[nH]n1-c1ccccc1,train
10,COc1ccc(C=Nc2c(C)n(C)n(-c3ccccc3)c2=O)c(OC)c1,VPLHVFLEDWSSFK-UHFFFAOYSA-N,CHEMBL2088277,10.1016/j.bmc.2012.04.058,Antioxidant activity assessed as DPPH free radical scavenging activity incubated for 30 mins,351.4,1.4529999999999952e-05,4.83773438570198,Other,O=c1c(N=Cc2ccccc2)c[nH]n1-c1ccccc1,train
11,Cc1c(N=Cc2c(O)cc(O)cc2O)c(=O)n(-c2ccccc2)n1C,MHSQMEITUBEVGB-UHFFFAOYSA-N,CHEMBL2088278,10.1016/j.bmc.2012.04.058,Antioxidant activity assessed as DPPH free radical scavenging activity incubated for 30 mins,339.4,4.4000000000000225e-07,6.35654732351381,Other,O=c1c(N=Cc2ccccc2)c[nH]n1-c1ccccc1,train
12,COc1cc(C=Nc2c(C)n(C)n(-c3ccccc3)c2=O)cc(OC)c1O,IQEWHNPXGZLFET-UHFFFAOYSA-N,CHEMBL2088279,10.1016/j.bmc.2012.04.058,Antioxidant activity assessed as DPPH free radical scavenging activity incubated for 30 mins,367.4,1.6599999999999792e-06,5.77989191195995,Other,O=c1c(N=Cc2ccccc2)c[nH]n1-c1ccccc1,train
13,COc1ccc(C=Nc2c(C)n(C)n(-c3ccccc3)c2=O)cc1C,FGLTXVGIZRPHON-UHFFFAOYSA-N,CHEMBL2088280,10.1016/j.bmc.2012.04.058,Antioxidant activity assessed as DPPH free radical scavenging activity incubated for 30 mins,335.4,5.219999999999978e-06,5.28232949699774,Other,O=c1c(N=Cc2ccccc2)c[nH]n1-c1ccccc1,train
14,Cc1c(N=Cc2ccccc2C=O)c(=O)n(-c2ccccc2)n1C,MLESKTLKVOGQNK-UHFFFAOYSA-N,CHEMBL2088281,10.1016/j.bmc.2012.04.058,Antioxidant activity assessed as DPPH free radical scavenging activity incubated for 30 mins,319.4,3.446000000000001e-05,4.46268472688799,Other,O=c1c(N=Cc2ccccc2)c[nH]n1-c1ccccc1,train
15,Cc1c(N=Cc2ccccc2C=Nc2c(C)n(C)n(-c3ccccc3)c2=O)c(=O)n(-c2ccccc2)n1C,NMISZLRPUKPURP-UHFFFAOYSA-N,CHEMBL2088282,10.1016/j.bmc.2012.04.058,Antioxidant activity assessed as DPPH free radical scavenging activity incubated for 30 mins,504.6,3.1400000000000347e-06,5.50307035192678,Other,O=c1c(N=Cc2ccccc2C=Nc2c[nH]n(-c3ccccc3)c2=O)c[nH]n1-c1ccccc1,train
16,COc1ccc2c(c1)OCC(=Cc1cc(OC)c(O)c(OC)c1)C2=O,BDFYVHJKNZTHEY-UHFFFAOYSA-N,CHEMBL249186,10.1016/j.bmcl.2007.10.034,Antioxidant activity assessed as DPPH free radical scavenging activity  30 min (manual check),342.3,3.075999999999975e-05,4.51201366887061,Other,O=C1C(=Cc2ccccc2)COc2ccccc21,train
17,O=C1C(=Cc2ccc(O)c(O)c2)COc2cc(O)ccc21,KVYZXXBTJHJISR-UHFFFAOYSA-N,CHEMBL249002,10.1016/j.bmcl.2007.10.034,Antioxidant activity assessed as DPPH free radical scavenging activity  30 min (manual check),284.3,3.500000000000036e-05,4.45593195564972,Other,O=C1C(=Cc2ccccc2)COc2ccccc21,train
18,CCCCOc1ccc2c(c1)OCC(=Cc1ccc(O)c(O)c1)C2=O,IFCJADKKSXMVRH-UHFFFAOYSA-N,CHEMBL248801,10.1016/j.bmcl.2007.10.034,Antioxidant activity assessed as DPPH free radical scavenging activity  30 min (manual check),340.4,2.4499999999999857e-05,4.61083391563547,Other,O=C1C(=Cc2ccccc2)COc2ccccc21,train
19,CCCOc1ccc2c(c1)OCC(=Cc1ccc(O)c(O)c1)C2=O,PTAPEAOFPYLSSE-UHFFFAOYSA-N,CHEMBL402922,10.1016/j.bmcl.2007.10.034,Antioxidant activity assessed as DPPH free radical scavenging activity  30 min (manual check),326.3,2.5440000000000238e-05,4.59448289302362,Other,O=C1C(=Cc2ccccc2)COc2ccccc21,train
20,CCOc1ccc2c(c1)OCC(=Cc1ccc(O)c(O)c1)C2=O,XYSYUMZDQQQPIF-UHFFFAOYSA-N,CHEMBL248799,10.1016/j.bmcl.2007.10.034,Antioxidant activity assessed as DPPH free radical scavenging activity  30 min (manual check),312.3,2.4299999999999896e-05,4.61439372640169,Other,O=C1C(=Cc2ccccc2)COc2ccccc21,train
21,COc1ccc2c(c1)OCC(=Cc1ccc(O)c(O)c1)C2=O,PJPVPNNIOZGDFS-UHFFFAOYSA-N,CHEMBL247559,10.1016/j.bmcl.2007.10.034,Antioxidant activity assessed as DPPH free radical scavenging activity  30 min (manual check),298.3,2.7150000000000287e-05,4.56623016607513,Other,O=C1C(=Cc2ccccc2)COc2ccccc21,train
22,COc1cc(C=CC(=O)O)ccc1O,KSEBMYQBYZTDHS-UHFFFAOYSA-N,CHEMBL32749,10.1021/acs.jnatprod.7b00085,Antioxidant activity assessed as DPPH radical scavenging activity after 30 mins under dark condition,194.2,4.8055891683740794e-05,4.31825335994381,Phenolic acid,c1ccccc1,train
23,CCCOC(=O)c1cc(O)c(O)c(O)c1,ZTHYODDOHIVTJV-UHFFFAOYSA-N,CHEMBL7983,10.1016/j.ejmech.2010.08.034,Antioxidant activity assessed as DPPH free radical scavenging activity in cell-free system after 30 mins,212.2,1.8521274809809048e-05,4.73232912435972,Phenolic acid,c1ccccc1,train
24,CCOc1cc(C=NNC(=O)c2ccc(OCc3cc(OC)c(OC)c(OC)c3)cc2)ccc1O,CQELEBXYWGVLIV-UHFFFAOYSA-N,CHEMBL3634156,10.1016/j.ejmech.2015.09.016,Antioxidant activity assessed as DPPH radical scavenging activity measured as discoloration incubated for 30 mins in dark,480.5,0.00022060353798127147,3.65638752673979,Aromatic amine,O=C(NN=Cc1ccccc1)c1ccc(OCc2ccccc2)cc1,train
25,COc1cc(C=NNC(=O)c2ccc(OCc3cc(OC)c(OC)c(OC)c3)cc2)cc(OC)c1O,HEXPQTCKZPBEJZ-UHFFFAOYSA-N,CHEMBL3634155,10.1016/j.ejmech.2015.09.016,Antioxidant activity assessed as DPPH radical scavenging activity measured as discoloration incubated for 30 mins in dark,496.5,0.00015105740181268877,3.8208579894397,Aromatic amine,O=C(NN=Cc1ccccc1)c1ccc(OCc2ccccc2)cc1,train
26,COc1cc(COc2ccc(C(=O)NN=Cc3cc(C(C)(C)C)c(O)c(C(C)(C)C)c3)cc2)cc(OC)c1OC,KOBZPRHIIXFIND-UHFFFAOYSA-N,CHEMBL3634154,10.1016/j.ejmech.2015.09.016,Antioxidant activity assessed as DPPH radical scavenging activity measured as discoloration incubated for 30 mins in dark,548.7,0.00011299435028248468,3.94694327069783,Aromatic amine,O=C(NN=Cc1ccccc1)c1ccc(OCc2ccccc2)cc1,train
27,COc1cc(COc2ccc(C(=O)NN)cc2)cc(OC)c1OC,PYCJBABORWXQMH-UHFFFAOYSA-N,CHEMBL3634152,10.1016/j.ejmech.2015.09.016,Antioxidant activity assessed as DPPH radical scavenging activity measured as discoloration incubated for 30 mins in dark,332.4,0.000794223826714806,3.10005708824224,Aromatic amine,c1ccc(COc2ccccc2)cc1,train
28,NN=Cc1cc(=O)oc2cc(OCc3ccccc3)ccc12,WOFCYQGDRBKMKY-UHFFFAOYSA-N,CHEMBL1909907,10.1016/j.bmcl.2011.09.029,Antioxidant activity assessed as DPPH free radical scavenging activity after 30 mins by spectrophotometric analysis,294.3,0.0012881000000000058,2.89005041976941,Coumarin,O=c1ccc2ccc(OCc3ccccc3)cc2o1,train
29,O=c1cc(C=NNc2ccccc2)c2ccc(OCc3ccccc3)cc2o1,DEJNIQGXPYDKDT-UHFFFAOYSA-N,CHEMBL1909909,10.1016/j.bmcl.2011.09.029,Antioxidant activity assessed as DPPH free radical scavenging activity after 30 mins by spectrophotometric analysis,370.4,5.772000000000041e-05,4.23867367757854,Coumarin,O=c1cc(C=NNc2ccccc2)c2ccc(OCc3ccccc3)cc2o1,train
30,O=c1cc(C=NNc2ccccc2)c2c(OCc3ccccc3)cc(OCc3ccccc3)cc2o1,YYQDHJJEIKEIHR-UHFFFAOYSA-N,CHEMBL1909910,10.1016/j.bmcl.2011.09.029,Antioxidant activity assessed as DPPH free radical scavenging activity after 30 mins by spectrophotometric analysis,476.5,7.637000000000023e-05,4.1170772093974,Coumarin,O=c1cc(C=NNc2ccccc2)c2c(OCc3ccccc3)cc(OCc3ccccc3)cc2o1,train
31,O=c1cc(C=NNc2ccc([N+](=O)[O-])cc2)c2ccc(OCc3ccccc3)cc2o1,KNAKRCWMYCPVPJ-UHFFFAOYSA-N,CHEMBL1909911,10.1016/j.bmcl.2011.09.029,Antioxidant activity assessed as DPPH free radical scavenging activity after 30 mins by spectrophotometric analysis,415.4,0.0013467499999999914,2.87071301578201,Coumarin,O=c1cc(C=NNc2ccccc2)c2ccc(OCc3ccccc3)cc2o1,train
32,O=c1cc(C=NNc2ccc([N+](=O)[O-])cc2)c2c(OCc3ccccc3)cc(OCc3ccccc3)cc2o1,FACKVKIEOCXGFF-UHFFFAOYSA-N,CHEMBL1909645,10.1016/j.bmcl.2011.09.029,Antioxidant activity assessed as DPPH free radical scavenging activity after 30 mins by spectrophotometric analysis,521.5,0.001608250000000015,2.79364643992759,Coumarin,O=c1cc(C=NNc2ccccc2)c2c(OCc3ccccc3)cc(OCc3ccccc3)cc2o1,train
33,O=c1cc(C=NNc2ccc([N+](=O)[O-])cc2[N+](=O)[O-])c2ccc(OCc3ccccc3)cc2o1,PPFKAJHJIXWIDX-UHFFFAOYSA-N,CHEMBL1909912,10.1016/j.bmcl.2011.09.029,Antioxidant activity assessed as DPPH free radical scavenging activity after 30 mins by spectrophotometric analysis,460.4,1.0509999999999945e-05,4.97839728397176,Coumarin,O=c1cc(C=NNc2ccccc2)c2ccc(OCc3ccccc3)cc2o1,train
34,Nc1ccccc1N=Cc1cc(=O)oc2cc(OCc3ccccc3)ccc12,FTAPZWOGJMQTQA-UHFFFAOYSA-N,CHEMBL1909914,10.1016/j.bmcl.2011.09.029,Antioxidant activity assessed as DPPH free radical scavenging activity after 30 mins by spectrophotometric analysis,370.4,0.0008572999999999916,3.06686717627327,Coumarin,O=c1cc(C=Nc2ccccc2)c2ccc(OCc3ccccc3)cc2o1,test
35,Nc1ccccc1N=Cc1cc(=O)oc2cc(OCc3ccccc3)cc(OCc3ccccc3)c12,ANZMBOJNYIPIHN-UHFFFAOYSA-N,CHEMBL1909915,10.1016/j.bmcl.2011.09.029,Antioxidant activity assessed as DPPH free radical scavenging activity after 30 mins by spectrophotometric analysis,476.5,0.0003145599999999988,3.50229650384796,Coumarin,O=c1cc(C=Nc2ccccc2)c2c(OCc3ccccc3)cc(OCc3ccccc3)cc2o1,train
36,O=c1cc(C=Nc2ccc(O)cc2)c2ccc(OCc3ccccc3)cc2o1,DDKZQKCCNDFGLZ-UHFFFAOYSA-N,CHEMBL1909916,10.1016/j.bmcl.2011.09.029,Antioxidant activity assessed as DPPH free radical scavenging activity after 30 mins by spectrophotometric analysis,371.4,3.662999999999961e-05,4.43616308133546,Coumarin,O=c1cc(C=Nc2ccccc2)c2ccc(OCc3ccccc3)cc2o1,train
37,O=c1cc(C=Nc2ccc(O)cc2)c2c(OCc3ccccc3)cc(OCc3ccccc3)cc2o1,FIYTTXUIFCPSER-UHFFFAOYSA-N,CHEMBL1909917,10.1016/j.bmcl.2011.09.029,Antioxidant activity assessed as DPPH free radical scavenging activity after 30 mins by spectrophotometric analysis,477.5,6.9100000000000296e-06,5.1605219526258,Coumarin,O=c1cc(C=Nc2ccccc2)c2c(OCc3ccccc3)cc(OCc3ccccc3)cc2o1,train
38,O=c1cc(C=Nc2ccccc2O)c2ccc(OCc3ccccc3)cc2o1,FCDYPIBHIMUSCE-UHFFFAOYSA-N,CHEMBL1909918,10.1016/j.bmcl.2011.09.029,Antioxidant activity assessed as DPPH free radical scavenging activity after 30 mins by spectrophotometric analysis,371.4,3.329000000000019e-05,4.47768620484333,Coumarin,O=c1cc(C=Nc2ccccc2)c2ccc(OCc3ccccc3)cc2o1,train
39,O=c1cc(C=Nc2ccccc2O)c2c(OCc3ccccc3)cc(OCc3ccccc3)cc2o1,YWBWXPOHADMSPI-UHFFFAOYSA-N,CHEMBL1909919,10.1016/j.bmcl.2011.09.029,Antioxidant activity assessed as DPPH free radical scavenging activity after 30 mins by spectrophotometric analysis,477.5,1.6210000000000172e-05,4.79021698515148,Coumarin,O=c1cc(C=Nc2ccccc2)c2c(OCc3ccccc3)cc(OCc3ccccc3)cc2o1,train
40,O=c1cc(C=NO)c2ccc(OCc3ccccc3)cc2o1,XKVBTQWAALQQIE-UHFFFAOYSA-N,CHEMBL1909920,10.1016/j.bmcl.2011.09.029,Antioxidant activity assessed as DPPH free radical scavenging activity after 30 mins by spectrophotometric analysis,295.3,0.00240813999999998,2.61831826846901,Coumarin,O=c1ccc2ccc(OCc3ccccc3)cc2o1,train
41,Cc1ccc2[nH]c(=O)c(C=NNC(=O)Cc3ccncc3)cc2c1,FBYCPPXYZTWQMY-UHFFFAOYSA-N,CHEMBL2312105,10.1016/j.bmcl.2012.11.006,Antioxidant activity assessed as DPPH scavenging activity after 30 mins by spectrophotometry,320.4,0.0035808599999999986,2.4460126581604,Other,O=C(Cc1ccncc1)NN=Cc1cc2ccccc2[nH]c1=O,train
42,Cc1ccc2[nH]c(=O)c(C=NNC(=O)CS(N)(=O)=O)cc2c1,UKYDAHXJSBPKFV-UHFFFAOYSA-N,CHEMBL2312107,10.1016/j.bmcl.2012.11.006,Antioxidant activity assessed as DPPH scavenging activity after 30 mins by spectrophotometry,322.3,0.003347310000000029,2.4753040650384,Other,O=c1ccc2ccccc2[nH]1,train
43,O=C(Cc1ccncc1)NN=Cc1cc2ccccc2[nH]c1=O,ITJDXJPBUPFPBK-UHFFFAOYSA-N,CHEMBL2312104,10.1016/j.bmcl.2012.11.006,Antioxidant activity assessed as DPPH scavenging activity after 30 mins by spectrophotometry,306.3,0.002847259999999972,2.54557287306745,Other,O=C(Cc1ccncc1)NN=Cc1cc2ccccc2[nH]c1=O,train
44,O=C(O)c1ccc(N=Cc2cc3ccccc3[nH]c2=O)cc1,CSXSKQRJIMWQLR-UHFFFAOYSA-N,CHEMBL2312102,10.1016/j.bmcl.2012.11.006,Antioxidant activity assessed as DPPH scavenging activity after 30 mins by spectrophotometry,292.3,0.0016628000000000114,2.77915998416582,Aromatic amine,O=c1[nH]c2ccccc2cc1C=Nc1ccccc1,train
45,NS(=O)(=O)CC(=O)NN=Cc1cc2ccccc2[nH]c1=O,INPQDNVWFDCQQJ-UHFFFAOYSA-N,CHEMBL2312106,10.1016/j.bmcl.2012.11.006,Antioxidant activity assessed as DPPH scavenging activity after 30 mins by spectrophotometry,308.3,0.0012855399999999982,2.89091440559521,Other,O=c1ccc2ccccc2[nH]1,train
46,NN=Cc1cc2ccccc2[nH]c1=O,ULLLWXHLBQIJKM-UHFFFAOYSA-N,CHEMBL2312100,10.1016/j.bmcl.2012.11.006,Antioxidant activity assessed as DPPH scavenging activity after 30 mins by spectrophotometry,187.2,0.0007293199999999948,3.1370818767009,Other,O=c1ccc2ccccc2[nH]1,test
47,Cc1ccc2[nH]c(=O)c(C=NN)cc2c1,BMPPWALYOCJZGD-UHFFFAOYSA-N,CHEMBL2312101,10.1016/j.bmcl.2012.11.006,Antioxidant activity assessed as DPPH scavenging activity after 30 mins by spectrophotometry,201.2,0.0006410199999999977,3.19312842016272,Other,O=c1ccc2ccccc2[nH]1,train
48,Cc1ccc2[nH]c(=O)c(C=NCCO)cc2c1,IXUVHHPOLSHXKS-UHFFFAOYSA-N,CHEMBL2312087,10.1016/j.bmcl.2012.11.006,Antioxidant activity assessed as DPPH scavenging activity after 30 mins by spectrophotometry,230.3,0.0004976099999999988,3.30311090062194,Other,O=c1ccc2ccccc2[nH]1,test
49,CCCCN=Cc1cc2ccccc2[nH]c1=O,WNDSUVYNUBXLJK-UHFFFAOYSA-N,CHEMBL2312082,10.1016/j.bmcl.2012.11.006,Antioxidant activity assessed as DPPH scavenging activity after 30 mins by spectrophotometry,228.3,0.00043947000000000165,3.35707076627655,Other,O=c1ccc2ccccc2[nH]1,train
50,NS(=O)(=O)c1ccc(N=Cc2cc3ccccc3[nH]c2=O)cc1,BAQZNQLEETUPEG-UHFFFAOYSA-N,CHEMBL2312098,10.1016/j.bmcl.2012.11.006,Antioxidant activity assessed as DPPH scavenging activity after 30 mins by spectrophotometry,327.4,0.0002655299999999972,3.57588640453197,Aromatic amine,O=c1[nH]c2ccccc2cc1C=Nc1ccccc1,train
51,O=c1[nH]c2ccccc2cc1C=NNc1ccc([N+](=O)[O-])cc1[N+](=O)[O-],WPLKVZCHXLIDIZ-UHFFFAOYSA-N,CHEMBL2312096,10.1016/j.bmcl.2012.11.006,Antioxidant activity assessed as DPPH scavenging activity after 30 mins by spectrophotometry,353.3,0.00019024000000000165,3.72069816272538,Aromatic amine,O=c1[nH]c2ccccc2cc1C=NNc1ccccc1,train
52,O=c1[nH]c2ccccc2cc1C=NNc1ccc([N+](=O)[O-])cc1,WPOQHAXQJJWSLQ-UHFFFAOYSA-N,CHEMBL2312094,10.1016/j.bmcl.2012.11.006,Antioxidant activity assessed as DPPH scavenging activity after 30 mins by spectrophotometry,308.3,0.00017013999999999886,3.76919357153112,Aromatic amine,O=c1[nH]c2ccccc2cc1C=NNc1ccccc1,train
53,Cc1ccc2[nH]c(=O)c(C=NO)cc2c1,ZSQJBEZVYMIXGO-UHFFFAOYSA-N,CHEMBL2312451,10.1016/j.bmcl.2012.11.006,Antioxidant activity assessed as DPPH scavenging activity after 30 mins by spectrophotometry,202.2,0.00015983000000000124,3.79634170054375,Other,O=c1ccc2ccccc2[nH]1,train
54,O=c1[nH]c2ccccc2cc1C=NO,NEVZQDWMLBBTEW-UHFFFAOYSA-N,CHEMBL2312108,10.1016/j.bmcl.2012.11.006,Antioxidant activity assessed as DPPH scavenging activity after 30 mins by spectrophotometry,188.2,0.0001176700000000006,3.92933424654627,Other,O=c1ccc2ccccc2[nH]1,train
55,Cc1ccc2[nH]c(=O)c(C=NNc3ccc([N+](=O)[O-])cc3)cc2c1,QAYQSSCISMGLAX-UHFFFAOYSA-N,CHEMBL2312095,10.1016/j.bmcl.2012.11.006,Antioxidant activity assessed as DPPH scavenging activity after 30 mins by spectrophotometry,322.3,0.00010896999999999967,3.96269304910291,Aromatic amine,O=c1[nH]c2ccccc2cc1C=NNc1ccccc1,train
56,O=c1[nH]c2ccccc2cc1C=Nc1ccc(O)cc1,FSNUEQLXEGBTGX-UHFFFAOYSA-N,CHEMBL2312090,10.1016/j.bmcl.2012.11.006,Antioxidant activity assessed as DPPH scavenging activity after 30 mins by spectrophotometry,264.3,9.210000000000014e-05,4.03574036980315,Aromatic amine,O=c1[nH]c2ccccc2cc1C=Nc1ccccc1,train
57,Cc1ccc2[nH]c(=O)c(C=Nc3ccc(O)cc3)cc2c1,MULOETXXTOIRTG-UHFFFAOYSA-N,CHEMBL2312091,10.1016/j.bmcl.2012.11.006,Antioxidant activity assessed as DPPH scavenging activity after 30 mins by spectrophotometry,278.3,8.854000000000015e-05,4.05286048235717,Aromatic amine,O=c1[nH]c2ccccc2cc1C=Nc1ccccc1,train
58,O=c1[nH]c2ccccc2cc1C=NNc1ccccc1,PGQRPWNRDCTQOG-UHFFFAOYSA-N,CHEMBL2312092,10.1016/j.bmcl.2012.11.006,Antioxidant activity assessed as DPPH scavenging activity after 30 mins by spectrophotometry,263.3,7.65000000000004e-05,4.11633856484638,Aromatic amine,O=c1[nH]c2ccccc2cc1C=NNc1ccccc1,train
59,CCCCN=Cc1cc2cc(C)ccc2[nH]c1=O,DAPLKORZWILGLI-UHFFFAOYSA-N,CHEMBL2312083,10.1016/j.bmcl.2012.11.006,Antioxidant activity assessed as DPPH scavenging activity after 30 mins by spectrophotometry,242.3,6.323999999999974e-05,4.19900813873983,Other,O=c1ccc2ccccc2[nH]1,train
60,Cc1ccc2[nH]c(=O)c(C=NNc3ccccc3)cc2c1,FANXPGHSNNRLRV-UHFFFAOYSA-N,CHEMBL2312093,10.1016/j.bmcl.2012.11.006,Antioxidant activity assessed as DPPH scavenging activity after 30 mins by spectrophotometry,277.3,6.24099999999996e-05,4.20474581741912,Aromatic amine,O=c1[nH]c2ccccc2cc1C=NNc1ccccc1,train
61,Cc1ccc2[nH]c(=O)c(C=Nc3ccccc3O)cc2c1,ZZRSMTUFVWWYLA-UHFFFAOYSA-N,CHEMBL2312089,10.1016/j.bmcl.2012.11.006,Antioxidant activity assessed as DPPH scavenging activity after 30 mins by spectrophotometry,278.3,2.616000000000003e-05,4.58236226034777,Aromatic amine,O=c1[nH]c2ccccc2cc1C=Nc1ccccc1,train
62,O=c1[nH]c2ccccc2cc1C=Nc1ccccc1O,CTUKNFRGNGQQHH-UHFFFAOYSA-N,CHEMBL2312088,10.1016/j.bmcl.2012.11.006,Antioxidant activity assessed as DPPH scavenging activity after 30 mins by spectrophotometry,264.3,2.2759999999999806e-05,4.64282774227697,Aromatic amine,O=c1[nH]c2ccccc2cc1C=Nc1ccccc1,train
63,CC(=O)OCC1OC(NC(=S)NN=Cc2ccc([N+](=O)[O-])cc2)C(OC(C)=O)C(OC(C)=O)C1OC(C)=O,JMEWSXDISMHTCL-UHFFFAOYSA-N,CHEMBL2324827,10.1016/j.ejmech.2012.10.004,Antioxidant activity assessed as DPPH radical scavenging activity after 30 mins by spectrophotometry,554.5,0.00021000000000000033,3.67778070526608,Aromatic amine,S=C(NN=Cc1ccccc1)NC1CCCCO1,train
64,CC(=O)OCC1OC(NC(=S)NN=Cc2cccc([N+](=O)[O-])c2)C(OC(C)=O)C(OC(C)=O)C1OC(C)=O,YHGCPCYWAKCUMX-UHFFFAOYSA-N,CHEMBL2324826,10.1016/j.ejmech.2012.10.004,Antioxidant activity assessed as DPPH radical scavenging activity after 30 mins by spectrophotometry,554.5,0.000283,3.54821356447571,Aromatic amine,S=C(NN=Cc1ccccc1)NC1CCCCO1,train
65,CC(=O)OCC1OC(NC(=S)NN=Cc2ccc(F)cc2)C(OC(C)=O)C(OC(C)=O)C1OC(C)=O,CQAMBDHCJLFOGC-UHFFFAOYSA-N,CHEMBL2324825,10.1016/j.ejmech.2012.10.004,Antioxidant activity assessed as DPPH radical scavenging activity after 30 mins by spectrophotometry,527.5,0.00019699999999999858,3.70553377383841,Other,S=C(NN=Cc1ccccc1)NC1CCCCO1,train
66,CC(=O)OCC1OC(NC(=S)NN=Cc2ccc(Cl)cc2)C(OC(C)=O)C(OC(C)=O)C1OC(C)=O,GBOQNSQREPKYNV-UHFFFAOYSA-N,CHEMBL2324824,10.1016/j.ejmech.2012.10.004,Antioxidant activity assessed as DPPH radical scavenging activity after 30 mins by spectrophotometry,544.0,0.0002700000000000017,3.56863623584101,Other,S=C(NN=Cc1ccccc1)NC1CCCCO1,train
67,CC(=O)OCC1OC(NC(=S)NN=Cc2ccc(C)cc2)C(OC(C)=O)C(OC(C)=O)C1OC(C)=O,GHLVWJGCSHTMCT-UHFFFAOYSA-N,CHEMBL2324822,10.1016/j.ejmech.2012.10.004,Antioxidant activity assessed as DPPH radical scavenging activity after 30 mins by spectrophotometry,523.6,0.00020599999999999847,3.68613277963085,Other,S=C(NN=Cc1ccccc1)NC1CCCCO1,train
68,CC(=O)OCC1OC(NC(=S)NN=Cc2ccc(O)cc2)C(OC(C)=O)C(OC(C)=O)C1OC(C)=O,CBRPEQGYHSFDBT-UHFFFAOYSA-N,CHEMBL2324820,10.1016/j.ejmech.2012.10.004,Antioxidant activity assessed as DPPH radical scavenging activity after 30 mins by spectrophotometry,525.5,0.00010800000000000004,3.96657624451305,Other,S=C(NN=Cc1ccccc1)NC1CCCCO1,train
69,COc1cccc(C=NNC(=S)NC2OC(COC(C)=O)C(OC(C)=O)C(OC(C)=O)C2OC(C)=O)c1,ZLVJCFYAHUARPE-UHFFFAOYSA-N,CHEMBL2324819,10.1016/j.ejmech.2012.10.004,Antioxidant activity assessed as DPPH radical scavenging activity after 30 mins by spectrophotometry,539.6,0.00027600000000000145,3.55909091793478,Other,S=C(NN=Cc1ccccc1)NC1CCCCO1,train
70,COc1ccc(C=NNC(=S)NC2OC(COC(C)=O)C(OC(C)=O)C(OC(C)=O)C2OC(C)=O)cc1O,NWDCMKLCYRIINZ-UHFFFAOYSA-N,CHEMBL2324818,10.1016/j.ejmech.2012.10.004,Antioxidant activity assessed as DPPH radical scavenging activity after 30 mins by spectrophotometry,555.6,0.0001819999999999979,3.73992861201493,Other,S=C(NN=Cc1ccccc1)NC1CCCCO1,train
71,COc1cc(C=NNC(=S)NC2OC(COC(C)=O)C(OC(C)=O)C(OC(C)=O)C2OC(C)=O)ccc1O,KLWVHTKPTIOVKK-UHFFFAOYSA-N,CHEMBL2324817,10.1016/j.ejmech.2012.10.004,Antioxidant activity assessed as DPPH radical scavenging activity after 30 mins by spectrophotometry,555.6,7.500000000000001e-05,4.1249387366083,Other,S=C(NN=Cc1ccccc1)NC1CCCCO1,train
72,CCOc1cc(C=NNC(=S)NC2OC(COC(C)=O)C(OC(C)=O)C(OC(C)=O)C2OC(C)=O)ccc1O,IYLOHJCBQVYFAR-UHFFFAOYSA-N,CHEMBL2324816,10.1016/j.ejmech.2012.10.004,Antioxidant activity assessed as DPPH radical scavenging activity after 30 mins by spectrophotometry,569.6,7.100000000000075e-05,4.14874165128092,Other,S=C(NN=Cc1ccccc1)NC1CCCCO1,train
73,CC(=O)OCC1OC(NC(=S)NN=Cc2ccc(N(C)C)cc2)C(OC(C)=O)C(OC(C)=O)C1OC(C)=O,DGOPUONROFXGQB-UHFFFAOYSA-N,CHEMBL2324815,10.1016/j.ejmech.2012.10.004,Antioxidant activity assessed as DPPH radical scavenging activity after 30 mins by spectrophotometry,552.6,5.599999999999992e-05,4.2518119729938,Aromatic amine,S=C(NN=Cc1ccccc1)NC1CCCCO1,train
74,Fc1ccccc1NCn1nc(-c2ccc3c(c2)OCCO3)oc1=S,LCTFEDLZDVAJND-UHFFFAOYSA-N,CHEMBL2435559,10.1016/j.bmc.2013.08.002,Antioxidant activity assessed as DPPH free radical scavenging activity after 30 mins by spectrophotometric analysis,359.4,3.7290000000000214e-05,4.42840761663869,Aromatic amine,S=c1oc(-c2ccc3c(c2)OCCO3)nn1CNc1ccccc1,train
75,Fc1cccc(NCn2nc(-c3ccc4c(c3)OCCO4)oc2=S)c1,NKTYOQLOZWGMSB-UHFFFAOYSA-N,CHEMBL2434975,10.1016/j.bmc.2013.08.002,Antioxidant activity assessed as DPPH free radical scavenging activity after 30 mins by spectrophotometric analysis,359.4,3.556000000000034e-05,4.44903824770182,Aromatic amine,S=c1oc(-c2ccc3c(c2)OCCO3)nn1CNc1ccccc1,test
76,CC1OC(OCC2OC(Oc3c(-c4ccc(O)c(O)c4)oc4cc(O)cc(O)c4c3=O)C(O)C(O)C2O)C(O)C(OC2OC(CO)C(O)C(O)C2O)C1O,XEFNBVWDOQCMSG-UHFFFAOYSA-N,CHEMBL1957043,10.1016/j.bmc.2012.02.002,Antioxidant activity assessed as DPPH radical scavenging activity after 30 mins by spectrophotometry,772.7,1.5223994219651976e-05,4.81747138961684,Flavonoid,O=c1c(OC2CCCC(COC3CC(OC4CCCCO4)CCO3)O2)c(-c2ccccc2)oc2ccccc12,test
77,COC(=O)c1ccc2c(c1)OCCO2,GYUXWAIDEGEMEE-UHFFFAOYSA-N,CHEMBL2435587,10.1016/j.bmc.2013.08.002,Antioxidant activity assessed as DPPH free radical scavenging activity after 30 mins by spectrophotometric analysis,194.2,8.741999999999916e-05,4.05838919784637,Other,c1ccc2c(c1)OCCO2,train
78,S=c1[nH]nc(-c2ccc3c(c2)OCCO3)o1,MSDYPZUCHJLKDK-UHFFFAOYSA-N,CHEMBL2435588,10.1016/j.bmc.2013.08.002,Antioxidant activity assessed as DPPH free radical scavenging activity after 30 mins by spectrophotometric analysis,236.3,6.387000000000069e-05,4.19470308384201,Other,S=c1[nH]nc(-c2ccc3c(c2)OCCO3)o1,train
79,S=c1[nH]nc(-c2ccccc2)o1,FOHWXVBZGSVUGO-UHFFFAOYSA-N,CHEMBL1164316,10.1016/j.bmc.2013.08.002,Antioxidant activity assessed as DPPH free radical scavenging activity after 30 mins by spectrophotometric analysis,178.2,8.97799999999991e-05,4.04682039893437,Other,S=c1[nH]nc(-c2ccccc2)o1,test
80,CCOc1ccccc1NCn1nc(-c2ccc3c(c2)OCCO3)oc1=S,AHFVZGPOZCASOY-UHFFFAOYSA-N,CHEMBL2435584,10.1016/j.bmc.2013.08.002,Antioxidant activity assessed as DPPH free radical scavenging activity after 30 mins by spectrophotometric analysis,385.4,2.2399999999999836e-05,4.64975198166584,Aromatic amine,S=c1oc(-c2ccc3c(c2)OCCO3)nn1CNc1ccccc1,test
81,COc1ccc(NCn2nc(-c3ccc4c(c3)OCCO4)oc2=S)cc1,RKHHFSKHTXARGU-UHFFFAOYSA-N,CHEMBL2435583,10.1016/j.bmc.2013.08.002,Antioxidant activity assessed as DPPH free radical scavenging activity after 30 mins by spectrophotometric analysis,371.4,3.1749999999999694e-05,4.49825627037201,Aromatic amine,S=c1oc(-c2ccc3c(c2)OCCO3)nn1CNc1ccccc1,train
82,Cc1ccc(NCn2nc(-c3ccc4c(c3)OCCO4)oc2=S)cc1,XOIUCTASFGVHOE-UHFFFAOYSA-N,CHEMBL2435581,10.1016/j.bmc.2013.08.002,Antioxidant activity assessed as DPPH free radical scavenging activity after 30 mins by spectrophotometric analysis,355.4,2.516999999999984e-05,4.59911678445164,Aromatic amine,S=c1oc(-c2ccc3c(c2)OCCO3)nn1CNc1ccccc1,train
83,COc1ccccc1NCn1nc(-c2ccc3c(c2)OCCO3)oc1=S,YPBLXNYSUZMIPX-UHFFFAOYSA-N,CHEMBL2435582,10.1016/j.bmc.2013.08.002,Antioxidant activity assessed as DPPH free radical scavenging activity after 30 mins by spectrophotometric analysis,371.4,2.8640000000000143e-05,4.54302698636418,Aromatic amine,S=c1oc(-c2ccc3c(c2)OCCO3)nn1CNc1ccccc1,train
84,Cc1ccccc1NCn1nc(-c2ccc3c(c2)OCCO3)oc1=S,CEFQOMYTKSXBAU-UHFFFAOYSA-N,CHEMBL2435580,10.1016/j.bmc.2013.08.002,Antioxidant activity assessed as DPPH free radical scavenging activity after 30 mins by spectrophotometric analysis,355.4,3.629999999999977e-05,4.44009337496389,Aromatic amine,S=c1oc(-c2ccc3c(c2)OCCO3)nn1CNc1ccccc1,train
85,O=[N+]([O-])c1ccc(NCn2nc(-c3ccc4c(c3)OCCO4)oc2=S)c(Cl)c1,YUOMXDHISILZQS-UHFFFAOYSA-N,CHEMBL2435579,10.1016/j.bmc.2013.08.002,Antioxidant activity assessed as DPPH free radical scavenging activity after 30 mins by spectrophotometric analysis,420.8,8.334999999999913e-05,4.07909439583598,Aromatic amine,S=c1oc(-c2ccc3c(c2)OCCO3)nn1CNc1ccccc1,train
86,O=[N+]([O-])c1ccc(NCn2nc(-c3ccc4c(c3)OCCO4)oc2=S)cc1,JCCMXAQGSQTRHR-UHFFFAOYSA-N,CHEMBL2435578,10.1016/j.bmc.2013.08.002,Antioxidant activity assessed as DPPH free radical scavenging activity after 30 mins by spectrophotometric analysis,386.4,4.7820000000000406e-05,4.32039042822024,Aromatic amine,S=c1oc(-c2ccc3c(c2)OCCO3)nn1CNc1ccccc1,train
87,O=[N+]([O-])c1cccc(NCn2nc(-c3ccc4c(c3)OCCO4)oc2=S)c1,OLPVTBVHWVSCLX-UHFFFAOYSA-N,CHEMBL2435577,10.1016/j.bmc.2013.08.002,Antioxidant activity assessed as DPPH free radical scavenging activity after 30 mins by spectrophotometric analysis,386.4,3.8310000000000174e-05,4.41668784801692,Aromatic amine,S=c1oc(-c2ccc3c(c2)OCCO3)nn1CNc1ccccc1,train
88,O=[N+]([O-])c1ccccc1NCn1nc(-c2ccc3c(c2)OCCO3)oc1=S,VNFUFOFPRTTYCQ-UHFFFAOYSA-N,CHEMBL2435576,10.1016/j.bmc.2013.08.002,Antioxidant activity assessed as DPPH free radical scavenging activity after 30 mins by spectrophotometric analysis,386.4,4.7820000000000406e-05,4.32039042822024,Aromatic amine,S=c1oc(-c2ccc3c(c2)OCCO3)nn1CNc1ccccc1,train
89,S=c1oc(-c2ccc3c(c2)OCCO3)nn1CNc1ccc(Br)cc1Br,XSJGUZOCTRBJRP-UHFFFAOYSA-N,CHEMBL2435575,10.1016/j.bmc.2013.08.002,Antioxidant activity assessed as DPPH free radical scavenging activity after 30 mins by spectrophotometric analysis,499.2,3.592000000000024e-05,4.44466367200473,Aromatic amine,S=c1oc(-c2ccc3c(c2)OCCO3)nn1CNc1ccccc1,train
90,CCCCCCCCCCCCCCCCNCn1nc(-c2ccc3c(c2)OCCO3)oc1=S,YXTOHZCRBSJKEN-UHFFFAOYSA-N,CHEMBL2435586,10.1016/j.bmc.2013.08.002,Antioxidant activity assessed as DPPH free radical scavenging activity after 30 mins by spectrophotometric analysis,489.7,0.00010757000000000094,3.96830883137485,Other,S=c1[nH]nc(-c2ccc3c(c2)OCCO3)o1,train
91,S=c1oc(-c2ccc3c(c2)OCCO3)nn1CNc1ccc(Br)cc1,QXDZYHFJNXUXFL-UHFFFAOYSA-N,CHEMBL2435574,10.1016/j.bmc.2013.08.002,Antioxidant activity assessed as DPPH free radical scavenging activity after 30 mins by spectrophotometric analysis,420.3,7.129000000000004e-05,4.14697138528701,Aromatic amine,S=c1oc(-c2ccc3c(c2)OCCO3)nn1CNc1ccccc1,train
92,S=c1oc(-c2ccc3c(c2)OCCO3)nn1CNc1ccc(Cl)c(Cl)c1,PVSJSYLKQHZOEM-UHFFFAOYSA-N,CHEMBL2435571,10.1016/j.bmc.2013.08.002,Antioxidant activity assessed as DPPH free radical scavenging activity after 30 mins by spectrophotometric analysis,410.3,3.620999999999989e-05,4.44117147518299,Aromatic amine,S=c1oc(-c2ccc3c(c2)OCCO3)nn1CNc1ccccc1,train
93,S=c1oc(-c2ccc3c(c2)OCCO3)nn1CNc1ccccc1Br,MXOCIEYGCSVOHH-UHFFFAOYSA-N,CHEMBL2435572,10.1016/j.bmc.2013.08.002,Antioxidant activity assessed as DPPH free radical scavenging activity after 30 mins by spectrophotometric analysis,420.3,3.6059999999999767e-05,4.44297427761362,Aromatic amine,S=c1oc(-c2ccc3c(c2)OCCO3)nn1CNc1ccccc1,train
94,S=c1oc(-c2ccc3c(c2)OCCO3)nn1CNc1cccc(Br)c1,BJGNCUWCZYQOQH-UHFFFAOYSA-N,CHEMBL2435573,10.1016/j.bmc.2013.08.002,Antioxidant activity assessed as DPPH free radical scavenging activity after 30 mins by spectrophotometric analysis,420.3,5.095999999999954e-05,4.29277058067271,Aromatic amine,S=c1oc(-c2ccc3c(c2)OCCO3)nn1CNc1ccccc1,train
95,S=c1oc(-c2ccc3c(c2)OCCO3)nn1CNc1cc(Cl)ccc1Cl,XRIZAOCQQWKILC-UHFFFAOYSA-N,CHEMBL2435570,10.1016/j.bmc.2013.08.002,Antioxidant activity assessed as DPPH free radical scavenging activity after 30 mins by spectrophotometric analysis,410.3,3.5060000000000284e-05,4.45518808824222,Aromatic amine,S=c1oc(-c2ccc3c(c2)OCCO3)nn1CNc1ccccc1,train
96,S=c1oc(-c2ccc3c(c2)OCCO3)nn1CNc1ccc(Cl)cc1Cl,RZYRMFDYNDMRIS-UHFFFAOYSA-N,CHEMBL2435569,10.1016/j.bmc.2013.08.002,Antioxidant activity assessed as DPPH free radical scavenging activity after 30 mins by spectrophotometric analysis,410.3,4.345000000000051e-05,4.36201021921531,Aromatic amine,S=c1oc(-c2ccc3c(c2)OCCO3)nn1CNc1ccccc1,train
97,S=c1oc(-c2ccc3c(c2)OCCO3)nn1CNc1ccc(Cl)cc1,YJMRDGPJLRJYCK-UHFFFAOYSA-N,CHEMBL2435568,10.1016/j.bmc.2013.08.002,Antioxidant activity assessed as DPPH free radical scavenging activity after 30 mins by spectrophotometric analysis,375.8,3.130000000000012e-05,4.50445566245355,Aromatic amine,S=c1oc(-c2ccc3c(c2)OCCO3)nn1CNc1ccccc1,train
98,S=c1oc(-c2ccc3c(c2)OCCO3)nn1CNc1cccc(Cl)c1,OOYMOJHCHIXDBE-UHFFFAOYSA-N,CHEMBL2435567,10.1016/j.bmc.2013.08.002,Antioxidant activity assessed as DPPH free radical scavenging activity after 30 mins by spectrophotometric analysis,375.8,2.2769999999999858e-05,4.64263696938486,Aromatic amine,S=c1oc(-c2ccc3c(c2)OCCO3)nn1CNc1ccccc1,train
99,FC(F)(F)c1cc(NCn2nc(-c3ccc4c(c3)OCCO4)oc2=S)cc(C(F)(F)F)c1,IQGHCSGJDKZSGP-UHFFFAOYSA-N,CHEMBL2435565,10.1016/j.bmc.2013.08.002,Antioxidant activity assessed as DPPH free radical scavenging activity after 30 mins by spectrophotometric analysis,477.4,8.930000000000082e-05,4.04914854111145,Aromatic amine,S=c1oc(-c2ccc3c(c2)OCCO3)nn1CNc1ccccc1,train
100,S=c1oc(-c2ccc3c(c2)OCCO3)nn1CNc1ccccc1Cl,GSPNIRTVUVHCGT-UHFFFAOYSA-N,CHEMBL2435566,10.1016/j.bmc.2013.08.002,Antioxidant activity assessed as DPPH free radical scavenging activity after 30 mins by spectrophotometric analysis,375.8,3.0500000000000314e-05,4.51570016065321,Aromatic amine,S=c1oc(-c2ccc3c(c2)OCCO3)nn1CNc1ccccc1,train
101,FC(F)(F)c1cccc(NCn2nc(-c3ccc4c(c3)OCCO4)oc2=S)c1,BFJXFBZXHMCXSB-UHFFFAOYSA-N,CHEMBL2435564,10.1016/j.bmc.2013.08.002,Antioxidant activity assessed as DPPH free radical scavenging activity after 30 mins by spectrophotometric analysis,409.4,3.551999999999975e-05,4.44952704289344,Aromatic amine,S=c1oc(-c2ccc3c(c2)OCCO3)nn1CNc1ccccc1,train
102,Fc1cccc(F)c1NCn1nc(-c2ccc3c(c2)OCCO3)oc1=S,DIBCUDQKKSHFOU-UHFFFAOYSA-N,CHEMBL2435561,10.1016/j.bmc.2013.08.002,Antioxidant activity assessed as DPPH free radical scavenging activity after 30 mins by spectrophotometric analysis,377.4,2.180000000000028e-05,4.66154350639539,Aromatic amine,S=c1oc(-c2ccc3c(c2)OCCO3)nn1CNc1ccccc1,train
103,Fc1cc(NCn2nc(-c3ccc4c(c3)OCCO4)oc2=S)cc(F)c1F,DMMUTZFQVZJDLT-UHFFFAOYSA-N,CHEMBL2435562,10.1016/j.bmc.2013.08.002,Antioxidant activity assessed as DPPH free radical scavenging activity after 30 mins by spectrophotometric analysis,395.4,1.9620000000000026e-05,4.70730099695607,Aromatic amine,S=c1oc(-c2ccc3c(c2)OCCO3)nn1CNc1ccccc1,train
104,FC(F)(F)c1ccccc1NCn1nc(-c2ccc3c(c2)OCCO3)oc1=S,CYEJMQPXYNJBBI-UHFFFAOYSA-N,CHEMBL2435563,10.1016/j.bmc.2013.08.002,Antioxidant activity assessed as DPPH free radical scavenging activity after 30 mins by spectrophotometric analysis,409.4,6.826000000000004e-05,4.16583371605738,Aromatic amine,S=c1oc(-c2ccc3c(c2)OCCO3)nn1CNc1ccccc1,train
105,Fc1ccc(NCn2nc(-c3ccc4c(c3)OCCO4)oc2=S)cc1,DUPWTNRXNIURGQ-UHFFFAOYSA-N,CHEMBL2435560,10.1016/j.bmc.2013.08.002,Antioxidant activity assessed as DPPH free radical scavenging activity after 30 mins by spectrophotometric analysis,359.4,2.9269999999999854e-05,4.53357727756621,Aromatic amine,S=c1oc(-c2ccc3c(c2)OCCO3)nn1CNc1ccccc1,train
106,CN1CCOC(O)(c2ccc3c(c2)Nc2ccccc2S3)C1,JKLHPLZNXDHQNO-UHFFFAOYSA-N,CHEMBL3234103,10.1021/jm401842e,Antioxidant activity assessed as DPPH radical scavenging activity after 30 mins,314.4,0.00019100000000000104,3.71896663275227,Aromatic amine,c1ccc2c(c1)Nc1cc(C3CNCCO3)ccc1S2,train
107,OC1(c2ccc3c(c2)Nc2ccccc2S3)CN2CCCCC2CO1,FDTHFZBIIQURTN-UHFFFAOYSA-N,CHEMBL3234104,10.1021/jm401842e,Antioxidant activity assessed as DPPH radical scavenging activity after 30 mins,354.5,0.00018400000000000146,3.73518217699046,Aromatic amine,c1ccc2c(c1)Nc1cc(C3CN4CCCCC4CO3)ccc1S2,train
108,CC1Cc2c(O)c3c(c(O)c2O1)C1(C)CCC(=O)C(C)(C)C1=C(O)C3=O,GWRKJHSVPDIUPU-UHFFFAOYSA-N,CHEMBL1287906,10.1016/j.bmc.2010.10.037,Antioxidant activity assessed as DPPH radical scavenging activity 30 min (manual check),358.4,6.299999999999981e-05,4.20065945054642,Terpenoid,O=C1CCC2C(=CC(=O)c3cc4c(cc32)OCC4)C1,train
109,Cc1cc2c(O)c3c(c(O)c2o1)C1(C)CCC(=O)C(C)(C)C1=C(O)C3=O,HFFLVZDJWZPGCS-UHFFFAOYSA-N,CHEMBL1287938,10.1016/j.bmc.2010.10.037,Antioxidant activity assessed as DPPH radical scavenging activity 30 min (manual check),356.4,6.400000000000044e-05,4.19382002601611,Terpenoid,O=C1CCC2C(=CC(=O)c3cc4ccoc4cc32)C1,train
110,CN1CC(O)(c2ccc3c(c2)Nc2ccccc2S3)Sc2ccccc21,SNMAXXFALXQUCH-UHFFFAOYSA-N,CHEMBL3234113,10.1021/jm401842e,Antioxidant activity assessed as DPPH radical scavenging activity after 30 mins,378.5,7.69999999999996e-05,4.11350927482752,Aromatic amine,c1ccc2c(c1)Nc1cc(C3CNc4ccccc4S3)ccc1S2,test
111,CC1=CSC(O)(c2ccc3c(c2)Nc2ccccc2S3)CN1C=O,WOFQMTUYDHXBLJ-UHFFFAOYSA-N,CHEMBL3234114,10.1021/jm401842e,Antioxidant activity assessed as DPPH radical scavenging activity after 30 mins,356.5,0.00014999999999999958,3.82390874094432,Aromatic amine,C1=CSC(c2ccc3c(c2)Nc2ccccc2S3)CN1,train
112,NC(CCC(=O)NC(CS)C(=O)NCC(=O)O)C(=O)O,RWSXRVCMGQZWBV-UHFFFAOYSA-N,CHEMBL1543,10.1016/j.bmc.2009.05.039,Antioxidant activity assessed as DPPH free radical scavenging activity by UV spectroscopic method 30 min (manual check),307.3,0.00012393546707863834,3.90680439215225,Other,<acyclic>,train
113,CCOC1Cc2c(C(C)=O)c(O)c3ccccc3c2O1,GYIGUYFJZKXSBJ-UHFFFAOYSA-N,CHEMBL3331163,10.1016/j.ejmech.2014.09.025,Antioxidant activity assessed as DPPH scavenging activity after 30 mins by spectrophotometry,272.3,9.221446933529245e-05,4.03520092862704,Other,c1ccc2c3c(ccc2c1)CCO3,test
114,CCCOC1Cc2c(C(C)=O)c(O)c3ccccc3c2O1,WCGLTXDRLGGKEK-UHFFFAOYSA-N,CHEMBL3331164,10.1016/j.ejmech.2014.09.025,Antioxidant activity assessed as DPPH scavenging activity after 30 mins by spectrophotometry,286.3,1.1631156129933593e-05,4.93437711451528,Other,c1ccc2c3c(ccc2c1)CCO3,test
115,CC(=O)c1c2c(c3ccccc3c1O)OC(OCC(C)C)C2,RMLUXDRBRKFNTK-UHFFFAOYSA-N,CHEMBL3331165,10.1016/j.ejmech.2014.09.025,Antioxidant activity assessed as DPPH scavenging activity after 30 mins by spectrophotometry,300.4,2.0972037283621782e-05,4.67835937887855,Other,c1ccc2c3c(ccc2c1)CCO3,test
116,CCCCOC1Cc2c(C(C)=O)c(O)c3ccccc3c2O1,MDPFBNPXDQEUSH-UHFFFAOYSA-N,CHEMBL3331166,10.1016/j.ejmech.2014.09.025,Antioxidant activity assessed as DPPH scavenging activity after 30 mins by spectrophotometry,300.4,1.6677762982689933e-05,4.77786220246488,Other,c1ccc2c3c(ccc2c1)CCO3,train
117,COC1(C)Cc2c(C(C)=O)c(O)c3ccccc3c2O1,MHVGYMHKEGSWKZ-UHFFFAOYSA-N,CHEMBL3331167,10.1016/j.ejmech.2014.09.025,Antioxidant activity assessed as DPPH scavenging activity after 30 mins by spectrophotometry,272.3,0.00011557106132941721,3.93715089842674,Other,c1ccc2c3c(ccc2c1)CCO3,train
118,CCOC1Oc2c(c(C(C)=O)c(O)c3ccccc23)C1C,XIBQBBWFEUDUKS-UHFFFAOYSA-N,CHEMBL3331265,10.1016/j.ejmech.2014.09.025,Antioxidant activity assessed as DPPH scavenging activity after 30 mins by spectrophotometry,286.3,0.00021833740831295615,3.6608718491188,Other,c1ccc2c3c(ccc2c1)CCO3,test
119,CC(=O)c1c2c(c3ccccc3c1O)OC(C)(c1ccccc1)C2,JWHICYYJHFBBHS-UHFFFAOYSA-N,CHEMBL3331269,10.1016/j.ejmech.2014.09.025,Antioxidant activity assessed as DPPH scavenging activity after 30 mins by spectrophotometry,318.4,0.00024378140703517324,3.61299942066164,Other,c1ccc(C2Cc3ccc4ccccc4c3O2)cc1,train
120,CCOC(=O)C=Cc1ccc(O)c(O)c1,WDKYDMULARNCIS-UHFFFAOYSA-N,CHEMBL17347,10.1007/s00044-011-9713-2,Antioxidant activity assessed as DPPH scavenging activity after 30 min by UV-vis spectroscopy,208.2,2.552320512788311e-05,4.59306478912211,Phenolic acid,c1ccccc1,train
121,COc1cc(C)nn1-c1ccccc1,MTLFMNFAALESGJ-UHFFFAOYSA-N,CHEMBL3793514,10.1016/j.bmcl.2016.03.024,Antioxidant activity assessed as DPPH free radical scavenging activity incubated for 30 mins in dark condition by spectrophotometric method,188.2,0.0002613177470775768,3.58283109468854,Other,c1ccc(-n2cccn2)cc1,train
122,COc1c(Br)c(C)nn1-c1ccccc1,XDNHNONQPBABCM-UHFFFAOYSA-N,CHEMBL3792791,10.1016/j.bmcl.2016.03.024,Antioxidant activity assessed as DPPH free radical scavenging activity incubated for 30 mins in dark condition by spectrophotometric method,267.1,0.00013837514039685632,3.8589419254733,Other,c1ccc(-n2cccn2)cc1,train
123,COc1c(-c2ccccc2)c(C)nn1-c1ccccc1,SSNBVOCFFCEGRC-UHFFFAOYSA-N,CHEMBL3792604,10.1016/j.bmcl.2016.03.024,Antioxidant activity assessed as DPPH free radical scavenging activity incubated for 30 mins in dark condition by spectrophotometric method,264.3,0.0001218312523647369,3.91424129143588,Other,c1ccc(-c2cnn(-c3ccccc3)c2)cc1,train
124,COc1c(-c2ccc(O)cc2)c(C)nn1-c1ccccc1,LNWDWJGXPGHMTA-UHFFFAOYSA-N,CHEMBL3793585,10.1016/j.bmcl.2016.03.024,Antioxidant activity assessed as DPPH free radical scavenging activity incubated for 30 mins in dark condition by spectrophotometric method,280.3,0.00013210845522654404,3.87906938571084,Other,c1ccc(-c2cnn(-c3ccccc3)c2)cc1,test
125,COc1c(-c2ccc3ccccc3c2)c(C)nn1-c1ccccc1,PKPDTQLHYZESGU-UHFFFAOYSA-N,CHEMBL3793289,10.1016/j.bmcl.2016.03.024,Antioxidant activity assessed as DPPH free radical scavenging activity incubated for 30 mins in dark condition by spectrophotometric method,314.4,0.00017035623409669177,3.7686419690274,Other,c1ccc(-n2cc(-c3ccc4ccccc4c3)cn2)cc1,train
126,COc1c(-c2csc3ccccc23)c(C)nn1-c1ccccc1,BOVNIIMBXNQPGE-UHFFFAOYSA-N,CHEMBL3793624,10.1016/j.bmcl.2016.03.024,Antioxidant activity assessed as DPPH free radical scavenging activity incubated for 30 mins in dark condition by spectrophotometric method,320.4,0.00015814606741572997,3.80094160312153,Other,c1ccc(-n2cc(-c3csc4ccccc34)cn2)cc1,train
127,COc1c(-c2ccc(C#N)cc2)c(C)nn1-c1ccccc1,HTUADBOGEQQFMT-UHFFFAOYSA-N,CHEMBL3794165,10.1016/j.bmcl.2016.03.024,Antioxidant activity assessed as DPPH free radical scavenging activity incubated for 30 mins in dark condition by spectrophotometric method,289.3,0.0001451088835119257,3.8383059994016,Other,c1ccc(-c2cnn(-c3ccccc3)c2)cc1,train
128,COc1ccc(-c2c(C)nn(-c3ccccc3)c2OC)c(OC)c1,CNYAHVGFDXEXJH-UHFFFAOYSA-N,CHEMBL3794434,10.1016/j.bmcl.2016.03.024,Antioxidant activity assessed as DPPH free radical scavenging activity incubated for 30 mins in dark condition by spectrophotometric method,324.4,0.00012019112207151739,3.92012761035113,Other,c1ccc(-c2cnn(-c3ccccc3)c2)cc1,train
129,COc1c(-c2ccsc2)c(C)nn1-c1ccccc1,AHPNOXISMZTGRD-UHFFFAOYSA-N,CHEMBL3794496,10.1016/j.bmcl.2016.03.024,Antioxidant activity assessed as DPPH free radical scavenging activity incubated for 30 mins in dark condition by spectrophotometric method,270.4,0.00011124260355029683,3.95372885534999,Other,c1ccc(-n2cc(-c3ccsc3)cn2)cc1,test
130,COc1ccc(-c2c(C)nn(-c3ccccc3)c2OC)cc1,GGNOMHXIHDJNRF-UHFFFAOYSA-N,CHEMBL3793063,10.1016/j.bmcl.2016.03.024,Antioxidant activity assessed as DPPH free radical scavenging activity incubated for 30 mins in dark condition by spectrophotometric method,294.4,8.485054347826184e-05,4.07134537162734,Other,c1ccc(-c2cnn(-c3ccccc3)c2)cc1,train
131,COCc1ccccc1-c1c(C)nn(-c2ccccc2)c1OC,DZHNQYLHYGSGEU-UHFFFAOYSA-N,CHEMBL3793850,10.1016/j.bmcl.2016.03.024,Antioxidant activity assessed as DPPH free radical scavenging activity incubated for 30 mins in dark condition by spectrophotometric method,308.4,6.50129701686119e-05,4.18699999242272,Other,c1ccc(-c2cnn(-c3ccccc3)c2)cc1,train
132,COc1c(-c2ccc(F)cc2)c(C)nn1-c1ccccc1,QUEKSIWONGIGAZ-UHFFFAOYSA-N,CHEMBL3793614,10.1016/j.bmcl.2016.03.024,Antioxidant activity assessed as DPPH free radical scavenging activity incubated for 30 mins in dark condition by spectrophotometric method,282.3,0.0001274176408076509,3.89477044032841,Other,c1ccc(-c2cnn(-c3ccccc3)c2)cc1,train
133,COc1c(-c2ccc(C)cc2)c(C)nn1-c1ccccc1,FCXAYALLDXRSDB-UHFFFAOYSA-N,CHEMBL3793163,10.1016/j.bmcl.2016.03.024,Antioxidant activity assessed as DPPH free radical scavenging activity incubated for 30 mins in dark condition by spectrophotometric method,278.4,6.68103448275859e-05,4.17515628672061,Other,c1ccc(-c2cnn(-c3ccccc3)c2)cc1,train
134,COc1c(-c2cccc(C)c2)c(C)nn1-c1ccccc1,LNMAJJFRWYEWGQ-UHFFFAOYSA-N,CHEMBL3793398,10.1016/j.bmcl.2016.03.024,Antioxidant activity assessed as DPPH free radical scavenging activity incubated for 30 mins in dark condition by spectrophotometric method,278.4,9.482758620689728e-05,4.02306530406869,Other,c1ccc(-c2cnn(-c3ccccc3)c2)cc1,train
135,COc1c(C(=O)O)c(C)nn1-c1ccccc1,JTIRKAYPEZWXEO-UHFFFAOYSA-N,CHEMBL3792864,10.1016/j.bmcl.2016.03.024,Antioxidant activity assessed as DPPH free radical scavenging activity incubated for 30 mins in dark condition by spectrophotometric method,232.2,7.00689061154172e-05,4.1544746624657,Other,c1ccc(-n2cccn2)cc1,train
136,COc1c(C(=O)NCc2ccccc2)c(C)nn1-c1ccccc1,RURMFFYUQOGDPQ-UHFFFAOYSA-N,CHEMBL3793671,10.1016/j.bmcl.2016.03.024,Antioxidant activity assessed as DPPH free radical scavenging activity incubated for 30 mins in dark condition by spectrophotometric method,321.4,7.352209085251965e-05,4.13358215079496,Other,O=C(NCc1ccccc1)c1cnn(-c2ccccc2)c1,train
137,COc1c(C(=O)NC(C)c2ccccc2)c(C)nn1-c1ccccc1,IAURSLLSAJJNOK-UHFFFAOYSA-N,CHEMBL3794242,10.1016/j.bmcl.2016.03.024,Antioxidant activity assessed as DPPH free radical scavenging activity incubated for 30 mins in dark condition by spectrophotometric method,335.4,8.044126416219473e-05,4.09452111293418,Other,O=C(NCc1ccccc1)c1cnn(-c2ccccc2)c1,train
138,COc1c(C(=O)NCc2ccc(Cl)cc2)c(C)nn1-c1ccccc1,KTOWPTWDRPZRCS-UHFFFAOYSA-N,CHEMBL3793937,10.1016/j.bmcl.2016.03.024,Antioxidant activity assessed as DPPH free radical scavenging activity incubated for 30 mins in dark condition by spectrophotometric method,355.8,4.5165823496346464e-05,4.34519006698456,Other,O=C(NCc1ccccc1)c1cnn(-c2ccccc2)c1,train
139,COc1ccc(CNC(=O)c2c(C)nn(-c3ccccc3)c2OC)cc1,RVAZGTQAXYKGHW-UHFFFAOYSA-N,CHEMBL3792711,10.1016/j.bmcl.2016.03.024,Antioxidant activity assessed as DPPH free radical scavenging activity incubated for 30 mins in dark condition by spectrophotometric method,351.4,8.087649402390542e-05,4.09217768356782,Other,O=C(NCc1ccccc1)c1cnn(-c2ccccc2)c1,train
140,COc1cc(N)ccc1O,MCNBYOWWTITHIG-UHFFFAOYSA-N,CHEMBL4294643,10.1016/j.ejmech.2018.09.009,Antioxidant activity assessed as DPPH free radical scavenging activity incubated for 5 to 30 mins in dark condition followed by incubated in room temperature for 24 hrs by UV-vis method,139.2,1.364942528735646e-05,4.86488563432171,Aromatic amine,c1ccccc1,test
141,COc1cc(C2CC(C(=NNc3ccc(C)cc3)C3=NC(=S)NC(c4ccc(O)c(OC)c4)C3)=NC(=S)N2)ccc1O,ASUPIHIKHNRXAS-UHFFFAOYSA-N,CHEMBL4294673,10.1016/j.ejmech.2018.09.009,Antioxidant activity assessed as DPPH free radical scavenging activity incubated for 30 mins in dark condition,602.7,1.1265969802555172e-06,5.94823141718741,Aromatic amine,S=C1N=C(C(=NNc2ccccc2)C2=NC(=S)NC(c3ccccc3)C2)CC(c2ccccc2)N1,train
142,Cc1c(-c2cc(-c3ccc(F)cc3)nc(N)n2)nnn1-c1ccc(Cl)c(Cl)c1,XGTJPNIIJXUAME-UHFFFAOYSA-N,CHEMBL4286116,10.1016/j.ejmech.2018.09.009,Antioxidant activity assessed as DPPH free radical scavenging activity incubated for 30 mins in dark condition,415.3,0.0001422345292559587,3.8469949602521,Other,c1ccc(-c2cc(-c3cn(-c4ccccc4)nn3)ncn2)cc1,train
143,O=C(C=Cc1ccc(O)c(O)c1)OC(Cc1ccc(O)c(O)c1)C(=O)O,DOUMFZQKYFQNTF-UHFFFAOYSA-N,CHEMBL324842,10.1016/j.ejmech.2018.09.009,Antioxidant activity assessed as DPPH free radical scavenging activity incubated for 30 min by UV-vis spectrophotometric analysis,360.3,1.1101859561476457e-06,5.95460427079461,Phenolic acid,O=C(C=Cc1ccccc1)OCCc1ccccc1,train
144,Cc1ccc(NC(C)c2c(O)c3ccccc3oc2=O)cc1,HDHMNJJGKXBDEV-UHFFFAOYSA-N,CHEMBL4289546,10.1016/j.ejmech.2018.09.009,Antioxidant activity assessed as DPPH free radical scavenging activity after 30 to 60 mins by UV-vis spectrophotometric analysis,295.3,9.400000000000032e-05,4.0268721464003,Coumarin,O=c1oc2ccccc2cc1CNc1ccccc1,train
145,CC(Nc1ccc([N+](=O)[O-])cc1)c1c(O)c2ccccc2oc1=O,JBAVFVKIGRGNEF-UHFFFAOYSA-N,CHEMBL4282335,10.1016/j.ejmech.2018.09.009,Antioxidant activity assessed as DPPH free radical scavenging activity after 30 to 60 mins by UV-vis spectrophotometric analysis,326.3,2.600000000000012e-05,4.58502665202918,Coumarin,O=c1oc2ccccc2cc1CNc1ccccc1,train
146,CC1=NC(=S)N(n2c(CCl)nc3ccccc3c2=O)C(=O)C1N=Nc1ccc(C)cc1O,NYHZTTCRPCXIIO-UHFFFAOYSA-N,CHEMBL1800160,10.1016/j.bmcl.2011.05.031,Antioxidant activity against DPPH free radical assessed as compound able to consume half the initial amount of DPPH free radical after 30 to 60 mins by spectrophotometry,468.9,5.100000000000046e-06,5.29242982390206,Aromatic amine,O=C1C(N=Nc2ccccc2)C=NC(=S)N1n1cnc2ccccc2c1=O,train
147,CC1=NC(=S)N(n2c(CCl)nc3ccccc3c2=O)C(=O)C1N=Nc1cccc(C)c1O,JICVXGDRYSULBV-UHFFFAOYSA-N,CHEMBL1800161,10.1016/j.bmcl.2011.05.031,Antioxidant activity against DPPH free radical assessed as compound able to consume half the initial amount of DPPH free radical after 30 to 60 mins by spectrophotometry,468.9,3.500000000000036e-06,5.45593195564972,Aromatic amine,O=C1C(N=Nc2ccccc2)C=NC(=S)N1n1cnc2ccccc2c1=O,train
148,CC1=NC(=S)N(n2c(CCl)nc3ccccc3c2=O)C(=O)C1N=Nc1ccc(O)c(O)c1,OHOLMFBRKUBLND-UHFFFAOYSA-N,CHEMBL1800162,10.1016/j.bmcl.2011.05.031,Antioxidant activity against DPPH free radical assessed as compound able to consume half the initial amount of DPPH free radical after 30 to 60 mins by spectrophotometry,470.9,1.4000000000000063e-06,5.85387196432176,Aromatic amine,O=C1C(N=Nc2ccccc2)C=NC(=S)N1n1cnc2ccccc2c1=O,test
149,CC1=NC(=S)N(n2c(CCl)nc3ccccc3c2=O)C(=O)C1N=Nc1ccc(Cl)cc1O,XWMAZVGWOIQOGT-UHFFFAOYSA-N,CHEMBL1800350,10.1016/j.bmcl.2011.05.031,Antioxidant activity against DPPH free radical assessed as compound able to consume half the initial amount of DPPH free radical after 30 to 60 mins by spectrophotometry,489.3,7.000000000000045e-06,5.15490195998574,Aromatic amine,O=C1C(N=Nc2ccccc2)C=NC(=S)N1n1cnc2ccccc2c1=O,train
150,CC1=NC(=S)N(n2c(CCl)nc3ccccc3c2=O)C(=O)C1N=Nc1ccc(O)c([N+](=O)[O-])c1,RURNFJNJBDNRQH-UHFFFAOYSA-N,CHEMBL1800351,10.1016/j.bmcl.2011.05.031,Antioxidant activity against DPPH free radical assessed as compound able to consume half the initial amount of DPPH free radical after 30 to 60 mins by spectrophotometry,499.9,8.600000000000048e-06,5.06550154875643,Aromatic amine,O=C1C(N=Nc2ccccc2)C=NC(=S)N1n1cnc2ccccc2c1=O,train
151,CC1=NC(=S)N(n2c(CCl)nc3ccccc3c2=O)C(=O)C1N=Nc1ccc(O)cc1O,ZZRBRZXRMVGQOG-UHFFFAOYSA-N,CHEMBL1800352,10.1016/j.bmcl.2011.05.031,Antioxidant activity against DPPH free radical assessed as compound able to consume half the initial amount of DPPH free radical after 30 to 60 mins by spectrophotometry,470.9,2.1000000000000057e-06,5.67778070526608,Aromatic amine,O=C1C(N=Nc2ccccc2)C=NC(=S)N1n1cnc2ccccc2c1=O,train
152,CC1=NC(=S)N(n2c(CCl)nc3ccccc3c2=O)C(=O)C1N=Nc1ccc(O)cc1,JYZYYEAUHFPOIH-UHFFFAOYSA-N,CHEMBL1800353,10.1016/j.bmcl.2011.05.031,Antioxidant activity against DPPH free radical assessed as compound able to consume half the initial amount of DPPH free radical after 30 to 60 mins by spectrophotometry,454.9,5.400000000000018e-06,5.26760624017703,Aromatic amine,O=C1C(N=Nc2ccccc2)C=NC(=S)N1n1cnc2ccccc2c1=O,test
153,CC1=NC(=S)N(n2c(CCl)nc3ccccc3c2=O)C(=O)C1N=Nc1cccc(Cl)c1O,RKMYYEHDLLVNHB-UHFFFAOYSA-N,CHEMBL1800354,10.1016/j.bmcl.2011.05.031,Antioxidant activity against DPPH free radical assessed as compound able to consume half the initial amount of DPPH free radical after 30 to 60 mins by spectrophotometry,489.3,8.299999999999929e-06,5.08092190762393,Aromatic amine,O=C1C(N=Nc2ccccc2)C=NC(=S)N1n1cnc2ccccc2c1=O,train
154,COc1ccc(N=NC2C(=O)N(n3c(CCl)nc4ccccc4c3=O)C(=S)N=C2C)cc1O,GQIQYKJYNDMCJN-UHFFFAOYSA-N,CHEMBL1800355,10.1016/j.bmcl.2011.05.031,Antioxidant activity against DPPH free radical assessed as compound able to consume half the initial amount of DPPH free radical after 30 to 60 mins by spectrophotometry,484.9,2.9999999999999827e-06,5.52287874528034,Aromatic amine,O=C1C(N=Nc2ccccc2)C=NC(=S)N1n1cnc2ccccc2c1=O,train
155,Oc1ccc(O)c(-c2nc3ncc(Cl)cc3[nH]2)c1,QIZJRQLCOYKHDY-UHFFFAOYSA-N,CHEMBL4531474,10.1016/j.ejmech.2019.06.010,Antioxidant activity assessed as DPPH radical scavenging activity after 30 mins,261.7,7.249999999999931e-05,4.13966199342901,Other,c1ccc(-c2nc3ncccc3[nH]2)cc1,test
156,CC=Cc1ccc(O)c(OC)c1,BJIOGJUNALELMI-UHFFFAOYSA-N,CHEMBL445206,10.1016/j.ejmech.2011.07.041,Antioxidant activity assessed as residual DPPH radical scavenging activity after 30 mins by spectrophotometric analysis,164.2,4.067000000000025e-05,4.39072582759541,Other,c1ccccc1,train
157,CCC(c1ccc(O)c(OC)c1)c1ccccc1O,ZDGYDFANTQQDHG-UHFFFAOYSA-N,CHEMBL1828657,10.1016/j.ejmech.2011.07.041,Antioxidant activity assessed as residual DPPH radical scavenging activity after 30 mins by spectrophotometric analysis,258.3,7.829999999999937e-06,5.10623823794206,Other,c1ccc(Cc2ccccc2)cc1,train
158,CCOc1cccc(C(CC)c2ccc(O)c(OC)c2)c1O,UWZYPRJCDJOVAA-UHFFFAOYSA-N,CHEMBL1831285,10.1016/j.ejmech.2011.07.041,Antioxidant activity assessed as residual DPPH radical scavenging activity after 30 mins by spectrophotometric analysis,302.4,6.190000000000033e-06,5.20830935097988,Other,c1ccc(Cc2ccccc2)cc1,train
159,CCC(c1ccc(O)c(OC)c1)c1cccc(C(C)C)c1O,UXIFHVIQBKXZQU-UHFFFAOYSA-N,CHEMBL1831284,10.1016/j.ejmech.2011.07.041,Antioxidant activity assessed as residual DPPH radical scavenging activity after 30 mins by spectrophotometric analysis,300.4,6.29999999999998e-06,5.20065945054642,Other,c1ccc(Cc2ccccc2)cc1,train
160,CCC(c1ccc(O)c(OC)c1)c1cccc(O)c1O,SHJXYTKJNPPAHC-UHFFFAOYSA-N,CHEMBL1831286,10.1016/j.ejmech.2011.07.041,Antioxidant activity assessed as residual DPPH radical scavenging activity after 30 mins by spectrophotometric analysis,274.3,5.800000000000042e-06,5.23657200643706,Other,c1ccc(Cc2ccccc2)cc1,test
161,CCC(c1ccc(O)c(O)c1)c1ccc(O)c(OC)c1,OTLAADMCZYSNQL-UHFFFAOYSA-N,CHEMBL1828744,10.1016/j.ejmech.2011.07.041,Antioxidant activity assessed as residual DPPH radical scavenging activity after 30 mins by spectrophotometric analysis,274.3,5.800000000000042e-06,5.23657200643706,Other,c1ccc(Cc2ccccc2)cc1,train
162,CCC(c1ccc(O)c(OC)c1)c1ccc(O)cc1O,JTBSUSBYTYRXQK-UHFFFAOYSA-N,CHEMBL1828745,10.1016/j.ejmech.2011.07.041,Antioxidant activity assessed as residual DPPH radical scavenging activity after 30 mins by spectrophotometric analysis,274.3,6.709999999999965e-06,5.17327747983101,Other,c1ccc(Cc2ccccc2)cc1,train
163,Oc1ccc(N=Cc2ccccc2)cc1,BVTLIIQDQAUXOI-UHFFFAOYSA-N,CHEMBL201858,10.1016/j.bmcl.2012.06.026,Antioxidant activity assessed as DPPH scavenging activity after 30 mins by microplate reader method,197.2,0.00010093933821855698,3.99593954692719,Aromatic amine,C(=Nc1ccccc1)c1ccccc1,train
164,O=c1cc(O)cc(C=Cc2ccc(O)c(O)c2)o1,SGJNQVTUYXCBKH-UHFFFAOYSA-N,CHEMBL1224512,10.1021/np400234u,Antioxidant activity assessed as DPPH free radical scavenging activity after 30 mins,246.2,5.880000000000018e-05,4.23062267392386,Other,O=c1cccc(C=Cc2ccccc2)o1,train
165,COC(=O)CCC(c1c(O)cc(C=Cc2ccc(O)c(O)c2)oc1=O)c1c(O)cc(C=Cc2ccc(O)c(O)c2)oc1=O,NSYGZAYOTRQSPG-UHFFFAOYSA-N,CHEMBL2408936,10.1021/np400234u,Antioxidant activity assessed as DPPH free radical scavenging activity after 30 mins,590.5,9.530000000000073e-05,4.02090709936167,Other,O=c1oc(C=Cc2ccccc2)ccc1Cc1ccc(C=Cc2ccccc2)oc1=O,train
166,O=C(O)CCC(c1c(O)cc(C=Cc2ccc(O)c(O)c2)oc1=O)c1c(O)cc(C=Cc2ccc(O)c(O)c2)oc1=O,BAUBFAJHDIHNIK-UHFFFAOYSA-N,CHEMBL2408935,10.1021/np400234u,Antioxidant activity assessed as DPPH free radical scavenging activity after 30 mins,576.5,8.870000000000079e-05,4.05207638016827,Other,O=c1oc(C=Cc2ccccc2)ccc1Cc1ccc(C=Cc2ccccc2)oc1=O,train
167,CC(C)CC(c1c(O)cc(C=Cc2ccc(O)c(O)c2)oc1=O)c1c(O)cc(C=Cc2ccc(O)c(O)c2)oc1=O,GPXLQXIQIYGNAJ-UHFFFAOYSA-N,CHEMBL2408934,10.1021/np400234u,Antioxidant activity assessed as DPPH free radical scavenging activity after 30 mins,560.6,9.589999999999921e-05,4.01818139282934,Other,O=c1oc(C=Cc2ccccc2)ccc1Cc1ccc(C=Cc2ccccc2)oc1=O,train
168,O=C(C=Cc1cccc([N+](=O)[O-])c1)c1ccccc1,SMFBODMWKWBFOK-UHFFFAOYSA-N,CHEMBL106824,10.1016/j.bmc.2014.10.015,Antioxidant activity assessed as DPPH radical scavenging activity after 30 mins by spectrophotometry,253.3,0.0006522305566521955,3.1855988585896,Aromatic amine,O=C(C=Cc1ccccc1)c1ccccc1,train
169,COc1ccc(C(=O)C=Cc2cccc([N+](=O)[O-])c2)cc1,NKTHYLRGJXZFQJ-UHFFFAOYSA-N,CHEMBL2012135,10.1016/j.bmc.2014.10.015,Antioxidant activity assessed as DPPH radical scavenging activity after 30 mins by spectrophotometry,283.3,0.00047747970349453346,3.3210450844942,Aromatic amine,O=C(C=Cc1ccccc1)c1ccccc1,train
170,O=C(C=Cc1cccc([N+](=O)[O-])c1)c1ccc(Br)cc1,CTGTZDHCXARJAP-UHFFFAOYSA-N,CHEMBL3356220,10.1016/j.bmc.2014.10.015,Antioxidant activity assessed as DPPH radical scavenging activity after 30 mins by spectrophotometry,332.2,0.0005117399157134277,3.2909507067371,Aromatic amine,O=C(C=Cc1ccccc1)c1ccccc1,train
171,COc1ccc(C(=O)C=Cc2cccc([N+](=O)[O-])c2)c(OC)c1,ITRAGDODVWDDEE-UHFFFAOYSA-N,CHEMBL2012136,10.1016/j.bmc.2014.10.015,Antioxidant activity assessed as DPPH radical scavenging activity after 30 mins by spectrophotometry,313.3,0.0004263325885732547,3.37025146890905,Aromatic amine,O=C(C=Cc1ccccc1)c1ccccc1,train
172,O=C(C=Cc1cccc([N+](=O)[O-])c1)c1ccc(O)cc1,WYQHZANXMKJOBP-UHFFFAOYSA-N,CHEMBL2261506,10.1016/j.bmc.2014.10.015,Antioxidant activity assessed as DPPH radical scavenging activity after 30 mins by spectrophotometry,269.3,0.00034441143705903944,3.46292243512443,Aromatic amine,O=C(C=Cc1ccccc1)c1ccccc1,train
173,O=C(C=Cc1cccc([N+](=O)[O-])c1)c1cccs1,YNTQJIBSFGNMIH-UHFFFAOYSA-N,CHEMBL1454102,10.1016/j.bmc.2014.10.015,Antioxidant activity assessed as DPPH radical scavenging activity after 30 mins by spectrophotometry,259.3,0.00043305052063246914,3.36346143493527,Aromatic amine,O=C(C=Cc1ccccc1)c1cccs1,train
174,CCOC(=O)C1C(=O)C=C(c2ccccc2)CC1c1cccc([N+](=O)[O-])c1,PWWDVVWRWFYOHM-UHFFFAOYSA-N,CHEMBL3356221,10.1016/j.bmc.2014.10.015,Antioxidant activity assessed as DPPH radical scavenging activity after 30 mins by spectrophotometry,365.4,0.00045213464696223734,3.34473221181557,Aromatic amine,O=C1C=C(c2ccccc2)CC(c2ccccc2)C1,train
175,CCOC(=O)C1C(=O)C=C(c2ccc(OC)cc2)CC1c1cccc([N+](=O)[O-])c1,VOFNWOPUBIYSGL-UHFFFAOYSA-N,CHEMBL3356222,10.1016/j.bmc.2014.10.015,Antioxidant activity assessed as DPPH radical scavenging activity after 30 mins by spectrophotometry,395.4,0.0004969650986342922,3.30367411026621,Aromatic amine,O=C1C=C(c2ccccc2)CC(c2ccccc2)C1,train
176,CCOC(=O)C1C(=O)C=C(c2ccc(Br)cc2)CC1c1cccc([N+](=O)[O-])c1,MGKGSLVPSRSOEA-UHFFFAOYSA-N,CHEMBL3356223,10.1016/j.bmc.2014.10.015,Antioxidant activity assessed as DPPH radical scavenging activity after 30 mins by spectrophotometry,444.3,0.0009207742516317739,3.0358468337425,Aromatic amine,O=C1C=C(c2ccccc2)CC(c2ccccc2)C1,train
177,CCOC(=O)C1C(=O)C=C(c2ccc(OC)cc2OC)CC1c1cccc([N+](=O)[O-])c1,JNGSSVOWROUEJO-UHFFFAOYSA-N,CHEMBL3356224,10.1016/j.bmc.2014.10.015,Antioxidant activity assessed as DPPH radical scavenging activity after 30 mins by spectrophotometry,425.4,0.0004599200752233207,3.33731763333001,Aromatic amine,O=C1C=C(c2ccccc2)CC(c2ccccc2)C1,test
178,CCOC(=O)C1C(=O)C=C(c2ccc(O)cc2)CC1c1cccc([N+](=O)[O-])c1,INMMEWOAFSOOMT-UHFFFAOYSA-N,CHEMBL3356225,10.1016/j.bmc.2014.10.015,Antioxidant activity assessed as DPPH radical scavenging activity after 30 mins by spectrophotometry,381.4,0.0004588358678552726,3.33834264002369,Aromatic amine,O=C1C=C(c2ccccc2)CC(c2ccccc2)C1,train
179,CCOC(=O)C1C(=O)C=C(c2cccs2)CC1c1cccc([N+](=O)[O-])c1,XHZUCXYTXLIPDT-UHFFFAOYSA-N,CHEMBL3356226,10.1016/j.bmc.2014.10.015,Antioxidant activity assessed as DPPH radical scavenging activity after 30 mins by spectrophotometry,371.4,0.0005626009693053272,3.24979952392412,Aromatic amine,O=C1C=C(c2cccs2)CC(c2ccccc2)C1,train
180,O=C1NN=C2C=C(c3ccccc3)CC(c3cccc([N+](=O)[O-])c3)C12,AYACAKHPUSXIEB-UHFFFAOYSA-N,CHEMBL3356227,10.1016/j.bmc.2014.10.015,Antioxidant activity assessed as DPPH radical scavenging activity after 30 mins by spectrophotometry,333.3,0.0002956195619561974,3.5292668308708,Aromatic amine,O=C1NN=C2C=C(c3ccccc3)CC(c3ccccc3)C12,train
181,COc1ccc(C2=CC3=NNC(=O)C3C(c3cccc([N+](=O)[O-])c3)C2)cc1,WBNDHCCBXLRKMM-UHFFFAOYSA-N,CHEMBL3356228,10.1016/j.bmc.2014.10.015,Antioxidant activity assessed as DPPH radical scavenging activity after 30 mins by spectrophotometry,363.4,0.0002386901485965892,3.62216550515927,Aromatic amine,O=C1NN=C2C=C(c3ccccc3)CC(c3ccccc3)C12,train
182,O=C1NN=C2C=C(c3ccc(Br)cc3)CC(c3cccc([N+](=O)[O-])c3)C12,KGHUNBLYUDIRBP-UHFFFAOYSA-N,CHEMBL3356229,10.1016/j.bmc.2014.10.015,Antioxidant activity assessed as DPPH radical scavenging activity after 30 mins by spectrophotometry,412.2,0.0002513343037360504,3.59974823203398,Aromatic amine,O=C1NN=C2C=C(c3ccccc3)CC(c3ccccc3)C12,train
183,COc1ccc(C2=CC3=NNC(=O)C3C(c3cccc([N+](=O)[O-])c3)C2)c(OC)c1,VXODXQCAMRJLGD-UHFFFAOYSA-N,CHEMBL3356230,10.1016/j.bmc.2014.10.015,Antioxidant activity assessed as DPPH radical scavenging activity after 30 mins by spectrophotometry,393.4,0.00022559735638027264,3.64666599385619,Aromatic amine,O=C1NN=C2C=C(c3ccccc3)CC(c3ccccc3)C12,train
184,O=C1NN=C2C=C(c3ccc(O)cc3)CC(c3cccc([N+](=O)[O-])c3)C12,QDQMUJLVINBCIW-UHFFFAOYSA-N,CHEMBL3356231,10.1016/j.bmc.2014.10.015,Antioxidant activity assessed as DPPH radical scavenging activity after 30 mins by spectrophotometry,349.3,0.00015997709705124617,3.7959421881955,Aromatic amine,O=C1NN=C2C=C(c3ccccc3)CC(c3ccccc3)C12,train
185,O=C1NN=C2C=C(c3cccs3)CC(c3cccc([N+](=O)[O-])c3)C12,PORHDQRQNAVRGT-UHFFFAOYSA-N,CHEMBL3356232,10.1016/j.bmc.2014.10.015,Antioxidant activity assessed as DPPH radical scavenging activity after 30 mins by spectrophotometry,339.4,0.0002964348850913358,3.52807068898162,Aromatic amine,O=C1NN=C2C=C(c3cccs3)CC(c3ccccc3)C12,train
186,O=C1ON=C2C=C(c3ccccc3)CC(c3cccc([N+](=O)[O-])c3)C12,PKPAPTZUVVHERQ-UHFFFAOYSA-N,CHEMBL3356233,10.1016/j.bmc.2014.10.015,Antioxidant activity assessed as DPPH radical scavenging activity after 30 mins by spectrophotometry,334.3,0.0009341310200418756,3.02959220589992,Aromatic amine,O=C1ON=C2C=C(c3ccccc3)CC(c3ccccc3)C12,train
187,COc1ccc(C2=CC3=NOC(=O)C3C(c3cccc([N+](=O)[O-])c3)C2)cc1,DVYJCNWIQCVAAV-UHFFFAOYSA-N,CHEMBL3356234,10.1016/j.bmc.2014.10.015,Antioxidant activity assessed as DPPH radical scavenging activity after 30 mins by spectrophotometry,364.4,0.0007100713501646487,3.14869800983599,Aromatic amine,O=C1ON=C2C=C(c3ccccc3)CC(c3ccccc3)C12,train
188,O=C1ON=C2C=C(c3ccc(Br)cc3)CC(c3cccc([N+](=O)[O-])c3)C12,KAJXWWGKSGZOBJ-UHFFFAOYSA-N,CHEMBL3356235,10.1016/j.bmc.2014.10.015,Antioxidant activity assessed as DPPH radical scavenging activity after 30 mins by spectrophotometry,413.2,0.000738165537270087,3.13184623457088,Aromatic amine,O=C1ON=C2C=C(c3ccccc3)CC(c3ccccc3)C12,train
189,COc1ccc(C2=CC3=NOC(=O)C3C(c3cccc([N+](=O)[O-])c3)C2)c(OC)c1,IBGFMSVSKXCICN-UHFFFAOYSA-N,CHEMBL3356236,10.1016/j.bmc.2014.10.015,Antioxidant activity assessed as DPPH radical scavenging activity after 30 mins by spectrophotometry,394.4,0.0006972616632860052,3.15660421243891,Aromatic amine,O=C1ON=C2C=C(c3ccccc3)CC(c3ccccc3)C12,train
190,O=C1ON=C2C=C(c3ccc(O)cc3)CC(c3cccc([N+](=O)[O-])c3)C12,AHMPTAFNHKBHQV-UHFFFAOYSA-N,CHEMBL3356237,10.1016/j.bmc.2014.10.015,Antioxidant activity assessed as DPPH radical scavenging activity after 30 mins by spectrophotometry,350.3,0.0005770767913217236,3.238766391648,Aromatic amine,O=C1ON=C2C=C(c3ccccc3)CC(c3ccccc3)C12,train
191,O=C1ON=C2C=C(c3cccs3)CC(c3cccc([N+](=O)[O-])c3)C12,ZORYLDMOTHBECN-UHFFFAOYSA-N,CHEMBL3356238,10.1016/j.bmc.2014.10.015,Antioxidant activity assessed as DPPH radical scavenging activity after 30 mins by spectrophotometry,340.4,0.0009086075205640496,3.04162367284172,Aromatic amine,O=C1ON=C2C=C(c3cccs3)CC(c3ccccc3)C12,train
192,COc1c(-c2ccc(O)c(O)c2)oc2cc(OCCN3CCCCC3)cc(O)c2c1=O,XTZYKFRTIXTCHW-UHFFFAOYSA-N,CHEMBL3593740,10.1016/j.bmc.2015.05.023,Antioxidant activity assessed as DPPH radical scavenging activity after 30 min,463.9,2.073999999999989e-05,4.68319124794698,Flavonoid,O=c1cc(-c2ccccc2)oc2cc(OCCN3CCCCC3)ccc12,train
193,COc1c(-c2ccc(O)c(O)c2)oc2cc(OCCN3CCCC3)cc(O)c2c1=O,ITIDOKQZONVADZ-UHFFFAOYSA-N,CHEMBL3593741,10.1016/j.bmc.2015.05.023,Antioxidant activity assessed as DPPH radical scavenging activity after 30 min,449.9,1.8869999999999936e-05,4.72422809983507,Flavonoid,O=c1cc(-c2ccccc2)oc2cc(OCCN3CCCC3)ccc12,train
194,COc1c(-c2ccc(O)c(O)c2)oc2cc(OCCN3CCOCC3)cc(O)c2c1=O,XNCDQKKXVCXIDJ-UHFFFAOYSA-N,CHEMBL3593742,10.1016/j.bmc.2015.05.023,Antioxidant activity assessed as DPPH radical scavenging activity after 30 min,465.9,4.7159999999999874e-05,4.32642620357695,Flavonoid,O=c1cc(-c2ccccc2)oc2cc(OCCN3CCOCC3)ccc12,train
195,CCN(CC)CCOc1cc(O)c2c(=O)c(OC)c(-c3ccc(O)c(O)c3)oc2c1,ZDXVJGFCTRVBAQ-UHFFFAOYSA-N,CHEMBL3593743,10.1016/j.bmc.2015.05.023,Antioxidant activity assessed as DPPH radical scavenging activity after 30 min,451.9,2.7350000000000004e-05,4.56304266933055,Flavonoid,O=c1cc(-c2ccccc2)oc2ccccc12,train
196,COc1c(-c2cc(O)c(O)c(O)c2)oc2cc(OCCN3CCCCC3)cc(O)c2c1=O,PJFNHFFUJJYNOF-UHFFFAOYSA-N,CHEMBL3593744,10.1016/j.bmc.2015.05.023,Antioxidant activity assessed as DPPH radical scavenging activity after 30 min,479.9,2.6320000000000155e-05,4.57971411505808,Flavonoid,O=c1cc(-c2ccccc2)oc2cc(OCCN3CCCCC3)ccc12,train
197,COc1c(-c2cc(O)c(O)c(O)c2)oc2cc(OCCN3CCCC3)cc(O)c2c1=O,XAJONBYZYSZKSV-UHFFFAOYSA-N,CHEMBL3593745,10.1016/j.bmc.2015.05.023,Antioxidant activity assessed as DPPH radical scavenging activity after 30 min,465.9,1.679000000000004e-05,4.77494930386195,Flavonoid,O=c1cc(-c2ccccc2)oc2cc(OCCN3CCCC3)ccc12,train
198,COc1c(-c2cc(O)c(O)c(O)c2)oc2cc(OCCN3CCOCC3)cc(O)c2c1=O,DNBIPPTVEWAXAL-UHFFFAOYSA-N,CHEMBL3593746,10.1016/j.bmc.2015.05.023,Antioxidant activity assessed as DPPH radical scavenging activity after 30 min,481.9,2.5980000000000073e-05,4.58536085326299,Flavonoid,O=c1cc(-c2ccccc2)oc2cc(OCCN3CCOCC3)ccc12,train
199,CCN(CC)CCOc1cc(O)c2c(=O)c(OC)c(-c3cc(O)c(O)c(O)c3)oc2c1,FYDFKABWWDCOCS-UHFFFAOYSA-N,CHEMBL3593747,10.1016/j.bmc.2015.05.023,Antioxidant activity assessed as DPPH radical scavenging activity after 30 min,467.9,2.293000000000004e-05,4.63959594527006,Flavonoid,O=c1cc(-c2ccccc2)oc2ccccc12,train
200,COc1c(-c2ccc(O)c(O)c2)oc2cc(O)cc(OCCN3CCCC3)c2c1=O,LQCSHHDMLLRUPO-UHFFFAOYSA-N,CHEMBL3593749,10.1016/j.bmc.2015.05.023,Antioxidant activity assessed as DPPH radical scavenging activity after 30 min,449.9,8.399999999999972e-05,4.07572071393812,Flavonoid,O=c1cc(-c2ccccc2)oc2cccc(OCCN3CCCC3)c12,train
201,COc1c(-c2cc(O)c(O)c(O)c2)oc2cc(O)cc(OCCN3CCCCC3)c2c1=O,RYEQXPILUMLTOA-UHFFFAOYSA-N,CHEMBL3593752,10.1016/j.bmc.2015.05.023,Antioxidant activity assessed as DPPH radical scavenging activity after 30 min,479.9,3.242000000000028e-05,4.4891869894875,Flavonoid,O=c1cc(-c2ccccc2)oc2cccc(OCCN3CCCCC3)c12,train
202,COc1c(-c2cc(O)c(O)c(O)c2)oc2cc(O)cc(OCCN3CCCC3)c2c1=O,UATSPLYZEMQGQY-UHFFFAOYSA-N,CHEMBL3593753,10.1016/j.bmc.2015.05.023,Antioxidant activity assessed as DPPH radical scavenging activity after 30 min,465.9,2.704000000000009e-05,4.5679933127304,Flavonoid,O=c1cc(-c2ccccc2)oc2cccc(OCCN3CCCC3)c12,train
203,COc1c(-c2cc(O)c(O)c(O)c2)oc2cc(O)cc(OCCN3CCOCC3)c2c1=O,WAONQZIVVYVJTD-UHFFFAOYSA-N,CHEMBL3593754,10.1016/j.bmc.2015.05.023,Antioxidant activity assessed as DPPH radical scavenging activity after 30 min,481.9,2.3180000000000147e-05,4.63488656837242,Flavonoid,O=c1cc(-c2ccccc2)oc2cccc(OCCN3CCOCC3)c12,train
204,CCN(CC)CCOc1cc(O)cc2oc(-c3cc(O)c(O)c(O)c3)c(OC)c(=O)c12,KEZMBKRYJHQVCI-UHFFFAOYSA-N,CHEMBL3593755,10.1016/j.bmc.2015.05.023,Antioxidant activity assessed as DPPH radical scavenging activity after 30 min,467.9,2.2059999999999887e-05,4.65639449189583,Flavonoid,O=c1cc(-c2ccccc2)oc2ccccc12,test
205,Oc1ccccc1N=Cc1ccccc1,GRWIZXASAOKOEZ-UHFFFAOYSA-N,CHEMBL2064668,10.1016/j.bmcl.2012.06.026,Antioxidant activity assessed as DPPH scavenging activity after 30 mins by microplate reader method,197.2,3.0880576419490416e-05,4.51031460168256,Aromatic amine,C(=Nc1ccccc1)c1ccccc1,train
206,COc1ccc(C(=O)N2N=C(c3ccc(C)cc3)CC2(O)c2ccc(Cl)cc2Cl)cc1F,KVDLRYXHWUEYIR-UHFFFAOYSA-N,CHEMBL3739829,10.1016/j.ejmech.2015.09.029,Antioxidant activity assessed as DPPH free radical scavenging activity after 30 mins by spectrophotometric assay,473.3,5.1405028523134944e-05,4.28899439553718,Aromatic amine,O=C(c1ccccc1)N1N=C(c2ccccc2)CC1c1ccccc1,test
207,COc1ccc(C2=NN(C(=O)c3ccc(OC)c(F)c3)C(O)(c3ccc(Cl)cc3Cl)C2)cc1,HUQSECSKMRXPOH-UHFFFAOYSA-N,CHEMBL3742185,10.1016/j.ejmech.2015.09.029,Antioxidant activity assessed as DPPH free radical scavenging activity after 30 mins by spectrophotometric assay,489.3,3.6174126302881785e-05,4.44160194939813,Aromatic amine,O=C(c1ccccc1)N1N=C(c2ccccc2)CC1c1ccccc1,train
208,COc1ccc(C(=O)N2N=C(c3ccc(F)cc3)CC2(O)c2ccc(Cl)cc2Cl)cc1F,SXNJXKNYJZSJHT-UHFFFAOYSA-N,CHEMBL3741013,10.1016/j.ejmech.2015.09.029,Antioxidant activity assessed as DPPH free radical scavenging activity after 30 mins by spectrophotometric assay,477.3,5.3823591032893115e-05,4.2690273300999,Aromatic amine,O=C(c1ccccc1)N1N=C(c2ccccc2)CC1c1ccccc1,train
209,COc1ccc(C(=O)N2N=C(c3ccc(C)c(F)c3)CC2(O)c2ccc(Cl)cc2Cl)cc1F,AMMBMYVVGAKXGH-UHFFFAOYSA-N,CHEMBL3741115,10.1016/j.ejmech.2015.09.029,Antioxidant activity assessed as DPPH free radical scavenging activity after 30 mins by spectrophotometric assay,491.3,3.983309586810512e-05,4.39975593847682,Aromatic amine,O=C(c1ccccc1)N1N=C(c2ccccc2)CC1c1ccccc1,train
210,COc1ccc(C(=O)N2N=C(c3ccccc3)CC2(O)c2ccc(C)cc2)cc1F,UCEIHFCMQJAQKW-UHFFFAOYSA-N,CHEMBL3741462,10.1016/j.ejmech.2015.09.029,Antioxidant activity assessed as DPPH free radical scavenging activity after 30 mins by spectrophotometric assay,404.4,4.6612265084075405e-05,4.33149979237715,Aromatic amine,O=C(c1ccccc1)N1N=C(c2ccccc2)CC1c1ccccc1,train
211,COc1ccc(C(=O)N2N=C(c3ccc(C)cc3)CC2(O)c2ccc(C)cc2)cc1F,YVRJVRQLJZLXJD-UHFFFAOYSA-N,CHEMBL3741691,10.1016/j.ejmech.2015.09.029,Antioxidant activity assessed as DPPH free radical scavenging activity after 30 mins by spectrophotometric assay,418.5,3.968936678614136e-05,4.40132582987788,Aromatic amine,O=C(c1ccccc1)N1N=C(c2ccccc2)CC1c1ccccc1,train
212,COc1ccc(C2=NN(C(=O)c3ccc(OC)c(F)c3)C(O)(c3ccc(C)cc3)C2)cc1,NMOYCTYQCCASMR-UHFFFAOYSA-N,CHEMBL3741009,10.1016/j.ejmech.2015.09.029,Antioxidant activity assessed as DPPH free radical scavenging activity after 30 mins by spectrophotometric assay,434.5,3.7008055235903574e-05,4.43170373637225,Aromatic amine,O=C(c1ccccc1)N1N=C(c2ccccc2)CC1c1ccccc1,train
213,COc1ccc(C(=O)N2N=C(c3ccc(F)cc3)CC2(O)c2ccc(C)cc2)cc1F,YJHCCDRRMFBTFX-UHFFFAOYSA-N,CHEMBL3742382,10.1016/j.ejmech.2015.09.029,Antioxidant activity assessed as DPPH free radical scavenging activity after 30 mins by spectrophotometric assay,422.4,4.614109848484891e-05,4.33591207040813,Aromatic amine,O=C(c1ccccc1)N1N=C(c2ccccc2)CC1c1ccccc1,train
214,COc1ccc(C(=O)N2N=C(c3cccc(Cl)c3F)CC2(O)c2ccc(C)cc2)cc1F,BLDJXKIDCBUNJK-UHFFFAOYSA-N,CHEMBL3740836,10.1016/j.ejmech.2015.09.029,Antioxidant activity assessed as DPPH free radical scavenging activity after 30 mins by spectrophotometric assay,456.9,5.158678047712859e-05,4.28746157553138,Aromatic amine,O=C(c1ccccc1)N1N=C(c2ccccc2)CC1c1ccccc1,train
215,COc1ccc(C(=O)N2N=C(c3ccc(C)c(F)c3)CC2(O)c2ccc(C)cc2)cc1F,FDEYJSFDKBPWRP-UHFFFAOYSA-N,CHEMBL3742409,10.1016/j.ejmech.2015.09.029,Antioxidant activity assessed as DPPH free radical scavenging activity after 30 mins by spectrophotometric assay,436.5,4.183276059564707e-05,4.37848347484331,Aromatic amine,O=C(c1ccccc1)N1N=C(c2ccccc2)CC1c1ccccc1,train
216,Oc1cccc(C=Nc2ccccc2O)c1,PQKMAPANQMNEHB-UHFFFAOYSA-N,CHEMBL2064670,10.1016/j.bmcl.2012.06.026,Antioxidant activity assessed as DPPH scavenging activity after 30 mins by microplate reader method,213.2,3.922320741601811e-05,4.40645689546878,Aromatic amine,C(=Nc1ccccc1)c1ccccc1,train
217,COc1cc(C=O)cc(OC)c1O,KCDXJAYRVLXPFO-UHFFFAOYSA-N,CHEMBL225303,10.1016/j.ejmech.2017.11.072,Antioxidant activity assessed as DPPH radical scavenging activity after 30 mins,182.2,0.0011499999999999956,2.93930215964639,Other,c1ccccc1,train
218,COc1cc(CNCc2ccccc2)ccc1O,KXXBEKGUFGRVPY-UHFFFAOYSA-N,CHEMBL4279028,10.1016/j.ejmech.2017.11.072,Antioxidant activity assessed as DPPH radical scavenging activity after 30 mins,243.3,0.00010700000000000013,3.97061622231479,Other,c1ccc(CNCc2ccccc2)cc1,train
219,COc1cc(C=NCc2ccccc2)ccc1O,XZTDMZANGPZBKV-UHFFFAOYSA-N,CHEMBL4278636,10.1016/j.ejmech.2017.11.072,Antioxidant activity assessed as DPPH radical scavenging activity after 30 mins,241.3,0.00024849999999999937,3.60467360693065,Other,C(=NCc1ccccc1)c1ccccc1,train
220,Oc1ccc(CN(Cc2ccc(O)cc2)c2ccc(N(Cc3ccc(O)cc3)Cc3ccc(O)cc3)cc2)cc1,RENSIAULSTXGBF-UHFFFAOYSA-N,CHEMBL4289292,10.1016/j.ejmech.2017.11.072,Antioxidant activity assessed as DPPH radical scavenging activity after 30 mins,532.6,9.800000000000126e-05,4.0087739243075,Aromatic amine,c1ccc(CN(Cc2ccccc2)c2ccc(N(Cc3ccccc3)Cc3ccccc3)cc2)cc1,train
221,c1ccc(CN(Cc2ccccc2)c2ccc(N(Cc3ccccc3)Cc3ccccc3)cc2)cc1,VPTNBOIEKNYSFL-UHFFFAOYSA-N,CHEMBL4285881,10.1016/j.ejmech.2017.11.072,Antioxidant activity assessed as DPPH radical scavenging activity after 30 mins,468.6,0.00014429999999999863,3.84073366890651,Aromatic amine,c1ccc(CN(Cc2ccccc2)c2ccc(N(Cc3ccccc3)Cc3ccccc3)cc2)cc1,test
222,Cc1cc2c(O)c3c(c(O)c2o1)C1(C)CCC2CC2(C)C1=C(O)C3=O,MVSHREZIIDDWGS-UHFFFAOYSA-N,CHEMBL1288266,10.1016/j.bmc.2010.10.037,Antioxidant activity assessed as DPPH radical scavenging activity 30 min (manual check),340.4,5.4999999999999473e-05,4.25963731050576,Terpenoid,O=C1C=C2C(CCC3CC23)c2cc3occc3cc21,train
223,CC1Cc2c(O)c3c(c(O)c2O1)C1(C)CCC2CC2(C)C1=C(O)C3=O,BHZINWNKPSPIIT-UHFFFAOYSA-N,CHEMBL1287967,10.1016/j.bmc.2010.10.037,Antioxidant activity assessed as DPPH radical scavenging activity 30 min (manual check),342.4,9.700000000000107e-05,4.01322826573375,Terpenoid,O=C1C=C2C(CCC3CC23)c2cc3c(cc21)CCO3,train
224,COc1cc(CN(Cc2ccccc2)Cc2cc(OC)c(O)c(OC)c2)cc(OC)c1O,CNVPPFWZDWTOMS-UHFFFAOYSA-N,CHEMBL4286572,10.1016/j.ejmech.2017.11.072,Antioxidant activity assessed as DPPH radical scavenging activity after 30 mins,439.5,1.5379999999999907e-05,4.81304366453459,Other,c1ccc(CN(Cc2ccccc2)Cc2ccccc2)cc1,train
225,COc1cc(CN(CCCO)Cc2cc(OC)c(O)c(OC)c2)cc(OC)c1O,YDSPQBHBPGIVGL-UHFFFAOYSA-N,CHEMBL4293787,10.1016/j.ejmech.2017.11.072,Antioxidant activity assessed as DPPH radical scavenging activity after 30 mins,407.5,1.2300000000000053e-05,4.9100948885606,Other,c1ccc(CNCc2ccccc2)cc1,train
226,COc1cc(CN(Cc2ccccc2)Cc2ccc(O)c(OC)c2)ccc1O,QSEGBBMLPCFYBY-UHFFFAOYSA-N,CHEMBL4285541,10.1016/j.ejmech.2017.11.072,Antioxidant activity assessed as DPPH radical scavenging activity after 30 mins,379.5,2.9699999999999814e-05,4.52724355068279,Other,c1ccc(CN(Cc2ccccc2)Cc2ccccc2)cc1,train
227,CCCCN(Cc1ccc(O)c(OC)c1)Cc1ccc(O)c(OC)c1,LBOLKQUGYRPJEI-UHFFFAOYSA-N,CHEMBL4293375,10.1016/j.ejmech.2017.11.072,Antioxidant activity assessed as DPPH radical scavenging activity after 30 mins,345.4,2.19000000000001e-05,4.65955588515988,Other,c1ccc(CNCc2ccccc2)cc1,train
228,COc1cc(CN(CCCCCCO)Cc2ccc(O)c(OC)c2)ccc1O,TYXQOQJCPNAMGC-UHFFFAOYSA-N,CHEMBL4282118,10.1016/j.ejmech.2017.11.072,Antioxidant activity assessed as DPPH radical scavenging activity after 30 mins,389.5,2.2200000000000055e-05,4.65364702554936,Other,c1ccc(CNCc2ccccc2)cc1,train
229,COc1cc(CN(CCCCCO)Cc2ccc(O)c(OC)c2)ccc1O,COSZFYYOQGWVLY-UHFFFAOYSA-N,CHEMBL4289997,10.1016/j.ejmech.2017.11.072,Antioxidant activity assessed as DPPH radical scavenging activity after 30 mins,375.5,2.4000000000000214e-05,4.61978875828839,Other,c1ccc(CNCc2ccccc2)cc1,test
230,COc1cc(CN(CCCCO)Cc2ccc(O)c(OC)c2)ccc1O,VXKXSMUECJMFTG-UHFFFAOYSA-N,CHEMBL4281705,10.1016/j.ejmech.2017.11.072,Antioxidant activity assessed as DPPH radical scavenging activity after 30 mins,361.4,2.1000000000000056e-05,4.67778070526608,Other,c1ccc(CNCc2ccccc2)cc1,train
231,COc1cc(CN(CCCO)Cc2ccc(O)c(OC)c2)ccc1O,IUIPZVGQAUMWOP-UHFFFAOYSA-N,CHEMBL4292330,10.1016/j.ejmech.2017.11.072,Antioxidant activity assessed as DPPH radical scavenging activity after 30 mins,347.4,1.365000000000015e-05,4.86486734862322,Other,c1ccc(CNCc2ccccc2)cc1,test
232,COc1cc(CN(CCO)Cc2ccc(O)c(OC)c2)ccc1O,JIVGMTNFGIBHNV-UHFFFAOYSA-N,CHEMBL4294883,10.1016/j.ejmech.2017.11.072,Antioxidant activity assessed as DPPH radical scavenging activity after 30 mins,333.4,1.2770000000000132e-05,4.89380910273658,Other,c1ccc(CNCc2ccccc2)cc1,train
233,O=C(C=Cc1ccc(O)c2oc(-c3ccc(O)c(O)c3)cc12)NC(Cc1ccc(O)c(O)c1)C(=O)O,XPOIVNVEXHJMNH-UHFFFAOYSA-N,CHEMBL4071391,10.1016/j.ejmech.2016.08.019,Antioxidant activity assessed as DPPH radical scavenging activity incubated for 30 mins under dark conditions by spectrophotometry,491.5,5.03559331161679e-06,5.29794935196623,Other,O=C(C=Cc1cccc2oc(-c3ccccc3)cc12)NCCc1ccccc1,train
234,COC(=O)C(Cc1ccc(O)c(O)c1)NC(=O)C=Cc1ccc(O)c2oc(-c3ccc(O)c(O)c3)cc12,YNVSTZBKEPBGBH-UHFFFAOYSA-N,CHEMBL4085672,10.1016/j.ejmech.2016.08.019,Antioxidant activity assessed as DPPH radical scavenging activity incubated for 30 mins under dark conditions by spectrophotometry,505.5,5.854997865072254e-06,5.23247325894986,Other,O=C(C=Cc1cccc2oc(-c3ccccc3)cc12)NCCc1ccccc1,train
235,COC(=O)C(C)NC(=O)C=Cc1ccc(O)c2oc(-c3ccc(O)c(O)c3)cc12,XJTXWFDHIOZTTB-UHFFFAOYSA-N,CHEMBL4077819,10.1016/j.ejmech.2016.08.019,Antioxidant activity assessed as DPPH radical scavenging activity incubated for 30 mins under dark conditions by spectrophotometry,397.4,1.1950000000000104e-05,4.92263209471584,Other,c1ccc(-c2cc3ccccc3o2)cc1,train
236,COC(=O)C(Cc1ccccc1)NC(=O)C=Cc1ccc(O)c2oc(-c3ccc(O)c(O)c3)cc12,UODHPPVLLSIZRU-UHFFFAOYSA-N,CHEMBL4095851,10.1016/j.ejmech.2016.08.019,Antioxidant activity assessed as DPPH radical scavenging activity incubated for 30 mins under dark conditions by spectrophotometry,473.5,8.660000000000075e-06,5.06248210798265,Other,O=C(C=Cc1cccc2oc(-c3ccccc3)cc12)NCCc1ccccc1,train
237,COC(=O)C(Cc1ccc(O)cc1)NC(=O)C=Cc1ccc(O)c2oc(-c3ccc(O)c(O)c3)cc12,PLAFFYZSFZCCNM-UHFFFAOYSA-N,CHEMBL4101163,10.1016/j.ejmech.2016.08.019,Antioxidant activity assessed as DPPH radical scavenging activity incubated for 30 mins under dark conditions by spectrophotometry,489.5,4.724999999999976e-05,4.32559818715472,Other,O=C(C=Cc1cccc2oc(-c3ccccc3)cc12)NCCc1ccccc1,train
238,COC(=O)C(Cc1c[nH]c2ccccc12)NC(=O)C=Cc1ccc(O)c2oc(-c3ccc(O)c(O)c3)cc12,CTUBAJVIHHHAGU-UHFFFAOYSA-N,CHEMBL4074420,10.1016/j.ejmech.2016.08.019,Antioxidant activity assessed as DPPH radical scavenging activity incubated for 30 mins under dark conditions by spectrophotometry,512.5,1.2369999999999971e-05,4.90763030037088,Other,O=C(C=Cc1cccc2oc(-c3ccccc3)cc12)NCCc1c[nH]c2ccccc12,train
239,COC(=O)C(Cc1ccc(O)c(O)c1)NC(=O)C=Cc1ccc(OC)c2oc(-c3ccc(O)c(O)c3)cc12,HVILPUWZGGDXAJ-UHFFFAOYSA-N,CHEMBL4093409,10.1016/j.ejmech.2016.08.019,Antioxidant activity assessed as DPPH radical scavenging activity incubated for 30 mins under dark conditions by spectrophotometry,519.5,8.313555196184048e-06,5.08021321545772,Other,O=C(C=Cc1cccc2oc(-c3ccccc3)cc12)NCCc1ccccc1,train
240,O=C(C=Cc1ccc(O)c2oc(-c3ccc(O)c(O)c3)cc12)OC(Cc1ccc(O)c(O)c1)C(=O)O,GCJWPRRNLSHTRY-UHFFFAOYSA-N,CHEMBL4077922,10.1016/j.ejmech.2016.08.019,Antioxidant activity assessed as DPPH radical scavenging activity incubated for 30 mins under dark conditions by spectrophotometry,492.4,6.869999999999994e-06,5.16304326294045,Phenolic acid,O=C(C=Cc1cccc2oc(-c3ccccc3)cc12)OCCc1ccccc1,train
241,CC(NC(=O)C=Cc1ccc(O)c2oc(-c3ccc(O)c(O)c3)cc12)C(=O)O,PLOXCJNRUKJVPD-UHFFFAOYSA-N,CHEMBL4078844,10.1016/j.ejmech.2016.08.019,Antioxidant activity assessed as DPPH radical scavenging activity incubated for 30 mins under dark conditions by spectrophotometry,383.4,3.2700000000000293e-06,5.48545224733971,Other,c1ccc(-c2cc3ccccc3o2)cc1,train
242,O=C(C=Cc1ccc(O)c2oc(-c3ccc(O)c(O)c3)cc12)NC(Cc1ccccc1)C(=O)O,GLHGNYCDYVAOMD-UHFFFAOYSA-N,CHEMBL4104607,10.1016/j.ejmech.2016.08.019,Antioxidant activity assessed as DPPH radical scavenging activity incubated for 30 mins under dark conditions by spectrophotometry,459.5,4.1999999999999945e-06,5.3767507096021,Other,O=C(C=Cc1cccc2oc(-c3ccccc3)cc12)NCCc1ccccc1,train
243,O=C(C=Cc1ccc(O)c2oc(-c3ccc(O)c(O)c3)cc12)NC(Cc1ccc(O)cc1)C(=O)O,QAUZVAOGKLECFY-UHFFFAOYSA-N,CHEMBL4086701,10.1016/j.ejmech.2016.08.019,Antioxidant activity assessed as DPPH radical scavenging activity incubated for 30 mins under dark conditions by spectrophotometry,475.5,6.46999999999999e-06,5.1890957193313,Other,O=C(C=Cc1cccc2oc(-c3ccccc3)cc12)NCCc1ccccc1,train
244,O=C(C=Cc1ccc(O)c2oc(-c3ccc(O)c(O)c3)cc12)NC(Cc1c[nH]c2ccccc12)C(=O)O,LUPZSMMVHCJJEG-UHFFFAOYSA-N,CHEMBL4101271,10.1016/j.ejmech.2016.08.019,Antioxidant activity assessed as DPPH radical scavenging activity incubated for 30 mins under dark conditions by spectrophotometry,498.5,3.860000000000041e-06,5.41341269532824,Other,O=C(C=Cc1cccc2oc(-c3ccccc3)cc12)NCCc1c[nH]c2ccccc12,test
245,COc1ccc(C=CC(=O)NC(Cc2ccc(O)c(O)c2)C(=O)O)c2cc(-c3ccc(O)c(O)c3)oc12,YMZVXZMLBDMWGA-UHFFFAOYSA-N,CHEMBL4083271,10.1016/j.ejmech.2016.08.019,Antioxidant activity assessed as DPPH radical scavenging activity incubated for 30 mins under dark conditions by spectrophotometry,505.5,8.351407067075735e-06,5.07824034727263,Other,O=C(C=Cc1cccc2oc(-c3ccccc3)cc12)NCCc1ccccc1,train
246,Oc1ccc(C=Nc2ccccc2O)cc1,KILNMRJUXROOCU-UHFFFAOYSA-N,CHEMBL1966239,10.1016/j.bmcl.2012.06.026,Antioxidant activity assessed as DPPH scavenging activity after 30 mins by microplate reader method,213.2,2.537616992376903e-05,4.59557392623244,Aromatic amine,C(=Nc1ccccc1)c1ccccc1,train
247,Cc1cc(O)cc(O)c1O,GIGNQZIJYUEWTI-UHFFFAOYSA-N,CHEMBL4102748,10.1016/j.bmcl.2017.01.032,Antioxidant activity assessed as DPPH radical scavenging activity after 30 mins,140.1,3.507999999999977e-05,4.454940415306,Other,c1ccccc1,train
248,Cc1cc(O)c(Oc2cc(C)cc(O)c2O)c(O)c1,SXPZFHCIUAADLD-UHFFFAOYSA-N,CHEMBL1462570,10.1016/j.bmcl.2017.01.032,Antioxidant activity assessed as DPPH radical scavenging activity after 30 mins,262.3,3.116000000000025e-05,4.50640255099947,Other,c1ccc(Oc2ccccc2)cc1,train
249,Cc1cc(O)cc(Oc2cc(C)cc(O)c2O)c1,SCUIHYCLCWYXKC-UHFFFAOYSA-N,CHEMBL2332157,10.1016/j.bmcl.2017.01.032,Antioxidant activity assessed as DPPH radical scavenging activity after 30 mins,246.3,5.2269999999999986e-05,4.28174749990225,Other,c1ccc(Oc2ccccc2)cc1,test
250,Cc1cc(O)c(O)c(Oc2cc(C)cc(O)c2Oc2cc(C)cc(O)c2O)c1,LHFVFGQTOMNUAT-UHFFFAOYSA-N,CHEMBL4086365,10.1016/j.bmcl.2017.01.032,Antioxidant activity assessed as DPPH radical scavenging activity after 30 mins,384.4,2.1219999999999926e-05,4.67325462043468,Other,c1ccc(Oc2ccccc2Oc2ccccc2)cc1,train
251,Cc1cc(O)c(Oc2cc(C)cc(O)c2Oc2cc(C)cc(O)c2O)c(O)c1,MUDKUUCVAQMANU-UHFFFAOYSA-N,CHEMBL4064905,10.1016/j.bmcl.2017.01.032,Antioxidant activity assessed as DPPH radical scavenging activity after 30 mins,384.4,2.51799999999998e-05,4.59894427422816,Other,c1ccc(Oc2ccccc2Oc2ccccc2)cc1,train
252,Cc1cc(O)c(Oc2cc(C)cc(Oc3cc(C)cc(O)c3O)c2O)c(O)c1,DGNUPSSKGZQZAI-UHFFFAOYSA-N,CHEMBL4098463,10.1016/j.bmcl.2017.01.032,Antioxidant activity assessed as DPPH radical scavenging activity after 30 mins,384.4,1.8919999999999812e-05,4.72307886793423,Other,c1ccc(Oc2cccc(Oc3ccccc3)c2)cc1,train
253,Oc1cccc(N=Cc2ccccc2O)c1,UALRWOGQNILXLJ-UHFFFAOYSA-N,CHEMBL2064674,10.1016/j.bmcl.2012.06.026,Antioxidant activity assessed as DPPH scavenging activity after 30 mins by microplate reader method,213.2,0.0004364912668083967,3.36002444111045,Aromatic amine,C(=Nc1ccccc1)c1ccccc1,train
254,CCOC(=O)c1c(-c2ccc(O)c(OC)c2)cn2c1c(=O)oc1ccccc12,FFALHALCANGOBU-UHFFFAOYSA-N,CHEMBL4532427,10.1021/acs.jmedchem.9b00717,Antioxidant activity in pH 7.4 phosphate buffer assessed as DPPH radical scavenging activity after 30 mins by spectrophotometric analysis,379.4,4.639999999999988e-05,4.33348201944512,Other,O=c1oc2ccccc2n2cc(-c3ccccc3)cc12,train
255,Oc1ccccc1C=Nc1ccccc1O,CHBGIQHEGBKNGA-UHFFFAOYSA-N,CHEMBL2064669,10.1016/j.bmcl.2012.06.026,Antioxidant activity assessed as DPPH scavenging activity after 30 mins by microplate reader method,213.2,3.35953132541191e-05,4.47372130504601,Aromatic amine,C(=Nc1ccccc1)c1ccccc1,test
256,CN1C(=O)c2ccc(NC(=O)CSc3nc4ccccc4c(=O)n3-c3ccc(S(N)(=O)=O)cc3)cc2C1=O,YSRKHYTWWZHIBR-UHFFFAOYSA-N,CHEMBL4796581,10.1016/j.ejmech.2020.112333,Antioxidant activity assessed as DPPH radical scavenging activity after 30 mins under dark condition by spectrophotometric analysis,549.6,4.8499999999999634e-05,4.31425826139774,Aromatic amine,O=C(CSc1nc2ccccc2c(=O)n1-c1ccccc1)Nc1ccc2c(c1)C(=O)NC2=O,train
257,Cn1c(NC(=O)CSc2nc3ccccc3c(=O)n2-c2ccc(S(N)(=O)=O)cc2)cc(=O)n(C)c1=O,NABFCHAXRIXJEH-UHFFFAOYSA-N,CHEMBL4791567,10.1016/j.ejmech.2020.112333,Antioxidant activity assessed as DPPH radical scavenging activity after 30 mins under dark condition by spectrophotometric analysis,528.6,5.635000000000062e-05,4.24910607961787,Other,O=C(CSc1nc2ccccc2c(=O)n1-c1ccccc1)Nc1cc(=O)[nH]c(=O)[nH]1,train
258,NS(=O)(=O)c1ccc(-n2c(SCC(=O)Nc3c[nH]c(=O)[nH]c3=O)nc3ccccc3c2=O)cc1,NJMJGNHXMDKVNR-UHFFFAOYSA-N,CHEMBL4763784,10.1016/j.ejmech.2020.112333,Antioxidant activity assessed as DPPH radical scavenging activity after 30 mins under dark condition by spectrophotometric analysis,500.5,5.436000000000042e-05,4.26472055193954,Other,O=C(CSc1nc2ccccc2c(=O)n1-c1ccccc1)Nc1c[nH]c(=O)[nH]c1=O,train
259,NS(=O)(=O)c1ccc(-n2c(SCC(=O)Nc3cnccn3)nc3ccccc3c2=O)cc1,QTWSOVMUMKGXFF-UHFFFAOYSA-N,CHEMBL4754290,10.1016/j.ejmech.2020.112333,Antioxidant activity assessed as DPPH radical scavenging activity after 30 mins under dark condition by spectrophotometric analysis,468.5,4.5760000000000267e-05,4.33951398421503,Other,O=C(CSc1nc2ccccc2c(=O)n1-c1ccccc1)Nc1cnccn1,train
260,CCOC(=O)c1cccc(NC(=O)CSc2nc3ccccc3c(=O)n2-c2ccc(S(N)(=O)=O)cc2)c1,DJCUORRFQPCIBV-UHFFFAOYSA-N,CHEMBL4752085,10.1016/j.ejmech.2020.112333,Antioxidant activity assessed as DPPH radical scavenging activity after 30 mins under dark condition by spectrophotometric analysis,538.6,6.565000000000023e-05,4.1827652695745,Aromatic amine,O=C(CSc1nc2ccccc2c(=O)n1-c1ccccc1)Nc1ccccc1,train
261,CCOC(=O)c1ccccc1NC(=O)CSc1nc2ccccc2c(=O)n1-c1ccc(S(N)(=O)=O)cc1,ZTGCVAKFSRHPPG-UHFFFAOYSA-N,CHEMBL4784234,10.1016/j.ejmech.2020.112333,Antioxidant activity assessed as DPPH radical scavenging activity after 30 mins under dark condition by spectrophotometric analysis,538.6,8.949999999999965e-05,4.04817696468409,Aromatic amine,O=C(CSc1nc2ccccc2c(=O)n1-c1ccccc1)Nc1ccccc1,train
262,NS(=O)(=O)c1ccc(-n2c(SCC(=O)NC3CCN(Cc4ccccc4)CC3)nc3ccccc3c2=O)cc1,AYQMUNLFZBBMMH-UHFFFAOYSA-N,CHEMBL4784266,10.1016/j.ejmech.2020.112333,Antioxidant activity assessed as DPPH radical scavenging activity after 30 mins under dark condition by spectrophotometric analysis,563.7,0.00010420000000000101,3.98213228103649,Other,O=C(CSc1nc2ccccc2c(=O)n1-c1ccccc1)NC1CCN(Cc2ccccc2)CC1,train
263,CCOC(=O)N1CCC(NC(=O)CSc2nc3ccccc3c(=O)n2-c2ccc(S(N)(=O)=O)cc2)CC1,SSAMUQWZRBSBKU-UHFFFAOYSA-N,CHEMBL4751032,10.1016/j.ejmech.2020.112333,Antioxidant activity assessed as DPPH radical scavenging activity after 30 mins under dark condition by spectrophotometric analysis,545.6,0.00010789999999999978,3.96697855531709,Other,O=C(CSc1nc2ccccc2c(=O)n1-c1ccccc1)NC1CCNCC1,train
264,NS(=O)(=O)c1ccc(-n2c(SCC(=O)NCCN3CCOCC3)nc3ccccc3c2=O)cc1,VKRQACIKPOHJLY-UHFFFAOYSA-N,CHEMBL4785460,10.1016/j.ejmech.2020.112333,Antioxidant activity assessed as DPPH radical scavenging activity after 30 mins under dark condition by spectrophotometric analysis,503.6,6.979999999999983e-05,4.15614457737684,Other,O=C(CSc1nc2ccccc2c(=O)n1-c1ccccc1)NCCN1CCOCC1,test
265,NS(=O)(=O)c1ccc(-n2c(SCC(=O)NN3CCOCC3)nc3ccccc3c2=O)cc1,FFKHEJCPMMPYMC-UHFFFAOYSA-N,CHEMBL4746181,10.1016/j.ejmech.2020.112333,Antioxidant activity assessed as DPPH radical scavenging activity after 30 mins under dark condition by spectrophotometric analysis,475.6,6.643000000000004e-05,4.17763574755845,Other,O=C(CSc1nc2ccccc2c(=O)n1-c1ccccc1)NN1CCOCC1,train
266,NS(=O)(=O)c1ccc(-n2c(SCC(=O)Nc3nc4ccc([N+](=O)[O-])cc4s3)nc3ccccc3c2=O)cc1,JEQDPXYRDYTXBD-UHFFFAOYSA-N,CHEMBL4778625,10.1016/j.ejmech.2020.112333,Antioxidant activity assessed as DPPH radical scavenging activity after 30 mins under dark condition by spectrophotometric analysis,568.6,9.481000000000023e-05,4.02314585342378,Aromatic amine,O=C(CSc1nc2ccccc2c(=O)n1-c1ccccc1)Nc1nc2ccccc2s1,test
267,CCOc1ccc2nc(NC(=O)CSc3nc4ccccc4c(=O)n3-c3ccc(S(N)(=O)=O)cc3)sc2c1,MFGGAMGWVZOPSP-UHFFFAOYSA-N,CHEMBL4746854,10.1016/j.ejmech.2020.112333,Antioxidant activity assessed as DPPH radical scavenging activity after 30 mins under dark condition by spectrophotometric analysis,567.7,5.052999999999998e-05,4.29645070176177,Other,O=C(CSc1nc2ccccc2c(=O)n1-c1ccccc1)Nc1nc2ccccc2s1,train
268,NS(=O)(=O)c1ccc(-n2c(SCC(=O)Nc3nnc(C(F)(F)F)s3)nc3ccccc3c2=O)cc1,GTXPGZFERYEBAH-UHFFFAOYSA-N,CHEMBL4783887,10.1016/j.ejmech.2020.112333,Antioxidant activity assessed as DPPH radical scavenging activity after 30 mins under dark condition by spectrophotometric analysis,542.5,0.00010670999999999934,3.97179488009456,Other,O=C(CSc1nc2ccccc2c(=O)n1-c1ccccc1)Nc1nncs1,train
269,NS(=O)(=O)c1ccc(-n2c(SCC(=O)Nc3nccs3)nc3ccccc3c2=O)cc1,WIGWLEATCZBCEE-UHFFFAOYSA-N,CHEMBL4755873,10.1016/j.ejmech.2020.112333,Antioxidant activity assessed as DPPH radical scavenging activity after 30 mins under dark condition by spectrophotometric analysis,473.6,0.00012495999999999856,3.90322898346678,Other,O=C(CSc1nc2ccccc2c(=O)n1-c1ccccc1)Nc1nccs1,train
270,Cc1cc(NC(=O)CSc2nc3ccccc3c(=O)n2-c2ccc(S(N)(=O)=O)cc2)no1,GRYIEMWCIWRHKN-UHFFFAOYSA-N,CHEMBL4799514,10.1016/j.ejmech.2020.112333,Antioxidant activity assessed as DPPH radical scavenging activity after 30 mins under dark condition by spectrophotometric analysis,471.5,8.238000000000028e-05,4.0841782123796,Other,O=C(CSc1nc2ccccc2c(=O)n1-c1ccccc1)Nc1ccon1,train
271,COc1cc(CNC(=O)CCCCNc2c3c(nc4cc(Cl)ccc24)CC2C=C(C)CC3C2)ccc1O,HEYGXZLHMDENBS-UHFFFAOYSA-N,CHEMBL4743210,10.1021/acs.jmedchem.0c01775,Antioxidant activity assessed as DPPH radical scavenging activity incubated for 30 mins under dark condition by UV-Vis spectrophotometric analysis,520.1,6.850000000000068e-05,4.16430942850757,Other,O=C(CCCCNc1c2c(nc3ccccc13)CC1C=CCC2C1)NCc1ccccc1,train
272,COc1cc(CNC(=O)CCCCCNc2c3c(nc4cc(Cl)ccc24)CC2C=C(C)CC3C2)ccc1O,AUFZKQKTTGOKEM-UHFFFAOYSA-N,CHEMBL4788434,10.1021/acs.jmedchem.0c01775,Antioxidant activity assessed as DPPH radical scavenging activity incubated for 30 mins under dark condition by UV-Vis spectrophotometric analysis,534.1,6.259999999999999e-05,4.20342566678957,Other,O=C(CCCCCNc1c2c(nc3ccccc13)CC1C=CCC2C1)NCc1ccccc1,train
273,COc1cc(CNC(=O)CCCCCCNc2c3c(nc4cc(Cl)ccc24)CC2C=C(C)CC3C2)ccc1O,JGUYMIZRMYBDGV-UHFFFAOYSA-N,CHEMBL4754487,10.1021/acs.jmedchem.0c01775,Antioxidant activity assessed as DPPH radical scavenging activity incubated for 30 mins under dark condition by UV-Vis spectrophotometric analysis,548.1,5.540000000000007e-05,4.25649023527157,Other,O=C(CCCCCCNc1c2c(nc3ccccc13)CC1C=CCC2C1)NCc1ccccc1,train
274,COc1cc(CNC(=O)CCCCCCCNc2c3c(nc4cc(Cl)ccc24)CC2C=C(C)CC3C2)ccc1O,RCGLPLMTBKSXHW-UHFFFAOYSA-N,CHEMBL4748114,10.1021/acs.jmedchem.0c01775,Antioxidant activity assessed as DPPH radical scavenging activity incubated for 30 mins under dark condition by UV-Vis spectrophotometric analysis,562.2,7.080000000000012e-05,4.14996674231023,Other,O=C(CCCCCCCNc1c2c(nc3ccccc13)CC1C=CCC2C1)NCc1ccccc1,train
275,COc1cc(CNC(=O)CCCCCCCCNc2c3c(nc4cc(Cl)ccc24)CC2C=C(C)CC3C2)ccc1O,MDZYWOBROPAKNM-UHFFFAOYSA-N,CHEMBL4782921,10.1021/acs.jmedchem.0c01775,Antioxidant activity assessed as DPPH radical scavenging activity incubated for 30 mins under dark condition by UV-Vis spectrophotometric analysis,576.2,6.459999999999936e-05,4.18976748200492,Other,O=C(CCCCCCCCNc1c2c(nc3ccccc13)CC1C=CCC2C1)NCc1ccccc1,train
276,COc1cc(CNC(=O)c2ccc(CNc3c4c(nc5cc(Cl)ccc35)CC3C=C(C)CC4C3)cc2)ccc1O,JAUVXAJRIZCOSF-UHFFFAOYSA-N,CHEMBL4782267,10.1021/acs.jmedchem.0c01775,Antioxidant activity assessed as DPPH radical scavenging activity incubated for 30 mins under dark condition by UV-Vis spectrophotometric analysis,554.1,7.13999999999992e-05,4.14630178822383,Aromatic amine,O=C(NCc1ccccc1)c1ccc(CNc2c3c(nc4ccccc24)CC2C=CCC3C2)cc1,train
277,COc1cc(CNC(=O)CCCCC=CCNc2c3c(nc4cc(Cl)ccc24)CC2C=C(C)CC3C2)ccc1O,KGKBOIZOJSSJCG-UHFFFAOYSA-N,CHEMBL4741162,10.1021/acs.jmedchem.0c01775,Antioxidant activity assessed as DPPH radical scavenging activity incubated for 30 mins under dark condition by UV-Vis spectrophotometric analysis,560.1,3.169999999999992e-05,4.49894073778225,Other,O=C(CCCCC=CCNc1c2c(nc3ccccc13)CC1C=CCC2C1)NCc1ccccc1,train
278,COc1cc(CNC(=O)CCCCC=CCCCNc2c3c(nc4cc(Cl)ccc24)CC2C=C(C)CC3C2)ccc1O,KNKNYKQOFRQZRV-UHFFFAOYSA-N,CHEMBL4794769,10.1021/acs.jmedchem.0c01775,Antioxidant activity assessed as DPPH radical scavenging activity incubated for 30 mins under dark condition by UV-Vis spectrophotometric analysis,588.2,5.46000000000004e-05,4.26280735729526,Other,O=C(CCCCC=CCCCNc1c2c(nc3ccccc13)CC1C=CCC2C1)NCc1ccccc1,train
279,COc1cc(CNC(=O)Cc2cn(CCCCC3=CC4Cc5nc6cc(Cl)ccc6c(N)c5C(C3)C4)nn2)ccc1O,WMCRFEREEQOYQN-UHFFFAOYSA-N,CHEMBL4744528,10.1021/acs.jmedchem.0c01775,Antioxidant activity assessed as DPPH radical scavenging activity incubated for 30 mins under dark condition by UV-Vis spectrophotometric analysis,587.1,9.2000000000001e-05,4.03621217265444,Other,O=C(Cc1cn(CCCCC2=CC3Cc4nc5ccccc5cc4C(C2)C3)nn1)NCc1ccccc1,train
280,COc1cc(CNC(=O)CCCCC=CC(C)C)ccc1O,YKPUWZUDDOIDPM-UHFFFAOYSA-N,CHEMBL294199,10.1021/acs.jmedchem.0c01775,Antioxidant activity assessed as DPPH radical scavenging activity incubated for 30 mins under dark condition by UV-Vis spectrophotometric analysis,305.4,5.03000000000003e-05,4.29843201494407,Other,c1ccccc1,train
281,COc1cc(C2c3cc(O)c(OC)cc3CC(CO)C2COC2OC(CO)C(O)C(O)C2O)ccc1O,AHYOMNWKYGMYMB-UHFFFAOYSA-N,CHEMBL459617,10.1021/np0100845,Antioxidant activity assessed as DPPH free radical scavenging activity after 30 mins,522.5,1.0500000000000049e-05,4.97881070093006,Other,c1ccc(C2c3ccccc3CCC2COC2CCCCO2)cc1,train
282,COc1cc(C2OCC3(OC4OC(CO)C(O)C(O)C4O)C(c4ccc(O)c(OC)c4)OCC23)ccc1O,DRAPQDCEBKBPQE-UHFFFAOYSA-N,CHEMBL517863,10.1021/np0100845,Antioxidant activity assessed as DPPH free radical scavenging activity after 30 mins,536.5,2.029999999999986e-05,4.69250396208679,Other,c1ccc(C2OCC3(OC4CCCCO4)C(c4ccccc4)OCC23)cc1,train
283,O=CC=Cc1ccc2c(c1)OC(CO)C(c1ccc(O)c(O)c1)O2,NTXXGPYGMQQSML-UHFFFAOYSA-N,CHEMBL482240,10.1021/np0495985,Antioxidant activity assessed as DPPH radical scavenging activity after 30 mins,328.3,1.6899999999999875e-05,4.77211329538633,Other,c1ccc(C2COc3ccccc3O2)cc1,train
284,NCCCNCCSP(=O)(O)O,JKOQGQFVAUAYPM-UHFFFAOYSA-N,CHEMBL1006,10.1016/j.bmc.2009.05.039,Antioxidant activity assessed as DPPH free radical scavenging activity by UV spectroscopic method 30 min (manual check),214.2,0.0001,4.0,Other,<acyclic>,train
285,Oc1ccc(C=Nc2ccccc2O)c(O)c1,VISLUSLXCVLVTQ-UHFFFAOYSA-N,CHEMBL3098344,10.1016/j.ejmech.2013.10.068,Antioxidant activity assessed as DPPH free radical scavenging activity after 30 mins by spectrophotometric analysis,229.2,4.308108633727829e-05,4.3657133540199,Aromatic amine,C(=Nc1ccccc1)c1ccccc1,train
286,Sc1nc2ccccc2s1,YXIWHUQXZSMYRE-UHFFFAOYSA-N,CHEMBL111654,10.1016/j.bmc.2009.05.039,Antioxidant activity assessed as DPPH free radical scavenging activity by UV spectroscopic method 30 min (manual check),167.3,9.2000000000001e-05,4.03621217265444,Other,c1ccc2scnc2c1,train
287,Cc1ccc2nc(S)sc2c1,KECHYAFVYLLNCH-UHFFFAOYSA-N,CHEMBL568738,10.1016/j.bmc.2009.05.039,Antioxidant activity assessed as DPPH free radical scavenging activity by UV spectroscopic method 30 min (manual check),181.3,9.099999999999931e-05,4.04095860767891,Other,c1ccc2scnc2c1,train
288,CCOc1ccc2nc(S)sc2c1,HOASVNMVYBSLSU-UHFFFAOYSA-N,CHEMBL568708,10.1016/j.bmc.2009.05.039,Antioxidant activity assessed as DPPH free radical scavenging activity by UV spectroscopic method 30 min (manual check),211.3,4.599999999999955e-05,4.33724216831843,Other,c1ccc2scnc2c1,train
289,CCSc1nnc(S)s1,JLJYQXMUUKOBBO-UHFFFAOYSA-N,CHEMBL568739,10.1016/j.bmc.2009.05.039,Antioxidant activity assessed as DPPH free radical scavenging activity by UV spectroscopic method 30 min (manual check),178.3,5.300000000000012e-05,4.27572413039921,Other,c1nncs1,train
290,CCc1nnc(S)s1,UFSCJPPXRHCNLK-UHFFFAOYSA-N,CHEMBL567156,10.1016/j.bmc.2009.05.039,Antioxidant activity assessed as DPPH free radical scavenging activity by UV spectroscopic method 30 min (manual check),146.2,8.399999999999972e-05,4.07572071393812,Other,c1nncs1,train
291,SCCNc1nc2ccccc2s1,GNHHIWUOARRLDB-UHFFFAOYSA-N,CHEMBL567806,10.1016/j.bmc.2009.05.039,Antioxidant activity assessed as DPPH free radical scavenging activity by UV spectroscopic method 30 min (manual check),210.3,0.001389999999999984,2.85698519974591,Other,c1ccc2scnc2c1,train
292,Cc1ccc2nc(NCCS)sc2c1,CPVCBMSYQSSMOY-UHFFFAOYSA-N,CHEMBL567216,10.1016/j.bmc.2009.05.039,Antioxidant activity assessed as DPPH free radical scavenging activity by UV spectroscopic method 30 min (manual check),224.4,0.0031699999999999884,2.49894073778225,Other,c1ccc2scnc2c1,train
293,CCSc1nnc(NCCS)s1,CFHWXBAFEASESU-UHFFFAOYSA-N,CHEMBL565952,10.1016/j.bmc.2009.05.039,Antioxidant activity assessed as DPPH free radical scavenging activity by UV spectroscopic method 30 min (manual check),221.4,0.00010999999999999873,3.95860731484178,Other,c1nncs1,train
294,CCOc1ccc2c(c1)sc(=N)n2CCO,KKKGJWDXBLBXTM-UHFFFAOYSA-N,CHEMBL571958,10.1016/j.bmc.2009.05.039,Antioxidant activity assessed as DPPH free radical scavenging activity by UV spectroscopic method 30 min (manual check),238.3,0.0014000000000000063,2.85387196432176,Other,N=c1[nH]c2ccccc2s1,train
295,CCSc1nn(CCO)c(=N)s1,UROQTBYNZUFABI-UHFFFAOYSA-N,CHEMBL568666,10.1016/j.bmc.2009.05.039,Antioxidant activity assessed as DPPH free radical scavenging activity by UV spectroscopic method 30 min (manual check),205.3,0.003500000000000036,2.45593195564972,Other,N=c1[nH]ncs1,train
296,CCc1nn(CCO)c(=N)s1,UITGBPNYEDXYNK-UHFFFAOYSA-N,CHEMBL568560,10.1016/j.bmc.2009.05.039,Antioxidant activity assessed as DPPH free radical scavenging activity by UV spectroscopic method 30 min (manual check),173.2,0.0024000000000000215,2.61978875828839,Other,N=c1[nH]ncs1,train
297,Oc1ccc(C=Nc2ccccc2O)cc1O,BSVVLXIGPDFSEZ-UHFFFAOYSA-N,CHEMBL2064671,10.1016/j.bmcl.2012.06.026,Antioxidant activity assessed as DPPH scavenging activity after 30 mins by microplate reader method,229.2,1.3061776295741569e-05,4.88399775851409,Aromatic amine,C(=Nc1ccccc1)c1ccccc1,train
298,CCOC(=O)CNC(=O)C=Cc1ccc(O)c(O)c1,QMSNIUNROXDEHM-UHFFFAOYSA-N,CHEMBL2234983,10.1007/s00044-011-9713-2,Antioxidant activity assessed as DPPH scavenging activity after 30 min by UV-vis spectroscopy,265.3,1.542984121758865e-05,4.81163854306711,Other,c1ccccc1,train
299,c1ccc2c(c1)Cc1c-2[nH]c2ccccc12,BMGLVVNENOOPFC-UHFFFAOYSA-N,CHEMBL596060,10.1016/j.bmc.2009.07.077,Antioxidant activity assessed as DPPH radical scavenging activity 30 min (manual check),205.3,0.000321042377009254,3.49343763773042,Other,c1ccc2c(c1)Cc1c-2[nH]c2ccccc12,train
300,COc1cccc2c1Cc1c-2[nH]c2ccccc12,XYVGWMLAUJRXFE-UHFFFAOYSA-N,CHEMBL607813,10.1016/j.bmc.2009.07.077,Antioxidant activity assessed as DPPH radical scavenging activity 30 min (manual check),235.3,0.00016217594560136145,3.79001356114396,Other,c1ccc2c(c1)Cc1c-2[nH]c2ccccc12,train
301,COc1ccc2c(c1)Cc1c-2[nH]c2ccccc12,IWYYMIXXPNSHBD-UHFFFAOYSA-N,CHEMBL610455,10.1016/j.bmc.2009.07.077,Antioxidant activity assessed as DPPH radical scavenging activity 30 min (manual check),235.3,0.000160603484912876,3.79424503525901,Other,c1ccc2c(c1)Cc1c-2[nH]c2ccccc12,train
302,COc1ccc2c(c1)-c1[nH]c3ccccc3c1C2,OHJHKPQQIDHAEA-UHFFFAOYSA-N,CHEMBL593276,10.1016/j.bmc.2009.07.077,Antioxidant activity assessed as DPPH radical scavenging activity 30 min (manual check),235.3,0.00020641733956650843,3.68525382370299,Other,c1ccc2c(c1)Cc1c-2[nH]c2ccccc12,train
303,COc1ccc2c(c1OC)Cc1c-2[nH]c2ccccc12,HXUVQFMDYLJGLX-UHFFFAOYSA-N,CHEMBL607824,10.1016/j.bmc.2009.07.077,Antioxidant activity assessed as DPPH radical scavenging activity 30 min (manual check),265.3,0.0001249905767056172,3.90312272810409,Other,c1ccc2c(c1)Cc1c-2[nH]c2ccccc12,train
304,COc1ccc(OC)c2c1Cc1c-2[nH]c2ccccc12,BQCBITRXCKSWAA-UHFFFAOYSA-N,CHEMBL594224,10.1016/j.bmc.2009.07.077,Antioxidant activity assessed as DPPH radical scavenging activity 30 min (manual check),265.3,0.00019476064832265244,3.71049878843667,Other,c1ccc2c(c1)Cc1c-2[nH]c2ccccc12,train
305,COc1cc2c(cc1OC)-c1[nH]c3ccccc3c1C2,IXKSTMMYYGJGBF-UHFFFAOYSA-N,CHEMBL611502,10.1016/j.bmc.2009.07.077,Antioxidant activity assessed as DPPH radical scavenging activity 30 min (manual check),265.3,9.709762532981643e-05,4.01279139129455,Other,c1ccc2c(c1)Cc1c-2[nH]c2ccccc12,train
306,COc1cc2c(c(OC)c1)-c1[nH]c3ccccc3c1C2,MMBFXDAGMDPGOJ-UHFFFAOYSA-N,CHEMBL593037,10.1016/j.bmc.2009.07.077,Antioxidant activity assessed as DPPH radical scavenging activity 30 min (manual check),265.3,0.00012555597436863996,3.90116261729115,Other,c1ccc2c(c1)Cc1c-2[nH]c2ccccc12,train
307,c1ccc2c3c([nH]c2c1)-c1cc2c(cc1C3)OCO2,YUOJWSJWXUSNJG-UHFFFAOYSA-N,CHEMBL608978,10.1016/j.bmc.2009.07.077,Antioxidant activity assessed as DPPH radical scavenging activity 30 min (manual check),249.3,5.242679502607288e-05,4.28044669092323,Other,c1ccc2c3c([nH]c2c1)-c1cc2c(cc1C3)OCO2,train
308,Fc1ccc2c(c1)Cc1c-2[nH]c2ccccc12,JWTKADSGXREMMQ-UHFFFAOYSA-N,CHEMBL593759,10.1016/j.bmc.2009.07.077,Antioxidant activity assessed as DPPH radical scavenging activity 30 min (manual check),223.3,0.00022270488132557245,3.65227026383921,Other,c1ccc2c(c1)Cc1c-2[nH]c2ccccc12,train
309,Clc1ccc2c(c1)Cc1c-2[nH]c2ccccc12,WTKJHEZXNWTPCS-UHFFFAOYSA-N,CHEMBL595861,10.1016/j.bmc.2009.07.077,Antioxidant activity assessed as DPPH radical scavenging activity 30 min (manual check),239.7,0.00018431372549019504,3.73444232249824,Other,c1ccc2c(c1)Cc1c-2[nH]c2ccccc12,train
310,Brc1ccc2c(c1)Cc1c-2[nH]c2ccccc12,UDCPKOZAKWHAJJ-UHFFFAOYSA-N,CHEMBL593667,10.1016/j.bmc.2009.07.077,Antioxidant activity assessed as DPPH radical scavenging activity 30 min (manual check),284.2,0.00022561576354680006,3.64663055990934,Other,c1ccc2c(c1)Cc1c-2[nH]c2ccccc12,train
311,Oc1cccc2c1Cc1c-2[nH]c2ccccc12,IMGWVISYLAOZSB-UHFFFAOYSA-N,CHEMBL610454,10.1016/j.bmc.2009.07.077,Antioxidant activity assessed as DPPH radical scavenging activity 30 min (manual check),221.3,0.0001638951649344794,3.78543385834682,Other,c1ccc2c(c1)Cc1c-2[nH]c2ccccc12,train
312,Oc1ccc2c(c1)Cc1c-2[nH]c2ccccc12,AECQYBVEPFXPNZ-UHFFFAOYSA-N,CHEMBL593972,10.1016/j.bmc.2009.07.077,Antioxidant activity assessed as DPPH radical scavenging activity 30 min (manual check),221.3,5.27338454586531e-05,4.27791055788189,Other,c1ccc2c(c1)Cc1c-2[nH]c2ccccc12,train
313,Oc1ccc2c(c1)-c1[nH]c3ccccc3c1C2,PGXKTNKPMOJOOZ-UHFFFAOYSA-N,CHEMBL611504,10.1016/j.bmc.2009.07.077,Antioxidant activity assessed as DPPH radical scavenging activity 30 min (manual check),221.3,0.00012381382738364208,3.90723085110687,Other,c1ccc2c(c1)Cc1c-2[nH]c2ccccc12,train
314,Oc1cccc2c1-c1[nH]c3ccccc3c1C2,NBGIRTVZPOCBPT-UHFFFAOYSA-N,CHEMBL596276,10.1016/j.bmc.2009.07.077,Antioxidant activity assessed as DPPH radical scavenging activity 30 min (manual check),221.3,4.572977858111135e-05,4.33980090142348,Other,c1ccc2c(c1)Cc1c-2[nH]c2ccccc12,train
315,Oc1ccc2c(c1O)Cc1c-2[nH]c2ccccc12,RQSKTJRARCWUOU-UHFFFAOYSA-N,CHEMBL596277,10.1016/j.bmc.2009.07.077,Antioxidant activity assessed as DPPH radical scavenging activity 30 min (manual check),237.3,3.990729034976782e-05,4.39894775921407,Other,c1ccc2c(c1)Cc1c-2[nH]c2ccccc12,train
316,Oc1ccc(O)c2c1Cc1c-2[nH]c2ccccc12,ZYYKPVBVJWQNLK-UHFFFAOYSA-N,CHEMBL593507,10.1016/j.bmc.2009.07.077,Antioxidant activity assessed as DPPH radical scavenging activity 30 min (manual check),237.3,5.0231774125579605e-05,4.29902148281312,Other,c1ccc2c(c1)Cc1c-2[nH]c2ccccc12,train
317,Oc1cc2c(cc1O)-c1[nH]c3ccccc3c1C2,YDURXESSACUHKN-UHFFFAOYSA-N,CHEMBL594918,10.1016/j.bmc.2009.07.077,Antioxidant activity assessed as DPPH radical scavenging activity 30 min (manual check),237.3,0.00012406236831015533,3.90635993255188,Other,c1ccc2c(c1)Cc1c-2[nH]c2ccccc12,train
318,Oc1cc(O)c2c(c1)Cc1c-2[nH]c2ccccc12,IABLZJVCQVFTFA-UHFFFAOYSA-N,CHEMBL607823,10.1016/j.bmc.2009.07.077,Antioxidant activity assessed as DPPH radical scavenging activity 30 min (manual check),237.3,0.00030716392751791073,3.51262978798875,Other,c1ccc2c(c1)Cc1c-2[nH]c2ccccc12,train
319,O=C(c1ccc(Cl)cc1)c1cc2cc(Br)ccc2oc1=S,YQQVGKZLCWRFAX-UHFFFAOYSA-N,CHEMBL1165217,10.1016/j.ejmech.2010.01.070,Antioxidant activity assessed as DPPH radical scavenging activity 30 min (manual check),379.7,0.002239689228338136,2.64981223871101,Other,O=C(c1ccccc1)c1cc2ccccc2oc1=S,train
320,COc1ccc(C(=O)c2cc3cc(Br)ccc3oc2=S)cc1,QZSFIEHLJAHYHM-UHFFFAOYSA-N,CHEMBL1165359,10.1016/j.ejmech.2010.01.070,Antioxidant activity assessed as DPPH radical scavenging activity 30 min (manual check),375.2,0.00296596481876331,2.52783400472624,Other,O=C(c1ccccc1)c1cc2ccccc2oc1=S,train
321,COc1cccc2cc(C(=O)c3cccs3)c(=S)oc12,BQXCERZVTCBCGV-UHFFFAOYSA-N,CHEMBL1165360,10.1016/j.ejmech.2010.01.070,Antioxidant activity assessed as DPPH radical scavenging activity 30 min (manual check),302.4,0.00010317460317460226,3.98642719281073,Other,O=C(c1cccs1)c1cc2ccccc2oc1=S,train
322,COc1cccc2cc(C(C)=O)c(=S)oc12,YFYZMRDIKYZKII-UHFFFAOYSA-N,CHEMBL1165289,10.1016/j.ejmech.2010.01.070,Antioxidant activity assessed as DPPH radical scavenging activity 30 min (manual check),234.3,0.0015308151941954772,2.81507723581094,Other,S=c1ccc2ccccc2o1,train
323,COc1cccc2cc(C(=O)c3ccc(C)cc3)c(=S)oc12,SFEAQZDBCMVSNG-UHFFFAOYSA-N,CHEMBL1165208,10.1016/j.ejmech.2010.01.070,Antioxidant activity assessed as DPPH radical scavenging activity 30 min (manual check),310.4,0.0007529317010309367,3.12324441717336,Other,O=C(c1ccccc1)c1cc2ccccc2oc1=S,train
324,COc1cccc2cc(C(=O)c3ccc(Cl)cc3)c(=S)oc12,BYRLGWGZRFNUPF-UHFFFAOYSA-N,CHEMBL1165357,10.1016/j.ejmech.2010.01.070,Antioxidant activity assessed as DPPH radical scavenging activity 30 min (manual check),330.8,0.00028890568319226307,3.53924391487175,Other,O=C(c1ccccc1)c1cc2ccccc2oc1=S,train
325,COc1ccc(C(=O)c2cc3cccc(OC)c3oc2=S)cc1,XWZIZCMDNDUDSV-UHFFFAOYSA-N,CHEMBL1165207,10.1016/j.ejmech.2010.01.070,Antioxidant activity assessed as DPPH radical scavenging activity 30 min (manual check),326.4,0.001848743872549006,2.73312325241226,Other,O=C(c1ccccc1)c1cc2ccccc2oc1=S,train
326,COc1cccc2cc(C(=O)c3ccccc3)c(=S)oc12,AUMLTFKCJHDMTF-UHFFFAOYSA-N,CHEMBL1165206,10.1016/j.ejmech.2010.01.070,Antioxidant activity assessed as DPPH radical scavenging activity 30 min (manual check),296.3,0.00033317583530206234,3.47732650479088,Other,O=C(c1ccccc1)c1cc2ccccc2oc1=S,train
327,CC(=O)c1cc2ccccc2oc1=S,GXPGEZYGGIOZIG-UHFFFAOYSA-N,CHEMBL1163364,10.1016/j.ejmech.2010.01.070,Antioxidant activity assessed as DPPH radical scavenging activity 30 min (manual check),204.2,0.00017144955925563123,3.76586362698586,Other,S=c1ccc2ccccc2o1,train
328,Cc1ccc(C(=O)c2cc3ccccc3oc2=S)cc1,KAPWFAUZZHIORK-UHFFFAOYSA-N,CHEMBL1165481,10.1016/j.ejmech.2010.01.070,Antioxidant activity assessed as DPPH radical scavenging activity 30 min (manual check),280.3,0.0019677845165893834,2.70602246097578,Other,O=C(c1ccccc1)c1cc2ccccc2oc1=S,train
329,O=C(c1ccc(Cl)cc1)c1cc2ccccc2oc1=S,ZQUWETBLMZAOKG-UHFFFAOYSA-N,CHEMBL1164775,10.1016/j.ejmech.2010.01.070,Antioxidant activity assessed as DPPH radical scavenging activity 30 min (manual check),300.8,0.0017871675531914888,2.74783472896314,Other,O=C(c1ccccc1)c1cc2ccccc2oc1=S,train
330,COc1ccc(C(=O)c2cc3ccccc3oc2=S)cc1,VWBPIWIYZBARDU-UHFFFAOYSA-N,CHEMBL1164700,10.1016/j.ejmech.2010.01.070,Antioxidant activity assessed as DPPH radical scavenging activity 30 min (manual check),296.3,0.005329902126223367,2.27328076591365,Other,O=C(c1ccccc1)c1cc2ccccc2oc1=S,test
331,Cc1ccc(-n2c(-c3cccc([N+](=O)[O-])c3)n[nH]c2=S)c(C)c1,PGDKHZPBAJYBCS-UHFFFAOYSA-N,CHEMBL1277360,10.1016/j.ejmech.2010.08.034,Antioxidant activity assessed as DPPH free radical scavenging activity in cell-free system after 30 mins,326.4,0.0002424899999999981,3.61530616648179,Aromatic amine,S=c1[nH]nc(-c2ccccc2)n1-c1ccccc1,train
332,Cc1ccc(-n2c(-c3ccc(Cl)cc3)n[nH]c2=S)c(C)c1,GVWFFULEODWIHN-UHFFFAOYSA-N,CHEMBL1277546,10.1016/j.ejmech.2010.08.034,Antioxidant activity assessed as DPPH free radical scavenging activity in cell-free system after 30 mins,315.8,0.0002923800000000012,3.53405233823506,Other,S=c1[nH]nc(-c2ccccc2)n1-c1ccccc1,train
333,Cc1cccc(C)c1Nc1nnc(-c2ccc(Cl)cc2)s1,NVSHUMUGNUAIFE-UHFFFAOYSA-N,CHEMBL1277640,10.1016/j.ejmech.2010.08.034,Antioxidant activity assessed as DPPH free radical scavenging activity in cell-free system after 30 mins,315.8,0.00031961999999999757,3.49536605283153,Aromatic amine,c1ccc(Nc2nnc(-c3ccccc3)s2)cc1,train
334,O=[N+]([O-])c1cc(NC(P(=O)(Oc2ccccc2)Oc2ccccc2)P(=O)(Oc2ccccc2)Oc2ccccc2)ccc1F,SLKMKHFLHDDCRV-UHFFFAOYSA-N,CHEMBL1821754,10.1016/j.ejmech.2011.02.038,Antioxidant activity assessed as DPPH free radical scavenging activity after 30 mins,634.5,4.7438928289992186e-05,4.32386513083688,Aromatic amine,O=P(Oc1ccccc1)(Oc1ccccc1)C(Nc1ccccc1)P(=O)(Oc1ccccc1)Oc1ccccc1,train
335,O=P(Oc1ccccc1)(Oc1ccccc1)C(Nc1cccc2ncsc12)P(=O)(Oc1ccccc1)Oc1ccccc1,XCRUAXLYMSRYHI-UHFFFAOYSA-N,CHEMBL1824402,10.1016/j.ejmech.2011.02.038,Antioxidant activity assessed as DPPH free radical scavenging activity after 30 mins,628.6,7.620108176901007e-05,4.118038863267,Aromatic amine,O=P(Oc1ccccc1)(Oc1ccccc1)C(Nc1cccc2ncsc12)P(=O)(Oc1ccccc1)Oc1ccccc1,train
336,O=[N+]([O-])c1ncc(NC(P(=O)(Oc2ccccc2)Oc2ccccc2)P(=O)(Oc2ccccc2)Oc2ccccc2)s1,ZCTIUWHYYNFRLF-UHFFFAOYSA-N,CHEMBL1824401,10.1016/j.ejmech.2011.02.038,Antioxidant activity assessed as DPPH free radical scavenging activity after 30 mins,623.5,7.794707297514001e-05,4.10820018855227,Other,O=P(Oc1ccccc1)(Oc1ccccc1)C(Nc1cncs1)P(=O)(Oc1ccccc1)Oc1ccccc1,train
337,Cc1ncc(NC(P(=O)(Oc2ccccc2)Oc2ccccc2)P(=O)(Oc2ccccc2)Oc2ccccc2)s1,AEJCCPJIFUNYTI-UHFFFAOYSA-N,CHEMBL1824400,10.1016/j.ejmech.2011.02.038,Antioxidant activity assessed as DPPH free radical scavenging activity after 30 mins,592.6,9.854876814039881e-05,4.00634880003163,Other,O=P(Oc1ccccc1)(Oc1ccccc1)C(Nc1cncs1)P(=O)(Oc1ccccc1)Oc1ccccc1,train
338,O=P(Oc1ccccc1)(Oc1ccccc1)C(Nc1ccc(F)c(Cl)c1)P(=O)(Oc1ccccc1)Oc1ccccc1,YHMOTTWINIWFLG-UHFFFAOYSA-N,CHEMBL1824399,10.1016/j.ejmech.2011.02.038,Antioxidant activity assessed as DPPH free radical scavenging activity after 30 mins,623.9,5.273280974515136e-05,4.27791908768039,Aromatic amine,O=P(Oc1ccccc1)(Oc1ccccc1)C(Nc1ccccc1)P(=O)(Oc1ccccc1)Oc1ccccc1,train
339,O=[N+]([O-])c1cccc(NC(P(=O)(Oc2ccccc2)Oc2ccccc2)P(=O)(Oc2ccccc2)Oc2ccccc2)c1,BXOKDPXEGOZPQG-UHFFFAOYSA-N,CHEMBL1824398,10.1016/j.ejmech.2011.02.038,Antioxidant activity assessed as DPPH free radical scavenging activity after 30 mins,616.5,6.423357664233546e-05,4.19223789500624,Aromatic amine,O=P(Oc1ccccc1)(Oc1ccccc1)C(Nc1ccccc1)P(=O)(Oc1ccccc1)Oc1ccccc1,train
340,O=P(Oc1ccccc1)(Oc1ccccc1)C(Nc1ccc(F)cc1)P(=O)(Oc1ccccc1)Oc1ccccc1,YELAWEGWNMIYGW-UHFFFAOYSA-N,CHEMBL1824397,10.1016/j.ejmech.2011.02.038,Antioxidant activity assessed as DPPH free radical scavenging activity after 30 mins,589.5,8.17642069550464e-05,4.08743677119226,Aromatic amine,O=P(Oc1ccccc1)(Oc1ccccc1)C(Nc1ccccc1)P(=O)(Oc1ccccc1)Oc1ccccc1,train
341,O=P(Oc1ccccc1)(Oc1ccccc1)C(Nc1ccc(Cl)cc1)P(=O)(Oc1ccccc1)Oc1ccccc1,RUIUMDFHORLYCH-UHFFFAOYSA-N,CHEMBL1824396,10.1016/j.ejmech.2011.02.038,Antioxidant activity assessed as DPPH free radical scavenging activity after 30 mins,606.0,6.848184818481904e-05,4.16442452745419,Aromatic amine,O=P(Oc1ccccc1)(Oc1ccccc1)C(Nc1ccccc1)P(=O)(Oc1ccccc1)Oc1ccccc1,train
342,COc1ccc(NC(P(=O)(Oc2ccccc2)Oc2ccccc2)P(=O)(Oc2ccccc2)Oc2ccccc2)cc1,OZGCYPMQXIPIFS-UHFFFAOYSA-N,CHEMBL1824395,10.1016/j.ejmech.2011.02.038,Antioxidant activity assessed as DPPH free radical scavenging activity after 30 mins,601.5,6.766417290108124e-05,4.16964122245064,Aromatic amine,O=P(Oc1ccccc1)(Oc1ccccc1)C(Nc1ccccc1)P(=O)(Oc1ccccc1)Oc1ccccc1,train
343,O=P(Oc1ccccc1)(Oc1ccccc1)C(Nc1ccccc1)P(=O)(Oc1ccccc1)Oc1ccccc1,LPYIAHHAGPLIMG-UHFFFAOYSA-N,CHEMBL1824394,10.1016/j.ejmech.2011.02.038,Antioxidant activity assessed as DPPH free radical scavenging activity after 30 mins,571.5,0.0001410323709536308,3.85068119292621,Aromatic amine,O=P(Oc1ccccc1)(Oc1ccccc1)C(Nc1ccccc1)P(=O)(Oc1ccccc1)Oc1ccccc1,train
344,Oc1ccc(C=Cc2cc(O)cc(O)c2)cc1,LUKBXSAWLPMMSZ-UHFFFAOYSA-N,CHEMBL165,10.1016/j.ejmech.2012.10.004,Antioxidant activity assessed as DPPH radical scavenging activity after 30 mins by spectrophotometry,228.2,8.546597973491591e-05,4.06820672449536,Stilbene,C(=Cc1ccccc1)c1ccccc1,train
345,CC(C)=CCc1ccc2[nH]c3c(CC(C)O)c(C)c(O)cc3c2c1,ZPPWJZWTVHAZAN-UHFFFAOYSA-N,CHEMBL3309632,10.1016/j.bmcl.2014.05.050,Antioxidant activity assessed as DPPH radical scavenging capacity after 30 mins by UV spectrophotometry,323.4,1.2000000000000154e-05,4.92081875395237,Other,c1ccc2c(c1)[nH]c1ccccc12,train
346,Cc1c(O)cc2c([nH]c3ccccc32)c1CC(C)O,NZPIVOSCYVLPNK-UHFFFAOYSA-N,CHEMBL3309631,10.1016/j.bmcl.2014.05.050,Antioxidant activity assessed as DPPH radical scavenging capacity after 30 mins by UV spectrophotometry,255.3,1.2000000000000154e-05,4.92081875395237,Other,c1ccc2c(c1)[nH]c1ccccc12,train
347,CCC(C)CCC(C)=Cc1c(C)c(O)cc2c1[nH]c1c(O)ccc(C=O)c12,RKWPODZUNRXLLO-UHFFFAOYSA-N,CHEMBL3309629,10.1016/j.bmcl.2014.05.050,Antioxidant activity assessed as DPPH radical scavenging capacity after 30 mins by UV spectrophotometry,365.5,7.59999999999997e-06,5.11918640771921,Other,c1ccc2c(c1)[nH]c1ccccc12,train
348,CCC(C)CCC(C)=Cc1c(C)c(O)cc2c1[nH]c1c(O)ccc(CO)c12,GBCTUBMADGTMFW-UHFFFAOYSA-N,CHEMBL3309628,10.1016/j.bmcl.2014.05.050,Antioxidant activity assessed as DPPH radical scavenging capacity after 30 mins by UV spectrophotometry,367.5,9.800000000000126e-06,5.0087739243075,Other,c1ccc2c(c1)[nH]c1ccccc12,train
349,CC(=Cc1c(C)c(O)cc2c1[nH]c1c(O)ccc(C=O)c12)CCC(C)C,LMGVNLIDLJZFGW-UHFFFAOYSA-N,CHEMBL3309627,10.1016/j.bmcl.2014.05.050,Antioxidant activity assessed as DPPH radical scavenging capacity after 30 mins by UV spectrophotometry,351.4,7.100000000000075e-06,5.14874165128092,Other,c1ccc2c(c1)[nH]c1ccccc12,train
350,CC(=Cc1c(C)c(O)cc2c1[nH]c1c(O)ccc(CO)c12)CCC(C)C,YHWUJLWKUDNULF-UHFFFAOYSA-N,CHEMBL3309626,10.1016/j.bmcl.2014.05.050,Antioxidant activity assessed as DPPH radical scavenging capacity after 30 mins by UV spectrophotometry,353.5,9.899999999999995e-06,5.00436480540245,Other,c1ccc2c(c1)[nH]c1ccccc12,train
351,CCCCCCCc1c(C)c(O)cc2c1[nH]c1ccccc12,ADLBIVFEKWBVKQ-UHFFFAOYSA-N,CHEMBL3309625,10.1016/j.bmcl.2014.05.050,Antioxidant activity assessed as DPPH radical scavenging capacity after 30 mins by UV spectrophotometry,295.4,1.2000000000000154e-05,4.92081875395237,Other,c1ccc2c(c1)[nH]c1ccccc12,train
352,O=C(O)Cn1c(=O)c(C=Cc2ccc(O)cc2)nc2ccccc21,QMFLCQBSTXRDCH-UHFFFAOYSA-N,CHEMBL3409366,10.1021/jm501484b,Antioxidant activity assessed as DPPH scavenging activity after 30 mins by UV spectrophotometry,322.3,5.149999999999986e-05,4.28819277095881,Other,O=c1[nH]c2ccccc2nc1C=Cc1ccccc1,train
353,COc1cc(C=Cc2nc3ccccc3n(CC(=O)O)c2=O)ccc1O,BFOSJHHYUOYEGL-UHFFFAOYSA-N,CHEMBL3409369,10.1021/jm501484b,Antioxidant activity assessed as DPPH scavenging activity after 30 mins by UV spectrophotometry,352.3,2.4100000000000098e-05,4.61798295742513,Other,O=c1[nH]c2ccccc2nc1C=Cc1ccccc1,test
354,CCOc1ccc(C2=C(O)COC2=O)cc1OCC,XUQUCPMUBIRXIP-UHFFFAOYSA-N,CHEMBL3601619,10.1016/j.bmc.2015.05.026,Antioxidant activity assessed as DPPH radical scavenging activity incubated for 30 mins,264.3,2.339999999999984e-05,4.63078414258986,Other,O=C1OCC=C1c1ccccc1,train
355,COc1ccc(C2=C(O)COC2=O)cc1OC,OLTOJSITAUVGKL-UHFFFAOYSA-N,CHEMBL3601618,10.1016/j.bmc.2015.05.026,Antioxidant activity assessed as DPPH radical scavenging activity incubated for 30 mins,236.2,2.0400000000000062e-05,4.6903698325741,Other,O=C1OCC=C1c1ccccc1,train
356,O=C1OCC(O)=C1c1ccc(Cl)c(Cl)c1,ZMKCVJDQEMPYNS-UHFFFAOYSA-N,CHEMBL3601617,10.1016/j.bmc.2015.05.026,Antioxidant activity assessed as DPPH radical scavenging activity incubated for 30 mins,245.1,2.8699999999999827e-05,4.54211810326601,Other,O=C1OCC=C1c1ccccc1,train
357,O=C1OCC(O)=C1c1ccc(OCc2ccccc2)cc1,LPCDETHBBFQOLP-UHFFFAOYSA-N,CHEMBL3601616,10.1016/j.bmc.2015.05.026,Antioxidant activity assessed as DPPH radical scavenging activity incubated for 30 mins,282.3,3.4000000000000366e-05,4.46852108295774,Other,O=C1OCC=C1c1ccc(OCc2ccccc2)cc1,train
358,Cc1ccc(C2=C(O)COC2=O)cc1,AABKQBNCAREVSD-UHFFFAOYSA-N,CHEMBL3601596,10.1016/j.bmc.2015.05.026,Antioxidant activity assessed as DPPH radical scavenging activity incubated for 30 mins,190.2,1.2300000000000053e-05,4.9100948885606,Other,O=C1OCC=C1c1ccccc1,train
359,O=C1OCC(O)=C1c1ccc(Br)cc1,BSGAYQXKDCICFN-UHFFFAOYSA-N,CHEMBL3601595,10.1016/j.bmc.2015.05.026,Antioxidant activity assessed as DPPH radical scavenging activity incubated for 30 mins,255.1,1.679999999999988e-05,4.77469071827414,Other,O=C1OCC=C1c1ccccc1,train
360,O=C1OCC(O)=C1c1ccc(Cl)cc1,UYPDVVUCYUYANE-UHFFFAOYSA-N,CHEMBL3601594,10.1016/j.bmc.2015.05.026,Antioxidant activity assessed as DPPH radical scavenging activity incubated for 30 mins,210.6,1.8499999999999847e-05,4.73282827159699,Other,O=C1OCC=C1c1ccccc1,train
361,O=C1OCC(O)=C1c1ccc(F)cc1,RUJFNTRAXWKQIS-UHFFFAOYSA-N,CHEMBL3601593,10.1016/j.bmc.2015.05.026,Antioxidant activity assessed as DPPH radical scavenging activity incubated for 30 mins,194.2,2.770000000000009e-05,4.55752023093555,Other,O=C1OCC=C1c1ccccc1,train
362,O=C1OCC(O)=C1c1cccc(OCc2ccccc2)c1,YYZWXGWNWOWAGK-UHFFFAOYSA-N,CHEMBL3601592,10.1016/j.bmc.2015.05.026,Antioxidant activity assessed as DPPH radical scavenging activity incubated for 30 mins,282.3,3.149999999999996e-05,4.5016894462104,Other,O=C1OCC=C1c1cccc(OCc2ccccc2)c1,train
363,O=C1OCC(O)=C1c1cccc(C(F)(F)F)c1,IBXUFTQDUDRXSE-UHFFFAOYSA-N,CHEMBL3601591,10.1016/j.bmc.2015.05.026,Antioxidant activity assessed as DPPH radical scavenging activity incubated for 30 mins,244.2,0.00010999999999999873,3.95860731484178,Other,O=C1OCC=C1c1ccccc1,train
364,Cc1cccc(C2=C(O)COC2=O)c1,DGBHPASBPJEKLO-UHFFFAOYSA-N,CHEMBL3601590,10.1016/j.bmc.2015.05.026,Antioxidant activity assessed as DPPH radical scavenging activity incubated for 30 mins,190.2,8.200000000000067e-06,5.08618614761628,Other,O=C1OCC=C1c1ccccc1,train
365,O=C1OCC(O)=C1c1cccc(Br)c1,RCUATYVSYVWQMO-UHFFFAOYSA-N,CHEMBL3601589,10.1016/j.bmc.2015.05.026,Antioxidant activity assessed as DPPH radical scavenging activity incubated for 30 mins,255.1,1.1199999999999962e-05,4.95078197732982,Other,O=C1OCC=C1c1ccccc1,train
366,O=C1OCC(O)=C1c1cccc(Cl)c1,BXROHWAZZNIVNF-UHFFFAOYSA-N,CHEMBL3601588,10.1016/j.bmc.2015.05.026,Antioxidant activity assessed as DPPH radical scavenging activity incubated for 30 mins,210.6,1.650000000000015e-05,4.78251605578609,Other,O=C1OCC=C1c1ccccc1,train
367,O=C1OCC(O)=C1c1cccc(F)c1,DQBHBJLONQWEAI-UHFFFAOYSA-N,CHEMBL3601587,10.1016/j.bmc.2015.05.026,Antioxidant activity assessed as DPPH radical scavenging activity incubated for 30 mins,194.2,2.3500000000000215e-05,4.62893213772826,Other,O=C1OCC=C1c1ccccc1,train
368,Cc1ccccc1C1=C(O)COC1=O,CMIQILDKPZAJRV-UHFFFAOYSA-N,CHEMBL3601585,10.1016/j.bmc.2015.05.026,Antioxidant activity assessed as DPPH radical scavenging activity incubated for 30 mins,190.2,4.560000000000049e-05,4.34103515733556,Other,O=C1OCC=C1c1ccccc1,train
369,O=C1OCC(O)=C1c1ccccc1,BDTGRWGPYLECRW-UHFFFAOYSA-N,CHEMBL3601582,10.1016/j.bmc.2015.05.026,Antioxidant activity assessed as DPPH radical scavenging activity incubated for 30 mins,176.2,1.3500000000000123e-05,4.86966623150499,Other,O=C1OCC=C1c1ccccc1,train
370,O=C(C1=C(O)C(=Cc2ccc(O)c(O)c2)CCC1)c1ccccc1,WXBRROMIYZANBF-UHFFFAOYSA-N,CHEMBL3601736,10.1016/j.bmcl.2015.05.056,Antioxidant activity assessed as DPPH radical scavenging activity incubated for 30 mins under dark conditions,322.4,1.1499999999999956e-05,4.93930215964639,Other,O=C(C1=CC(=Cc2ccccc2)CCC1)c1ccccc1,train
371,COc1cc(C=C2CCCC(C(=O)c3ccccc3)=C2O)ccc1O,KDPMNUTWXYCGIV-UHFFFAOYSA-N,CHEMBL3601743,10.1016/j.bmcl.2015.05.056,Antioxidant activity assessed as DPPH radical scavenging activity incubated for 30 mins under dark conditions,336.4,4.759999999999965e-05,4.32239304727951,Other,O=C(C1=CC(=Cc2ccccc2)CCC1)c1ccccc1,train
372,COc1ccc(C(CC(=O)c2c(O)c3ccccc3oc2=O)c2c[nH]c3ccccc23)cc1,VNAXUJJHKPNTSD-UHFFFAOYSA-N,CHEMBL3753948,10.1016/j.bmcl.2015.12.085,Antioxidant activity of the compound assessed as DPPH radical scavenging after 30 mins by spectrophotometric analysis,439.5,3.68828213879405e-05,4.43317586456128,Coumarin,O=C(CC(c1ccccc1)c1c[nH]c2ccccc12)c1cc2ccccc2oc1=O,train
373,O=C(CC(c1ccc(F)cc1)c1c[nH]c2ccccc12)c1c(O)c2ccccc2oc1=O,CPEUDWSBKMXWIO-UHFFFAOYSA-N,CHEMBL3752317,10.1016/j.bmcl.2015.12.085,Antioxidant activity of the compound assessed as DPPH radical scavenging after 30 mins by spectrophotometric analysis,427.4,0.00011078614880673803,3.95551453448876,Coumarin,O=C(CC(c1ccccc1)c1c[nH]c2ccccc12)c1cc2ccccc2oc1=O,train
374,O=C(CC(c1c(Cl)cccc1Cl)c1c[nH]c2ccccc12)c1c(O)c2ccccc2oc1=O,ZPAUWCQACASEKS-UHFFFAOYSA-N,CHEMBL3752409,10.1016/j.bmcl.2015.12.085,Antioxidant activity of the compound assessed as DPPH radical scavenging after 30 mins by spectrophotometric analysis,478.3,2.8204056031779195e-05,4.54968843120006,Coumarin,O=C(CC(c1ccccc1)c1c[nH]c2ccccc12)c1cc2ccccc2oc1=O,train
375,O=C(CC(c1ccc(Cl)cc1)c1c[nH]c2ccccc12)c1c(O)c2ccccc2oc1=O,FHNHVHCUNCKWGR-UHFFFAOYSA-N,CHEMBL3752768,10.1016/j.bmcl.2015.12.085,Antioxidant activity of the compound assessed as DPPH radical scavenging after 30 mins by spectrophotometric analysis,443.9,0.00010441540887587311,3.98123540654485,Coumarin,O=C(CC(c1ccccc1)c1c[nH]c2ccccc12)c1cc2ccccc2oc1=O,train
376,O=C(CC(c1ccccc1Cl)c1c[nH]c2ccccc12)c1c(O)c2ccccc2oc1=O,DSJKPCIZZODHPA-UHFFFAOYSA-N,CHEMBL3752426,10.1016/j.bmcl.2015.12.085,Antioxidant activity of the compound assessed as DPPH radical scavenging after 30 mins by spectrophotometric analysis,443.9,8.925433656228849e-05,4.04937067382284,Coumarin,O=C(CC(c1ccccc1)c1c[nH]c2ccccc12)c1cc2ccccc2oc1=O,train
377,O=C(CC(c1ccccc1)c1c[nH]c2ccccc12)c1c(O)c2ccccc2oc1=O,HWCOJNOQFHOUHY-UHFFFAOYSA-N,CHEMBL3754238,10.1016/j.bmcl.2015.12.085,Antioxidant activity of the compound assessed as DPPH radical scavenging after 30 mins by spectrophotometric analysis,409.4,3.0288226673180374e-05,4.51872615316425,Coumarin,O=C(CC(c1ccccc1)c1c[nH]c2ccccc12)c1cc2ccccc2oc1=O,test
378,N#Cc1ccc(C(CC(=O)c2c(O)c3ccccc3oc2=O)c2c[nH]c3ccccc23)cc1,JQOQLZMJTMOWSU-UHFFFAOYSA-N,CHEMBL3753262,10.1016/j.bmcl.2015.12.085,Antioxidant activity of the compound assessed as DPPH radical scavenging after 30 mins by spectrophotometric analysis,434.5,3.16225546605296e-05,4.50000304806115,Coumarin,O=C(CC(c1ccccc1)c1c[nH]c2ccccc12)c1cc2ccccc2oc1=O,train
379,O=C(CC(c1ccc(O)c(O)c1)c1c[nH]c2ccccc12)c1c(O)c2ccccc2oc1=O,OFPWMALENVLJAS-UHFFFAOYSA-N,CHEMBL3752040,10.1016/j.bmcl.2015.12.085,Antioxidant activity of the compound assessed as DPPH radical scavenging after 30 mins by spectrophotometric analysis,441.4,0.00016103307657453636,3.79308490969237,Coumarin,O=C(CC(c1ccccc1)c1c[nH]c2ccccc12)c1cc2ccccc2oc1=O,train
380,O=C(CC(c1ccc(O)cc1)c1c[nH]c2ccccc12)c1c(O)c2ccccc2oc1=O,SBUTWRRTUQOTTK-UHFFFAOYSA-N,CHEMBL3752368,10.1016/j.bmcl.2015.12.085,Antioxidant activity of the compound assessed as DPPH radical scavenging after 30 mins by spectrophotometric analysis,425.4,0.0001384814292430644,3.85860846283072,Coumarin,O=C(CC(c1ccccc1)c1c[nH]c2ccccc12)c1cc2ccccc2oc1=O,train
381,COc1ccc(C(CC(=O)c2c(O)c3ccccc3oc2=O)c2c[nH]c3ccccc23)cc1OC,NGGYCRLOKGTAQD-UHFFFAOYSA-N,CHEMBL3754420,10.1016/j.bmcl.2015.12.085,Antioxidant activity of the compound assessed as DPPH radical scavenging after 30 mins by spectrophotometric analysis,469.5,0.0001345260915867954,3.87119347526587,Coumarin,O=C(CC(c1ccccc1)c1c[nH]c2ccccc12)c1cc2ccccc2oc1=O,train
382,COc1ccc(OC)c(C(CC(=O)c2c(O)c3ccccc3oc2=O)c2c[nH]c3ccccc23)c1,DEZHQVLFUZACGZ-UHFFFAOYSA-N,CHEMBL3753065,10.1016/j.bmcl.2015.12.085,Antioxidant activity of the compound assessed as DPPH radical scavenging after 30 mins by spectrophotometric analysis,469.5,4.051118210862661e-05,4.39242508400073,Coumarin,O=C(CC(c1ccccc1)c1c[nH]c2ccccc12)c1cc2ccccc2oc1=O,train
383,COc1ccc(C(CC(=O)c2c(O)c3ccccc3oc2=O)c2c[nH]c3ccccc23)c(OC)c1,WDRKLIJZXXBADJ-UHFFFAOYSA-N,CHEMBL3752454,10.1016/j.bmcl.2015.12.085,Antioxidant activity of the compound assessed as DPPH radical scavenging after 30 mins by spectrophotometric analysis,469.5,2.8200212992545165e-05,4.54974761149845,Coumarin,O=C(CC(c1ccccc1)c1c[nH]c2ccccc12)c1cc2ccccc2oc1=O,train
384,CN1N=C(c2ccncc2)CC1c1c(-c2ccccc2)[nH]c2ccccc12,OSFSEWXGSKBSJN-UHFFFAOYSA-N,CHEMBL4166334,10.1016/j.ejmech.2018.01.026,Antioxidant activity assessed as inhibition of DPPH radical formation after 30 mins,352.4,9.392735527809341e-05,4.02720790596429,Other,c1ccc(-c2[nH]c3ccccc3c2C2CC(c3ccncc3)=NN2)cc1,test
385,O=C(c1ccccc1)N1N=C(c2cccnc2)CC1c1c(-c2ccccc2)[nH]c2ccccc12,VEHAFVMXNMZOPM-UHFFFAOYSA-N,CHEMBL4174238,10.1016/j.ejmech.2018.01.026,Antioxidant activity assessed as inhibition of DPPH radical formation after 30 mins,442.5,0.00010894915254237221,3.96277614355084,Aromatic amine,O=C(c1ccccc1)N1N=C(c2cccnc2)CC1c1c(-c2ccccc2)[nH]c2ccccc12,train
386,CC(=O)N1N=C(c2cccnc2)CC1c1c(-c2ccccc2)[nH]c2ccccc12,PWZRLFQPHMPZEB-UHFFFAOYSA-N,CHEMBL4169750,10.1016/j.ejmech.2018.01.026,Antioxidant activity assessed as inhibition of DPPH radical formation after 30 mins,380.5,9.978975032851615e-05,4.00091406396679,Other,c1ccc(-c2[nH]c3ccccc3c2C2CC(c3cccnc3)=NN2)cc1,train
387,O=C(c1ccccc1)N1N=C(c2ccncc2)CC1c1c(-c2ccccc2)[nH]c2ccccc12,DZOPQYSZKXFUTD-UHFFFAOYSA-N,CHEMBL4159093,10.1016/j.ejmech.2018.01.026,Antioxidant activity assessed as inhibition of DPPH radical formation after 30 mins,442.5,0.00024253107344632922,3.61523261103394,Aromatic amine,O=C(c1ccccc1)N1N=C(c2ccncc2)CC1c1c(-c2ccccc2)[nH]c2ccccc12,test
388,CC(=O)N1N=C(c2ccncc2)CC1c1c(-c2ccccc2)[nH]c2ccccc12,KKYFNMNJTGCMDZ-UHFFFAOYSA-N,CHEMBL4173169,10.1016/j.ejmech.2018.01.026,Antioxidant activity assessed as inhibition of DPPH radical formation after 30 mins,380.5,0.0002589750328515121,3.5867421031677,Other,c1ccc(-c2[nH]c3ccccc3c2C2CC(c3ccncc3)=NN2)cc1,test
389,c1ccc(-c2[nH]c3ccccc3c2C2CC(c3cccs3)=NO2)cc1,MJAQKMQFMCCRKZ-UHFFFAOYSA-N,CHEMBL4162484,10.1016/j.ejmech.2018.01.026,Antioxidant activity assessed as inhibition of DPPH radical formation after 30 mins,344.4,0.0003411730545876905,3.46702527617386,Other,c1ccc(-c2[nH]c3ccccc3c2C2CC(c3cccs3)=NO2)cc1,train
390,c1ccc(-c2[nH]c3ccccc3c2C2CC(c3cccnc3)=NO2)cc1,HKIFUTBPMILLBO-UHFFFAOYSA-N,CHEMBL4159336,10.1016/j.ejmech.2018.01.026,Antioxidant activity assessed as inhibition of DPPH radical formation after 30 mins,339.4,0.0001788450206246314,3.7475231469064,Other,c1ccc(-c2[nH]c3ccccc3c2C2CC(c3cccnc3)=NO2)cc1,train
391,c1ccc(-c2[nH]c3ccccc3c2C2CC(c3ccncc3)=NO2)cc1,BTRSFDUKQOXYBM-UHFFFAOYSA-N,CHEMBL4169971,10.1016/j.ejmech.2018.01.026,Antioxidant activity assessed as inhibition of DPPH radical formation after 30 mins,339.4,0.00017660577489687725,3.75299509937203,Other,c1ccc(-c2[nH]c3ccccc3c2C2CC(c3ccncc3)=NO2)cc1,train
392,c1ccc(-c2[nH]c3ccccc3c2C2CC(c3cccs3)=NN2)cc1,CGSONBPSBIOWGI-UHFFFAOYSA-N,CHEMBL4174463,10.1016/j.ejmech.2018.01.026,Antioxidant activity assessed as inhibition of DPPH radical formation after 30 mins,343.5,5.327510917030565e-05,4.27347565166514,Other,c1ccc(-c2[nH]c3ccccc3c2C2CC(c3cccs3)=NN2)cc1,train
393,c1ccc(-c2[nH]c3ccccc3c2C2CC(c3cccnc3)=NN2)cc1,YNZMKXIHZBMIJL-UHFFFAOYSA-N,CHEMBL4166549,10.1016/j.ejmech.2018.01.026,Antioxidant activity assessed as inhibition of DPPH radical formation after 30 mins,338.4,4.021867612293153e-05,4.39557222916365,Other,c1ccc(-c2[nH]c3ccccc3c2C2CC(c3cccnc3)=NN2)cc1,train
394,c1ccc(-c2[nH]c3ccccc3c2C2CC(c3ccncc3)=NN2)cc1,BLCNTYSYBCSDCY-UHFFFAOYSA-N,CHEMBL4171020,10.1016/j.ejmech.2018.01.026,Antioxidant activity assessed as inhibition of DPPH radical formation after 30 mins,338.4,4.67789598108747e-05,4.32994943950463,Other,c1ccc(-c2[nH]c3ccccc3c2C2CC(c3ccncc3)=NN2)cc1,train
395,Oc1ccc(-c2nc3ncc(Cl)cc3[nH]2)c(O)c1,DVKXFHVJFHOYFT-UHFFFAOYSA-N,CHEMBL4453543,10.1016/j.ejmech.2019.06.010,Antioxidant activity assessed as DPPH radical scavenging activity after 30 mins,261.7,5.8099999999999874e-05,4.23582386760967,Other,c1ccc(-c2nc3ncccc3[nH]2)cc1,train
396,O=c1oc2ccc(Cl)cc2cc1-c1nc2ccccc2[nH]1,SALMZXUHPJBGRH-UHFFFAOYSA-N,CHEMBL4440916,10.1016/j.ejmech.2019.06.010,Antioxidant activity assessed as DPPH radical scavenging activity after 30 mins by UV-Vis spectrophotometeric analysis,296.7,0.01390000000000016,1.8569851997459,Coumarin,O=c1oc2ccccc2cc1-c1nc2ccccc2[nH]1,train
397,O=C(Nc1nc2ccccc2[nH]1)c1cc2ccccc2oc1=O,BVEJPVQPACCRTA-UHFFFAOYSA-N,CHEMBL4454022,10.1016/j.ejmech.2019.06.010,Antioxidant activity assessed as DPPH radical scavenging activity after 30 mins by UV-Vis spectrophotometeric analysis,305.3,0.001199999999999986,2.92081875395238,Coumarin,O=C(Nc1nc2ccccc2[nH]1)c1cc2ccccc2oc1=O,test
398,Fc1ccc(-c2csc(NN=Cc3cc4ccccc4s3)n2)cc1,QFBSLEHFHKSPSM-UHFFFAOYSA-N,CHEMBL4468948,10.1016/j.ejmech.2019.111765,Antioxidant activity assessed as DPPH radical scavenging activity incubated for 30 mins under dark condition by Uv-vis spectrophotometric method,353.4,5.149999999999986e-05,4.28819277095881,Other,C(=NNc1nc(-c2ccccc2)cs1)c1cc2ccccc2s1,train
399,Clc1ccc(-c2csc(NN=Cc3cc4ccccc4s3)n2)cc1,DICUTMVGROQXJP-UHFFFAOYSA-N,CHEMBL4519104,10.1016/j.ejmech.2019.111765,Antioxidant activity assessed as DPPH radical scavenging activity incubated for 30 mins under dark condition by Uv-vis spectrophotometric method,369.9,9.159999999999992e-05,4.03810452633215,Other,C(=NNc1nc(-c2ccccc2)cs1)c1cc2ccccc2s1,train
400,Brc1ccc(-c2csc(NN=Cc3cc4ccccc4s3)n2)cc1,VCPXDRMZVWXKKA-UHFFFAOYSA-N,CHEMBL4448283,10.1016/j.ejmech.2019.111765,Antioxidant activity assessed as DPPH radical scavenging activity incubated for 30 mins under dark condition by Uv-vis spectrophotometric method,414.4,3.689999999999995e-05,4.43297363384094,Other,C(=NNc1nc(-c2ccccc2)cs1)c1cc2ccccc2s1,train
401,Ic1ccc(-c2csc(NN=Cc3cc4ccccc4s3)n2)cc1,WZZVUYNGLOEBKB-UHFFFAOYSA-N,CHEMBL4474163,10.1016/j.ejmech.2019.111765,Antioxidant activity assessed as DPPH radical scavenging activity incubated for 30 mins under dark condition by Uv-vis spectrophotometric method,461.4,3.640000000000033e-05,4.43889861635094,Other,C(=NNc1nc(-c2ccccc2)cs1)c1cc2ccccc2s1,train
402,Cc1ccc(-c2csc(NN=Cc3cc4ccccc4s3)n2)cc1,NXUCLKCSZFHFKC-UHFFFAOYSA-N,CHEMBL4520262,10.1016/j.ejmech.2019.111765,Antioxidant activity assessed as DPPH radical scavenging activity incubated for 30 mins under dark condition by Uv-vis spectrophotometric method,349.5,3.089999999999968e-05,4.51004152057517,Other,C(=NNc1nc(-c2ccccc2)cs1)c1cc2ccccc2s1,train
403,C(=NNc1nc(C23CC4CC(CC(C4)C2)C3)cs1)c1cc2ccccc2s1,NSCPULFLFBESLD-UHFFFAOYSA-N,CHEMBL4450682,10.1016/j.ejmech.2019.111765,Antioxidant activity assessed as DPPH radical scavenging activity incubated for 30 mins under dark condition by Uv-vis spectrophotometric method,393.6,1.549999999999995e-05,4.80966830182971,Terpenoid,C(=NNc1nc(C23CC4CC(CC(C4)C2)C3)cs1)c1cc2ccccc2s1,train
404,COc1ccc(-c2csc(NN=Cc3cc4ccccc4s3)n2)cc1,WBOHSBUCBULKDI-UHFFFAOYSA-N,CHEMBL4437583,10.1016/j.ejmech.2019.111765,Antioxidant activity assessed as DPPH radical scavenging activity incubated for 30 mins under dark condition by Uv-vis spectrophotometric method,365.5,2.2399999999999836e-05,4.64975198166584,Other,C(=NNc1nc(-c2ccccc2)cs1)c1cc2ccccc2s1,train
405,FC(F)(F)c1ccc(-c2csc(NN=Cc3cc4ccccc4s3)n2)cc1,SRUSHOWUWCYGDF-UHFFFAOYSA-N,CHEMBL4442313,10.1016/j.ejmech.2019.111765,Antioxidant activity assessed as DPPH radical scavenging activity incubated for 30 mins under dark condition by Uv-vis spectrophotometric method,403.5,2.3500000000000215e-05,4.62893213772826,Other,C(=NNc1nc(-c2ccccc2)cs1)c1cc2ccccc2s1,train
406,N#Cc1ccc(-c2csc(NN=Cc3cc4ccccc4s3)n2)cc1,GJBDONBWWZFXIF-UHFFFAOYSA-N,CHEMBL4552337,10.1016/j.ejmech.2019.111765,Antioxidant activity assessed as DPPH radical scavenging activity incubated for 30 mins under dark condition by Uv-vis spectrophotometric method,360.5,2.339999999999984e-05,4.63078414258986,Other,C(=NNc1nc(-c2ccccc2)cs1)c1cc2ccccc2s1,train
407,O=[N+]([O-])c1ccc(-c2csc(NN=Cc3cc4ccccc4s3)n2)cc1,YQJWVKSNBIEQHS-UHFFFAOYSA-N,CHEMBL4519844,10.1016/j.ejmech.2019.111765,Antioxidant activity assessed as DPPH radical scavenging activity incubated for 30 mins under dark condition by Uv-vis spectrophotometric method,380.5,2.5799999999999994e-05,4.58838029403677,Aromatic amine,C(=NNc1nc(-c2ccccc2)cs1)c1cc2ccccc2s1,train
408,O=c1oc2ccccc2cc1-c1csc(NN=Cc2cc3ccccc3s2)n1,VPWVXXOAJAYZRM-UHFFFAOYSA-N,CHEMBL4536090,10.1016/j.ejmech.2019.111765,Antioxidant activity assessed as DPPH radical scavenging activity incubated for 30 mins under dark condition by Uv-vis spectrophotometric method,403.5,1.5899999999999946e-05,4.79860287567955,Coumarin,O=c1oc2ccccc2cc1-c1csc(NN=Cc2cc3ccccc3s2)n1,train
409,O=[N+]([O-])OCCc1ccc(O)c(O)c1,DWIFZTUYOUJDQR-UHFFFAOYSA-N,CHEMBL4644322,10.1016/j.bmcl.2020.127277,Antioxidant activity assessed as DPPH radical scavenging activity 30 min (manual check),199.2,0.0001400000000000006,3.85387196432176,Other,c1ccccc1,train
410,COc1cc(CC(O)c2cc(OC)c(O)c(OC)c2)ccc1O,SCNNIVKGPABBOM-UHFFFAOYSA-N,CHEMBL219065,10.1021/np060449r,Antioxidant activity assessed by DPPH radical scavenging assay 30 min (manual check),320.3,1.990000000000015e-05,4.70114692359029,Other,c1ccc(CCc2ccccc2)cc1,test
411,COc1ccc(C=Nc2ccccc2O)cc1,CXQBWMKQSJPURB-UHFFFAOYSA-N,CHEMBL2064673,10.1016/j.bmcl.2012.06.026,Antioxidant activity assessed as DPPH scavenging activity after 30 mins by microplate reader method,227.3,3.4783492302779525e-05,4.45862681647692,Aromatic amine,C(=Nc1ccccc1)c1ccccc1,train
412,COc1cc(O)cc2c1-c1c(O)ccc(O)c1C2=O,QYZVZXXDXPZMHM-UHFFFAOYSA-N,CHEMBL216941,10.1021/np060449r,Antioxidant activity assessed by DPPH radical scavenging assay 30 min (manual check),258.2,1.619999999999996e-05,4.79048498545737,Other,O=C1c2ccccc2-c2ccccc21,train
413,COc1cc(O)cc(CCc2ccc(O)c(OC)c2)c1,BMSPEISBKGSBTR-UHFFFAOYSA-N,CHEMBL219553,10.1021/np060449r,Antioxidant activity assessed by DPPH radical scavenging assay 30 min (manual check),274.3,5.639999999999976e-05,4.24872089601666,Other,c1ccc(CCc2ccccc2)cc1,train
414,COc1cc(CCc2cc(OC)c(O)c(OC)c2)ccc1O,YTRAYUIKLRABOQ-UHFFFAOYSA-N,CHEMBL374047,10.1021/np060449r,Antioxidant activity assessed by DPPH radical scavenging assay 30 min (manual check),304.3,1.4500000000000161e-05,4.83863199776502,Other,c1ccc(CCc2ccccc2)cc1,train
415,COc1ccc(CCc2cc(OC)c(O)c(OC)c2)cc1OC,YUHRVKGYFHPWRI-UHFFFAOYSA-N,CHEMBL219352,10.1021/np060449r,Antioxidant activity assessed by DPPH radical scavenging assay 30 min (manual check),318.4,1.4000000000000062e-05,4.85387196432176,Other,c1ccc(CCc2ccccc2)cc1,train
416,COc1cccc(CCc2cc(O)c(O)c(OC)c2)c1,DEMRUANQYFMYPI-UHFFFAOYSA-N,CHEMBL216090,10.1021/np060449r,Antioxidant activity assessed by DPPH radical scavenging assay 30 min (manual check),274.3,4.030000000000005e-05,4.39469495385889,Other,c1ccc(CCc2ccccc2)cc1,train
417,COc1cc(CCc2cc(OC)c(OC)c(OC)c2)ccc1O,NRAJPMHEOBLUQC-UHFFFAOYSA-N,CHEMBL216091,10.1021/np060449r,Antioxidant activity assessed by DPPH radical scavenging assay 30 min (manual check),318.4,2.180000000000028e-05,4.66154350639539,Other,c1ccc(CCc2ccccc2)cc1,test
418,COc1cccc(CCc2cc(OC)c(O)c3c2C(Cc2cccc(OC)c2)c2cc(O)c(O)c(OC)c2O3)c1,DIJWWMHOMAEIJB-UHFFFAOYSA-N,CHEMBL219101,10.1021/np060449r,Antioxidant activity assessed by DPPH radical scavenging assay 30 min (manual check),544.6,2.1000000000000056e-05,4.67778070526608,Other,c1ccc(CCc2cccc3c2C(Cc2ccccc2)c2ccccc2O3)cc1,train
419,CNC(=S)NNC(=O)Cn1c(-c2ccccc2)nc2ccccc21,QRQJQPXCXFRLBS-UHFFFAOYSA-N,CHEMBL438377,10.1016/j.bmc.2008.02.077,Antioxidant activity assessed as DPPH free radical scavenging activity after 30 mins,339.4,2.600000000000012e-05,4.58502665202918,Other,c1ccc(-c2nc3ccccc3[nH]2)cc1,train
420,Cn1c(Cn2c(-c3ccc(OCc4ccccc4)cc3)nc3ccccc32)n[nH]c1=S,XJAIZMJOXWDXID-UHFFFAOYSA-N,CHEMBL412125,10.1016/j.bmc.2008.02.077,Antioxidant activity assessed as DPPH free radical scavenging activity after 30 mins,427.5,0.0006050000000000015,3.21824462534753,Other,S=c1[nH]nc(Cn2c(-c3ccc(OCc4ccccc4)cc3)nc3ccccc32)[nH]1,train
421,COc1ccc(-c2nc3cc(Cl)c(Cl)cc3n2Cc2n[nH]c(=S)n2C)cc1OC,ZSGLKTLKQLPMHF-UHFFFAOYSA-N,CHEMBL263398,10.1016/j.bmc.2008.02.077,Antioxidant activity assessed as DPPH free radical scavenging activity after 30 mins,450.4,0.0002710000000000026,3.56703070912559,Other,S=c1[nH]nc(Cn2c(-c3ccccc3)nc3ccccc32)[nH]1,train
422,COc1ccc(-c2nc3ccccc3n2Cc2n[nH]c(=S)n2C)cc1,AJJPGEYGLVLOMA-UHFFFAOYSA-N,CHEMBL263397,10.1016/j.bmc.2008.02.077,Antioxidant activity assessed as DPPH free radical scavenging activity after 30 mins,351.4,0.0001400000000000006,3.85387196432176,Other,S=c1[nH]nc(Cn2c(-c3ccccc3)nc3ccccc32)[nH]1,train
423,Cn1c(Cn2c(-c3ccc(Cl)cc3)nc3ccccc32)n[nH]c1=S,QJXGVRWFNOQYPB-UHFFFAOYSA-N,CHEMBL259082,10.1016/j.bmc.2008.02.077,Antioxidant activity assessed as DPPH free radical scavenging activity after 30 mins,355.9,0.00046200000000000494,3.33535802444387,Other,S=c1[nH]nc(Cn2c(-c3ccccc3)nc3ccccc32)[nH]1,train
424,Cn1c(Cn2c(-c3ccccc3)nc3ccccc32)n[nH]c1=S,IRHYNDXSHBUPIO-UHFFFAOYSA-N,CHEMBL263912,10.1016/j.bmc.2008.02.077,Antioxidant activity assessed as DPPH free radical scavenging activity after 30 mins,321.4,0.0002710000000000026,3.56703070912559,Other,S=c1[nH]nc(Cn2c(-c3ccccc3)nc3ccccc32)[nH]1,train
425,CNC(=S)NNC(=O)Cn1c(-c2ccc(OCc3ccccc3)cc2)nc2ccccc21,UPSVRVJKTSNKMV-UHFFFAOYSA-N,CHEMBL261671,10.1016/j.bmc.2008.02.077,Antioxidant activity assessed as DPPH free radical scavenging activity after 30 mins,445.5,7.400000000000062e-05,4.13076828026902,Other,c1ccc(COc2ccc(-c3nc4ccccc4[nH]3)cc2)cc1,train
426,CNC(=S)NNC(=O)Cn1c(-c2ccc(OC)c(OC)c2)nc2cc(Cl)c(Cl)cc21,ARVINBSNTCICHQ-UHFFFAOYSA-N,CHEMBL260252,10.1016/j.bmc.2008.02.077,Antioxidant activity assessed as DPPH free radical scavenging activity after 30 mins,468.4,5.4999999999999473e-05,4.25963731050576,Other,c1ccc(-c2nc3ccccc3[nH]2)cc1,train
427,CNC(=S)NNC(=O)Cn1c(-c2ccc(OC)cc2)nc2ccccc21,JFAUSJJZYONECU-UHFFFAOYSA-N,CHEMBL406805,10.1016/j.bmc.2008.02.077,Antioxidant activity assessed as DPPH free radical scavenging activity after 30 mins,369.5,4.300000000000032e-05,4.36653154442041,Other,c1ccc(-c2nc3ccccc3[nH]2)cc1,test
428,CNC(=S)NNC(=O)Cn1c(-c2ccc(Cl)cc2)nc2ccccc21,MOLBYSDETTVXGJ-UHFFFAOYSA-N,CHEMBL406934,10.1016/j.bmc.2008.02.077,Antioxidant activity assessed as DPPH free radical scavenging activity after 30 mins,373.9,2.9999999999999828e-05,4.52287874528034,Other,c1ccc(-c2nc3ccccc3[nH]2)cc1,train
429,COc1ccc(NC(=S)NNC(=O)Cn2c(-c3ccncc3)nc3ccccc32)cc1,ZACMBAFCGDFAID-UHFFFAOYSA-N,CHEMBL260081,10.1016/j.bmc.2008.02.077,Antioxidant activity assessed as DPPH free radical scavenging activity after 30 mins,432.5,1.2000000000000154e-05,4.92081875395237,Aromatic amine,O=C(Cn1c(-c2ccncc2)nc2ccccc21)NNC(=S)Nc1ccccc1,train
430,O=C(Cn1c(-c2ccncc2)nc2ccccc21)NNC(=S)Nc1ccccc1,UUFPMLSKMJFYOY-UHFFFAOYSA-N,CHEMBL410139,10.1016/j.bmc.2008.02.077,Antioxidant activity assessed as DPPH free radical scavenging activity after 30 mins,402.5,1.3000000000000086e-05,4.88605664769316,Aromatic amine,O=C(Cn1c(-c2ccncc2)nc2ccccc21)NNC(=S)Nc1ccccc1,train
431,C=CC1C(OC2OC(CO)C(O)C(O)C2O)OC=C(C(=O)OC)C1CC1=NCCc2c1[nH]c1ccccc21,KWPBQSXTICIPDO-UHFFFAOYSA-N,CHEMBL487079,10.1021/np049863m,Antioxidant activity assessed as DPPH radical scavenging activity 30 min (manual check),528.6,5.510000000000061e-05,4.25884840114821,Other,C1=CC(CC2=NCCc3c2[nH]c2ccccc32)CC(OC2CCCCO2)O1,train
432,Cc1nc(C(=O)O)cc2c1[nH]c1ccccc12,MFEZJNMQTQMDRQ-UHFFFAOYSA-N,CHEMBL504850,10.1021/np049863m,Antioxidant activity assessed as DPPH radical scavenging activity 30 min (manual check),226.2,4.5499999999999744e-05,4.34198860334289,Other,c1ccc2c(c1)[nH]c1cnccc12,train
433,C=CC1C(OC2OC(CO)C(O)C(O)C2O)OC=C(C(=O)OC)C1Cc1nc(C(=O)O)cc2c1[nH]c1ccccc12,APMZCJQXEGDAIT-UHFFFAOYSA-N,CHEMBL453150,10.1021/np049863m,Antioxidant activity assessed as DPPH radical scavenging activity 30 min (manual check),570.6,4.9900000000000034e-05,4.30189945437661,Other,C1=CC(Cc2nccc3c2[nH]c2ccccc23)CC(OC2CCCCO2)O1,test
434,C=CC1C(C(=CO)C(=O)OC)CC2c3[nH]c4ccccc4c3CCN2C1OC1OC(CO)C(O)C(O)C1O,XAYUCVICBPYPRE-UHFFFAOYSA-N,CHEMBL452240,10.1021/np049863m,Antioxidant activity assessed as DPPH radical scavenging activity 30 min (manual check),530.6,5.090000000000015e-05,4.29328221766324,Other,c1ccc2c3c([nH]c2c1)C1CCCC(OC2CCCCO2)N1CC3,train
435,C=CC1C(OC2OC(CO)C(O)C(O)C2O)OC=C(C(=O)OC)C1CC1NC(C(=O)O)Cc2c1[nH]c1ccccc21,LHKZIVMTXZLOTP-UHFFFAOYSA-N,CHEMBL502463,10.1021/np049863m,Antioxidant activity assessed as DPPH radical scavenging activity 30 min (manual check),574.6,4.710000000000043e-05,4.3269790928711,Other,C1=CC(CC2NCCc3c2[nH]c2ccccc32)CC(OC2CCCCO2)O1,train
436,C=CC1C(OC2OC(CO)C(O)C(O)C2O)OC=C(C(=O)OC)C1CC1NCCc2c1[nH]c1ccccc21,XBAMJZTXGWPTRM-UHFFFAOYSA-N,CHEMBL402211,10.1021/np049863m,Antioxidant activity assessed as DPPH radical scavenging activity 30 min (manual check),530.6,5.599999999999992e-05,4.2518119729938,Other,C1=CC(CC2NCCc3c2[nH]c2ccccc32)CC(OC2CCCCO2)O1,train
437,C=CC1C(OC2OC(CO)C(O)C(O)C2O)OC=C(C(=O)O)C1CC1NCCc2c1[nH]c1ccccc21,CMMIVMFGFIBAGC-UHFFFAOYSA-N,CHEMBL528546,10.1021/np049863m,Antioxidant activity assessed as DPPH radical scavenging activity 30 min (manual check),516.5,4.9699999999999724e-05,4.30364361126667,Other,C1=CC(CC2NCCc3c2[nH]c2ccccc32)CC(OC2CCCCO2)O1,test
438,C=CC1C(OC2OC(CO)C(O)C(O)C2O)OC=C(C(=O)OC)C1Cc1nc(C(=O)O)cc2c1[nH]c1ccc(O)cc12,HFPKTEZZZRPDQU-UHFFFAOYSA-N,CHEMBL452188,10.1021/np049863m,Antioxidant activity assessed as DPPH radical scavenging activity 30 min (manual check),586.6,1.830000000000001e-05,4.73754891026957,Other,C1=CC(Cc2nccc3c2[nH]c2ccccc23)CC(OC2CCCCO2)O1,train
439,C=CC1C(OC2OC(CO)C(O)C(O)C2O)OC=C(C(=O)O)C1CC1=NCCc2c1[nH]c1ccccc21,QNVNXPBFKQJAIB-UHFFFAOYSA-N,CHEMBL528769,10.1021/np049863m,Antioxidant activity assessed as DPPH radical scavenging activity 30 min (manual check),514.5,5.2299999999999455e-05,4.28149831113273,Other,C1=CC(CC2=NCCc3c2[nH]c2ccccc32)CC(OC2CCCCO2)O1,train
440,COc1ccc(CC2C(=O)OCC2Cc2ccc(OC3OC(CO)C(O)C(O)C3O)c(OC)c2)cc1O,QUUIVLXTYGZTRK-UHFFFAOYSA-N,CHEMBL486465,10.1021/np040113m,Antioxidant activity assessed as DPPH radical scavenging activity after 30 mins,520.5,0.00037999999999999997,3.42021640338319,Other,O=C1OCC(Cc2ccc(OC3CCCCO3)cc2)C1Cc1ccccc1,train
441,COc1cc(CC2C(=O)OCC2Cc2ccc(OC3OC(CO)C(O)C(O)C3O)c(OC)c2)ccc1O,FWRZDNFXFFWBGP-UHFFFAOYSA-N,CHEMBL519055,10.1021/np040113m,Antioxidant activity assessed as DPPH radical scavenging activity after 30 mins,520.5,0.00027800000000000253,3.55595520408192,Other,O=C1OCC(Cc2ccc(OC3CCCCO3)cc2)C1Cc1ccccc1,train
442,COc1cc(CC2COC(=O)C2Cc2ccc(OC3OC(CO)C(O)C(O)C3O)c(OC)c2)ccc1O,AAGCATAPYOEULE-UHFFFAOYSA-N,CHEMBL520065,10.1021/np040113m,Antioxidant activity assessed as DPPH radical scavenging activity after 30 mins,520.5,0.00019400000000000176,3.71219827006977,Other,O=C1OCC(Cc2ccccc2)C1Cc1ccc(OC2CCCCO2)cc1,train
443,COc1cc(C2OC(=O)C3C(c4ccc(OC5OC(CO)C(O)C(O)C5O)c(OC)c4)OCC23)ccc1O,REJREAKEHPGNCH-UHFFFAOYSA-N,CHEMBL488926,10.1021/np040113m,Antioxidant activity assessed as DPPH radical scavenging activity after 30 mins,534.5,0.0002600000000000012,3.58502665202918,Other,O=C1OC(c2ccccc2)C2COC(c3ccc(OC4CCCCO4)cc3)C12,train
444,Cc1c(O)cc(O)c2c1C(C)C(C)O2,SASOPTOEUQXKMB-UHFFFAOYSA-N,CHEMBL463315,10.1021/np010605o,Antioxidant activity assessed as DPPH radical scavenging activity after 30 mins by spectrophotometry,194.2,1.0390000000000058e-05,4.98338445244282,Other,c1ccc2c(c1)CCO2,train
445,O=C(O)c1cc(O)ccc1O,WXTMDXOMEHJXQO-UHFFFAOYSA-N,CHEMBL1461,10.1021/np010605o,Antioxidant activity assessed as DPPH radical scavenging activity after 30 mins by spectrophotometry,154.1,4.2600000000000126e-06,5.37059040089728,Phenolic acid,c1ccccc1,test
446,COC(=O)C1(O)CC(O)C(OC(=O)c2cc(O)c(O)c(O)c2)C(OC(=O)C=Cc2ccc(O)c(O)c2)C1,VMLJFBIJZLTOFL-UHFFFAOYSA-N,CHEMBL459400,10.1021/np020576x,Antioxidant activity assessed as DPPH radical scavenging activity after 30 mins,520.4,1.2900000000000022e-05,4.88941028970075,Phenolic acid,O=C(C=Cc1ccccc1)OC1CCCCC1OC(=O)c1ccccc1,test
447,O=C(C=Cc1ccc(O)c(O)c1)OC1CC(O)(C(=O)O)CC(O)C1OC(=O)c1cc(O)c(O)c(O)c1,JODSXMBDAMZIDL-UHFFFAOYSA-N,CHEMBL458307,10.1021/np020576x,Antioxidant activity assessed as DPPH radical scavenging activity after 30 mins,506.4,2.3500000000000215e-05,4.62893213772826,Phenolic acid,O=C(C=Cc1ccccc1)OC1CCCCC1OC(=O)c1ccccc1,train
448,COc1c(CC=C(C)C)c(O)c(C(CC(C)C)c2c(O)c(CC=C(C)C)c(O)c(C(C)=O)c2O)c(O)c1C(C)=O,KLFWXYAHGSXKAW-UHFFFAOYSA-N,CHEMBL513957,10.1021/np030054x,Antioxidant activity assessed as DPPH radical scavenging activity after 30 mins,554.7,0.0004930000000000002,3.30715308072277,Other,c1ccc(Cc2ccccc2)cc1,train
449,O=C(C=Cc1ccc(O)c(O)c1)OC1C(c2c(O)cc3oc4cc(O)c(O)cc4c(=O)c3c2O)OC(CO)C(O)C1O,KJGSFWHQWXCZRH-UHFFFAOYSA-N,CHEMBL504852,10.1021/np030100t,Antioxidant activity assessed as DPPH radical scavenging activity after 30 mins,584.5,1.7809999999999858e-05,4.74933608053676,Phenolic acid,O=C(C=Cc1ccccc1)OC1CCCOC1c1ccc2oc3ccccc3c(=O)c2c1,train
450,O=C(OC1C(c2c(O)cc3oc4cc(O)c(O)cc4c(=O)c3c2O)OC(CO)C(O)C1O)c1ccc(O)cc1,WVLYNCZFGCFUAG-UHFFFAOYSA-N,CHEMBL468669,10.1021/np030100t,Antioxidant activity assessed as DPPH radical scavenging activity after 30 mins,542.4,3.071999999999968e-05,4.51257878864053,Coumarin,O=C(OC1CCCOC1c1ccc2oc3ccccc3c(=O)c2c1)c1ccccc1,train
451,O=C(OC1C(c2c(O)cc3oc4cc(O)c(O)cc4c(=O)c3c2O)OC(CO)C(O)C1O)c1ccccc1,AVPLATUJXHPZBU-UHFFFAOYSA-N,CHEMBL466996,10.1021/np030100t,Antioxidant activity assessed as DPPH radical scavenging activity after 30 mins,526.5,3.266000000000003e-05,4.48598381959935,Coumarin,O=C(OC1CCCOC1c1ccc2oc3ccccc3c(=O)c2c1)c1ccccc1,train
452,O=c1c2cc(O)c(O)cc2oc2cc(O)c(C3OC(CO)C(O)C(O)C3O)c(O)c12,AEDDIBAIWPIIBD-UHFFFAOYSA-N,CHEMBL464825,10.1021/np030100t,Antioxidant activity assessed as DPPH radical scavenging activity after 30 mins,422.3,3.502000000000022e-05,4.45568385825257,Coumarin,O=c1c2ccccc2oc2ccc(C3CCCCO3)cc12,train
453,O=C(C=Cc1ccc(O)cc1)OC1C(c2c(O)cc3oc4cc(O)c(O)cc4c(=O)c3c2O)OC(CO)C(O)C1O,IEOFCWJJHJJKMH-UHFFFAOYSA-N,CHEMBL499543,10.1021/np030100t,Antioxidant activity assessed as DPPH radical scavenging activity after 30 mins,568.5,2.5450000000000127e-05,4.59431221332722,Phenolic acid,O=C(C=Cc1ccccc1)OC1CCCOC1c1ccc2oc3ccccc3c(=O)c2c1,train
454,O=C(C=Cc1ccccc1)OC1C(c2c(O)cc3oc4cc(O)c(O)cc4c(=O)c3c2O)OC(CO)C(O)C1O,WSTDGCUXRJQNCC-UHFFFAOYSA-N,CHEMBL466788,10.1021/np030100t,Antioxidant activity assessed as DPPH radical scavenging activity after 30 mins,552.5,3.135999999999991e-05,4.5036239459876,Coumarin,O=C(C=Cc1ccccc1)OC1CCCOC1c1ccc2oc3ccccc3c(=O)c2c1,test
455,O=C(O)C1OC(Oc2c(O)cc(O)c3c(=O)cc(-c4ccc(O)cc4)oc23)C(O)C(OS(=O)(=O)O)C1O,RUJCBFMBNQPWBK-UHFFFAOYSA-N,CHEMBL460972,10.1021/np034002j,Antioxidant activity assessed as DPPH radical scavenging activity after 30 mins,542.4,0.0003411000000000022,3.4671182805926,Flavonoid,O=c1cc(-c2ccccc2)oc2c(OC3CCCCO3)cccc12,train
456,O=C(O)C1OC(Oc2c(O)cc(O)c3c(=O)cc(-c4ccc(O)c(O)c4)oc23)C(O)C(OS(=O)(=O)O)C1O,ZRZNGKWFMIBYEF-UHFFFAOYSA-N,CHEMBL466583,10.1021/np034002j,Antioxidant activity assessed as DPPH radical scavenging activity after 30 mins,558.4,0.0001201999999999998,3.92009553233328,Flavonoid,O=c1cc(-c2ccccc2)oc2c(OC3CCCCO3)cccc12,train
457,O=C(O)C1OC(Oc2c(O)cc(O)c3c(=O)cc(-c4ccc(O)cc4)oc23)C(O)C(O)C1O,FBDUYUDFMFZSDJ-UHFFFAOYSA-N,CHEMBL462705,10.1021/np034002j,Antioxidant activity assessed as DPPH radical scavenging activity after 30 mins,462.4,6.810000000000069e-05,4.16685288808721,Flavonoid,O=c1cc(-c2ccccc2)oc2c(OC3CCCCO3)cccc12,train
458,O=C(O)C1OC(Oc2c(O)cc(O)c3c(=O)cc(-c4ccc(O)c(O)c4)oc23)C(O)C(O)C1O,BVMDSEFJGKQBKJ-UHFFFAOYSA-N,CHEMBL512433,10.1021/np034002j,Antioxidant activity assessed as DPPH radical scavenging activity after 30 mins,478.4,5.8200000000000195e-05,4.23507701535011,Flavonoid,O=c1cc(-c2ccccc2)oc2c(OC3CCCCO3)cccc12,train
459,COC(=O)C1OC(Oc2c(-c3ccc(O)c(O)c3)oc3cc(O)cc(O)c3c2=O)C(O)C(O)C1O,DAKHAONGVOPWRO-UHFFFAOYSA-N,CHEMBL468872,10.1021/np034002j,Antioxidant activity assessed as DPPH radical scavenging activity after 30 mins,492.4,4.15999999999997e-05,4.38090666937326,Flavonoid,O=c1c(OC2CCCCO2)c(-c2ccccc2)oc2ccccc12,train
460,COC(=O)C1OC(Oc2c(O)cc(O)c3c(=O)cc(-c4ccc(O)cc4)oc23)C(O)C(O)C1O,OBCWIMFOZUOMAM-UHFFFAOYSA-N,CHEMBL467412,10.1021/np034002j,Antioxidant activity assessed as DPPH radical scavenging activity after 30 mins,476.4,6.920000000000038e-05,4.15989390554324,Flavonoid,O=c1cc(-c2ccccc2)oc2c(OC3CCCCO3)cccc12,test
461,COc1cc(C=CCO)ccc1OC(CO)C(O)c1ccc(O)cc1,YCPLFSHHVNUIPO-UHFFFAOYSA-N,CHEMBL552045,10.1021/np800488p,Antioxidant activity assessed as DPPH radical scavenging activity after 30 mins by spectrophotometry,346.4,0.00019238461476947923,3.71582966196496,Other,c1ccc(CCOc2ccccc2)cc1,train
462,COc1cc(C(O)C(CO)Oc2ccc(C=CCO)cc2OC)ccc1O,FYEZJIXULOZDRT-UHFFFAOYSA-N,CHEMBL560169,10.1021/np800488p,Antioxidant activity assessed as DPPH radical scavenging activity after 30 mins by spectrophotometry,376.4,6.090000000000059e-05,4.21538270736712,Other,c1ccc(CCOc2ccccc2)cc1,train
463,COC(c1ccc(O)cc1)C1COC(c2ccc(O)cc2)C1CO,HPAZDJQKSZTHER-UHFFFAOYSA-N,CHEMBL559774,10.1021/np800488p,Antioxidant activity assessed as DPPH radical scavenging activity after 30 mins by spectrophotometry,330.4,0.00028109999999999946,3.55113915439256,Other,c1ccc(CC2COC(c3ccccc3)C2)cc1,train
464,COc1cc(CCCO)ccc1OC(CO)C(O)c1ccc(O)cc1,KMRAGNBQNZWMMG-UHFFFAOYSA-N,CHEMBL550571,10.1021/np800488p,Antioxidant activity assessed as DPPH radical scavenging activity after 30 mins by spectrophotometry,348.4,0.00027389999999999907,3.56240796774604,Other,c1ccc(CCOc2ccccc2)cc1,train
465,COc1cc(C=CC(=O)C=Cc2ccc(O)c(OC)c2)ccc1O,ISIMGBQRFXXNON-UHFFFAOYSA-N,CHEMBL128729,10.1016/j.ejmech.2009.03.020,Antioxidant activity assessed as DPPH free radical scavenging activity after 30 mins,326.3,0.0002573500000000009,3.58947582741381,Other,O=C(C=Cc1ccccc1)C=Cc1ccccc1,train
466,COc1cc(C=CC(=O)OCC2OC(OCCc3ccc(O)c(O)c3)C(O)C(OC3OC(C)C(O)C(O)C3OC3OCC(O)C(O)C3O)C2O)ccc1O,UUTFGEZECHAQKE-UHFFFAOYSA-N,CHEMBL595383,10.1016/j.bmc.2009.07.065,Antioxidant activity assessed as DPPH radical scavenging activity after 30 mins by spectrophotometry,770.7,1.100000000000012e-05,4.95860731484177,Phenolic acid,O=C(C=Cc1ccccc1)OCC1CC(OC2OCCCC2OC2CCCCO2)CC(OCCc2ccccc2)O1,test
467,COc1cc(C=CC(=O)OC2C(CO)OC(OCCc3ccc(O)c(O)c3)C(O)C2OC2OC(C)C(O)C(O)C2OC2OCC(O)C(O)C2O)ccc1O,ZPJGTPAAEPXBQT-UHFFFAOYSA-N,CHEMBL608705,10.1016/j.bmc.2009.07.065,Antioxidant activity assessed as DPPH radical scavenging activity after 30 mins by spectrophotometry,770.7,1.4000000000000062e-05,4.85387196432176,Phenolic acid,O=C(C=Cc1ccccc1)OC1COC(OCCc2ccccc2)CC1OC1OCCCC1OC1CCCCO1,train
468,CC1OC(OC2C(O)C(OCCc3ccc(O)c(O)c3)OC(CO)C2OC(=O)C=Cc2ccc(O)c(O)c2)C(OC2OCC(O)C(O)C2O)C(O)C1O,UDHCHDJLZGYDDM-UHFFFAOYSA-N,CHEMBL595544,10.1016/j.bmc.2009.07.065,Antioxidant activity assessed as DPPH radical scavenging activity after 30 mins by spectrophotometry,756.7,1.650000000000015e-05,4.78251605578609,Phenolic acid,O=C(C=Cc1ccccc1)OC1COC(OCCc2ccccc2)CC1OC1OCCCC1OC1CCCCO1,train
469,CC1OC(OC2C(O)C(COC(=O)C=Cc3ccc(O)c(O)c3)OC(OCCc3ccc(O)c(O)c3)C2O)C(OC2OCC(O)C(O)C2O)C(O)C1O,QBKQKZMPUZQDGD-UHFFFAOYSA-N,CHEMBL595333,10.1016/j.bmc.2009.07.065,Antioxidant activity assessed as DPPH radical scavenging activity after 30 mins by spectrophotometry,756.7,3.829999999999977e-05,4.41680122603138,Phenolic acid,O=C(C=Cc1ccccc1)OCC1CC(OC2OCCCC2OC2CCCCO2)CC(OCCc2ccccc2)O1,train
470,Cc1coc2c(O)c3oc(=O)cc(C)c3cc12,YBSOPKOLTBENOH-UHFFFAOYSA-N,CHEMBL1165808,10.1016/j.ejmech.2010.02.044,Antioxidant activity assessed as DPPH radical scavenging activity measured up to 300 mins,230.2,0.00011879999999999867,3.92518355935483,Coumarin,O=c1ccc2cc3ccoc3cc2o1,train
471,Cc1cc(=O)oc2c(O)c3occc3cc12,GMUKRCCECVRGDL-UHFFFAOYSA-N,CHEMBL1164635,10.1016/j.ejmech.2010.02.044,Antioxidant activity assessed as DPPH radical scavenging activity measured up to 300 mins,216.2,8.150000000000072e-05,4.08884239126002,Coumarin,O=c1ccc2cc3ccoc3cc2o1,test
472,O=c1ccc2cc3ccoc3c(O)c2o1,JWVYQQGERKEAHW-UHFFFAOYSA-N,CHEMBL1192,10.1016/j.ejmech.2010.02.044,Antioxidant activity assessed as DPPH radical scavenging activity measured up to 300 mins,202.2,6.95999999999997e-05,4.15739076038944,Coumarin,O=c1ccc2cc3ccoc3cc2o1,train
473,N#CC1=C(N)OC(c2c[nH]c3ccccc23)=C(C#N)C1c1cc(Br)c2c(c1)OCO2,PRIKDMSRJKJZAS-UHFFFAOYSA-N,CHEMBL1222785,10.1016/j.bmcl.2010.07.039,Antioxidant activity assessed as DPPH radical scavenging activity 30 min (manual check),461.3,0.0038570127899414325,2.41374892100127,Other,C1=CC(c2ccc3c(c2)OCO3)C=C(c2c[nH]c3ccccc23)O1,train
474,Cc1ccccc1C1C(C#N)=C(N)OC(c2c[nH]c3ccccc23)=C1C#N,DZELCTHYWWEIKF-UHFFFAOYSA-N,CHEMBL1222701,10.1016/j.bmcl.2010.07.039,Antioxidant activity assessed as DPPH radical scavenging activity 30 min (manual check),352.4,0.003892309875141904,2.40979259191163,Other,C1=CC(c2ccccc2)C=C(c2c[nH]c3ccccc23)O1,train
475,Cc1ccc(C2C(C#N)=C(N)OC(c3c[nH]c4ccccc34)=C2C#N)cc1,YMEFBCKBSHNWMX-UHFFFAOYSA-N,CHEMBL1222700,10.1016/j.bmcl.2010.07.039,Antioxidant activity assessed as DPPH radical scavenging activity 30 min (manual check),352.4,0.004514018161180488,2.34543669796437,Other,C1=CC(c2ccccc2)C=C(c2c[nH]c3ccccc23)O1,train
476,N#CC1=C(N)OC(c2c[nH]c3ccccc23)=C(C#N)C1c1ccc(F)cc1,DOMKOJNQXDXULU-UHFFFAOYSA-N,CHEMBL1222633,10.1016/j.bmcl.2010.07.039,Antioxidant activity assessed as DPPH radical scavenging activity 30 min (manual check),356.4,0.002528367003366981,2.59715988609825,Other,C1=CC(c2ccccc2)C=C(c2c[nH]c3ccccc23)O1,test
477,N#CC1=C(N)OC(c2c[nH]c3ccccc23)=C(C#N)C1c1ccc(Br)cc1,MPSYFRPQMZSPAQ-UHFFFAOYSA-N,CHEMBL1222631,10.1016/j.bmcl.2010.07.039,Antioxidant activity assessed as DPPH radical scavenging activity 30 min (manual check),417.3,0.00028229091780493387,3.54930309426063,Other,C1=CC(c2ccccc2)C=C(c2c[nH]c3ccccc23)O1,train
478,N#CC1=C(N)OC(c2c[nH]c3ccccc23)=C(C#N)C1c1ccccc1Cl,ONKZDCQXCSLGRS-UHFFFAOYSA-N,CHEMBL1222630,10.1016/j.bmcl.2010.07.039,Antioxidant activity assessed as DPPH radical scavenging activity 30 min (manual check),372.8,0.0012539967811158856,2.9017035782943,Other,C1=CC(c2ccccc2)C=C(c2c[nH]c3ccccc23)O1,train
479,N#CC1=C(N)OC(c2c[nH]c3ccccc23)=C(C#N)C1c1cccc2ccccc12,NIMQYHSEQDFZDG-UHFFFAOYSA-N,CHEMBL1222560,10.1016/j.bmcl.2010.07.039,Antioxidant activity assessed as DPPH radical scavenging activity 30 min (manual check),388.4,0.004118486096807375,2.3852623957699,Other,C1=CC(c2cccc3ccccc23)C=C(c2c[nH]c3ccccc23)O1,train
480,N#CC1=C(N)OC(c2c[nH]c3ccccc23)=C(C#N)C1c1ccccc1,BINAPABELMYXQL-UHFFFAOYSA-N,CHEMBL1222559,10.1016/j.bmcl.2010.07.039,Antioxidant activity assessed as DPPH radical scavenging activity 30 min (manual check),338.4,0.0009107565011820232,3.04059771998459,Other,C1=CC(c2ccccc2)C=C(c2c[nH]c3ccccc23)O1,train
481,CCCC(O)CC1Cc2cc(OC)c(O)c(O)c2C(=O)O1,YEQFHPAADMFAMI-UHFFFAOYSA-N,CHEMBL1668328,10.1021/np1003752,Antioxidant activity assessed as DPPH radical scavenging activity 30 min (manual check),296.3,1.640000000000007e-05,4.7851561519523,Phenolic acid,O=C1OCCc2ccccc21,train
482,COc1ccc(-c2noc(-c3ccc(C)cc3)c2S(=O)(=O)CC2=NCCO2)cc1,TYUZJEMDBQOBFQ-UHFFFAOYSA-N,CHEMBL1829940,10.1016/j.ejmech.2011.08.010,Antioxidant activity assessed as DPPH free radical scavenging activity after 30 mins by spectrophotometric analysis,412.5,0.00015214545454545622,3.81774101797104,Other,O=S(=O)(CC1=NCCO1)c1c(-c2ccccc2)noc1-c1ccccc1,train
483,COc1ccc(C2=NN(c3ccccc3)C(c3ccc(C)cc3)C2S(=O)(=O)CC2=NCCO2)cc1,IUXQMHKWXSTENC-UHFFFAOYSA-N,CHEMBL1829916,10.1016/j.ejmech.2011.08.010,Antioxidant activity assessed as DPPH free radical scavenging activity after 30 mins by spectrophotometric analysis,489.6,0.000138357843137256,3.85899621682889,Aromatic amine,O=S(=O)(CC1=NCCO1)C1C(c2ccccc2)=NN(c2ccccc2)C1c1ccccc1,train
484,O=S(=O)(CC1=NCCO1)c1c(-c2ccccc2)noc1-c1ccccc1,FBZOWVQGGCCAKD-UHFFFAOYSA-N,CHEMBL1829939,10.1016/j.ejmech.2011.08.010,Antioxidant activity assessed as DPPH free radical scavenging activity after 30 mins by spectrophotometric analysis,368.4,0.00018857220412594832,3.72452232265046,Other,O=S(=O)(CC1=NCCO1)c1c(-c2ccccc2)noc1-c1ccccc1,train
485,COc1ccc(-c2nn(-c3ccccc3)c(-c3ccc(C)cc3)c2S(=O)(=O)CC2=NCCO2)cc1,SWSRZIKGYVPSNG-UHFFFAOYSA-N,CHEMBL1829934,10.1016/j.ejmech.2011.08.010,Antioxidant activity assessed as DPPH free radical scavenging activity after 30 mins by spectrophotometric analysis,487.6,0.00014575471698113093,3.83637738150392,Other,O=S(=O)(CC1=NCCO1)c1c(-c2ccccc2)nn(-c2ccccc2)c1-c1ccccc1,test
486,Cc1ccc(-c2c[nH]nc2S(=O)(=O)CC2=NCCO2)cc1,XHBWDOARAVOTIC-UHFFFAOYSA-N,CHEMBL1829928,10.1016/j.ejmech.2011.08.010,Antioxidant activity assessed as DPPH free radical scavenging activity after 30 mins by spectrophotometric analysis,305.4,0.00023742632612966573,3.62447112759309,Other,O=S(=O)(CC1=NCCO1)c1n[nH]cc1-c1ccccc1,train
487,COc1ccc(C2=NOC(c3ccc(C)cc3)C2S(=O)(=O)CC2=NCCO2)cc1,SELUZNWKCQOHIK-UHFFFAOYSA-N,CHEMBL1829922,10.1016/j.ejmech.2011.08.010,Antioxidant activity assessed as DPPH free radical scavenging activity after 30 mins by spectrophotometric analysis,414.5,0.00018132689987937449,3.7415377634578,Other,O=S(=O)(CC1=NCCO1)C1C(c2ccccc2)=NOC1c1ccccc1,train
488,O=S(=O)(CC1=NCCO1)c1n[nH]cc1-c1ccccc1,OILJXHHNFIFMOC-UHFFFAOYSA-N,CHEMBL1829927,10.1016/j.ejmech.2011.08.010,Antioxidant activity assessed as DPPH free radical scavenging activity after 30 mins by spectrophotometric analysis,291.3,0.00028238928939237966,3.54915177945451,Other,O=S(=O)(CC1=NCCO1)c1n[nH]cc1-c1ccccc1,train
489,O=S(=O)(CC1=NCCO1)c1c(-c2ccccc2)nn(-c2ccccc2)c1-c1ccccc1,IFLBDXNQDKWCFZ-UHFFFAOYSA-N,CHEMBL1829933,10.1016/j.ejmech.2011.08.010,Antioxidant activity assessed as DPPH free radical scavenging activity after 30 mins by spectrophotometric analysis,443.5,0.00018597519729425242,3.73054497189228,Other,O=S(=O)(CC1=NCCO1)c1c(-c2ccccc2)nn(-c2ccccc2)c1-c1ccccc1,train
490,COc1ccc(C2=NOC(c3ccc(C)cc3)C2S(=O)(=O)CC2=NCCS2)cc1,YZSPHQAZULQHHU-UHFFFAOYSA-N,CHEMBL1829925,10.1016/j.ejmech.2011.08.010,Antioxidant activity assessed as DPPH free radical scavenging activity after 30 mins by spectrophotometric analysis,430.6,0.00019828146771946133,3.70271787501954,Other,O=S(=O)(CC1=NCCS1)C1C(c2ccccc2)=NOC1c1ccccc1,train
491,O=S(=O)(CC1=NCCO1)C1C(c2ccccc2)=NN(c2ccccc2)C1c1ccccc1,VLCOKXVNUTXHPV-UHFFFAOYSA-N,CHEMBL1829915,10.1016/j.ejmech.2011.08.010,Antioxidant activity assessed as DPPH free radical scavenging activity after 30 mins by spectrophotometric analysis,445.5,0.00019360269360269445,3.71308860462758,Aromatic amine,O=S(=O)(CC1=NCCO1)C1C(c2ccccc2)=NN(c2ccccc2)C1c1ccccc1,train
492,O=S(=O)(CC1=NCCO1)C1C(c2ccccc2)=NOC1c1ccccc1,QPDFVRWYZZOMGC-UHFFFAOYSA-N,CHEMBL1829921,10.1016/j.ejmech.2011.08.010,Antioxidant activity assessed as DPPH free radical scavenging activity after 30 mins by spectrophotometric analysis,370.4,0.00023301835853131652,3.63260986139991,Other,O=S(=O)(CC1=NCCO1)C1C(c2ccccc2)=NOC1c1ccccc1,train
493,COc1ccc(C2=NN(c3ccccc3)C(c3ccc(C)cc3)C2S(=O)(=O)CC2=NCCS2)cc1,MICCXIIKRGBZEF-UHFFFAOYSA-N,CHEMBL1829919,10.1016/j.ejmech.2011.08.010,Antioxidant activity assessed as DPPH free radical scavenging activity after 30 mins by spectrophotometric analysis,505.7,0.0001918924263397262,3.71694216577403,Aromatic amine,O=S(=O)(CC1=NCCS1)C1C(c2ccccc2)=NN(c2ccccc2)C1c1ccccc1,train
494,Cc1ccc(C2CNN=C2S(=O)(=O)CC2=NCCO2)cc1,OERCZCUJMZOMMN-UHFFFAOYSA-N,CHEMBL1829910,10.1016/j.ejmech.2011.08.010,Antioxidant activity assessed as DPPH free radical scavenging activity after 30 mins by spectrophotometric analysis,307.4,0.00032674040338321513,3.48579715912284,Other,O=S(=O)(CC1=NCCO1)C1=NNCC1c1ccccc1,train
495,Cc1ccc(C2CNN=C2S(=O)(=O)CC2=NCCS2)cc1,ZTBOVHUAFUXMDK-UHFFFAOYSA-N,CHEMBL1829913,10.1016/j.ejmech.2011.08.010,Antioxidant activity assessed as DPPH free radical scavenging activity after 30 mins by spectrophotometric analysis,323.4,0.00032074829931972703,3.49383563767483,Other,O=S(=O)(CC1=NCCS1)C1=NNCC1c1ccccc1,train
496,C=C1CCC2(C(=O)OC3OC(CO)C(O)C(O)C3O)CCC3(C)C(=CCC4C5(C)CCC(OC6OC(C(=O)O)C(O)C(O)C6O)C(C)(CO)C5CCC43C)C2C1,XZLYKCFSWUWOSX-UHFFFAOYSA-N,CHEMBL2043374,10.1016/j.bmcl.2012.05.017,Antioxidant activity assessed as DPPH radical scavenging activity after 30 mins by spectrophotometry,794.9,0.0003900000000000007,3.4089353929735,Terpenoid,C=C1CCC2(C(=O)OC3CCCCO3)CCC3C(=CCC4C5CCC(OC6CCCCO6)CC5CCC34)C2C1,test
497,Cc1c(-c2nnc(-c3ccccc3)o2)sc2ncnc(Nc3ccc(Cl)cc3)c12,RSMQDJOFDQLJPH-UHFFFAOYSA-N,CHEMBL2153863,10.1016/j.ejmech.2012.10.007,Antioxidant activity assessed as inhibition of DPPH free radical production after 30 mins by spectrophotometric analysis,419.9,4.2938794951178636e-05,4.36715014791554,Aromatic amine,c1ccc(Nc2ncnc3sc(-c4nnc(-c5ccccc5)o4)cc23)cc1,train
498,Cc1c(-c2nnc(-c3ccc(Cl)cc3)o2)sc2ncnc(Nc3ccc(Cl)cc3)c12,FOXFTUFTKYHKBG-UHFFFAOYSA-N,CHEMBL2153864,10.1016/j.ejmech.2012.10.007,Antioxidant activity assessed as inhibition of DPPH free radical production after 30 mins by spectrophotometric analysis,454.3,4.250495267444431e-05,4.37156046303523,Aromatic amine,c1ccc(Nc2ncnc3sc(-c4nnc(-c5ccccc5)o4)cc23)cc1,test
499,Cc1c(-c2nnc(-c3ccc([N+](=O)[O-])cc3)o2)sc2ncnc(Nc3ccc(Cl)cc3)c12,RZLODONPMKLYHX-UHFFFAOYSA-N,CHEMBL2151329,10.1016/j.ejmech.2012.10.007,Antioxidant activity assessed as inhibition of DPPH free radical production after 30 mins by spectrophotometric analysis,464.9,5.097870509787084e-05,4.29261120017298,Aromatic amine,c1ccc(Nc2ncnc3sc(-c4nnc(-c5ccccc5)o4)cc23)cc1,train
500,Cc1c(-c2nnc(-c3ccccc3)o2)sc2ncnc(Nc3ccc(F)cc3)c12,NNOVETTZGPPVQU-UHFFFAOYSA-N,CHEMBL2151330,10.1016/j.ejmech.2012.10.007,Antioxidant activity assessed as inhibition of DPPH free radical production after 30 mins by spectrophotometric analysis,403.4,4.276152702032756e-05,4.36894679446745,Aromatic amine,c1ccc(Nc2ncnc3sc(-c4nnc(-c5ccccc5)o4)cc23)cc1,train
501,Cc1c(-c2nnc(-c3ccc(Cl)cc3)o2)sc2ncnc(Nc3ccc(F)cc3)c12,CJONWELXLZKAKZ-UHFFFAOYSA-N,CHEMBL2151331,10.1016/j.ejmech.2012.10.007,Antioxidant activity assessed as inhibition of DPPH free radical production after 30 mins by spectrophotometric analysis,437.9,4.0420187257364606e-05,4.39340167883032,Aromatic amine,c1ccc(Nc2ncnc3sc(-c4nnc(-c5ccccc5)o4)cc23)cc1,train
502,Cc1c(-c2nnc(-c3ccc([N+](=O)[O-])cc3)o2)sc2ncnc(Nc3ccc(F)cc3)c12,OCMHSWDJYPUEOX-UHFFFAOYSA-N,CHEMBL2151332,10.1016/j.ejmech.2012.10.007,Antioxidant activity assessed as inhibition of DPPH free radical production after 30 mins by spectrophotometric analysis,448.4,4.6654772524531525e-05,4.3311039237277,Aromatic amine,c1ccc(Nc2ncnc3sc(-c4nnc(-c5ccccc5)o4)cc23)cc1,test
503,Cc1c(-c2nnc(-c3ccccc3)o2)sc2ncnc(Nc3ccc(F)c(Cl)c3)c12,HUOHUDOOMMOQNT-UHFFFAOYSA-N,CHEMBL2151333,10.1016/j.ejmech.2012.10.007,Antioxidant activity assessed as inhibition of DPPH free radical production after 30 mins by spectrophotometric analysis,437.9,4.167618177666151e-05,4.38011207639963,Aromatic amine,c1ccc(Nc2ncnc3sc(-c4nnc(-c5ccccc5)o4)cc23)cc1,train
504,Cc1c(-c2nnc(-c3ccc(Cl)cc3)o2)sc2ncnc(Nc3ccc(F)c(Cl)c3)c12,FITSTJJBBYAIOD-UHFFFAOYSA-N,CHEMBL2151042,10.1016/j.ejmech.2012.10.007,Antioxidant activity assessed as inhibition of DPPH free radical production after 30 mins by spectrophotometric analysis,472.3,4.143552826593254e-05,4.3826271199187,Aromatic amine,c1ccc(Nc2ncnc3sc(-c4nnc(-c5ccccc5)o4)cc23)cc1,train
505,Cc1c(-c2nnc(-c3ccc([N+](=O)[O-])cc3)o2)sc2ncnc(Nc3ccc(F)c(Cl)c3)c12,IHEQLIUEOAMJGC-UHFFFAOYSA-N,CHEMBL2151334,10.1016/j.ejmech.2012.10.007,Antioxidant activity assessed as inhibition of DPPH free radical production after 30 mins by spectrophotometric analysis,482.9,5.319942016980739e-05,4.274093101134,Aromatic amine,c1ccc(Nc2ncnc3sc(-c4nnc(-c5ccccc5)o4)cc23)cc1,train
506,Cc1c(-c2nnc(-c3ccccc3)o2)sc2ncnc(Nc3ccc(F)cc3F)c12,PXXBODPQQGUDHB-UHFFFAOYSA-N,CHEMBL2151335,10.1016/j.ejmech.2012.10.007,Antioxidant activity assessed as inhibition of DPPH free radical production after 30 mins by spectrophotometric analysis,421.4,4.012814428096816e-05,4.39655092367434,Aromatic amine,c1ccc(Nc2ncnc3sc(-c4nnc(-c5ccccc5)o4)cc23)cc1,train
507,Cc1c(-c2nnc(-c3ccc(Cl)cc3)o2)sc2ncnc(Nc3ccc(F)cc3F)c12,CMYUJUJIHBZZSE-UHFFFAOYSA-N,CHEMBL2151336,10.1016/j.ejmech.2012.10.007,Antioxidant activity assessed as inhibition of DPPH free radical production after 30 mins by spectrophotometric analysis,455.9,3.586312787892062e-05,4.44535183520566,Aromatic amine,c1ccc(Nc2ncnc3sc(-c4nnc(-c5ccccc5)o4)cc23)cc1,train
508,Cc1c(-c2nnc(-c3ccc([N+](=O)[O-])cc3)o2)sc2ncnc(Nc3ccc(F)cc3F)c12,ADNANZQWYZBFBW-UHFFFAOYSA-N,CHEMBL2151337,10.1016/j.ejmech.2012.10.007,Antioxidant activity assessed as inhibition of DPPH free radical production after 30 mins by spectrophotometric analysis,466.4,4.146655231560937e-05,4.38230207200397,Aromatic amine,c1ccc(Nc2ncnc3sc(-c4nnc(-c5ccccc5)o4)cc23)cc1,train
509,CCCCN1CCN(Cc2c(O)c(O)c(O)c3c(=O)cc(-c4ccc(O)cc4)oc23)CC1,SSMAFYAMAYEXLB-UHFFFAOYSA-N,CHEMBL2204082,10.1016/j.bmc.2012.10.015,Antioxidant activity assessed as inhibition of DPPH radical by spectrophotometric analysis using MTT assay method 30 min (manual check),440.5,3.2700000000000293e-05,4.48545224733971,Flavonoid,O=c1cc(-c2ccccc2)oc2c(CN3CCNCC3)cccc12,train
510,CCN1CCN(Cc2c(O)c(O)c(O)c3c(=O)cc(-c4ccc(O)cc4)oc23)CC1,QGVSWKWCURACSC-UHFFFAOYSA-N,CHEMBL2204081,10.1016/j.bmc.2012.10.015,Antioxidant activity assessed as inhibition of DPPH radical by spectrophotometric analysis using MTT assay method 30 min (manual check),412.4,3.244000000000014e-05,4.48891915446088,Flavonoid,O=c1cc(-c2ccccc2)oc2c(CN3CCNCC3)cccc12,train
511,CN1CCN(Cc2c(O)c(O)c(O)c3c(=O)cc(-c4ccc(O)cc4)oc23)CC1,UOFUGLTYJUVSGL-UHFFFAOYSA-N,CHEMBL2204080,10.1016/j.bmc.2012.10.015,Antioxidant activity assessed as inhibition of DPPH radical by spectrophotometric analysis using MTT assay method 30 min (manual check),398.4,3.2469999999999925e-05,4.488517711374,Flavonoid,O=c1cc(-c2ccccc2)oc2c(CN3CCNCC3)cccc12,train
512,O=c1cc(-c2ccc(O)cc2)oc2c(CN3CCOCC3)c(O)c(O)c(O)c12,TUVJEEHEJSLCQE-UHFFFAOYSA-N,CHEMBL2204079,10.1016/j.bmc.2012.10.015,Antioxidant activity assessed as inhibition of DPPH radical by spectrophotometric analysis using MTT assay method 30 min (manual check),385.4,3.088999999999992e-05,4.51018209169855,Flavonoid,O=c1cc(-c2ccccc2)oc2c(CN3CCOCC3)cccc12,train
513,CC(C)N(Cc1c(O)c(O)c(O)c2c(=O)cc(-c3ccc(O)cc3)oc12)C(C)C,DZUGQKPXLVAAFM-UHFFFAOYSA-N,CHEMBL2204078,10.1016/j.bmc.2012.10.015,Antioxidant activity assessed as inhibition of DPPH radical by spectrophotometric analysis using MTT assay method 30 min (manual check),399.4,3.007999999999969e-05,4.5217221680804,Flavonoid,O=c1cc(-c2ccccc2)oc2ccccc12,train
514,CCN(CC)Cc1c(O)c(O)c(O)c2c(=O)cc(-c3ccc(O)cc3)oc12,NTWNXAMFMHTPEG-UHFFFAOYSA-N,CHEMBL2204077,10.1016/j.bmc.2012.10.015,Antioxidant activity assessed as inhibition of DPPH radical by spectrophotometric analysis using MTT assay method 30 min (manual check),371.4,2.496000000000019e-05,4.60275541898961,Flavonoid,O=c1cc(-c2ccccc2)oc2ccccc12,train
515,CN(C)Cc1c(O)c(O)c(O)c2c(=O)cc(-c3ccc(O)cc3)oc12,BHQURWVVUKBNJG-UHFFFAOYSA-N,CHEMBL2204076,10.1016/j.bmc.2012.10.015,Antioxidant activity assessed as inhibition of DPPH radical by spectrophotometric analysis using MTT assay method 30 min (manual check),343.3,2.6459999999999882e-05,4.57741016014852,Flavonoid,O=c1cc(-c2ccccc2)oc2ccccc12,train
516,CCC=CCC=CCC=CCC=CCC=CCC=CCCOCC1OC(Oc2c(-c3ccc(O)c(O)c3)oc3cc(O)cc(O)c3c2=O)C(O)C(O)C1O,WQVQJIWRQFBRGZ-UHFFFAOYSA-N,CHEMBL2316178,10.1016/j.bmc.2012.11.034,Antioxidant activity assessed as DPPH radical scavenging activity 30 min (manual check),746.9,0.0001465000000000006,3.83416237530987,Flavonoid,O=c1c(OC2CCCCO2)c(-c2ccccc2)oc2ccccc12,train
517,CCC=CCC=CCC=CCC=CCC=CCCCOCC1OC(Oc2c(-c3ccc(O)c(O)c3)oc3cc(O)cc(O)c3c2=O)C(O)C(O)C1O,OJCCNBIKTYTVAZ-UHFFFAOYSA-N,CHEMBL2316179,10.1016/j.bmc.2012.11.034,Antioxidant activity assessed as DPPH radical scavenging activity 30 min (manual check),720.8,3.694999999999964e-05,4.43238555726916,Flavonoid,O=c1c(OC2CCCCO2)c(-c2ccccc2)oc2ccccc12,train
518,CCC=CCC=CCC=CCCCCCCCC(=O)OCC1OC(Oc2c(-c3ccc(O)c(O)c3)oc3cc(O)cc(O)c3c2=O)C(O)C(O)C1O,BIIWAIBPRWCLLN-UHFFFAOYSA-N,CHEMBL2316180,10.1016/j.bmc.2012.11.034,Antioxidant activity assessed as DPPH radical scavenging activity 30 min (manual check),724.8,9.790000000000058e-05,4.00921730819686,Flavonoid,O=c1c(OC2CCCCO2)c(-c2ccccc2)oc2ccccc12,train
519,CCCCCC=CCC=CCCCCCCCC(=O)OCC1OC(Oc2c(-c3ccc(O)c(O)c3)oc3cc(O)cc(O)c3c2=O)C(O)C(O)C1O,OGFCQCIRSXRQIC-UHFFFAOYSA-N,CHEMBL2316181,10.1016/j.bmc.2012.11.034,Antioxidant activity assessed as DPPH radical scavenging activity 30 min (manual check),726.8,6.039999999999981e-05,4.21896306137887,Flavonoid,O=c1c(OC2CCCCO2)c(-c2ccccc2)oc2ccccc12,train
520,CCCCCCCCC=CCCCCCCCC(=O)OCC1OC(Oc2c(-c3ccc(O)c(O)c3)oc3cc(O)cc(O)c3c2=O)C(O)C(O)C1O,HAXSOHCDOYWAQM-UHFFFAOYSA-N,CHEMBL2316182,10.1016/j.bmc.2012.11.034,Antioxidant activity assessed as DPPH radical scavenging activity 30 min (manual check),728.8,3.820000000000013e-05,4.41793663708829,Flavonoid,O=c1c(OC2CCCCO2)c(-c2ccccc2)oc2ccccc12,train
521,CCCCCCCCCCCCCCCCCCC(=O)OCC1OC(Oc2c(-c3ccc(O)c(O)c3)oc3cc(O)cc(O)c3c2=O)C(O)C(O)C1O,PNBUPMRZSOZAND-UHFFFAOYSA-N,CHEMBL2316183,10.1016/j.bmc.2012.11.034,Antioxidant activity assessed as DPPH radical scavenging activity 30 min (manual check),744.9,4.1999999999999943e-05,4.3767507096021,Flavonoid,O=c1c(OC2CCCCO2)c(-c2ccccc2)oc2ccccc12,train
522,CCC=CCC=CCC=CCC=CCC=CCC=CCCOCC1OC(Oc2cc(O)cc(O)c2C(=O)CCc2ccc(O)cc2)C(O)C(O)C1O,MPMVTNLPUMVHJV-UHFFFAOYSA-N,CHEMBL2316184,10.1016/j.bmc.2012.11.034,Antioxidant activity assessed as DPPH radical scavenging activity 30 min (manual check),718.9,0.001907700000000018,2.71948992029672,Other,O=C(CCc1ccccc1)c1ccccc1OC1CCCCO1,train
523,CCC=CCC=CCC=CCC=CCC=CCCCOCC1OC(Oc2cc(O)cc(O)c2C(=O)CCc2ccc(O)cc2)C(O)C(O)C1O,NACOINJHDLACNX-UHFFFAOYSA-N,CHEMBL2316185,10.1016/j.bmc.2012.11.034,Antioxidant activity assessed as DPPH radical scavenging activity 30 min (manual check),692.8,0.0016888000000000007,2.7724217797004,Other,O=C(CCc1ccccc1)c1ccccc1OC1CCCCO1,train
524,CCC=CCC=CCC=CCCCCCCCC(=O)OCC1OC(Oc2cc(O)cc(O)c2C(=O)CCc2ccc(O)cc2)C(O)C(O)C1O,VULKKGSPIZPTRX-UHFFFAOYSA-N,CHEMBL2316186,10.1016/j.bmc.2012.11.034,Antioxidant activity assessed as DPPH radical scavenging activity 30 min (manual check),696.8,0.002873599999999997,2.54157368501279,Other,O=C(CCc1ccccc1)c1ccccc1OC1CCCCO1,train
525,CCCCCC=CCC=CCCCCCCCC(=O)OCC1OC(Oc2cc(O)cc(O)c2C(=O)CCc2ccc(O)cc2)C(O)C(O)C1O,YFFZBWMUWDTKJI-UHFFFAOYSA-N,CHEMBL2316187,10.1016/j.bmc.2012.11.034,Antioxidant activity assessed as DPPH radical scavenging activity 30 min (manual check),698.9,0.0009017999999999965,3.04488976902945,Other,O=C(CCc1ccccc1)c1ccccc1OC1CCCCO1,train
526,CCCCCCCCC=CCCCCCCCC(=O)OCC1OC(Oc2cc(O)cc(O)c2C(=O)CCc2ccc(O)cc2)C(O)C(O)C1O,HTMBEBZQUSNCND-UHFFFAOYSA-N,CHEMBL2316188,10.1016/j.bmc.2012.11.034,Antioxidant activity assessed as DPPH radical scavenging activity 30 min (manual check),700.9,0.009719999999999902,2.01233373507373,Other,O=C(CCc1ccccc1)c1ccccc1OC1CCCCO1,train
527,CCCCCCCCCCCCCCCCCCC(=O)OCC1OC(Oc2cc(O)cc(O)c2C(=O)CCc2ccc(O)cc2)C(O)C(O)C1O,GHFVTRNKIIUDNT-UHFFFAOYSA-N,CHEMBL2316189,10.1016/j.bmc.2012.11.034,Antioxidant activity assessed as DPPH radical scavenging activity 30 min (manual check),716.9,0.005265300000000011,2.27857687905916,Other,O=C(CCc1ccccc1)c1ccccc1OC1CCCCO1,train
528,O=C(CCc1ccc(O)cc1)c1c(O)cc(O)cc1OC1OC(CO)C(O)C(O)C1O,IOUVKUPGCMBWBT-UHFFFAOYSA-N,CHEMBL245067,10.1016/j.bmc.2012.11.034,Antioxidant activity assessed as DPPH radical scavenging activity 30 min (manual check),436.4,0.0014889000000000148,2.82713447008301,Other,O=C(CCc1ccccc1)c1ccccc1OC1CCCCO1,train
529,O=c1cc(-c2ccccc2)oc2cc(O)c(O)c(O)c12,FXNFHKRTJBSTCS-UHFFFAOYSA-N,CHEMBL8260,10.1039/C5MD00163C,Antioxidant activity assessed as DPPH radical scavenging activity after 30 mins by ELISA reader analysis,270.2,3.4017672944204175e-05,4.46829539860286,Flavonoid,O=c1cc(-c2ccccc2)oc2ccccc12,train
530,O=c1cc(-c2ccc(O)cc2)oc2cc(O)c(O)c(O)c12,JVXZRQGOGOXCEC-UHFFFAOYSA-N,CHEMBL55415,10.1016/j.bmc.2012.10.015,Antioxidant activity assessed as inhibition of DPPH radical by spectrophotometric analysis using MTT assay method 30 min (manual check),286.2,2.3056538819932486e-05,4.6372058871638,Flavonoid,O=c1cc(-c2ccccc2)oc2ccccc12,train
531,O=c1cc(-c2ccc(O)c(O)c2)oc2cc(O)cc(O)c12,IQPNAANSBPBGFQ-UHFFFAOYSA-N,CHEMBL151,10.1016/j.bmcl.2009.09.062,Antioxidant activity assessed as DPPH radical scavenging activity after 30 mins,286.2,7.481213368105387e-06,5.12602795877498,Flavonoid,O=c1cc(-c2ccccc2)oc2ccccc12,train
532,O=c1c(O)c(-c2ccc(O)c(O)c2)oc2cc(O)cc(O)c12,REFJWTPEDVJJIY-UHFFFAOYSA-N,CHEMBL50,10.1021/jm401842e,Antioxidant activity assessed as DPPH radical scavenging activity after 30 mins,302.2,1.5118064155755256e-05,4.82050381599737,Flavonoid,O=c1cc(-c2ccccc2)oc2ccccc12,train
533,Cc1ccc(C(C)C)cc1O,RECUKUPTGUEGMW-UHFFFAOYSA-N,CHEMBL281202,10.1016/j.bmcl.2012.12.001,Antioxidant activity assessed as DPPH radical scavenging activity in ethanol solution 30 min (manual check),150.2,0.0008737683089214367,3.05860371095414,Other,c1ccccc1,train
534,Cc1ccc(C(C)(C)C)c(O)c1,XOUQAVYLRNOXDO-UHFFFAOYSA-N,CHEMBL1880057,10.1016/j.bmcl.2012.12.001,Antioxidant activity assessed as DPPH radical scavenging activity in ethanol solution 30 min (manual check),164.2,0.00105937880633375,2.97494871969981,Other,c1ccccc1,train
535,Cc1ccc(C(C)C)c(O)c1,MGSRCZKZVOBKFT-UHFFFAOYSA-N,CHEMBL29411,10.1016/j.bmcl.2012.12.001,Antioxidant activity assessed as DPPH radical scavenging activity in ethanol solution 30 min (manual check),150.2,0.0011156458055925432,2.95247366300791,Other,c1ccccc1,train
536,Cc1cc(N=Cc2cccnc2)c(C(C)C)cc1O,SJBLIQMHBRMZSP-UHFFFAOYSA-N,CHEMBL2316817,10.1016/j.bmcl.2012.12.001,Antioxidant activity assessed as DPPH radical scavenging activity in ethanol solution 30 min (manual check),254.3,0.00012882422335823768,3.89000246708733,Aromatic amine,C(=Nc1ccccc1)c1cccnc1,train
537,Cc1cc(N=Cc2ccccn2)c(C(C)C)cc1O,LJCOTSHFVDHRCU-UHFFFAOYSA-N,CHEMBL2316816,10.1016/j.bmcl.2012.12.001,Antioxidant activity assessed as DPPH radical scavenging activity in ethanol solution 30 min (manual check),254.3,9.594966574911514e-05,4.01795653383698,Aromatic amine,C(=Nc1ccccc1)c1ccccn1,train
538,Cc1cc(N=Cc2ccc3c(c2)OCO3)c(C(C)C)cc1O,ZHUQTOHZCATHHS-UHFFFAOYSA-N,CHEMBL2316815,10.1016/j.bmcl.2012.12.001,Antioxidant activity assessed as DPPH radical scavenging activity in ethanol solution 30 min (manual check),297.4,5.574983187626097e-05,4.25375643797168,Aromatic amine,C(=Nc1ccccc1)c1ccc2c(c1)OCO2,train
539,Cc1cc(N=Cc2ccc([N+](=O)[O-])cc2)c(C(C)C)cc1O,ARRABXWLNSYPOQ-UHFFFAOYSA-N,CHEMBL2316825,10.1016/j.bmcl.2012.12.001,Antioxidant activity assessed as DPPH radical scavenging activity in ethanol solution 30 min (manual check),298.3,0.00017405296681193426,3.75931856956975,Aromatic amine,C(=Nc1ccccc1)c1ccccc1,train
540,Cc1cc(N=Cc2ccc(Br)cc2)c(C(C)C)cc1O,WUTOOJPIXGLZEJ-UHFFFAOYSA-N,CHEMBL2316824,10.1016/j.bmcl.2012.12.001,Antioxidant activity assessed as DPPH radical scavenging activity in ethanol solution 30 min (manual check),332.2,7.155328115592943e-05,4.1453704463872,Aromatic amine,C(=Nc1ccccc1)c1ccccc1,train
541,Cc1cc(N=Cc2ccc(Cl)cc2)c(C(C)C)cc1O,RAFYSQOWEZJICP-UHFFFAOYSA-N,CHEMBL2316823,10.1016/j.bmcl.2012.12.001,Antioxidant activity assessed as DPPH radical scavenging activity in ethanol solution 30 min (manual check),287.8,8.439888811674693e-05,4.07366327479546,Aromatic amine,C(=Nc1ccccc1)c1ccccc1,train
542,Cc1cc(N=Cc2ccc(F)cc2)c(C(C)C)cc1O,BAEDYECZDDCHIE-UHFFFAOYSA-N,CHEMBL2316822,10.1016/j.bmcl.2012.12.001,Antioxidant activity assessed as DPPH radical scavenging activity in ethanol solution 30 min (manual check),271.3,0.00011986730556579311,3.92129925683957,Aromatic amine,C(=Nc1ccccc1)c1ccccc1,train
543,Cc1cc(N=Cc2ccc(C(C)(C)C)cc2)c(C(C)C)cc1O,JOJUPDQODYJRQU-UHFFFAOYSA-N,CHEMBL2316821,10.1016/j.bmcl.2012.12.001,Antioxidant activity assessed as DPPH radical scavenging activity in ethanol solution 30 min (manual check),309.5,7.072697899838529e-05,4.1504148917882,Aromatic amine,C(=Nc1ccccc1)c1ccccc1,train
544,Cc1cc(N=Cc2ccc(C(C)C)cc2)c(C(C)C)cc1O,CTTBMTXNABBDJO-UHFFFAOYSA-N,CHEMBL2316820,10.1016/j.bmcl.2012.12.001,Antioxidant activity assessed as DPPH radical scavenging activity in ethanol solution 30 min (manual check),295.4,7.136086662153045e-05,4.14653988443542,Aromatic amine,C(=Nc1ccccc1)c1ccccc1,train
545,CCCc1ccc(C=Nc2cc(C)c(O)cc2C(C)C)cc1,UDELGHVRJUOIQO-UHFFFAOYSA-N,CHEMBL2316819,10.1016/j.bmcl.2012.12.001,Antioxidant activity assessed as DPPH radical scavenging activity in ethanol solution 30 min (manual check),295.4,7.457684495599242e-05,4.12739599382516,Aromatic amine,C(=Nc1ccccc1)c1ccccc1,train
546,CCc1ccc(C=Nc2cc(C)c(O)cc2C(C)C)cc1,PTPZNYOKNTWDIC-UHFFFAOYSA-N,CHEMBL2316818,10.1016/j.bmcl.2012.12.001,Antioxidant activity assessed as DPPH radical scavenging activity in ethanol solution 30 min (manual check),281.4,9.004975124378208e-05,4.0455174825513,Aromatic amine,C(=Nc1ccccc1)c1ccccc1,train
547,Cc1ccc(C=Nc2cc(C)c(O)cc2C(C)C)cc1,SPLXVVJKUAKFPM-UHFFFAOYSA-N,CHEMBL2311805,10.1016/j.bmcl.2012.12.001,Antioxidant activity assessed as DPPH radical scavenging activity in ethanol solution 30 min (manual check),267.4,9.566192969334336e-05,4.01926086278333,Aromatic amine,C(=Nc1ccccc1)c1ccccc1,train
548,Cc1cc(N=Cc2ccccc2)c(C(C)C)cc1O,NSZRTXVEQJLBBO-UHFFFAOYSA-N,CHEMBL2311804,10.1016/j.bmcl.2012.12.001,Antioxidant activity assessed as DPPH radical scavenging activity in ethanol solution 30 min (manual check),253.3,8.787998420844817e-05,4.05611002979186,Aromatic amine,C(=Nc1ccccc1)c1ccccc1,train
549,Cc1cc(O)c(C(C)(C)C)cc1N=Cc1cccnc1,IAEQZEILSUWNJM-UHFFFAOYSA-N,CHEMBL2316867,10.1016/j.bmcl.2012.12.001,Antioxidant activity assessed as DPPH radical scavenging activity in ethanol solution 30 min (manual check),268.4,0.00012678837555886883,3.89692056240114,Aromatic amine,C(=Nc1ccccc1)c1cccnc1,train
550,Cc1cc(O)c(C(C)(C)C)cc1N=Cc1ccccn1,CYCFRQGZLFJGQD-UHFFFAOYSA-N,CHEMBL2316866,10.1016/j.bmcl.2012.12.001,Antioxidant activity assessed as DPPH radical scavenging activity in ethanol solution 30 min (manual check),268.4,8.297317436661627e-05,4.08106229446292,Aromatic amine,C(=Nc1ccccc1)c1ccccn1,train
551,Cc1cc(O)c(C(C)(C)C)cc1N=Cc1ccc2c(c1)OCO2,KSKDLUDYUSBPOK-UHFFFAOYSA-N,CHEMBL2316865,10.1016/j.bmcl.2012.12.001,Antioxidant activity assessed as DPPH radical scavenging activity in ethanol solution 30 min (manual check),311.4,4.380218368657692e-05,4.35850423791164,Aromatic amine,C(=Nc1ccccc1)c1ccc2c(c1)OCO2,train
552,Oc1cc(O)c2c(c1)OC(c1ccc(O)c(O)c1)C(O)C2,PFTAWBLQPZVEMU-UHFFFAOYSA-N,CHEMBL206452,10.1016/j.ejmech.2013.06.016,Antioxidant activity assessed as DPPH free radical scavenging activity after 30 mins,290.3,4.998988614170643e-05,4.30111785240694,Other,c1ccc(C2CCc3ccccc3O2)cc1,train
553,Cc1cc(O)c(C(C)(C)C)cc1N=Cc1ccc([N+](=O)[O-])cc1,QGPQIZQRWXYSAY-UHFFFAOYSA-N,CHEMBL2316856,10.1016/j.bmcl.2012.12.001,Antioxidant activity assessed as DPPH radical scavenging activity in ethanol solution 30 min (manual check),312.4,0.00015169654289372658,3.81902431650586,Aromatic amine,C(=Nc1ccccc1)c1ccccc1,train
554,Cc1cc(O)c(C(C)(C)C)cc1N=Cc1ccc(Br)cc1,QSJSOQKAGBQZKU-UHFFFAOYSA-N,CHEMBL2316855,10.1016/j.bmcl.2012.12.001,Antioxidant activity assessed as DPPH radical scavenging activity in ethanol solution 30 min (manual check),346.3,5.8792954086052556e-05,4.23067471788474,Aromatic amine,C(=Nc1ccccc1)c1ccccc1,train
555,Cc1cc(O)c(C(C)(C)C)cc1N=Cc1ccc(Cl)cc1,WLDGLEBGPFCKDQ-UHFFFAOYSA-N,CHEMBL2316854,10.1016/j.bmcl.2012.12.001,Antioxidant activity assessed as DPPH radical scavenging activity in ethanol solution 30 min (manual check),301.8,7.355864811133247e-05,4.13336626098893,Aromatic amine,C(=Nc1ccccc1)c1ccccc1,train
556,Cc1cc(O)c(C(C)(C)C)cc1N=Cc1ccc(F)cc1,ORJGKFPEFSUOHZ-UHFFFAOYSA-N,CHEMBL2316853,10.1016/j.bmcl.2012.12.001,Antioxidant activity assessed as DPPH radical scavenging activity in ethanol solution 30 min (manual check),285.4,9.446391030133067e-05,4.02473408091535,Aromatic amine,C(=Nc1ccccc1)c1ccccc1,test
557,Cc1cc(O)c(C(C)(C)C)cc1N=Cc1ccc(C(C)(C)C)cc1,ITTZCCOVIHDCDU-UHFFFAOYSA-N,CHEMBL2316852,10.1016/j.bmcl.2012.12.001,Antioxidant activity assessed as DPPH radical scavenging activity in ethanol solution 30 min (manual check),323.5,6.197836166924236e-05,4.20775990804852,Aromatic amine,C(=Nc1ccccc1)c1ccccc1,train
558,Cc1cc(O)c(C(C)(C)C)cc1N=Cc1ccc(C(C)C)cc1,COZXPFDBKURLCG-UHFFFAOYSA-N,CHEMBL2316851,10.1016/j.bmcl.2012.12.001,Antioxidant activity assessed as DPPH radical scavenging activity in ethanol solution 30 min (manual check),309.5,6.274636510500818e-05,4.20241142778415,Aromatic amine,C(=Nc1ccccc1)c1ccccc1,train
559,CCCc1ccc(C=Nc2cc(C(C)(C)C)c(O)cc2C)cc1,NGQUMINWNZEMAF-UHFFFAOYSA-N,CHEMBL2316850,10.1016/j.bmcl.2012.12.001,Antioxidant activity assessed as DPPH radical scavenging activity in ethanol solution 30 min (manual check),309.5,6.823909531502456e-05,4.16596673949436,Aromatic amine,C(=Nc1ccccc1)c1ccccc1,train
560,CCc1ccc(C=Nc2cc(C(C)(C)C)c(O)cc2C)cc1,LCSRICALNJUHCB-UHFFFAOYSA-N,CHEMBL2316849,10.1016/j.bmcl.2012.12.001,Antioxidant activity assessed as DPPH radical scavenging activity in ethanol solution 30 min (manual check),295.4,8.138117806364221e-05,4.08947602764523,Aromatic amine,C(=Nc1ccccc1)c1ccccc1,train
561,Cc1ccc(C=Nc2cc(C(C)(C)C)c(O)cc2C)cc1,XSIYKCQKXOORJV-UHFFFAOYSA-N,CHEMBL2316868,10.1016/j.bmcl.2012.12.001,Antioxidant activity assessed as DPPH radical scavenging activity in ethanol solution 30 min (manual check),281.4,8.642501776830126e-05,4.06336052249803,Aromatic amine,C(=Nc1ccccc1)c1ccccc1,train
562,Cc1cc(O)c(C(C)(C)C)cc1N=Cc1ccccc1,FOYUVQQSJYYZIH-UHFFFAOYSA-N,CHEMBL2316848,10.1016/j.bmcl.2012.12.001,Antioxidant activity assessed as DPPH radical scavenging activity in ethanol solution 30 min (manual check),267.4,6.955871353777097e-05,4.15764845870805,Aromatic amine,C(=Nc1ccccc1)c1ccccc1,test
563,Cc1cc(O)c(C(C)C)cc1N=Cc1cccnc1,KVVIPQDCZACOGS-UHFFFAOYSA-N,CHEMBL2316847,10.1016/j.bmcl.2012.12.001,Antioxidant activity assessed as DPPH radical scavenging activity in ethanol solution 30 min (manual check),254.3,0.00014864333464412237,3.82785456033848,Aromatic amine,C(=Nc1ccccc1)c1cccnc1,train
564,Cc1cc(O)c(C(C)C)cc1N=Cc1ccccn1,BSBRNQPIFZWJGS-UHFFFAOYSA-N,CHEMBL2316846,10.1016/j.bmcl.2012.12.001,Antioxidant activity assessed as DPPH radical scavenging activity in ethanol solution 30 min (manual check),254.3,9.382618953991255e-05,4.02767592084139,Aromatic amine,C(=Nc1ccccc1)c1ccccn1,train
565,Cc1cc(O)c(C(C)C)cc1N=Cc1ccc2c(c1)OCO2,MSSWKSMLJGXDPN-UHFFFAOYSA-N,CHEMBL2316845,10.1016/j.bmcl.2012.12.001,Antioxidant activity assessed as DPPH radical scavenging activity in ethanol solution 30 min (manual check),297.4,4.018157363819761e-05,4.39597305890178,Aromatic amine,C(=Nc1ccccc1)c1ccc2c(c1)OCO2,test
566,Oc1cc(O)c2c(c1)OC(c1cc(O)c(O)c(O)c1)C(O)C2,XMOCLSLCDHWDHP-UHFFFAOYSA-N,CHEMBL47386,10.1021/acs.jnatprod.6b00720,Antioxidant activity assessed as DPPH radical scavenging activity incubated for 30 mins,306.3,2.473881672340501e-05,4.60662107684859,Other,c1ccc(C2CCc3ccccc3O2)cc1,train
567,Cc1cc(O)c(C(C)C)cc1N=Cc1ccc([N+](=O)[O-])cc1,RRRIUZTYKDNUQH-UHFFFAOYSA-N,CHEMBL2316837,10.1016/j.bmcl.2012.12.001,Antioxidant activity assessed as DPPH radical scavenging activity in ethanol solution 30 min (manual check),298.3,0.0002112973516594022,3.67510594623645,Aromatic amine,C(=Nc1ccccc1)c1ccccc1,train
568,Cc1cc(O)c(C(C)C)cc1N=Cc1ccc(Br)cc1,VTRDBSMVEDGTJW-UHFFFAOYSA-N,CHEMBL2316836,10.1016/j.bmcl.2012.12.001,Antioxidant activity assessed as DPPH radical scavenging activity in ethanol solution 30 min (manual check),332.2,6.637567730282931e-05,4.17799103431152,Aromatic amine,C(=Nc1ccccc1)c1ccccc1,train
569,Cc1cc(O)c(C(C)C)cc1N=Cc1ccc(Cl)cc1,XZVDESMFBWJQAP-UHFFFAOYSA-N,CHEMBL2316835,10.1016/j.bmcl.2012.12.001,Antioxidant activity assessed as DPPH radical scavenging activity in ethanol solution 30 min (manual check),287.8,8.377345378735285e-05,4.07689357922313,Aromatic amine,C(=Nc1ccccc1)c1ccccc1,train
570,Cc1cc(O)c(C(C)C)cc1N=Cc1ccc(F)cc1,XXBHIMNGMFUDRG-UHFFFAOYSA-N,CHEMBL2316834,10.1016/j.bmcl.2012.12.001,Antioxidant activity assessed as DPPH radical scavenging activity in ethanol solution 30 min (manual check),271.3,9.432362698120174e-05,4.02537950787441,Aromatic amine,C(=Nc1ccccc1)c1ccccc1,train
571,Cc1cc(O)c(C(C)C)cc1N=Cc1ccc(C(C)(C)C)cc1,ALRQOWKGSMNOEA-UHFFFAOYSA-N,CHEMBL2316833,10.1016/j.bmcl.2012.12.001,Antioxidant activity assessed as DPPH radical scavenging activity in ethanol solution 30 min (manual check),309.5,5.9353796445880186e-05,4.22655149705033,Aromatic amine,C(=Nc1ccccc1)c1ccccc1,test
572,Cc1cc(O)c(C(C)C)cc1N=Cc1ccc(C(C)C)cc1,BGYWIPPCORRYFW-UHFFFAOYSA-N,CHEMBL2316832,10.1016/j.bmcl.2012.12.001,Antioxidant activity assessed as DPPH radical scavenging activity in ethanol solution 30 min (manual check),295.4,6.316858496953272e-05,4.19949885156545,Aromatic amine,C(=Nc1ccccc1)c1ccccc1,train
573,CCCc1ccc(C=Nc2cc(C(C)C)c(O)cc2C)cc1,NJVSOEAMYISKBT-UHFFFAOYSA-N,CHEMBL2316831,10.1016/j.bmcl.2012.12.001,Antioxidant activity assessed as DPPH radical scavenging activity in ethanol solution 30 min (manual check),295.4,6.824644549763078e-05,4.16591996320244,Aromatic amine,C(=Nc1ccccc1)c1ccccc1,train
574,CCc1ccc(C=Nc2cc(C(C)C)c(O)cc2C)cc1,DMFTXCZGXSLVRH-UHFFFAOYSA-N,CHEMBL2316830,10.1016/j.bmcl.2012.12.001,Antioxidant activity assessed as DPPH radical scavenging activity in ethanol solution 30 min (manual check),281.4,7.683013503908947e-05,4.11446840348144,Aromatic amine,C(=Nc1ccccc1)c1ccccc1,train
575,Cc1ccc(C=Nc2cc(C(C)C)c(O)cc2C)cc1,LETVAFJHBPTCKT-UHFFFAOYSA-N,CHEMBL2316829,10.1016/j.bmcl.2012.12.001,Antioxidant activity assessed as DPPH radical scavenging activity in ethanol solution 30 min (manual check),267.4,8.186237845923781e-05,4.08691564135803,Aromatic amine,C(=Nc1ccccc1)c1ccccc1,train
576,Cc1cc(O)c(C(C)C)cc1N=Cc1ccccc1,ZGGSOQNHPVVQAR-UHFFFAOYSA-N,CHEMBL2316828,10.1016/j.bmcl.2012.12.001,Antioxidant activity assessed as DPPH radical scavenging activity in ethanol solution 30 min (manual check),253.3,7.323332017370766e-05,4.13529127583948,Aromatic amine,C(=Nc1ccccc1)c1ccccc1,train
577,O=c1ccc2ccc(O)cc2o1,ORHBXUUXSCNDEV-UHFFFAOYSA-N,CHEMBL51628,10.1016/j.bmcl.2013.04.081,Antioxidant activity assessed as DPPH free radical scavenging activity by spectrophotometric analysis 30 min (manual check),162.1,0.0002227020357803809,3.65227581294286,Coumarin,O=c1ccc2ccccc2o1,train
578,CN(C)c1ccc(C=Nc2ccccc2O)cc1,GJZBNSJPZKCNPU-UHFFFAOYSA-N,CHEMBL2236145,10.1016/j.ejmech.2013.10.068,Antioxidant activity assessed as DPPH free radical scavenging activity after 30 mins by spectrophotometric analysis,240.3,2.2100520355864888e-05,4.65559750074836,Aromatic amine,C(=Nc1ccccc1)c1ccccc1,train
579,CCCC1CC2OC(=O)c3c(cc(OC)c(O)c3O)C2O1,XFTQOARYRNZEFJ-UHFFFAOYSA-N,CHEMBL1668326,10.1021/np1003752,Antioxidant activity assessed as DPPH radical scavenging activity 30 min (manual check),294.3,2.9819456735494288e-05,4.52550027298652,Phenolic acid,O=C1OC2CCOC2c2ccccc21,train
580,c1csc(C2COc3cccc4c3N2CCC4)c1,ODOJPFQGBXGHDE-UHFFFAOYSA-N,CHEMBL3086061,10.1016/j.bmcl.2013.09.088,Antioxidant activity assessed as DPPH free radical scavenging activity after 30 mins by spectrophotometry,257.4,5.630000000000046e-05,4.24949160514865,Aromatic amine,c1csc(C2COc3cccc4c3N2CCC4)c1,train
581,Nc1ccc(C2COc3cccc4c3N2CCC4)cc1,LOCWYMSLMPQHMF-UHFFFAOYSA-N,CHEMBL3086060,10.1016/j.bmcl.2013.09.088,Antioxidant activity assessed as DPPH free radical scavenging activity after 30 mins by spectrophotometry,266.3,4.499999999999966e-05,4.34678748622466,Aromatic amine,c1ccc(C2COc3cccc4c3N2CCC4)cc1,train
582,Nc1cccc(C2COc3cccc4c3N2CCC4)c1,ULAXAZLYIROFGU-UHFFFAOYSA-N,CHEMBL3086059,10.1016/j.bmcl.2013.09.088,Antioxidant activity assessed as DPPH free radical scavenging activity after 30 mins by spectrophotometry,266.3,5.2299999999999455e-05,4.28149831113273,Aromatic amine,c1ccc(C2COc3cccc4c3N2CCC4)cc1,train
583,COc1ccc(C2COc3cccc4c3N2CCC4)cc1,GSLBQPPZKMZKTR-UHFFFAOYSA-N,CHEMBL3086058,10.1016/j.bmcl.2013.09.088,Antioxidant activity assessed as DPPH free radical scavenging activity after 30 mins by spectrophotometry,281.4,6.450000000000036e-05,4.19044028536473,Aromatic amine,c1ccc(C2COc3cccc4c3N2CCC4)cc1,train
584,COc1ccc(C2COc3cccc4c3N2CCC4)cc1OC,UFQANANLJQYFKJ-UHFFFAOYSA-N,CHEMBL3086057,10.1016/j.bmcl.2013.09.088,Antioxidant activity assessed as DPPH free radical scavenging activity after 30 mins by spectrophotometry,311.4,7.550000000000034e-05,4.12205304837081,Aromatic amine,c1ccc(C2COc3cccc4c3N2CCC4)cc1,train
585,COc1cccc(C2COc3cccc4c3N2CCC4)c1,BGUNIOHVGQXRRJ-UHFFFAOYSA-N,CHEMBL3086056,10.1016/j.bmcl.2013.09.088,Antioxidant activity assessed as DPPH free radical scavenging activity after 30 mins by spectrophotometry,281.4,4.4599999999999824e-05,4.35066514128786,Aromatic amine,c1ccc(C2COc3cccc4c3N2CCC4)cc1,train
586,COc1ccccc1C1COc2cccc3c2N1CCC3,DZNRFBPBAHOTBE-UHFFFAOYSA-N,CHEMBL3086055,10.1016/j.bmcl.2013.09.088,Antioxidant activity assessed as DPPH free radical scavenging activity after 30 mins by spectrophotometry,281.4,4.539999999999961e-05,4.3429441471429,Aromatic amine,c1ccc(C2COc3cccc4c3N2CCC4)cc1,test
587,c1cc2c3c(c1)OCC(c1ccc4c(c1)OCO4)N3CCC2,NMJUKLGOGZKBHX-UHFFFAOYSA-N,CHEMBL3086054,10.1016/j.bmcl.2013.09.088,Antioxidant activity assessed as DPPH free radical scavenging activity after 30 mins by spectrophotometry,295.3,7.829999999999937e-05,4.10623823794206,Aromatic amine,c1cc2c3c(c1)OCC(c1ccc4c(c1)OCO4)N3CCC2,train
588,CC1Oc2cccc3c2N(CCC3)C1c1ccccc1,HIWVSHNIGVRRJU-UHFFFAOYSA-N,CHEMBL3086053,10.1016/j.bmcl.2013.09.088,Antioxidant activity assessed as DPPH free radical scavenging activity after 30 mins by spectrophotometry,265.4,9.539999999999894e-05,4.02045162529591,Aromatic amine,c1ccc(C2COc3cccc4c3N2CCC4)cc1,test
589,c1cc2c3c(c1)OCC(c1ccc4ccccc4c1)N3CCC2,XYQYYNLZXMMEST-UHFFFAOYSA-N,CHEMBL3086052,10.1016/j.bmcl.2013.09.088,Antioxidant activity assessed as DPPH free radical scavenging activity after 30 mins by spectrophotometry,301.4,9.830000000000095e-05,4.00744648216786,Aromatic amine,c1cc2c3c(c1)OCC(c1ccc4ccccc4c1)N3CCC2,train
590,c1cc2c3c(c1)OCC(c1cccc4ccccc14)N3CCC2,YRXOHVJCOQECFS-UHFFFAOYSA-N,CHEMBL3086051,10.1016/j.bmcl.2013.09.088,Antioxidant activity assessed as DPPH free radical scavenging activity after 30 mins by spectrophotometry,301.4,7.519999999999967e-05,4.12378215940836,Aromatic amine,c1cc2c3c(c1)OCC(c1cccc4ccccc14)N3CCC2,test
591,Cc1ccc(C2COc3cccc4c3N2CCC4)cc1,VBGAFZICIIWJEC-UHFFFAOYSA-N,CHEMBL3086050,10.1016/j.bmcl.2013.09.088,Antioxidant activity assessed as DPPH free radical scavenging activity after 30 mins by spectrophotometry,265.4,9.839999999999967e-05,4.00700490156866,Aromatic amine,c1ccc(C2COc3cccc4c3N2CCC4)cc1,train
592,c1ccc(C2COc3cccc4c3N2CCC4)cc1,ASUPFWMEGZDVRI-UHFFFAOYSA-N,CHEMBL3086049,10.1016/j.bmcl.2013.09.088,Antioxidant activity assessed as DPPH free radical scavenging activity after 30 mins by spectrophotometry,251.3,7.879999999999897e-05,4.10347378251045,Aromatic amine,c1ccc(C2COc3cccc4c3N2CCC4)cc1,train
593,CCC(C)C1=C(O)[N+]2([O-])Oc3ccc(C4=C(O)C(=O)C(c5ccc(O)cc5)=C(O)C4=O)cc3OC2(C(C)CC)C(=O)N1O,HEXAABFDZKPMQT-UHFFFAOYSA-N,CHEMBL3238004,10.1021/np401026b,Antioxidant activity assessed as DPPH radical scavenging activity after 30 mins by microplate reader analysis,594.6,1.766352173265603e-05,4.75292270299077,Quinone,O=C1C=C(c2ccc3c(c2)OC2C(=O)NC=C[NH+]2O3)C(=O)C=C1c1ccccc1,train
594,CC(=O)Oc1c(OC(C)=O)c(-c2ccc(O)cc2)c(O)c(O)c1-c1ccc(O)cc1,AOOKBXRZOJECCD-UHFFFAOYSA-N,CHEMBL3238007,10.1021/np401026b,Antioxidant activity assessed as DPPH radical scavenging activity after 30 mins by microplate reader analysis,410.4,4.400000000000022e-05,4.35654732351381,Other,c1ccc(-c2ccc(-c3ccccc3)cc2)cc1,train
595,CC(=O)Oc1c(OC(C)=O)c(-c2ccc(O)c(O)c2)c(O)c(O)c1-c1ccc(O)cc1,ZJYMCBIUBPWIGC-UHFFFAOYSA-N,CHEMBL1972790,10.1021/np401026b,Antioxidant activity assessed as DPPH radical scavenging activity after 30 mins by microplate reader analysis,426.4,1.100000000000012e-05,4.95860731484177,Other,c1ccc(-c2ccc(-c3ccccc3)cc2)cc1,test
596,O=C1C(O)=C(c2ccc(O)c(O)c2)C(=O)C(O)=C1c1ccc(O)cc1,PNLQLFIVEMDDQE-UHFFFAOYSA-N,CHEMBL3238008,10.1021/np401026b,Antioxidant activity assessed as DPPH radical scavenging activity after 30 mins by microplate reader analysis,340.3,9.000000000000098e-06,5.04575749056067,Quinone,O=C1C=C(c2ccccc2)C(=O)C=C1c1ccccc1,train
597,CC(=O)Oc1c(-c2ccc(O)cc2)c(O)c2oc3cc(O)c(O)cc3c2c1OC(C)=O,YJCDGKMVAYETOP-UHFFFAOYSA-N,CHEMBL3238009,10.1021/np401026b,Antioxidant activity assessed as DPPH radical scavenging activity after 30 mins by microplate reader analysis,424.4,2.800000000000007e-05,4.55284196865778,Other,c1ccc(-c2ccc3c(c2)oc2ccccc23)cc1,train
598,CCC(C)C1=C(O)[N+]2([O-])Oc3ccc(-c4c(O)c(O)c(-c5ccc(O)cc5)c(OC(C)=O)c4OC(C)=O)cc3OC2(C(C)CC)C(=O)N1O,ZRUOGCKQVBXKOD-UHFFFAOYSA-N,CHEMBL3238010,10.1021/np401026b,Antioxidant activity assessed as DPPH radical scavenging activity after 30 mins by microplate reader analysis,680.7,1.4071247279470444e-05,4.85166740486923,Other,O=C1NC=C[NH+]2Oc3ccc(-c4ccc(-c5ccccc5)cc4)cc3OC12,train
599,CCC(C)C1=C(O)[N+]2([O-])Oc3ccc(-c4c(O)c(O)c(-c5ccc(OC(C)=O)cc5)c(OC(C)=O)c4OC(C)=O)cc3OC2(C(C)CC)C(=O)N1O,ULLCSSTZNGODKE-UHFFFAOYSA-N,CHEMBL3238011,10.1021/np401026b,Antioxidant activity assessed as DPPH radical scavenging activity after 30 mins by microplate reader analysis,722.7,1.3000000000000086e-05,4.88605664769316,Other,O=C1NC=C[NH+]2Oc3ccc(-c4ccc(-c5ccccc5)cc4)cc3OC12,train
600,COC(=O)CCCc1nc2ccccc2c(=O)[nH]1,ZYKZZJCXISGYSQ-UHFFFAOYSA-N,CHEMBL3397960,10.1016/j.bmcl.2015.01.010,Antioxidant activity assessed as DPPH scavenging activity after 30 mins by spectrophotometry,282.7,0.7719999999999998,0.112382699664264,Other,O=c1[nH]cnc2ccccc12,train
601,COC(=O)CCc1nc2ccccc2c(=O)[nH]1,WDNPPALEONMOLT-UHFFFAOYSA-N,CHEMBL3397959,10.1016/j.bmcl.2015.01.010,Antioxidant activity assessed as DPPH scavenging activity after 30 mins by spectrophotometry,268.7,0.862,0.0644927341752872,Other,O=c1[nH]cnc2ccccc12,train
602,O=C(O)CCCc1nc2ccccc2c(=O)[nH]1,IWUFDMAFCDCNMQ-UHFFFAOYSA-N,CHEMBL3397958,10.1016/j.bmcl.2015.01.010,Antioxidant activity assessed as DPPH scavenging activity after 30 mins by spectrophotometry,232.2,1.25,-0.0969100130080564,Other,O=c1[nH]cnc2ccccc12,train
603,O=C(O)CCc1nc(O)c2ccccc2n1,HYSISEGNFBAVMJ-UHFFFAOYSA-N,CHEMBL1892587,10.1016/j.bmcl.2015.01.010,Antioxidant activity assessed as DPPH scavenging activity after 30 mins by spectrophotometry,218.2,1.1,-0.0413926851582251,Other,c1ccc2ncncc2c1,train
604,O=C(CCc1nc2ccccc2c(=O)[nH]1)NN=Cc1ccccc1,ISPKBUDEJNPURI-UHFFFAOYSA-N,CHEMBL3397961,10.1016/j.bmcl.2015.01.010,Antioxidant activity assessed as DPPH scavenging activity after 30 mins by spectrophotometry,320.4,0.7340000000000008,0.134303940083929,Other,O=C(CCc1nc2ccccc2c(=O)[nH]1)NN=Cc1ccccc1,train
605,O=C(CCCc1nc2ccccc2c(=O)[nH]1)NN=Cc1ccccc1,VXEFXHFSBKHMGB-UHFFFAOYSA-N,CHEMBL3397962,10.1016/j.bmcl.2015.01.010,Antioxidant activity assessed as DPPH scavenging activity after 30 mins by spectrophotometry,334.4,0.5680000000000002,0.245651664288981,Other,O=C(CCCc1nc2ccccc2c(=O)[nH]1)NN=Cc1ccccc1,test
606,O=C(CCc1nc2ccccc2c(=O)[nH]1)NN=Cc1ccc(Cl)cc1,IWBJPDWKEMFIEJ-UHFFFAOYSA-N,CHEMBL3397963,10.1016/j.bmcl.2015.01.010,Antioxidant activity assessed as DPPH scavenging activity after 30 mins by spectrophotometry,354.8,0.38099999999999973,0.419075024324381,Other,O=C(CCc1nc2ccccc2c(=O)[nH]1)NN=Cc1ccccc1,train
607,O=C(CCCc1nc2ccccc2c(=O)[nH]1)NN=Cc1ccc(Cl)cc1,SIPSWFOQXJKCRL-UHFFFAOYSA-N,CHEMBL3397964,10.1016/j.bmcl.2015.01.010,Antioxidant activity assessed as DPPH scavenging activity after 30 mins by spectrophotometry,368.8,0.35300000000000037,0.452225294612177,Other,O=C(CCCc1nc2ccccc2c(=O)[nH]1)NN=Cc1ccccc1,train
608,O=C(CCc1nc2ccccc2c(=O)[nH]1)NN=Cc1ccc([N+](=O)[O-])cc1,FIXHZMBESSLVLU-UHFFFAOYSA-N,CHEMBL3397965,10.1016/j.bmcl.2015.01.010,Antioxidant activity assessed as DPPH scavenging activity after 30 mins by spectrophotometry,365.3,0.32799999999999996,0.484126156288321,Aromatic amine,O=C(CCc1nc2ccccc2c(=O)[nH]1)NN=Cc1ccccc1,train
609,O=C(CCCc1nc2ccccc2c(=O)[nH]1)NN=Cc1ccc([N+](=O)[O-])cc1,ZXTIIMYGUFUZPJ-UHFFFAOYSA-N,CHEMBL3397966,10.1016/j.bmcl.2015.01.010,Antioxidant activity assessed as DPPH scavenging activity after 30 mins by spectrophotometry,379.4,0.3160000000000001,0.500312917381596,Aromatic amine,O=C(CCCc1nc2ccccc2c(=O)[nH]1)NN=Cc1ccccc1,train
610,O=C(CCc1nc2ccccc2c(=O)[nH]1)NN=Cc1ccc(O)cc1,KPPCTASRHKCKNC-UHFFFAOYSA-N,CHEMBL3397967,10.1016/j.bmcl.2015.01.010,Antioxidant activity assessed as DPPH scavenging activity after 30 mins by spectrophotometry,336.4,0.238,0.623423042943488,Other,O=C(CCc1nc2ccccc2c(=O)[nH]1)NN=Cc1ccccc1,train
611,O=C(CCCc1nc2ccccc2c(=O)[nH]1)NN=Cc1ccc(O)cc1,USWDMPTZXYPXHB-UHFFFAOYSA-N,CHEMBL3397968,10.1016/j.bmcl.2015.01.010,Antioxidant activity assessed as DPPH scavenging activity after 30 mins by spectrophotometry,350.4,0.21400000000000008,0.669586226650809,Other,O=C(CCCc1nc2ccccc2c(=O)[nH]1)NN=Cc1ccccc1,train
612,COc1ccc(C=NNC(=O)CCc2nc3ccccc3c(=O)[nH]2)cc1,KIBNXKMCUBQVBU-UHFFFAOYSA-N,CHEMBL3397969,10.1016/j.bmcl.2015.01.010,Antioxidant activity assessed as DPPH scavenging activity after 30 mins by spectrophotometry,350.4,0.21400000000000008,0.669586226650809,Other,O=C(CCc1nc2ccccc2c(=O)[nH]1)NN=Cc1ccccc1,train
613,COc1ccc(C=NNC(=O)CCCc2nc3ccccc3c(=O)[nH]2)cc1,HPHBRXRWXPLRGT-UHFFFAOYSA-N,CHEMBL3397970,10.1016/j.bmcl.2015.01.010,Antioxidant activity assessed as DPPH scavenging activity after 30 mins by spectrophotometry,364.4,0.24700000000000016,0.607303046740334,Other,O=C(CCCc1nc2ccccc2c(=O)[nH]1)NN=Cc1ccccc1,train
614,O=C(CCc1nc2ccccc2c(=O)[nH]1)NN=Cc1ccc(O)c(O)c1,IAJBRLJAQRTJJK-UHFFFAOYSA-N,CHEMBL3397971,10.1016/j.bmcl.2015.01.010,Antioxidant activity assessed as DPPH scavenging activity after 30 mins by spectrophotometry,352.4,0.11300000000000006,0.94692155651658,Other,O=C(CCc1nc2ccccc2c(=O)[nH]1)NN=Cc1ccccc1,train
615,O=C(CCCc1nc2ccccc2c(=O)[nH]1)NN=Cc1ccc(O)c(O)c1,CETTVRIKOINHNX-UHFFFAOYSA-N,CHEMBL3397972,10.1016/j.bmcl.2015.01.010,Antioxidant activity assessed as DPPH scavenging activity after 30 mins by spectrophotometry,366.4,0.0950000000000005,1.02227639471115,Other,O=C(CCCc1nc2ccccc2c(=O)[nH]1)NN=Cc1ccccc1,train
616,COc1cc(C=NNC(=O)CCc2nc3ccccc3c(=O)[nH]2)ccc1O,DHTZWPBCUUQLFO-UHFFFAOYSA-N,CHEMBL3397973,10.1016/j.bmcl.2015.01.010,Antioxidant activity assessed as DPPH scavenging activity after 30 mins by spectrophotometry,366.4,0.20400000000000013,0.690369832574101,Other,O=C(CCc1nc2ccccc2c(=O)[nH]1)NN=Cc1ccccc1,train
617,COc1cc(C=NNC(=O)CCCc2nc3ccccc3c(=O)[nH]2)ccc1O,RXQSGFLBGHBQCC-UHFFFAOYSA-N,CHEMBL3397974,10.1016/j.bmcl.2015.01.010,Antioxidant activity assessed as DPPH scavenging activity after 30 mins by spectrophotometry,380.4,0.2360000000000002,0.627087997029893,Other,O=C(CCCc1nc2ccccc2c(=O)[nH]1)NN=Cc1ccccc1,train
618,COc1cc(C=NNC(=O)CCc2nc3ccccc3c(=O)[nH]2)cc(OC)c1O,JYUANFQPMUDXLV-UHFFFAOYSA-N,CHEMBL3397055,10.1016/j.bmcl.2015.01.010,Antioxidant activity assessed as DPPH scavenging activity after 30 mins by spectrophotometry,396.4,0.12600000000000006,0.899629454882437,Other,O=C(CCc1nc2ccccc2c(=O)[nH]1)NN=Cc1ccccc1,train
619,COc1cc(C=NNC(=O)CCCc2nc3ccccc3c(=O)[nH]2)cc(OC)c1O,XWZSYKNVGDSQKO-UHFFFAOYSA-N,CHEMBL3397975,10.1016/j.bmcl.2015.01.010,Antioxidant activity assessed as DPPH scavenging activity after 30 mins by spectrophotometry,410.4,0.09699999999999893,1.01322826573376,Other,O=C(CCCc1nc2ccccc2c(=O)[nH]1)NN=Cc1ccccc1,train
620,COc1cc(C=NNC(=O)CCc2nc3ccccc3c(=O)[nH]2)cc(O)c1O,JAHUMRIFXNBZKK-UHFFFAOYSA-N,CHEMBL3397976,10.1016/j.bmcl.2015.01.010,Antioxidant activity assessed as DPPH scavenging activity after 30 mins by spectrophotometry,382.4,0.10399999999999993,0.98296666070122,Other,O=C(CCc1nc2ccccc2c(=O)[nH]1)NN=Cc1ccccc1,train
621,COc1cc(C=NNC(=O)CCCc2nc3ccccc3c(=O)[nH]2)cc(O)c1O,YXBUAUMSSXBJEO-UHFFFAOYSA-N,CHEMBL3397977,10.1016/j.bmcl.2015.01.010,Antioxidant activity assessed as DPPH scavenging activity after 30 mins by spectrophotometry,396.4,0.08800000000000029,1.05551732784983,Other,O=C(CCCc1nc2ccccc2c(=O)[nH]1)NN=Cc1ccccc1,train
622,COc1cc(C=NNC(=O)CCc2nc3ccccc3c(=O)[nH]2)cc(OC)c1OC,VXWFHKPMHXXFKP-UHFFFAOYSA-N,CHEMBL3397978,10.1016/j.bmcl.2015.01.010,Antioxidant activity assessed as DPPH scavenging activity after 30 mins by spectrophotometry,410.4,0.08499999999999946,1.07058107428571,Other,O=C(CCc1nc2ccccc2c(=O)[nH]1)NN=Cc1ccccc1,train
623,COc1cc(C=NNC(=O)CCCc2nc3ccccc3c(=O)[nH]2)cc(OC)c1OC,FCJBTNYYFLPZDM-UHFFFAOYSA-N,CHEMBL3397979,10.1016/j.bmcl.2015.01.010,Antioxidant activity assessed as DPPH scavenging activity after 30 mins by spectrophotometry,424.5,0.10599999999999993,0.97469413473523,Other,O=C(CCCc1nc2ccccc2c(=O)[nH]1)NN=Cc1ccccc1,train
624,O=C(CCc1nc2ccccc2c(=O)[nH]1)NN=Cc1cc(O)c(O)c(O)c1,QGKMTMJBOCHXNV-UHFFFAOYSA-N,CHEMBL3397980,10.1016/j.bmcl.2015.01.010,Antioxidant activity assessed as DPPH scavenging activity after 30 mins by spectrophotometry,368.3,0.08100000000000004,1.09151498112135,Other,O=C(CCc1nc2ccccc2c(=O)[nH]1)NN=Cc1ccccc1,train
625,O=C(CCCc1nc2ccccc2c(=O)[nH]1)NN=Cc1cc(O)c(O)c(O)c1,VCGVPIFBHOACNI-UHFFFAOYSA-N,CHEMBL3397981,10.1016/j.bmcl.2015.01.010,Antioxidant activity assessed as DPPH scavenging activity after 30 mins by spectrophotometry,382.4,0.07799999999999992,1.10790539730952,Other,O=C(CCCc1nc2ccccc2c(=O)[nH]1)NN=Cc1ccccc1,train
626,O=C(OCC1OC(Oc2cc(-c3ccccc3)oc(=O)c2)C(O)C(O)C1O)c1cc(O)c(O)c(O)c1,LEEXXKQVSUYGCV-UHFFFAOYSA-N,CHEMBL3402210,10.1016/j.bmcl.2015.03.058,Antioxidant activity assessed as DPPH radical scavenging activity after 30 mins by microplate reader based assay,502.4,2.6015127388534773e-05,4.5847740431486,Phenolic acid,O=C(OCC1CCCC(Oc2cc(-c3ccccc3)oc(=O)c2)O1)c1ccccc1,train
627,O=c1c(OC2OC(CO)C(O)C2O)c(-c2ccc(O)c(O)c2)oc2cc(O)cc(O)c12,BDCDNTVZSILEOY-UHFFFAOYSA-N,CHEMBL471282,10.1016/j.bmcl.2015.03.058,Antioxidant activity assessed as DPPH radical scavenging activity after 30 mins by microplate reader based assay,434.4,3.713167587476969e-05,4.43025544919183,Flavonoid,O=c1c(OC2CCCO2)c(-c2ccccc2)oc2ccccc12,train
628,O=c1c(OC2OCC(O)C(O)C2O)c(-c2ccc(O)c(O)c2)oc2cc(O)cc(O)c12,PZZRDJXEMZMZFD-UHFFFAOYSA-N,CHEMBL464507,10.1016/j.bmcl.2015.03.058,Antioxidant activity assessed as DPPH radical scavenging activity after 30 mins by microplate reader based assay,434.4,3.091620626151052e-05,4.50981380391207,Flavonoid,O=c1c(OC2CCCCO2)c(-c2ccccc2)oc2ccccc12,train
629,O=C(OCC1OC(Oc2cc(O)c(C(=O)c3ccccc3)c(O)c2)C(O)C(O)C1O)c1cc(O)c(O)c(O)c1,JSSRQCFMCZAQRB-UHFFFAOYSA-N,CHEMBL3402213,10.1016/j.bmcl.2015.03.058,Antioxidant activity assessed as DPPH radical scavenging activity after 30 mins by microplate reader based assay,544.5,6.966023875114833e-05,4.157015041389,Phenolic acid,O=C(OCC1CCCC(Oc2ccc(C(=O)c3ccccc3)cc2)O1)c1ccccc1,train
630,Cc1c(O)c(C(=O)c2ccccc2)c(O)c(C)c1OC1OC(COC(=O)c2cc(O)c(O)c(O)c2)C(O)C(O)C1O,ZFRLVMDKSSQMBS-UHFFFAOYSA-N,CHEMBL3402214,10.1016/j.bmcl.2015.03.058,Antioxidant activity assessed as DPPH radical scavenging activity after 30 mins by microplate reader based assay,572.5,4.94847161572051e-05,4.30552891649149,Phenolic acid,O=C(OCC1CCCC(Oc2ccc(C(=O)c3ccccc3)cc2)O1)c1ccccc1,train
631,CC(=COC1OC(COC(=O)c2cc(O)c(O)c(O)c2)C(O)C(O)C1O)C(=O)O,LMUPFTFVTZEOCL-UHFFFAOYSA-N,CHEMBL3402215,10.1016/j.bmcl.2015.03.058,Antioxidant activity assessed as DPPH radical scavenging activity after 30 mins by microplate reader based assay,416.3,3.14676915685806e-05,4.50213511523101,Phenolic acid,O=C(OCC1CCCCO1)c1ccccc1,train
632,Cc1c(C)c2c(c(C)c1O)CCC(C)(C(=O)NCCNc1c3c(nc4ccccc14)CCCC3)O2,GYSSCMBLUIEVHL-UHFFFAOYSA-N,CHEMBL3410951,10.1016/j.ejmech.2015.01.058,Antioxidant activity assessed as DPPH scavenging activity after 30 mins by spectrophotometry,473.6,3.039999999999976e-08,7.51712641639125,Other,O=C(NCCNc1c2c(nc3ccccc13)CCCC2)C1CCc2ccccc2O1,train
633,Cc1c(C)c2c(c(C)c1O)CCC(C)(C(=O)NCCCCNc1c3c(nc4ccccc14)CCCC3)O2,AGELYORQPXWSGA-UHFFFAOYSA-N,CHEMBL3410952,10.1016/j.ejmech.2015.01.058,Antioxidant activity assessed as DPPH scavenging activity after 30 mins by spectrophotometry,501.7,4.4199999999999774e-08,7.35457773065091,Other,O=C(NCCCCNc1c2c(nc3ccccc13)CCCC2)C1CCc2ccccc2O1,train
634,Cc1c(C)c2c(c(C)c1O)CCC(C)(C(=O)NCCCCCNc1c3c(nc4ccccc14)CCCC3)O2,IDTWGEUFPVJYSJ-UHFFFAOYSA-N,CHEMBL3410953,10.1016/j.ejmech.2015.01.058,Antioxidant activity assessed as DPPH scavenging activity after 30 mins by spectrophotometry,515.7,4.070000000000003e-08,7.39040559077478,Other,O=C(NCCCCCNc1c2c(nc3ccccc13)CCCC2)C1CCc2ccccc2O1,train
635,Cc1c(C)c2c(c(C)c1O)CCC(C)(C(=O)NCCCCCCNc1c3c(nc4ccccc14)CCCC3)O2,ATFSKIZVJOMGAR-UHFFFAOYSA-N,CHEMBL3410954,10.1016/j.ejmech.2015.01.058,Antioxidant activity assessed as DPPH scavenging activity after 30 mins by spectrophotometry,529.7,4.8699999999999516e-08,7.31247103878537,Other,O=C(NCCCCCCNc1c2c(nc3ccccc13)CCCC2)C1CCc2ccccc2O1,train
636,Cc1c(C)c2c(c(C)c1O)CCC(C)(C(=O)NCCCCCCCNc1c3c(nc4ccccc14)CCCC3)O2,GYANWDNIKGBQDN-UHFFFAOYSA-N,CHEMBL3410955,10.1016/j.ejmech.2015.01.058,Antioxidant activity assessed as DPPH scavenging activity after 30 mins by spectrophotometry,543.8,4.689999999999968e-08,7.32882715728492,Other,O=C(NCCCCCCCNc1c2c(nc3ccccc13)CCCC2)C1CCc2ccccc2O1,train
637,Cc1c(C)c2c(c(C)c1O)CCC(C)(C(=O)NCCCCCCCCNc1c3c(nc4ccccc14)CCCC3)O2,HELQVBTZKVKAPS-UHFFFAOYSA-N,CHEMBL3410956,10.1016/j.ejmech.2015.01.058,Antioxidant activity assessed as DPPH scavenging activity after 30 mins by spectrophotometry,557.8,4.729999999999981e-08,7.32513885926219,Other,O=C(NCCCCCCCCNc1c2c(nc3ccccc13)CCCC2)C1CCc2ccccc2O1,train
638,Cc1c(C)c2c(c(C)c1O)CCC(C)(C(=O)NCCCCCCCCCCNc1c3c(nc4ccccc14)CCCC3)O2,HEGWZHATVPIKRD-UHFFFAOYSA-N,CHEMBL3410957,10.1016/j.ejmech.2015.01.058,Antioxidant activity assessed as DPPH scavenging activity after 30 mins by spectrophotometry,585.8,4.3199999999999804e-08,7.36451625318509,Other,O=C(NCCCCCCCCCCNc1c2c(nc3ccccc13)CCCC2)C1CCc2ccccc2O1,test
639,COc1ccc2c(c1)OC1c3ccc(O)cc3OCC21,NSRJSISNDPOJOP-UHFFFAOYSA-N,CHEMBL238845,10.1016/j.bmcl.2015.07.076,Antioxidant activity assessed as DPPH radical scavenging activity after 30 mins,270.3,0.00016984831668516646,3.7699387529327,Other,c1ccc2c(c1)OC1c3ccccc3OCC21,train
640,Oc1ccc2c(c1)OCC1c3cc4c(cc3OC21)OCO4,HUKSJTUUSUGIDC-UHFFFAOYSA-N,CHEMBL334918,10.1016/j.bmcl.2015.07.076,Antioxidant activity assessed as DPPH radical scavenging activity after 30 mins,284.3,8.610622581779776e-05,4.06496544621692,Other,c1ccc2c(c1)OCC1c3cc4c(cc3OC21)OCO4,train
641,O=C(O)CC(=O)OCC1OC(Oc2ccc3c(c2)OCC2c4cc5c(cc4OC32)OCO5)C(O)C(O)C1O,ZHXRWFOBROFZAC-UHFFFAOYSA-N,CHEMBL3609500,10.1016/j.bmcl.2015.07.076,Antioxidant activity assessed as DPPH radical scavenging activity after 30 mins,532.5,4.869483568075163e-05,4.31251709534142,Other,c1cc2c(cc1OC1CCCCO1)OCC1c3cc4c(cc3OC21)OCO4,train
642,OCC1OC(Oc2ccc3c(c2)OCC2c4cc5c(cc4OC32)OCO5)C(O)C(O)C1O,VGSYCWGXBYZLLE-UHFFFAOYSA-N,CHEMBL3609499,10.1016/j.bmcl.2015.07.076,Antioxidant activity assessed as DPPH radical scavenging activity after 30 mins,446.4,6.285842293906826e-05,4.20163651923718,Other,c1cc2c(cc1OC1CCCCO1)OCC1c3cc4c(cc3OC21)OCO4,train
643,O=C1C=C(c2ccc(O)cc2O)C(Cc2ccc(O)cc2)O1,AYXZYYUMEUUTRQ-UHFFFAOYSA-N,CHEMBL3609498,10.1016/j.bmcl.2015.07.076,Antioxidant activity assessed as DPPH radical scavenging activity after 30 mins,298.3,6.54710023466306e-05,4.18395101007421,Phenolic acid,O=C1C=C(c2ccccc2)C(Cc2ccccc2)O1,train
644,COc1ccc(C2=CC(=O)OC2Cc2ccc(O)cc2)c(OC2OC(CO)C(O)C(O)C2O)c1,IOVBNDMOPKKFCH-UHFFFAOYSA-N,CHEMBL3609497,10.1016/j.bmcl.2015.07.076,Antioxidant activity assessed as DPPH radical scavenging activity after 30 mins,474.5,5.4099051633297916e-05,4.26681034809187,Other,O=C1C=C(c2ccccc2OC2CCCCO2)C(Cc2ccccc2)O1,train
645,O=C1C=C(c2ccc(O)cc2OC2OC(CO)C(O)C(O)C2O)C(Cc2ccc(O)cc2)O1,RQUBDJXLQFSULT-UHFFFAOYSA-N,CHEMBL3609496,10.1016/j.bmcl.2015.07.076,Antioxidant activity assessed as DPPH radical scavenging activity after 30 mins,460.4,4.654648132059027e-05,4.33211314391593,Phenolic acid,O=C1C=C(c2ccccc2OC2CCCCO2)C(Cc2ccccc2)O1,train
646,COc1ccc(-c2coc3cc(O)ccc3c2=O)cc1,HKQYGTCOTHHOMP-UHFFFAOYSA-N,CHEMBL242341,10.1016/j.bmcl.2015.07.076,Antioxidant activity assessed as DPPH radical scavenging activity after 30 mins,268.3,0.00016216921356690349,3.79003158937922,Other,O=c1c(-c2ccccc2)coc2ccccc12,train
647,COc1ccc(-c2coc3cc(OC4OC(CO)C(O)C(O)C4O)ccc3c2=O)cc1,MGJLSBDCWOSMHL-UHFFFAOYSA-N,CHEMBL465980,10.1016/j.bmcl.2015.07.076,Antioxidant activity assessed as DPPH radical scavenging activity after 30 mins,430.4,7.939126394052045e-05,4.10022728385957,Other,O=c1c(-c2ccccc2)coc2cc(OC3CCCCO3)ccc12,train
648,COc1cc(OC2OC(CO)C(O)C(O)C2O)c(O)cc1-c1coc2cc(O)ccc2c1=O,SCGWEEODEDDDSB-UHFFFAOYSA-N,CHEMBL3609495,10.1016/j.bmcl.2015.07.076,Antioxidant activity assessed as DPPH radical scavenging activity after 30 mins,462.4,4.422577854671302e-05,4.35432451306911,Other,O=c1c(-c2ccc(OC3CCCCO3)cc2)coc2ccccc12,train
649,CN(C)C(=O)Oc1ccc(-c2cc(=O)c3c(O)c(O)c(O)cc3o2)cc1,TZBVLHJNNKGEDS-UHFFFAOYSA-N,CHEMBL3634643,10.1016/j.bmc.2015.09.047,Antioxidant activity assessed as DPPH radical scavenging by spectrophotometric analysis 30 min (manual check),357.3,3.7170000000000384e-05,4.42980743890427,Flavonoid,O=c1cc(-c2ccccc2)oc2ccccc12,train
650,O=C(Oc1ccc(-c2cc(=O)c3c(O)c(O)c(O)cc3o2)cc1)N1CCOCC1,XUCLCXLEARIZOI-UHFFFAOYSA-N,CHEMBL3634644,10.1016/j.bmc.2015.09.047,Antioxidant activity assessed as DPPH radical scavenging by spectrophotometric analysis 30 min (manual check),399.4,1.926999999999986e-05,4.71511828534455,Flavonoid,O=C(Oc1ccc(-c2cc(=O)c3ccccc3o2)cc1)N1CCOCC1,train
651,CCN(CC)C(=O)Oc1ccc(-c2cc(=O)c3c(O)c(O)c(O)cc3o2)cc1,QGTBKSTUWGAYSX-UHFFFAOYSA-N,CHEMBL3634645,10.1016/j.bmc.2015.09.047,Antioxidant activity assessed as DPPH radical scavenging by spectrophotometric analysis 30 min (manual check),385.4,3.2600000000000094e-05,4.48678239993206,Flavonoid,O=c1cc(-c2ccccc2)oc2ccccc12,train
652,CC(C)N(C(=O)Oc1ccc(-c2cc(=O)c3c(O)c(O)c(O)cc3o2)cc1)C(C)C,CDUHALQCNNXEAK-UHFFFAOYSA-N,CHEMBL3634646,10.1016/j.bmc.2015.09.047,Antioxidant activity assessed as DPPH radical scavenging by spectrophotometric analysis 30 min (manual check),413.4,1.7029999999999944e-05,4.7687853520374,Flavonoid,O=c1cc(-c2ccccc2)oc2ccccc12,train
653,CN1CCN(C(=O)Oc2ccc(-c3cc(=O)c4c(O)c(O)c(O)cc4o3)cc2)CC1,GFDQFAHLYHQQLT-UHFFFAOYSA-N,CHEMBL3634647,10.1016/j.bmc.2015.09.047,Antioxidant activity assessed as DPPH radical scavenging by spectrophotometric analysis 30 min (manual check),412.4,1.8869999999999936e-05,4.72422809983507,Flavonoid,O=C(Oc1ccc(-c2cc(=O)c3ccccc3o2)cc1)N1CCNCC1,test
654,CN(C)C(=O)COc1ccc(-c2cc(=O)c3c(O)c(O)c(O)cc3o2)cc1,RXWRBTXXJHQWMX-UHFFFAOYSA-N,CHEMBL3634648,10.1016/j.bmc.2015.09.047,Antioxidant activity assessed as DPPH radical scavenging by spectrophotometric analysis 30 min (manual check),371.3,8.069999999999997e-05,4.09312646527793,Flavonoid,O=c1cc(-c2ccccc2)oc2ccccc12,train
655,O=C(COc1ccc(-c2cc(=O)c3c(O)c(O)c(O)cc3o2)cc1)N1CCOCC1,LGMBNMVXESGKNH-UHFFFAOYSA-N,CHEMBL3634649,10.1016/j.bmc.2015.09.047,Antioxidant activity assessed as DPPH radical scavenging by spectrophotometric analysis 30 min (manual check),413.4,8.326000000000023e-05,4.07956359344924,Flavonoid,O=C(COc1ccc(-c2cc(=O)c3ccccc3o2)cc1)N1CCOCC1,train
656,CCN(CC)C(=O)COc1ccc(-c2cc(=O)c3c(O)c(O)c(O)cc3o2)cc1,IDWRZXABQHIHJA-UHFFFAOYSA-N,CHEMBL3634650,10.1016/j.bmc.2015.09.047,Antioxidant activity assessed as DPPH radical scavenging by spectrophotometric analysis 30 min (manual check),399.4,8.12799999999993e-05,4.09001630506016,Flavonoid,O=c1cc(-c2ccccc2)oc2ccccc12,test
657,CN(C)CCOc1ccc(-c2cc(=O)c3c(O)c(O)c(O)cc3o2)cc1,CVVZABUIWLZWGV-UHFFFAOYSA-N,CHEMBL3634651,10.1016/j.bmc.2015.09.047,Antioxidant activity assessed as DPPH radical scavenging by spectrophotometric analysis 30 min (manual check),357.4,0.0002148000000000011,3.66796572297248,Flavonoid,O=c1cc(-c2ccccc2)oc2ccccc12,train
658,O=c1cc(-c2ccc(OCCN3CCOCC3)cc2)oc2cc(O)c(O)c(O)c12,PANBLRFOYVHJJW-UHFFFAOYSA-N,CHEMBL3634652,10.1016/j.bmc.2015.09.047,Antioxidant activity assessed as DPPH radical scavenging by spectrophotometric analysis 30 min (manual check),399.4,0.0002635999999999986,3.57905459407803,Flavonoid,O=c1cc(-c2ccc(OCCN3CCOCC3)cc2)oc2ccccc12,test
659,CCN(CC)CCOc1ccc(-c2cc(=O)c3c(O)c(O)c(O)cc3o2)cc1,HENINOYGWAYZHM-UHFFFAOYSA-N,CHEMBL3634653,10.1016/j.bmc.2015.09.047,Antioxidant activity assessed as DPPH radical scavenging by spectrophotometric analysis 30 min (manual check),385.4,0.00020510000000000176,3.68803433963163,Flavonoid,O=c1cc(-c2ccccc2)oc2ccccc12,train
660,CN(C)CCCOc1ccc(-c2cc(=O)c3c(O)c(O)c(O)cc3o2)cc1,FNSJDKLLKFGYFJ-UHFFFAOYSA-N,CHEMBL3634654,10.1016/j.bmc.2015.09.047,Antioxidant activity assessed as DPPH radical scavenging by spectrophotometric analysis 30 min (manual check),371.4,0.0002311000000000003,3.63620005452089,Flavonoid,O=c1cc(-c2ccccc2)oc2ccccc12,train
661,O=c1cc(-c2ccc(OCCCN3CCOCC3)cc2)oc2cc(O)c(O)c(O)c12,MSFORAYTBARFHE-UHFFFAOYSA-N,CHEMBL3634655,10.1016/j.bmc.2015.09.047,Antioxidant activity assessed as DPPH radical scavenging by spectrophotometric analysis 30 min (manual check),413.4,0.00027439999999999745,3.56161589296529,Flavonoid,O=c1cc(-c2ccc(OCCCN3CCOCC3)cc2)oc2ccccc12,train
662,COc1ccc(-c2cc(=O)c3c(O)c(O)c(O)cc3o2)cc1,XVMMEYCPXZYLAI-UHFFFAOYSA-N,CHEMBL3741397,10.1016/j.ejmech.2015.10.039,Antioxidant activity assessed as DPPH radical scavenging activity after 30 mins,300.3,2.5290000000000325e-05,4.59705117065559,Flavonoid,O=c1cc(-c2ccccc2)oc2ccccc12,train
663,COc1c(O)c(O)cc2oc(-c3ccc(O)cc3)cc(=O)c12,KLNBBKIODNMWNW-UHFFFAOYSA-N,CHEMBL3741265,10.1016/j.ejmech.2015.10.039,Antioxidant activity assessed as DPPH radical scavenging activity after 30 mins,300.3,2.8849999999999963e-05,4.53985418250825,Flavonoid,O=c1cc(-c2ccccc2)oc2ccccc12,train
664,COc1c(O)cc2oc(-c3ccc(O)cc3)cc(=O)c2c1O,IHFBPDAQLQOCBX-UHFFFAOYSA-N,CHEMBL293776,10.1016/j.ejmech.2015.10.039,Antioxidant activity assessed as DPPH radical scavenging activity after 30 mins,300.3,2.3669999999999833e-05,4.62580174207092,Flavonoid,O=c1cc(-c2ccccc2)oc2ccccc12,train
665,COc1cc2oc(-c3ccc(O)cc3)cc(=O)c2c(O)c1O,UWARRXZVZDFPQU-UHFFFAOYSA-N,CHEMBL3740428,10.1016/j.ejmech.2015.10.039,Antioxidant activity assessed as DPPH radical scavenging activity after 30 mins,300.3,3.0170000000000123e-05,4.52042468982501,Flavonoid,O=c1cc(-c2ccccc2)oc2ccccc12,test
666,COc1cc2oc(-c3ccc(O)cc3)cc(=O)c2c(O)c1OC,ZIIAJIWLQUVGHB-UHFFFAOYSA-N,CHEMBL348436,10.1016/j.ejmech.2015.10.039,Antioxidant activity assessed as DPPH radical scavenging activity after 30 mins,314.3,0.00018987999999999893,3.72152077695368,Flavonoid,O=c1cc(-c2ccccc2)oc2ccccc12,train
667,COc1ccc(-c2cc(=O)c3c(O)c(OC)c(O)cc3o2)cc1,GPQLHGCIAUEJQK-UHFFFAOYSA-N,CHEMBL78010,10.1016/j.ejmech.2015.10.039,Antioxidant activity assessed as DPPH radical scavenging activity after 30 mins,314.3,0.0001698199999999996,3.77001116345519,Flavonoid,O=c1cc(-c2ccccc2)oc2ccccc12,test
668,COc1ccc(-c2cc(=O)c3c(O)c(O)c(OC)cc3o2)cc1,UUQJTIHOVGMQIH-UHFFFAOYSA-N,CHEMBL209257,10.1016/j.ejmech.2015.10.039,Antioxidant activity assessed as DPPH radical scavenging activity after 30 mins,314.3,0.0001586700000000011,3.79950517826135,Flavonoid,O=c1cc(-c2ccccc2)oc2ccccc12,train
669,COc1ccc(-c2cc(=O)c3c(O)c(OC)c(OC)cc3o2)cc1,QCDYOIZVELGOLZ-UHFFFAOYSA-N,CHEMBL376644,10.1016/j.ejmech.2015.10.039,Antioxidant activity assessed as DPPH radical scavenging activity after 30 mins,328.3,0.00046279000000000307,3.33461603388567,Flavonoid,O=c1cc(-c2ccccc2)oc2ccccc12,train
670,O=C1CSc2ccccc2N1Cc1cn(Cc2ccc([N+](=O)[O-])cc2)nn1,HWAUBWZBHKVWAE-UHFFFAOYSA-N,CHEMBL3764642,10.1016/j.bmcl.2015.11.071,Antioxidant activity assessed as DPPH radical scavenging activity by spectrophotometric assay 30 min (manual check),381.4,7.184058730991067e-05,4.1436301258896,Aromatic amine,O=C1CSc2ccccc2N1Cc1cn(Cc2ccccc2)nn1,train
671,O=C1CSc2ccccc2N1Cc1cn(Cc2cccc([N+](=O)[O-])c2)nn1,FEEJBZQNHKMJJN-UHFFFAOYSA-N,CHEMBL3764139,10.1016/j.bmcl.2015.11.071,Antioxidant activity assessed as DPPH radical scavenging activity by spectrophotometric assay 30 min (manual check),381.4,8.945988463555352e-05,4.0483716662145,Aromatic amine,O=C1CSc2ccccc2N1Cc1cn(Cc2ccccc2)nn1,train
672,O=C1CSc2ccccc2N1Cc1cn(Cc2ccc(F)cc2)nn1,FMJJULOFFCSIHM-UHFFFAOYSA-N,CHEMBL3764831,10.1016/j.bmcl.2015.11.071,Antioxidant activity assessed as DPPH radical scavenging activity by spectrophotometric assay 30 min (manual check),354.4,3.99266365688491e-05,4.3987372733547,Aromatic amine,O=C1CSc2ccccc2N1Cc1cn(Cc2ccccc2)nn1,train
673,O=C1CSc2ccccc2N1Cc1cn(Cc2ccc(Cl)cc2)nn1,XEMHHWPHFLJNCH-UHFFFAOYSA-N,CHEMBL3764939,10.1016/j.bmcl.2015.11.071,Antioxidant activity assessed as DPPH radical scavenging activity by spectrophotometric assay 30 min (manual check),370.9,0.000119412240496091,3.92295115304385,Aromatic amine,O=C1CSc2ccccc2N1Cc1cn(Cc2ccccc2)nn1,train
674,O=C1CSc2ccccc2N1Cc1cn(Cc2cccc(Cl)c2)nn1,CDPMLHVSPGYATE-UHFFFAOYSA-N,CHEMBL3765435,10.1016/j.bmcl.2015.11.071,Antioxidant activity assessed as DPPH radical scavenging activity by spectrophotometric assay 30 min (manual check),370.9,0.00012302507414397391,3.91000636455595,Aromatic amine,O=C1CSc2ccccc2N1Cc1cn(Cc2ccccc2)nn1,train
675,O=C1CSc2ccccc2N1Cc1cn(Cc2ccccc2Cl)nn1,ZGCXGPLKBXFCJJ-UHFFFAOYSA-N,CHEMBL3765779,10.1016/j.bmcl.2015.11.071,Antioxidant activity assessed as DPPH radical scavenging activity by spectrophotometric assay 30 min (manual check),370.9,4.4081962793206225e-05,4.3557390763323,Aromatic amine,O=C1CSc2ccccc2N1Cc1cn(Cc2ccccc2)nn1,train
676,O=C1CSc2ccccc2N1Cc1cn(Cc2ccc(Br)cc2)nn1,NYTGXZLGBXXBOX-UHFFFAOYSA-N,CHEMBL3765331,10.1016/j.bmcl.2015.11.071,Antioxidant activity assessed as DPPH radical scavenging activity by spectrophotometric assay 30 min (manual check),415.3,3.404767637852139e-05,4.467912521649,Aromatic amine,O=C1CSc2ccccc2N1Cc1cn(Cc2ccccc2)nn1,train
677,O=C1CSc2ccccc2N1Cc1cn(Cc2ccccc2)nn1,VJOZKTYJYFQYHM-UHFFFAOYSA-N,CHEMBL3765416,10.1016/j.bmcl.2015.11.071,Antioxidant activity assessed as DPPH radical scavenging activity by spectrophotometric assay 30 min (manual check),336.4,0.00010778834720570862,3.96742818736638,Aromatic amine,O=C1CSc2ccccc2N1Cc1cn(Cc2ccccc2)nn1,train
678,O=C1CSc2ccccc2N1Cc1cn(-c2ccc([N+](=O)[O-])cc2)nn1,OQNYRMHPSMEKRV-UHFFFAOYSA-N,CHEMBL3765014,10.1016/j.bmcl.2015.11.071,Antioxidant activity assessed as DPPH radical scavenging activity by spectrophotometric assay 30 min (manual check),367.4,0.0001205498094719654,3.91883347168503,Aromatic amine,O=C1CSc2ccccc2N1Cc1cn(-c2ccccc2)nn1,train
679,O=C1CSc2ccccc2N1Cc1cn(-c2cccc([N+](=O)[O-])c2)nn1,VIIMWBLHQJNDPX-UHFFFAOYSA-N,CHEMBL3763860,10.1016/j.bmcl.2015.11.071,Antioxidant activity assessed as DPPH radical scavenging activity by spectrophotometric assay 30 min (manual check),367.4,0.0001282253674469231,3.89202604773156,Aromatic amine,O=C1CSc2ccccc2N1Cc1cn(-c2ccccc2)nn1,train
680,Oc1c(I)cc(Cl)c2cccnc12,QCDFBFJGMNKBDO-UHFFFAOYSA-N,CHEMBL497,10.1016/j.bmc.2016.06.012,Antioxidant activity assessed as DPPH free radical scavenging activity after 30 mins by spectrophotometry,305.5,4.059999999999964e-05,4.39147396642281,Other,c1ccc2ncccc2c1,test
681,Oc1ccc(N=Cc2c(O)ccc3ccccc23)c(O)c1,TWUXFXXYXYYQSE-UHFFFAOYSA-N,CHEMBL3818051,10.1016/j.bmc.2016.06.012,Antioxidant activity assessed as DPPH free radical scavenging activity after 30 mins by spectrophotometry,279.3,1.3500000000000123e-05,4.86966623150499,Aromatic amine,C(=Nc1ccccc1)c1cccc2ccccc12,train
682,Oc1ccc(CNc2ccccc2O)cc1O,LOHRFRUBQCIPJE-UHFFFAOYSA-N,CHEMBL3819497,10.1016/j.bmc.2016.06.012,Antioxidant activity assessed as DPPH free radical scavenging activity after 30 mins by spectrophotometry,231.3,3.0500000000000314e-06,5.51570016065321,Aromatic amine,c1ccc(CNc2ccccc2)cc1,train
683,Oc1ccccc1N=Cc1c(O)ccc2ccccc12,FMIVOPRNBGRDKP-UHFFFAOYSA-N,CHEMBL1984884,10.1016/j.bmc.2016.06.012,Antioxidant activity assessed as DPPH free radical scavenging activity after 30 mins by spectrophotometry,263.3,3.849999999999995e-05,4.4145392704915,Aromatic amine,C(=Nc1ccccc1)c1cccc2ccccc12,train
684,Oc1cccc(CNc2ccccc2O)c1,OALNRORLDZZFLM-UHFFFAOYSA-N,CHEMBL3818106,10.1016/j.bmc.2016.06.012,Antioxidant activity assessed as DPPH free radical scavenging activity after 30 mins by spectrophotometry,215.3,5.869999999999934e-06,5.23136189875239,Aromatic amine,c1ccc(CNc2ccccc2)cc1,train
685,Oc1ccc(CNc2ccccc2O)cc1,CUXRKYKPFBCCMM-UHFFFAOYSA-N,CHEMBL1333043,10.1016/j.bmc.2016.06.012,Antioxidant activity assessed as DPPH free radical scavenging activity after 30 mins by spectrophotometry,215.3,6.270000000000057e-06,5.20273245916928,Aromatic amine,c1ccc(CNc2ccccc2)cc1,train
686,COc1cc(C(OC)C(CO)Oc2ccc(C(O)C(O)CO)cc2OC)ccc1O,PDOPNXXHTZJPTG-UHFFFAOYSA-N,CHEMBL3948142,10.1016/j.bmcl.2016.10.012,Antioxidant activity assessed as DPPH radical scavenging activity incubated in dark for 30 mins,424.4,0.00010869999999999883,3.96377045591371,Other,c1ccc(CCOc2ccccc2)cc1,train
687,COc1cc(C(O)C(CO)Oc2ccc(C(OC)C(O)CO)cc2OC)ccc1O,KGNDUJCSIWGZRI-UHFFFAOYSA-N,CHEMBL3920321,10.1016/j.bmcl.2016.10.012,Antioxidant activity assessed as DPPH radical scavenging activity incubated in dark for 30 mins,424.4,0.00011369999999999871,3.94423953531227,Other,c1ccc(CCOc2ccccc2)cc1,train
688,CC1Cc2c(O)c3c(c(O)c2O1)C1(C)CCC2CC2(C)C1CC3=O,GPIGVCZXQKXKDE-UHFFFAOYSA-N,CHEMBL1287907,10.1016/j.bmc.2010.10.037,Antioxidant activity assessed as DPPH radical scavenging activity 30 min (manual check),328.4,0.00011100000000000061,3.95467702121334,Terpenoid,O=C1CC2C(CCC3CC32)c2cc3c(cc21)CCO3,train
689,Cc1cc2c(O)c3c(c(O)c2o1)C1(C)CCC2CC2(C)C1CC3=O,YLFXZDORYFPSOA-UHFFFAOYSA-N,CHEMBL1287937,10.1016/j.bmc.2010.10.037,Antioxidant activity assessed as DPPH radical scavenging activity 30 min (manual check),326.4,0.000130000000000001,3.88605664769316,Terpenoid,O=C1CC2C(CCC3CC32)c2cc3occc3cc21,train
690,Cc1cc2c(O)c3c(c(O)c2o1)C1(C)CCCC(C)(C)C1=C(O)C3=O,WYFPXHKGBRCNFN-UHFFFAOYSA-N,CHEMBL1288294,10.1016/j.bmc.2010.10.037,Antioxidant activity assessed as DPPH radical scavenging activity 30 min (manual check),342.4,7.599999999999969e-05,4.11918640771921,Terpenoid,O=C1C=C2CCCCC2c2cc3occc3cc21,test
691,CC1Cc2c(O)c3c(c(O)c2O1)C1(C)CCCC(C)(C)C1=C(O)C3=O,MVLKANNSFKZLTO-UHFFFAOYSA-N,CHEMBL1287880,10.1016/j.bmc.2010.10.037,Antioxidant activity assessed as DPPH radical scavenging activity 30 min (manual check),344.4,5.4999999999999473e-05,4.25963731050576,Terpenoid,O=C1C=C2CCCCC2c2cc3c(cc21)CCO3,train
692,COc1cc(C(O)C(CO)Oc2ccc(C(OC)C(CO)c3ccc(O)c(OC)c3)cc2OC)ccc1O,UQOVSXIRZKTFMV-UHFFFAOYSA-N,CHEMBL3897413,10.1016/j.bmcl.2016.10.012,Antioxidant activity assessed as DPPH radical scavenging activity incubated in dark for 30 mins,530.6,5.412873543691921e-05,4.266572118838795,Other,c1ccc(CCOc2ccc(CCc3ccccc3)cc2)cc1,train
693,CCOC(c1ccc(OC(CO)C(O)c2ccc(O)c(OC)c2)c(OC)c1)C(CO)c1ccc(O)c(OC)c1,YSULILOUQMSCEI-UHFFFAOYSA-N,CHEMBL3906396,10.1016/j.bmcl.2016.10.012,Antioxidant activity assessed as DPPH radical scavenging activity incubated in dark for 30 mins,544.6,6.724046400791805e-05,4.17236929827565,Other,c1ccc(CCOc2ccc(CCc3ccccc3)cc2)cc1,test
694,CCOC(c1ccc(OC(CO)C(OC)c2ccc(O)c(OC)c2)c(OC)c1)C(CO)c1ccc(O)c(OC)c1,WXPGSVUFNYHIIV-UHFFFAOYSA-N,CHEMBL3915360,10.1016/j.bmcl.2016.10.012,Antioxidant activity assessed as DPPH radical scavenging activity incubated in dark for 30 mins,558.6,8.159999999999977e-05,4.08830984124614,Other,c1ccc(CCOc2ccc(CCc3ccccc3)cc2)cc1,train
695,COc1cc(C(O)C(CO)Oc2ccc(C(O)C(CO)c3ccc(O)c(OC)c3)cc2OC)ccc1O,PZUXBOOTCVDSCJ-UHFFFAOYSA-N,CHEMBL3920281,10.1016/j.bmcl.2016.10.012,Antioxidant activity assessed as DPPH radical scavenging activity incubated in dark for 30 mins,516.5,6.859999999999977e-05,4.16367588429325,Other,c1ccc(CCOc2ccc(CCc3ccccc3)cc2)cc1,train
696,O=c1ccc2c(O)c(O)c(O)cc2o1,XALJYYXRQJOGCG-UHFFFAOYSA-N,CHEMBL4163669,10.1021/acs.jnatprod.7b00665,Antioxidant activity assessed as DPPH radical scavenging activity incubated for 30 mins under dark condition,194.1,0.012879958784131751,1.89008552671633,Coumarin,O=c1ccc2ccccc2o1,train
697,O=c1ccc2cc(O)c(O)c(O)c2o1,NSDVPAHANCHBFV-UHFFFAOYSA-N,CHEMBL4171780,10.1021/acs.jnatprod.7b00665,Antioxidant activity assessed as DPPH radical scavenging activity incubated for 30 mins under dark condition,194.1,0.04482225656877942,1.34850628276974,Coumarin,O=c1ccc2ccccc2o1,train
698,Nc1ccc2c(C(F)(F)F)cc(=O)oc2c1O,CUEVBJLQQCIKLX-UHFFFAOYSA-N,CHEMBL4161180,10.1021/acs.jnatprod.7b00665,Antioxidant activity assessed as DPPH radical scavenging activity incubated for 30 mins under dark condition,245.2,0.037928221859706554,1.42103751729244,Coumarin,O=c1ccc2ccccc2o1,train
699,O=c1ccc2cc(O)c(O)cc2o1,ILEDWLMCKZNDJK-UHFFFAOYSA-N,CHEMBL244743,10.1021/acs.jnatprod.7b00665,Antioxidant activity assessed as DPPH radical scavenging activity incubated for 30 mins under dark condition,178.1,0.21167883211678815,0.674322569257451,Coumarin,O=c1ccc2ccccc2o1,train
700,COc1cc2ccc(=O)oc2c(O)c1O,HAVWRBANWNTOJX-UHFFFAOYSA-N,CHEMBL54909,10.1021/acs.jnatprod.7b00665,Antioxidant activity assessed as DPPH radical scavenging activity incubated for 30 mins under dark condition,208.2,0.18828049951969264,0.72519465815406,Coumarin,O=c1ccc2ccccc2o1,train
701,Cc1cc(=O)oc2c(O)c(O)ccc12,NWQBYMPNIJXFNQ-UHFFFAOYSA-N,CHEMBL276618,10.1021/acs.jnatprod.7b00665,Antioxidant activity assessed as DPPH radical scavenging activity incubated for 30 mins under dark condition,192.2,0.1144640998959418,0.94133070251032,Coumarin,O=c1ccc2ccccc2o1,train
702,O=c1cc(O)c2ccc(O)c(O)c2o1,CNTKQZXDAYRFBY-UHFFFAOYSA-N,CHEMBL4163473,10.1021/acs.jnatprod.7b00665,Antioxidant activity assessed as DPPH radical scavenging activity incubated for 30 mins under dark condition,194.1,0.12416280267903154,0.906008492813494,Coumarin,O=c1ccc2ccccc2o1,train
703,O=c1ccc2ccc(O)c(O)c2o1,ATEFPOUAMCWAQS-UHFFFAOYSA-N,CHEMBL244948,10.1021/acs.jnatprod.7b00665,Antioxidant activity assessed as DPPH radical scavenging activity incubated for 30 mins under dark condition,178.1,0.15272318921953953,0.816095015429045,Coumarin,O=c1ccc2ccccc2o1,train
704,O=c1ccc2c(O)c(O)ccc2o1,RNKFVDQWRYTJGD-UHFFFAOYSA-N,CHEMBL4166923,10.1021/acs.jnatprod.7b00665,Antioxidant activity assessed as DPPH radical scavenging activity incubated for 30 mins under dark condition,178.1,0.11005053340819776,0.958407848106767,Coumarin,O=c1ccc2ccccc2o1,train
705,Oc1cccc(C=Nc2ccc(OCc3ccccc3)cc2)c1O,IDYWNAZGCWLRCV-UHFFFAOYSA-N,CHEMBL4214938,10.1016/j.bmc.2017.08.048,Antioxidant activity assessed as DPPH radical scavenging activity after 30 mins,319.4,1.3300000000000135e-05,4.87614835903291,Aromatic amine,C(=Nc1ccc(OCc2ccccc2)cc1)c1ccccc1,train
706,Oc1ccc(O)c(C=Nc2ccc(OCc3ccccc3)cc2)c1,ZJDNVCHCHHQZFO-UHFFFAOYSA-N,CHEMBL4202755,10.1016/j.bmc.2017.08.048,Antioxidant activity assessed as DPPH radical scavenging activity after 30 mins,319.4,2.1300000000000104e-05,4.67162039656126,Aromatic amine,C(=Nc1ccc(OCc2ccccc2)cc1)c1ccccc1,train
707,Oc1ccc(C=Nc2ccc(OCc3ccccc3)cc2)c(O)c1O,ROUYSAPMPURTBS-UHFFFAOYSA-N,CHEMBL4207619,10.1016/j.bmc.2017.08.048,Antioxidant activity assessed as DPPH radical scavenging activity after 30 mins,335.4,4.3399999999999964e-05,4.36251027048749,Aromatic amine,C(=Nc1ccc(OCc2ccccc2)cc1)c1ccccc1,train
708,Oc1cc(O)c(C=Nc2ccc(OCc3ccccc3)cc2)c(O)c1,UKHBOPINLGGRCU-UHFFFAOYSA-N,CHEMBL4207105,10.1016/j.bmc.2017.08.048,Antioxidant activity assessed as DPPH radical scavenging activity after 30 mins,335.4,2.3900000000000113e-05,4.62160209905186,Aromatic amine,C(=Nc1ccc(OCc2ccccc2)cc1)c1ccccc1,test
709,O=Cc1ccc(O)cc1,RGHHSNMVTDWUBI-UHFFFAOYSA-N,CHEMBL14193,10.1021/acs.jnatprod.7b00085,Antioxidant activity assessed as DPPH radical scavenging activity after 30 mins under dark condition,122.1,0.4756,0.322758154053346,Other,c1ccccc1,train
710,O=C(O)C=Cc1ccc(O)cc1,NGSWKAQJJWESNS-UHFFFAOYSA-N,CHEMBL66879,10.1021/acs.jnatprod.7b00085,Antioxidant activity assessed as DPPH radical scavenging activity after 30 mins under dark condition,164.2,0.029699999999999845,1.52724355068279,Phenolic acid,c1ccccc1,train
711,O=C1CC(c2cc(O)c(O)c(-c3c(O)cc(O)c4c(=O)cc(-c5ccc(O)c(O)c5)oc34)c2)Oc2cc(O)cc(O)c21,SGTZXJNEGUHYGG-UHFFFAOYSA-N,CHEMBL4202921,10.1021/acs.jnatprod.7b00085,Antioxidant activity assessed as DPPH radical scavenging activity after 30 mins under dark condition,572.5,0.00012779999999999964,3.89346914617762,Flavonoid,O=C1CC(c2cccc(-c3cccc4c(=O)cc(-c5ccccc5)oc34)c2)Oc2ccccc21,test
712,O=c1cc(-c2cc(O)c(O)c(-c3c(O)cc(O)c4c(=O)cc(-c5ccc(O)c(O)c5)oc34)c2)oc2cc(O)cc(O)c12,BRFJUPCQCZSTEU-UHFFFAOYSA-N,CHEMBL4203222,10.1021/acs.jnatprod.7b00085,Antioxidant activity assessed as DPPH radical scavenging activity after 30 mins under dark condition,570.5,3.3500000000000374e-05,4.47495519296315,Flavonoid,O=c1cc(-c2cccc(-c3cccc4c(=O)cc(-c5ccccc5)oc34)c2)oc2ccccc12,train
713,CC(C)(C)c1cc(CCC(=O)NC2CCN(Cc3ccccc3)CC2)cc(C(C)(C)C)c1O,IMSITCIHCGGTDP-UHFFFAOYSA-N,CHEMBL4289509,10.1016/j.ejmech.2018.08.005,Antioxidant activity assessed as DPPH radical scavenging activity measured after 30 mins incubation in dark by UV-Visible spectrophotometric analysis,450.7,8.029999999999989e-05,4.09528445472132,Other,O=C(CCc1ccccc1)NC1CCN(Cc2ccccc2)CC1,train
714,CC(C)(C)c1cc(CCC(=O)NCC2CCN(Cc3ccccc3)CC2)cc(C(C)(C)C)c1O,INSSBEWZDRXDNT-UHFFFAOYSA-N,CHEMBL4278832,10.1016/j.ejmech.2018.08.005,Antioxidant activity assessed as DPPH radical scavenging activity measured after 30 mins incubation in dark by UV-Visible spectrophotometric analysis,464.7,6.339999999999958e-05,4.19791074211827,Other,O=C(CCc1ccccc1)NCC1CCN(Cc2ccccc2)CC1,train
715,CC(C)(C)c1cc(CCC(=O)NCCC2CCN(Cc3ccccc3)CC2)cc(C(C)(C)C)c1O,YQDALLBKLTWBJF-UHFFFAOYSA-N,CHEMBL4287826,10.1016/j.ejmech.2018.08.005,Antioxidant activity assessed as DPPH radical scavenging activity measured after 30 mins incubation in dark by UV-Visible spectrophotometric analysis,478.7,5.449999999999968e-05,4.26360349772336,Other,O=C(CCc1ccccc1)NCCC1CCN(Cc2ccccc2)CC1,train
716,CC(C)(C)c1cc(C=CC(=O)NC2CCN(Cc3ccccc3)CC2)cc(C(C)(C)C)c1O,HZSQTEMCTXEJIS-UHFFFAOYSA-N,CHEMBL4279917,10.1016/j.ejmech.2018.08.005,Antioxidant activity assessed as DPPH radical scavenging activity measured after 30 mins incubation in dark by UV-Visible spectrophotometric analysis,448.7,7.189999999999954e-05,4.14327110961712,Other,O=C(C=Cc1ccccc1)NC1CCN(Cc2ccccc2)CC1,train
717,CC(C)(C)c1cc(C=CC(=O)NCC2CCN(Cc3ccccc3)CC2)cc(C(C)(C)C)c1O,RCLZNVUFTLOILJ-UHFFFAOYSA-N,CHEMBL4291237,10.1016/j.ejmech.2018.08.005,Antioxidant activity assessed as DPPH radical scavenging activity measured after 30 mins incubation in dark by UV-Visible spectrophotometric analysis,462.7,7.560000000000059e-05,4.12147820449879,Other,O=C(C=Cc1ccccc1)NCC1CCN(Cc2ccccc2)CC1,train
718,CC(C)(C)c1cc(C=CC(=O)NCCC2CCN(Cc3ccccc3)CC2)cc(C(C)(C)C)c1O,SSSYJOIFOJYAAD-UHFFFAOYSA-N,CHEMBL4283390,10.1016/j.ejmech.2018.08.005,Antioxidant activity assessed as DPPH radical scavenging activity measured after 30 mins incubation in dark by UV-Visible spectrophotometric analysis,476.7,8.170000000000092e-05,4.08777794346758,Other,O=C(C=Cc1ccccc1)NCCC1CCN(Cc2ccccc2)CC1,train
719,COc1ccc(CN2CCC(CCNC(=O)C=Cc3cc(C(C)(C)C)c(O)c(C(C)(C)C)c3)CC2)cc1,RXFASTRSJRIBEQ-UHFFFAOYSA-N,CHEMBL4288282,10.1016/j.ejmech.2018.08.005,Antioxidant activity assessed as DPPH radical scavenging activity measured after 30 mins incubation in dark by UV-Visible spectrophotometric analysis,506.7,6.119999999999983e-05,4.21324857785444,Other,O=C(C=Cc1ccccc1)NCCC1CCN(Cc2ccccc2)CC1,test
720,Cc1ccccc1CN1CCC(CCNC(=O)C=Cc2cc(C(C)(C)C)c(O)c(C(C)(C)C)c2)CC1,PTGRNZYASAEVPN-UHFFFAOYSA-N,CHEMBL4277644,10.1016/j.ejmech.2018.08.005,Antioxidant activity assessed as DPPH radical scavenging activity measured after 30 mins incubation in dark by UV-Visible spectrophotometric analysis,490.7,6.529999999999946e-05,4.18508681872493,Other,O=C(C=Cc1ccccc1)NCCC1CCN(Cc2ccccc2)CC1,train
721,Cc1ccc(CN2CCC(CCNC(=O)C=Cc3cc(C(C)(C)C)c(O)c(C(C)(C)C)c3)CC2)cc1,ITOHYYQDWVLDKH-UHFFFAOYSA-N,CHEMBL4284895,10.1016/j.ejmech.2018.08.005,Antioxidant activity assessed as DPPH radical scavenging activity measured after 30 mins incubation in dark by UV-Visible spectrophotometric analysis,490.7,6.039999999999981e-05,4.21896306137887,Other,O=C(C=Cc1ccccc1)NCCC1CCN(Cc2ccccc2)CC1,train
722,CC(C)(C)c1cc(C=CC(=O)NCCC2CCN(Cc3ccccc3F)CC2)cc(C(C)(C)C)c1O,RXSZVSISAHLZBD-UHFFFAOYSA-N,CHEMBL4292766,10.1016/j.ejmech.2018.08.005,Antioxidant activity assessed as DPPH radical scavenging activity measured after 30 mins incubation in dark by UV-Visible spectrophotometric analysis,494.7,5.589999999999952e-05,4.25258819211358,Other,O=C(C=Cc1ccccc1)NCCC1CCN(Cc2ccccc2)CC1,test
723,CC(C)(C)c1cc(C=CC(=O)NCCC2CCN(Cc3cccc(F)c3)CC2)cc(C(C)(C)C)c1O,CTWWCIRKFWZLQA-UHFFFAOYSA-N,CHEMBL4295126,10.1016/j.ejmech.2018.08.005,Antioxidant activity assessed as DPPH radical scavenging activity measured after 30 mins incubation in dark by UV-Visible spectrophotometric analysis,494.7,5.5200000000000176e-05,4.2580609222708,Other,O=C(C=Cc1ccccc1)NCCC1CCN(Cc2ccccc2)CC1,train
724,CC(C)(C)c1cc(C=CC(=O)NCCC2CCN(Cc3ccc(F)cc3)CC2)cc(C(C)(C)C)c1O,DVRSLUOCBYPMQA-UHFFFAOYSA-N,CHEMBL4284475,10.1016/j.ejmech.2018.08.005,Antioxidant activity assessed as DPPH radical scavenging activity measured after 30 mins incubation in dark by UV-Visible spectrophotometric analysis,494.7,5.749999999999989e-05,4.24033215531037,Other,O=C(C=Cc1ccccc1)NCCC1CCN(Cc2ccccc2)CC1,test
725,CC(C)(C)c1cc(C=CC(=O)NCCC2CCN(Cc3ccc(F)cc3F)CC2)cc(C(C)(C)C)c1O,SIBXURDGGQDAOC-UHFFFAOYSA-N,CHEMBL4291697,10.1016/j.ejmech.2018.08.005,Antioxidant activity assessed as DPPH radical scavenging activity measured after 30 mins incubation in dark by UV-Visible spectrophotometric analysis,512.7,6.239999999999944e-05,4.20481541031758,Other,O=C(C=Cc1ccccc1)NCCC1CCN(Cc2ccccc2)CC1,train
726,CC(C)(C)c1cc(C=CC(=O)NCCC2CCN(Cc3ccc(F)c(F)c3)CC2)cc(C(C)(C)C)c1O,PIAQBVLTUJMIOG-UHFFFAOYSA-N,CHEMBL4281066,10.1016/j.ejmech.2018.08.005,Antioxidant activity assessed as DPPH radical scavenging activity measured after 30 mins incubation in dark by UV-Visible spectrophotometric analysis,512.7,6.569999999999992e-05,4.18243463044022,Other,O=C(C=Cc1ccccc1)NCCC1CCN(Cc2ccccc2)CC1,train
727,CC(C)(C)c1cc(C=CC(=O)NCCC2CCN(Cc3ccccc3Cl)CC2)cc(C(C)(C)C)c1O,IXKCDKJHBGONNW-UHFFFAOYSA-N,CHEMBL4293155,10.1016/j.ejmech.2018.08.005,Antioxidant activity assessed as DPPH radical scavenging activity measured after 30 mins incubation in dark by UV-Visible spectrophotometric analysis,511.2,8.019999999999933e-05,4.09582563171584,Other,O=C(C=Cc1ccccc1)NCCC1CCN(Cc2ccccc2)CC1,train
728,CC(C)(C)c1cc(C=CC(=O)NCCC2CCN(Cc3cccc(Cl)c3)CC2)cc(C(C)(C)C)c1O,RYQSPKQMKQUAEH-UHFFFAOYSA-N,CHEMBL4282558,10.1016/j.ejmech.2018.08.005,Antioxidant activity assessed as DPPH radical scavenging activity measured after 30 mins incubation in dark by UV-Visible spectrophotometric analysis,511.2,8.30999999999998e-05,4.08039897621589,Other,O=C(C=Cc1ccccc1)NCCC1CCN(Cc2ccccc2)CC1,train
729,CC(C)(C)c1cc(C=CC(=O)NCCC2CCN(Cc3ccc(Br)cc3)CC2)cc(C(C)(C)C)c1O,VQWLSGGGBVCZAH-UHFFFAOYSA-N,CHEMBL4281727,10.1016/j.ejmech.2018.08.005,Antioxidant activity assessed as DPPH radical scavenging activity measured after 30 mins incubation in dark by UV-Visible spectrophotometric analysis,555.6,8.559999999999936e-05,4.06752623532285,Other,O=C(C=Cc1ccccc1)NCCC1CCN(Cc2ccccc2)CC1,train
730,CC(C)(C)c1cc(C=CC(=O)NCCC2CCN(Cc3cccc([N+](=O)[O-])c3)CC2)cc(C(C)(C)C)c1O,HTVDGYVAZPIPJH-UHFFFAOYSA-N,CHEMBL4292349,10.1016/j.ejmech.2018.08.005,Antioxidant activity assessed as DPPH radical scavenging activity measured after 30 mins incubation in dark by UV-Visible spectrophotometric analysis,521.7,7.809999999999993e-05,4.1073489661227,Aromatic amine,O=C(C=Cc1ccccc1)NCCC1CCN(Cc2ccccc2)CC1,train
731,CC(C)(C)c1cc(C=CC(=O)NCCC2CCN(Cc3ccc(C#N)cc3)CC2)cc(C(C)(C)C)c1O,UIDJKYIGMUKBSW-UHFFFAOYSA-N,CHEMBL4278260,10.1016/j.ejmech.2018.08.005,Antioxidant activity assessed as DPPH radical scavenging activity measured after 30 mins incubation in dark by UV-Visible spectrophotometric analysis,501.7,7.949999999999987e-05,4.09963287134353,Other,O=C(C=Cc1ccccc1)NCCC1CCN(Cc2ccccc2)CC1,train
732,COC(=O)C=Cc1ccc(O)c2oc(-c3ccc(O)c(O)c3)cc12,QJHUORNAEBHZHP-UHFFFAOYSA-N,CHEMBL4281495,10.1016/j.ejmech.2018.01.096,Antioxidant activity assessed as DPPH radical scavenging activity after 30 mins by spectrophotometric analysis,326.3,6.620000000000003e-06,5.1791420105603,Phenolic acid,c1ccc(-c2cc3ccccc3o2)cc1,train
733,CCOC(=O)C=Cc1ccc(O)c2oc(-c3ccc(O)c(O)c3)cc12,MAAOATHMMYUVQB-UHFFFAOYSA-N,CHEMBL3409193,10.1016/j.ejmech.2018.01.096,Antioxidant activity assessed as DPPH radical scavenging activity after 30 mins by spectrophotometric analysis,340.3,6.620000000000003e-06,5.1791420105603,Phenolic acid,c1ccc(-c2cc3ccccc3o2)cc1,train
734,CCCOC(=O)C=Cc1ccc(O)c2oc(-c3ccc(O)c(O)c3)cc12,PVVPEWZHECUNGT-UHFFFAOYSA-N,CHEMBL4289801,10.1016/j.ejmech.2018.01.096,Antioxidant activity assessed as DPPH radical scavenging activity after 30 mins by spectrophotometric analysis,354.4,6.620000000000003e-06,5.1791420105603,Phenolic acid,c1ccc(-c2cc3ccccc3o2)cc1,train
735,CC(C)OC(=O)C=Cc1ccc(O)c2oc(-c3ccc(O)c(O)c3)cc12,CVRJIUHNQCLZRL-UHFFFAOYSA-N,CHEMBL4279114,10.1016/j.ejmech.2018.01.096,Antioxidant activity assessed as DPPH radical scavenging activity after 30 mins by spectrophotometric analysis,354.4,6.620000000000003e-06,5.1791420105603,Phenolic acid,c1ccc(-c2cc3ccccc3o2)cc1,train
736,CNC(=O)C=Cc1ccc(O)c2oc(-c3ccc(O)c(O)c3)cc12,KCPGOVSYAZCUIV-UHFFFAOYSA-N,CHEMBL4282897,10.1016/j.ejmech.2018.01.096,Antioxidant activity assessed as DPPH radical scavenging activity after 30 mins by spectrophotometric analysis,325.3,6.620000000000003e-06,5.1791420105603,Other,c1ccc(-c2cc3ccccc3o2)cc1,train
737,CCNC(=O)C=Cc1ccc(O)c2oc(-c3ccc(O)c(O)c3)cc12,ILJRUGGQFLSZDA-UHFFFAOYSA-N,CHEMBL4293504,10.1016/j.ejmech.2018.01.096,Antioxidant activity assessed as DPPH radical scavenging activity after 30 mins by spectrophotometric analysis,339.3,6.620000000000003e-06,5.1791420105603,Other,c1ccc(-c2cc3ccccc3o2)cc1,train
738,CC(C)NC(=O)C=Cc1ccc(O)c2oc(-c3ccc(O)c(O)c3)cc12,KOFLOAZHNCWEPH-UHFFFAOYSA-N,CHEMBL4279434,10.1016/j.ejmech.2018.01.096,Antioxidant activity assessed as DPPH radical scavenging activity after 30 mins by spectrophotometric analysis,353.4,6.620000000000003e-06,5.1791420105603,Other,c1ccc(-c2cc3ccccc3o2)cc1,test
739,CC(C)(C)NC(=O)C=Cc1ccc(O)c2oc(-c3ccc(O)c(O)c3)cc12,RQWWCSZFLUDESJ-UHFFFAOYSA-N,CHEMBL4290116,10.1016/j.ejmech.2018.01.096,Antioxidant activity assessed as DPPH radical scavenging activity after 30 mins by spectrophotometric analysis,367.4,6.620000000000003e-06,5.1791420105603,Other,c1ccc(-c2cc3ccccc3o2)cc1,train
740,O=C(C=Cc1ccc(O)c2oc(-c3ccc(O)c(O)c3)cc12)Nc1ccccc1,LXLBECFUTDHYKI-UHFFFAOYSA-N,CHEMBL4289699,10.1016/j.ejmech.2018.01.096,Antioxidant activity assessed as DPPH radical scavenging activity after 30 mins by spectrophotometric analysis,387.4,6.620000000000003e-06,5.1791420105603,Aromatic amine,O=C(C=Cc1cccc2oc(-c3ccccc3)cc12)Nc1ccccc1,train
741,O=C(C=Cc1ccc(O)c2oc(-c3ccc(O)c(O)c3)cc12)NCc1ccccc1,YKMIYMUFQFUKCQ-UHFFFAOYSA-N,CHEMBL4281832,10.1016/j.ejmech.2018.01.096,Antioxidant activity assessed as DPPH radical scavenging activity after 30 mins by spectrophotometric analysis,401.4,6.620000000000003e-06,5.1791420105603,Other,O=C(C=Cc1cccc2oc(-c3ccccc3)cc12)NCc1ccccc1,train
742,O=C(C=Cc1ccc(O)c2oc(-c3ccc(O)c(O)c3)cc12)Nc1ccc(F)cc1,WIYPRULFGYFRDS-UHFFFAOYSA-N,CHEMBL4286280,10.1016/j.ejmech.2018.01.096,Antioxidant activity assessed as DPPH radical scavenging activity after 30 mins by spectrophotometric analysis,405.4,6.620000000000003e-06,5.1791420105603,Aromatic amine,O=C(C=Cc1cccc2oc(-c3ccccc3)cc12)Nc1ccccc1,train
743,O=C(C=Cc1ccc(O)c2oc(-c3ccc(O)c(O)c3)cc12)Nc1ccc(Cl)cc1,KBMIMIJMSIVOMR-UHFFFAOYSA-N,CHEMBL4278372,10.1016/j.ejmech.2018.01.096,Antioxidant activity assessed as DPPH radical scavenging activity after 30 mins by spectrophotometric analysis,421.8,6.620000000000003e-06,5.1791420105603,Aromatic amine,O=C(C=Cc1cccc2oc(-c3ccccc3)cc12)Nc1ccccc1,train
744,O=C(C=Cc1ccc(O)c2oc(-c3ccc(O)c(O)c3)cc12)Nc1ccc(Br)cc1,RWLRRRKZQYABFL-UHFFFAOYSA-N,CHEMBL4287785,10.1016/j.ejmech.2018.01.096,Antioxidant activity assessed as DPPH radical scavenging activity after 30 mins by spectrophotometric analysis,466.3,6.620000000000003e-06,5.1791420105603,Aromatic amine,O=C(C=Cc1cccc2oc(-c3ccccc3)cc12)Nc1ccccc1,train
745,Cc1ccc(NC(=O)C=Cc2ccc(O)c3oc(-c4ccc(O)c(O)c4)cc23)cc1,VJYBWFQVAMOWPR-UHFFFAOYSA-N,CHEMBL4279871,10.1016/j.ejmech.2018.01.096,Antioxidant activity assessed as DPPH radical scavenging activity after 30 mins by spectrophotometric analysis,401.4,6.620000000000003e-06,5.1791420105603,Aromatic amine,O=C(C=Cc1cccc2oc(-c3ccccc3)cc12)Nc1ccccc1,train
746,COc1ccc(NC(=O)C=Cc2ccc(O)c3oc(-c4ccc(O)c(O)c4)cc23)cc1,JBUJAUQSUDLAEC-UHFFFAOYSA-N,CHEMBL4289306,10.1016/j.ejmech.2018.01.096,Antioxidant activity assessed as DPPH radical scavenging activity after 30 mins by spectrophotometric analysis,417.4,6.620000000000003e-06,5.1791420105603,Aromatic amine,O=C(C=Cc1cccc2oc(-c3ccccc3)cc12)Nc1ccccc1,train
747,O=C(C=Cc1ccc(O)c2oc(-c3ccc(O)c(O)c3)cc12)Nc1ccc(O)cc1,QQRKCTUAFGPNHV-UHFFFAOYSA-N,CHEMBL4278655,10.1016/j.ejmech.2018.01.096,Antioxidant activity assessed as DPPH radical scavenging activity after 30 mins by spectrophotometric analysis,403.4,6.620000000000003e-06,5.1791420105603,Aromatic amine,O=C(C=Cc1cccc2oc(-c3ccccc3)cc12)Nc1ccccc1,train
748,C=CCNC(=O)C=Cc1ccc(O)c2oc(-c3ccc(O)c(O)c3)cc12,WFZDJWVNGSWJLY-UHFFFAOYSA-N,CHEMBL4285900,10.1016/j.ejmech.2018.01.096,Antioxidant activity assessed as DPPH radical scavenging activity after 30 mins by spectrophotometric analysis,351.4,6.620000000000003e-06,5.1791420105603,Other,c1ccc(-c2cc3ccccc3o2)cc1,train
749,O=C(C=Cc1ccc(O)c2oc(-c3ccc(O)c(O)c3)cc12)N1CCCCC1,SEMKPYKSTOIFPK-UHFFFAOYSA-N,CHEMBL4293784,10.1016/j.ejmech.2018.01.096,Antioxidant activity assessed as DPPH radical scavenging activity after 30 mins by spectrophotometric analysis,379.4,6.620000000000003e-06,5.1791420105603,Other,O=C(C=Cc1cccc2oc(-c3ccccc3)cc12)N1CCCCC1,train
750,O=C(C=Cc1ccc(O)c2oc(-c3ccc(O)c(O)c3)cc12)N1CCOCC1,JVXCLWISZLUWPN-UHFFFAOYSA-N,CHEMBL4282512,10.1016/j.ejmech.2018.01.096,Antioxidant activity assessed as DPPH radical scavenging activity after 30 mins by spectrophotometric analysis,381.4,6.620000000000003e-06,5.1791420105603,Other,O=C(C=Cc1cccc2oc(-c3ccccc3)cc12)N1CCOCC1,train
751,O=C(O)CCc1ccc(O)c2oc(-c3ccc(O)c(O)c3)cc12,UJUXUYKMKVZWST-UHFFFAOYSA-N,CHEMBL4290386,10.1016/j.ejmech.2018.01.096,Antioxidant activity assessed as DPPH radical scavenging activity after 30 mins by spectrophotometric analysis,314.3,6.620000000000003e-06,5.1791420105603,Other,c1ccc(-c2cc3ccccc3o2)cc1,train
752,CNC(=O)CCc1ccc(O)c2oc(-c3ccc(O)c(O)c3)cc12,HPHXXPQXWIVKMM-UHFFFAOYSA-N,CHEMBL4279042,10.1016/j.ejmech.2018.01.096,Antioxidant activity assessed as DPPH radical scavenging activity after 30 mins by spectrophotometric analysis,327.3,6.620000000000003e-06,5.1791420105603,Other,c1ccc(-c2cc3ccccc3o2)cc1,train
753,C=CCNC(=O)CCc1ccc(O)c2oc(-c3ccc(O)c(O)c3)cc12,SKOCBDUROLQGDJ-UHFFFAOYSA-N,CHEMBL4286969,10.1016/j.ejmech.2018.01.096,Antioxidant activity assessed as DPPH radical scavenging activity after 30 mins by spectrophotometric analysis,353.4,6.620000000000003e-06,5.1791420105603,Other,c1ccc(-c2cc3ccccc3o2)cc1,train
754,O=C(CCc1ccc(O)c2oc(-c3ccc(O)c(O)c3)cc12)Nc1ccc(O)cc1,IYSDBEJBFROCFM-UHFFFAOYSA-N,CHEMBL4294196,10.1016/j.ejmech.2018.01.096,Antioxidant activity assessed as DPPH radical scavenging activity after 30 mins by spectrophotometric analysis,405.4,6.620000000000003e-06,5.1791420105603,Aromatic amine,O=C(CCc1cccc2oc(-c3ccccc3)cc12)Nc1ccccc1,train
755,O=C(CCc1ccc(O)c2oc(-c3ccc(O)c(O)c3)cc12)N1CCOCC1,GAYHIFKOBRDOCL-UHFFFAOYSA-N,CHEMBL4283610,10.1016/j.ejmech.2018.01.096,Antioxidant activity assessed as DPPH radical scavenging activity after 30 mins by spectrophotometric analysis,383.4,6.620000000000003e-06,5.1791420105603,Other,O=C(CCc1cccc2oc(-c3ccccc3)cc12)N1CCOCC1,train
756,O=C(C=Cc1cccc(O)c1)c1ccccc1O,BLEVPIDFNNFTHJ-UHFFFAOYSA-N,CHEMBL3823220,10.1016/j.bmcl.2017.01.053,Antioxidant activity assessed as DPPH free radical scavenging activity incubated for 30 mins,240.3,0.00010800000000000004,3.96657624451305,Other,O=C(C=Cc1ccccc1)c1ccccc1,train
757,O=C(C=Cc1ccccc1)c1ccc(O)cc1O,JUMSUVHHUVPSOY-UHFFFAOYSA-N,CHEMBL105310,10.1016/j.bmcl.2017.01.053,Antioxidant activity assessed as DPPH free radical scavenging activity incubated for 30 mins,240.3,0.00019699999999999858,3.70553377383841,Other,O=C(C=Cc1ccccc1)c1ccccc1,train
758,O=C(C=Cc1ccccc1O)c1ccc(O)cc1O,MACMAADVRVVHBD-UHFFFAOYSA-N,CHEMBL148472,10.1016/j.bmcl.2017.01.053,Antioxidant activity assessed as DPPH free radical scavenging activity incubated for 30 mins,256.3,0.0001280000000000005,3.89279003035213,Other,O=C(C=Cc1ccccc1)c1ccccc1,test
759,O=C(C=Cc1ccc(O)cc1)c1ccc(O)cc1O,DXDRHHKMWQZJHT-UHFFFAOYSA-N,CHEMBL129795,10.1016/j.bmcl.2017.01.053,Antioxidant activity assessed as DPPH free radical scavenging activity incubated for 30 mins,256.3,0.0002869999999999986,3.54211810326601,Other,O=C(C=Cc1ccccc1)c1ccccc1,train
760,CCOc1ccc(C=Nn2c(S)nnc2-c2cnccn2)cc1OC,FSZDPQVZTKQSRP-UHFFFAOYSA-N,CHEMBL4088906,10.1016/j.bmcl.2017.06.053,Antioxidant activity assessed as DPPH free radical scavenging activity after 30 mins,356.4,5.880000000000018e-05,4.23062267392386,Other,C(=Nn1cnnc1-c1cnccn1)c1ccccc1,train
761,CN(C)c1ccc(C=Nn2c(S)nnc2-c2cnccn2)cc1,NDNPJRBSVOPABZ-UHFFFAOYSA-N,CHEMBL4060690,10.1016/j.bmcl.2017.06.053,Antioxidant activity assessed as DPPH free radical scavenging activity after 30 mins,325.4,1.395999999999994e-05,4.85511458171286,Aromatic amine,C(=Nn1cnnc1-c1cnccn1)c1ccccc1,train
762,Oc1ccc2ccccc2c1C=Nn1c(S)nnc1-c1cnccn1,IBDBAMLPPWWZFZ-UHFFFAOYSA-N,CHEMBL4096596,10.1016/j.bmcl.2017.06.053,Antioxidant activity assessed as DPPH free radical scavenging activity after 30 mins,348.4,6.917999999999952e-05,4.16001944232166,Other,C(=Nn1cnnc1-c1cnccn1)c1cccc2ccccc12,train
763,Oc1ccccc1C=Nn1c(S)nnc1-c1cnccn1,RTMRUBMVULTXHO-UHFFFAOYSA-N,CHEMBL3098259,10.1016/j.bmcl.2017.06.053,Antioxidant activity assessed as DPPH free radical scavenging activity after 30 mins,298.3,7.585999999999963e-05,4.11998716163323,Other,C(=Nn1cnnc1-c1cnccn1)c1ccccc1,train
764,Oc1ccc(C=Nn2c(S)nnc2-c2cnccn2)c(O)c1,UDEZXGZHPMXJBM-UHFFFAOYSA-N,CHEMBL4071122,10.1016/j.bmcl.2017.06.053,Antioxidant activity assessed as DPPH free radical scavenging activity after 30 mins,314.3,7.585999999999963e-05,4.11998716163323,Other,C(=Nn1cnnc1-c1cnccn1)c1ccccc1,train
765,Oc1ccc(C=Nn2c(S)nnc2-c2cnccn2)cc1,NUVCDXLKJKDCFX-UHFFFAOYSA-N,CHEMBL3098258,10.1016/j.bmcl.2017.06.053,Antioxidant activity assessed as DPPH free radical scavenging activity after 30 mins,298.3,5.88999999999998e-05,4.2298847052129,Other,C(=Nn1cnnc1-c1cnccn1)c1ccccc1,train
766,Fc1ccc(C=Nn2c(S)nnc2-c2cnccn2)cc1,NPHAZTWBWXLFIG-UHFFFAOYSA-N,CHEMBL3098265,10.1016/j.bmcl.2017.06.053,Antioxidant activity assessed as DPPH free radical scavenging activity after 30 mins,300.3,5.880000000000018e-05,4.23062267392386,Other,C(=Nn1cnnc1-c1cnccn1)c1ccccc1,train
767,N#Cc1ccc(C=Nn2c(S)nnc2-c2cnccn2)cc1,UDZUCJLUOBNGQW-UHFFFAOYSA-N,CHEMBL4098423,10.1016/j.bmcl.2017.06.053,Antioxidant activity assessed as DPPH free radical scavenging activity after 30 mins,307.3,4.780000000000013e-05,4.32057210338788,Other,C(=Nn1cnnc1-c1cnccn1)c1ccccc1,train
768,O=[N+]([O-])c1cccc(C=Nn2c(S)nnc2-c2cnccn2)c1,CKEPISGAXWDJCX-UHFFFAOYSA-N,CHEMBL4100638,10.1016/j.bmcl.2017.06.053,Antioxidant activity assessed as DPPH free radical scavenging activity after 30 mins,327.3,7.240000000000047e-05,4.14026143380285,Aromatic amine,C(=Nn1cnnc1-c1cnccn1)c1ccccc1,train
769,Sc1nnc(-c2cnccn2)n1N=Cc1ccc(Cl)cc1Cl,VZKOQBPCDCBJBH-UHFFFAOYSA-N,CHEMBL3098271,10.1016/j.bmcl.2017.06.053,Antioxidant activity assessed as DPPH free radical scavenging activity after 30 mins,351.2,8.120000000000096e-05,4.09044397075882,Other,C(=Nn1cnnc1-c1cnccn1)c1ccccc1,train
770,CCc1ccc(C=Nn2c(S)nnc2-c2cnccn2)cc1,RGNALMOVVXPXSL-UHFFFAOYSA-N,CHEMBL4092904,10.1016/j.bmcl.2017.06.053,Antioxidant activity assessed as DPPH free radical scavenging activity after 30 mins,310.4,4.769999999999956e-05,4.32148162095989,Other,C(=Nn1cnnc1-c1cnccn1)c1ccccc1,train
771,Sc1nnc(-c2cnccn2)n1N=Cc1ccccc1,LHKZNCITENPUSX-UHFFFAOYSA-N,CHEMBL3098264,10.1016/j.bmcl.2017.06.053,Antioxidant activity assessed as DPPH free radical scavenging activity after 30 mins,282.3,5.240000000000036e-05,4.28066871301627,Other,C(=Nn1cnnc1-c1cnccn1)c1ccccc1,train
772,Sc1nnc(-c2cnccn2)n1N=Cc1ccc(Cl)cc1,TZQKATBJSGLJAG-UHFFFAOYSA-N,CHEMBL3098266,10.1016/j.bmcl.2017.06.053,Antioxidant activity assessed as DPPH free radical scavenging activity after 30 mins,316.8,3.980000000000022e-05,4.40011692792631,Other,C(=Nn1cnnc1-c1cnccn1)c1ccccc1,train
773,S=C(Nc1ccccc1)Nn1c(S)nnc1-c1cnccn1,CDNBTVVSMWJTEN-UHFFFAOYSA-N,CHEMBL4063530,10.1016/j.bmcl.2017.06.053,Antioxidant activity assessed as DPPH free radical scavenging activity after 30 mins,329.4,5.880000000000018e-05,4.23062267392386,Aromatic amine,S=C(Nc1ccccc1)Nn1cnnc1-c1cnccn1,train
774,Fc1cccc(NC(=S)Nn2c(S)nnc2-c2cnccn2)c1,JIVXKRNZKQFKAN-UHFFFAOYSA-N,CHEMBL4064266,10.1016/j.bmcl.2017.06.053,Antioxidant activity assessed as DPPH free radical scavenging activity after 30 mins,347.4,1.395999999999994e-05,4.85511458171286,Aromatic amine,S=C(Nc1ccccc1)Nn1cnnc1-c1cnccn1,train
775,Fc1ccc(NC(=S)Nn2c(S)nnc2-c2cnccn2)cc1,CYOGDFUXLRFXQX-UHFFFAOYSA-N,CHEMBL4085820,10.1016/j.bmcl.2017.06.053,Antioxidant activity assessed as DPPH free radical scavenging activity after 30 mins,347.4,6.917999999999952e-05,4.16001944232166,Aromatic amine,S=C(Nc1ccccc1)Nn1cnnc1-c1cnccn1,train
776,S=C(Nc1ccc2ccccc2c1)Nn1c(S)nnc1-c1cnccn1,IKZDUTMHCNGGOQ-UHFFFAOYSA-N,CHEMBL4102211,10.1016/j.bmcl.2017.06.053,Antioxidant activity assessed as DPPH free radical scavenging activity after 30 mins,379.5,7.585999999999963e-05,4.11998716163323,Aromatic amine,S=C(Nc1ccc2ccccc2c1)Nn1cnnc1-c1cnccn1,train
777,S=C(Nc1ccc(Cl)cc1)Nn1c(S)nnc1-c1cnccn1,FYCLAOLYWWFOPT-UHFFFAOYSA-N,CHEMBL4077950,10.1016/j.bmcl.2017.06.053,Antioxidant activity assessed as DPPH free radical scavenging activity after 30 mins,363.9,7.585999999999963e-05,4.11998716163323,Aromatic amine,S=C(Nc1ccccc1)Nn1cnnc1-c1cnccn1,train
778,S=C(Nc1ccc(Cl)cc1Cl)Nn1c(S)nnc1-c1cnccn1,KSOXESFOSXUTAI-UHFFFAOYSA-N,CHEMBL4094469,10.1016/j.bmcl.2017.06.053,Antioxidant activity assessed as DPPH free radical scavenging activity after 30 mins,398.3,5.88999999999998e-05,4.2298847052129,Aromatic amine,S=C(Nc1ccccc1)Nn1cnnc1-c1cnccn1,train
779,Fc1ccc(NC(=S)Nn2c(S)nnc2-c2cnccn2)c(F)c1,WJVNXNGBZNESOE-UHFFFAOYSA-N,CHEMBL4066987,10.1016/j.bmcl.2017.06.053,Antioxidant activity assessed as DPPH free radical scavenging activity after 30 mins,365.4,5.88999999999998e-05,4.2298847052129,Aromatic amine,S=C(Nc1ccccc1)Nn1cnnc1-c1cnccn1,train
780,FC(F)(F)c1ccc(NC(=S)Nn2c(S)nnc2-c2cnccn2)cc1,MMRHCXUZIVJIBS-UHFFFAOYSA-N,CHEMBL4086729,10.1016/j.bmcl.2017.06.053,Antioxidant activity assessed as DPPH free radical scavenging activity after 30 mins,397.4,5.880000000000018e-05,4.23062267392386,Aromatic amine,S=C(Nc1ccccc1)Nn1cnnc1-c1cnccn1,train
781,S=C(Nc1ccc(Cl)c(Cl)c1)Nn1c(S)nnc1-c1cnccn1,WYLDSKORBYQPNH-UHFFFAOYSA-N,CHEMBL4104637,10.1016/j.bmcl.2017.06.053,Antioxidant activity assessed as DPPH free radical scavenging activity after 30 mins,398.3,8.120000000000096e-05,4.09044397075882,Aromatic amine,S=C(Nc1ccccc1)Nn1cnnc1-c1cnccn1,train
782,CC(=O)Nc1nnc(-c2ccc(O)c(O)c2)s1,WFCGUTCKHWPVLS-UHFFFAOYSA-N,CHEMBL4080989,10.1016/j.bmcl.2017.07.003,Antioxidant activity assessed as DPPH radical scavenging activity after 30 mins in absence of light,269.3,2.335999999999992e-05,4.63152716155964,Other,c1ccc(-c2nncs2)cc1,train
783,CCOC(=O)C(CC(=O)c1cccc2c1C(=O)c1ccccc1C2=O)=NNC(=S)Nc1ccccc1,FJKQGWWKQWPMCX-UHFFFAOYSA-N,CHEMBL2393475,10.1016/j.ejmech.2013.03.071,Antioxidant activity assessed as DPPH radical scavenging activity after 30 mins by spectrophotometric analysis,499.5,2.620000000000028e-05,4.58169870868025,Quinone,O=C(CC=NNC(=S)Nc1ccccc1)c1cccc2c1C(=O)c1ccccc1C2=O,train
784,O=C(Nc1nnc(-c2ccc(O)c(O)c2)s1)C12CC3CC(CC(C3)C1)C2,JNAYTFYLAHLRJL-UHFFFAOYSA-N,CHEMBL4104293,10.1016/j.bmcl.2017.07.003,Antioxidant activity assessed as DPPH radical scavenging activity after 30 mins in absence of light,371.5,1.7849999999999905e-05,4.74836177955179,Terpenoid,O=C(Nc1nnc(-c2ccccc2)s1)C12CC3CC(CC(C3)C1)C2,train
785,O=C(Cc1ccccc1)Nc1nnc(-c2ccc(O)c(O)c2)s1,GHZCLNZCBAMXHW-UHFFFAOYSA-N,CHEMBL4076268,10.1016/j.bmcl.2017.07.003,Antioxidant activity assessed as DPPH radical scavenging activity after 30 mins in absence of light,327.4,2.1289999999999876e-05,4.67182433856168,Other,O=C(Cc1ccccc1)Nc1nnc(-c2ccccc2)s1,train
786,O=C(COc1ccccc1)Nc1nnc(-c2ccc(O)c(O)c2)s1,IMLHVPKVWARFAT-UHFFFAOYSA-N,CHEMBL4093127,10.1016/j.bmcl.2017.07.003,Antioxidant activity assessed as DPPH radical scavenging activity after 30 mins in absence of light,343.4,3.6050000000000205e-05,4.44309473094455,Other,O=C(COc1ccccc1)Nc1nnc(-c2ccccc2)s1,train
787,CCOC(=O)C(CC(=O)c1cccc2c1C(=O)c1ccccc1C2=O)=NNC(=S)NC1CCCCC1,NSDKPXATDPPDEJ-UHFFFAOYSA-N,CHEMBL2393471,10.1016/j.ejmech.2013.03.071,Antioxidant activity assessed as DPPH radical scavenging activity after 30 mins by spectrophotometric analysis,505.6,1.640000000000007e-05,4.7851561519523,Quinone,O=C(CC=NNC(=S)NC1CCCCC1)c1cccc2c1C(=O)c1ccccc1C2=O,train
788,Cc1ccc(C(=O)Nc2nnc(-c3ccc(O)c(O)c3)s2)cc1,LQXUUZXBOKRIHW-UHFFFAOYSA-N,CHEMBL4060040,10.1016/j.bmcl.2017.07.003,Antioxidant activity assessed as DPPH radical scavenging activity after 30 mins in absence of light,327.4,3.3970000000000144e-05,4.46890445312997,Aromatic amine,O=C(Nc1nnc(-c2ccccc2)s1)c1ccccc1,test
789,O=C(Nc1nnc(-c2ccc(O)c(O)c2)s1)c1ccc(Cl)cc1,ZSPVKLRURCDJHV-UHFFFAOYSA-N,CHEMBL4085385,10.1016/j.bmcl.2017.07.003,Antioxidant activity assessed as DPPH radical scavenging activity after 30 mins in absence of light,383.8,5.297000000000032e-05,4.2759700270644,Aromatic amine,O=C(Nc1nnc(-c2ccccc2)s1)c1ccccc1,train
790,CC(=O)Nc1nnc(-c2cccc(O)c2O)s1,ZNDGFIYGYMRRCB-UHFFFAOYSA-N,CHEMBL4101816,10.1016/j.bmcl.2017.07.003,Antioxidant activity assessed as DPPH radical scavenging activity after 30 mins in absence of light,251.3,0.00011132000000000115,3.95342680233799,Other,c1ccc(-c2nncs2)cc1,train
791,CN1CC(O)(c2ccc(-c3ccccc3)cc2)SC2CCCCC21,MQEUZOQUQDYGIG-UHFFFAOYSA-N,CHEMBL4169620,10.1016/j.ejmech.2017.06.042,Antioxidant activity assessed as DPPH radical scavenging activity measured at 30 to 60 mins by UV-Visible spectrophotometric method,339.5,0.0002710000000000026,3.56703070912559,Other,c1ccc(-c2ccc(C3CNC4CCCCC4S3)cc2)cc1,test
792,O=C(Nc1nnc(-c2cccc(O)c2O)s1)C12CC3CC(CC(C3)C1)C2,JTTNOTDDCXPERF-UHFFFAOYSA-N,CHEMBL4082886,10.1016/j.bmcl.2017.07.003,Antioxidant activity assessed as DPPH radical scavenging activity after 30 mins in absence of light,371.5,1.421000000000002e-05,4.84740592207253,Terpenoid,O=C(Nc1nnc(-c2ccccc2)s1)C12CC3CC(CC(C3)C1)C2,train
793,O=C(Cc1ccccc1)Nc1nnc(-c2cccc(O)c2O)s1,KCPMFAQRCVJCAB-UHFFFAOYSA-N,CHEMBL4093143,10.1016/j.bmcl.2017.07.003,Antioxidant activity assessed as DPPH radical scavenging activity after 30 mins in absence of light,327.4,2.089000000000005e-05,4.68006156001969,Other,O=C(Cc1ccccc1)Nc1nnc(-c2ccccc2)s1,train
794,O=C(COc1ccccc1)Nc1nnc(-c2cccc(O)c2O)s1,QRUJMYARPBHMED-UHFFFAOYSA-N,CHEMBL4072391,10.1016/j.bmcl.2017.07.003,Antioxidant activity assessed as DPPH radical scavenging activity after 30 mins in absence of light,361.4,1.6599999999999794e-05,4.77989191195995,Other,O=C(COc1ccccc1)Nc1nnc(-c2ccccc2)s1,test
795,CN1CC(O)(c2ccc(-c3ccccc3)cc2)Sc2ccccc21,ZYLBGTMYOVOPCM-UHFFFAOYSA-N,CHEMBL1915484,10.1021/jm401842e,Antioxidant activity assessed as DPPH radical scavenging activity after 30 mins,333.5,0.0002710000000000026,3.56703070912559,Aromatic amine,c1ccc(-c2ccc(C3CNc4ccccc4S3)cc2)cc1,train
796,Cc1ccc(C(=O)Nc2nnc(-c3cccc(O)c3O)s2)cc1,SONCHNLUHXQDDF-UHFFFAOYSA-N,CHEMBL4078452,10.1016/j.bmcl.2017.07.003,Antioxidant activity assessed as DPPH radical scavenging activity after 30 mins in absence of light,327.4,2.7090000000000115e-05,4.56719099496683,Aromatic amine,O=C(Nc1nnc(-c2ccccc2)s1)c1ccccc1,train
797,O=C(Nc1nnc(-c2cccc(O)c2O)s1)c1ccc(Cl)cc1,DSFAGQLPUPJGRC-UHFFFAOYSA-N,CHEMBL4068406,10.1016/j.bmcl.2017.07.003,Antioxidant activity assessed as DPPH radical scavenging activity after 30 mins in absence of light,383.8,3.0170000000000123e-05,4.52042468982501,Aromatic amine,O=C(Nc1nnc(-c2ccccc2)s1)c1ccccc1,train
798,CN1CC(O)(c2ccccc2)Sc2ccccc21,VOPAXEAIPKRRLA-UHFFFAOYSA-N,CHEMBL4174508,10.1016/j.ejmech.2017.06.042,Antioxidant activity assessed as DPPH radical scavenging activity measured at 30 to 60 mins by UV-Visible spectrophotometric method,257.4,0.0001830000000000003,3.73754891026957,Aromatic amine,c1ccc(C2CNc3ccccc3S2)cc1,train
799,CN1CC(O)(c2ccc(-c3ccc(C(F)(F)F)cc3)cc2)Sc2ccccc21,FGRXNOWHFCGQDU-UHFFFAOYSA-N,CHEMBL4164939,10.1016/j.ejmech.2017.06.042,Antioxidant activity assessed as DPPH radical scavenging activity measured at 30 to 60 mins by UV-Visible spectrophotometric method,401.5,0.00017099999999999852,3.76700388960785,Aromatic amine,c1ccc(-c2ccc(C3CNc4ccccc4S3)cc2)cc1,train
800,CN1CC(O)(c2ccc(-c3ccc(O)cc3)cc2)Sc2ccccc21,INWYBOFZZGUKPA-UHFFFAOYSA-N,CHEMBL4172844,10.1016/j.ejmech.2017.06.042,Antioxidant activity assessed as DPPH radical scavenging activity measured at 30 to 60 mins by UV-Visible spectrophotometric method,349.5,4.400000000000022e-05,4.35654732351381,Aromatic amine,c1ccc(-c2ccc(C3CNc4ccccc4S3)cc2)cc1,train
801,CN1CC(O)(c2ccc(-c3cc(C(C)(C)C)c(O)c(C(C)(C)C)c3)cc2)Sc2ccccc21,NULATMRUBOBKOS-UHFFFAOYSA-N,CHEMBL4168364,10.1016/j.ejmech.2017.06.042,Antioxidant activity assessed as DPPH radical scavenging activity measured at 30 to 60 mins by UV-Visible spectrophotometric method,461.7,3.4000000000000366e-05,4.46852108295774,Aromatic amine,c1ccc(-c2ccc(C3CNc4ccccc4S3)cc2)cc1,test
802,CN1CC(O)(c2ccc3c(c2)Nc2ccccc2S3)OC2CCCCC21,RKNYLNHGFOONQP-UHFFFAOYSA-N,CHEMBL3234105,10.1021/jm401842e,Antioxidant activity assessed as DPPH radical scavenging activity after 30 mins,368.5,0.00018800000000000007,3.72584215073632,Aromatic amine,c1ccc2c(c1)Nc1cc(C3CNC4CCCCC4O3)ccc1S2,train
803,CN1CC(O)(c2ccccc2)Oc2ccccc21,KYOBUEYZPRYSDT-UHFFFAOYSA-N,CHEMBL4163846,10.1016/j.ejmech.2017.06.042,Antioxidant activity assessed as DPPH radical scavenging activity measured at 30 to 60 mins by UV-Visible spectrophotometric method,241.3,0.0001519999999999991,3.81815641205523,Aromatic amine,c1ccc(C2CNc3ccccc3O2)cc1,train
804,CC(C)c1cc2c(c(O)c1O)C13CCCC(C)(C(O)OC1=O)C3CC2,UJSRRPXGXDAPTC-UHFFFAOYSA-N,CHEMBL4447242,10.1021/acs.jnatprod.8b00952,Antioxidant activity assessed as DPPH radical scavenging activity measured after 30 mins,346.4,2.4800000000000237e-05,4.60554831917378,Terpenoid,O=C1OCC2CCCC13c1ccccc1CCC23,train
805,CC(C)c1cc2c(c(O)c1O)C13CCCC(C)(COC1=O)C3CC2,NEJZCFPJTWECEJ-UHFFFAOYSA-N,CHEMBL4472179,10.1021/acs.jnatprod.8b00952,Antioxidant activity assessed as DPPH radical scavenging activity measured after 30 mins,330.4,2.9900000000000025e-05,4.52432881167557,Terpenoid,O=C1OCC2CCCC13c1ccccc1CCC23,train
806,COc1cc(O)c2c(O)c3c(=O)cc(C)oc3cc2c1,FPNKCZKRICBAKG-UHFFFAOYSA-N,CHEMBL475086,10.1016/j.bmcl.2019.05.002,Antioxidant activity assessed as DPPH radical scavenging activity incubated for 30 mins under dark condition,272.3,1.1127432978332702e-05,4.95360501283766,Coumarin,O=c1ccoc2cc3ccccc3cc12,train
807,COc1cc(O)c2c(O)c3c(=O)oc(C)cc3cc2c1,WEHXAEGTVPWKDY-UHFFFAOYSA-N,CHEMBL4457748,10.1016/j.bmcl.2019.05.002,Antioxidant activity assessed as DPPH radical scavenging activity incubated for 30 mins under dark condition,272.3,0.00028791773778920067,3.54073157865553,Other,O=c1occc2cc3ccccc3cc12,train
808,COc1cc(C(O)C(CO)Oc2c(OC)cc(C3Oc4c(OC)cc(C=CC=O)cc4C3CO)cc2OC)ccc1O,UYNCCRHOWNHDMT-UHFFFAOYSA-N,CHEMBL221879,10.1021/np0603931,Antioxidant effect assessed as DPPH radical scavenging activity 30 min (manual check),582.6,0.00014700000000000132,3.83268266525182,Other,c1ccc(CCOc2ccc(C3Cc4ccccc4O3)cc2)cc1,train
809,COc1cc(C(O)C(CO)Oc2c(OC)cc(C3OCC4C(c5cc(OC)c(OC(CO)C(O)c6ccc(O)c(OC)c6)c(OC)c5)OCC34)cc2OC)ccc1O,LSWNERGQFCAXLI-UHFFFAOYSA-N,CHEMBL388779,10.1021/np0603931,Antioxidant effect assessed as DPPH radical scavenging activity 30 min (manual check),810.8,5.4999999999999473e-05,4.25963731050576,Other,c1ccc(CCOc2ccc(C3OCC4C(c5ccc(OCCc6ccccc6)cc5)OCC34)cc2)cc1,train
810,CCOC(c1ccc(O)c(OC)c1)C(O)CO,AAOACSSPCZAJCZ-UHFFFAOYSA-N,CHEMBL224843,10.1021/np0603931,Antioxidant effect assessed as DPPH radical scavenging activity 30 min (manual check),242.3,0.00013200000000000004,3.87942606879415,Other,c1ccccc1,train
811,COc1cc2c(c(OC)c1O)C(CO)C(c1cc(OC)c(OC)c(OC)c1)O2,INACKEYIIKMUED-UHFFFAOYSA-N,CHEMBL224791,10.1021/np0603931,Antioxidant effect assessed as DPPH radical scavenging activity 30 min (manual check),392.4,4.499999999999966e-05,4.34678748622466,Other,c1ccc(C2Cc3ccccc3O2)cc1,train
812,COc1cc(C(O)C(CO)Oc2c(OC)cc(C(O)C(CO)Oc3c(OC)cc(C4Oc5c(OC)cc(C=CC=O)cc5C4CO)cc3OC)cc2OC)ccc1O,ZCFXYUOLSAFDRL-UHFFFAOYSA-N,CHEMBL225532,10.1021/np0603931,Antioxidant effect assessed as DPPH radical scavenging activity 30 min (manual check),808.8,0.0001270000000000009,3.89619627904404,Other,c1ccc(CCOc2ccc(CCOc3ccc(C4Cc5ccccc5O4)cc3)cc2)cc1,train
813,COc1cc(C(O)C(CO)Oc2ccc(C(O)C(CO)Oc3c(OC)cc(C4Oc5c(OC)cc(C=CC=O)cc5C4CO)cc3OC)cc2OC)ccc1O,HITLEOURIXKLBL-UHFFFAOYSA-N,CHEMBL225531,10.1021/np0603931,Antioxidant effect assessed as DPPH radical scavenging activity 30 min (manual check),778.8,0.0002010000000000005,3.69680394257951,Other,c1ccc(CCOc2ccc(CCOc3ccc(C4Cc5ccccc5O4)cc3)cc2)cc1,train
814,COc1cc(C(O)C(CO)Oc2c(OC)cc(C3OCC4C(c5cc(OC)c(OC(CO)C(O)c6cc(OC)c(O)c(OC)c6)c(OC)c5)OCC34)cc2OC)ccc1O,PNQYLBUPZLUYBF-UHFFFAOYSA-N,CHEMBL225480,10.1021/np0603931,Antioxidant effect assessed as DPPH radical scavenging activity 30 min (manual check),840.9,8.70000000000003e-05,4.06048074738138,Other,c1ccc(CCOc2ccc(C3OCC4C(c5ccc(OCCc6ccccc6)cc5)OCC34)cc2)cc1,train
815,COc1cc(C(O)C(CO)Oc2c(OC)cc(C3OCC4C(=O)OCC43)cc2OC)ccc1O,WXNHVUOGFJILRR-UHFFFAOYSA-N,CHEMBL376697,10.1021/np0603931,Antioxidant effect assessed as DPPH radical scavenging activity 30 min (manual check),476.5,7.200000000000023e-05,4.14266750356873,Other,O=C1OCC2C1COC2c1ccc(OCCc2ccccc2)cc1,train
816,CC(C)c1cc2c(c(O)c1O)C1(C(=O)O)CCCC(C)(C)C1CC2,QRYRORQUOLYVBU-UHFFFAOYSA-N,CHEMBL484853,10.1021/np020189n,Antioxidant activity assessed as DPPH free radical scavenging activity after 30 mins,332.4,5.329999999999969e-05,4.27327279097343,Terpenoid,c1ccc2c(c1)CCC1CCCCC21,train
817,COc1c(C(C)C)cc2c(c1O)C1(CO)CCCC(C)(C)C1CC2,ZULNZVBUWODPIZ-UHFFFAOYSA-N,CHEMBL483016,10.1021/np020189n,Antioxidant activity assessed as DPPH free radical scavenging activity after 30 mins,332.5,8.34000000000002e-05,4.07883394936226,Terpenoid,c1ccc2c(c1)CCC1CCCCC21,train
818,CC(C)c1cc2c(c(O)c1O)C13CCCC(C)(C)C1CC2OC3=O,XUSYGBPHQBWGAD-UHFFFAOYSA-N,CHEMBL218693,10.1021/np020189n,Antioxidant activity assessed as DPPH free radical scavenging activity after 30 mins,330.4,0.00011399999999999933,3.94309514866353,Terpenoid,O=C1OC2CC3CCCCC13c1ccccc12,train
819,CC1(C)CCCC23C(=O)OC(CC12)c1cc(C(CO)CO)c(O)c(O)c13,BOYYOLSOYQRJBH-UHFFFAOYSA-N,CHEMBL483017,10.1021/np020189n,Antioxidant activity assessed as DPPH free radical scavenging activity after 30 mins,362.4,6.600000000000022e-05,4.18045606445813,Terpenoid,O=C1OC2CC3CCCCC13c1ccccc12,train
820,Oc1cccc(O)c1O,WQGWDDDVZFFDIG-UHFFFAOYSA-N,CHEMBL307145,10.1021/np020189n,Antioxidant activity assessed as DPPH free radical scavenging activity after 30 mins,126.1,3.7800000000000444e-05,4.42250820016277,Other,c1ccccc1,train
821,CC(C)(O)CCc1c(OC2OC(CO)C(O)C(O)C2O)cc(O)c2c(=O)c(O)c(-c3ccc(O)cc3)oc12,UNHHWEHQUUGKEE-UHFFFAOYSA-N,CHEMBL454069,10.1021/np030034v,Antioxidant activity assessed as DPPH free radical scavenging activity 30 min (manual check),534.5,8.830000000000026e-05,4.05403929642243,Flavonoid,O=c1cc(-c2ccccc2)oc2cc(OC3CCCCO3)ccc12,train
822,COC(=O)c1cc(=O)[nH]c2ccc(O)cc12,VMFVSNYOKIVXJO-UHFFFAOYSA-N,CHEMBL484460,10.1021/np010324g,Antioxidant activity assessed as DPPH radical scavenging activity 30 min (manual check),219.2,0.00016605839416058217,3.77973916616328,Other,O=c1ccc2ccccc2[nH]1,train
823,COc1c(-c2ccc(O)c(O)c2)oc2cc(O)cc(O)c2c1=O,WEPBGSIAWZTEJR-UHFFFAOYSA-N,CHEMBL163316,10.1016/j.bmc.2015.05.023,Antioxidant activity assessed as DPPH radical scavenging activity after 30 min,316.3,1.4169999999999983e-05,4.84863014975254,Flavonoid,O=c1cc(-c2ccccc2)oc2ccccc12,train
824,COc1cc(C(=O)O)ccc1OC1OC(COC(=O)C=Cc2cc(OC)c(O)c(OC)c2)C(O)C(O)C1O,SSFMJKGLSYRLSQ-UHFFFAOYSA-N,CHEMBL479508,10.1021/np050447r,Antioxidant activity assessed as DPPH free radical scavenging activity relative to control 30 min (manual check),536.5,4.23112767940351e-05,4.37354386910885,Phenolic acid,O=C(C=Cc1ccccc1)OCC1CCCC(Oc2ccccc2)O1,train
825,O=C(C=Cc1ccc(O)c(O)c1)OC1CC(O)(C(=O)O)CC(O)C1O,CWVRJTMFETXNAD-UHFFFAOYSA-N,CHEMBL284616,10.1021/np020576x,Antioxidant activity assessed as DPPH radical scavenging activity after 30 mins,354.3,3.3002448548038956e-05,4.48145383735081,Phenolic acid,O=C(C=Cc1ccccc1)OC1CCCCC1,test
826,O=C(O)c1ccc(O)c(O)c1,YQUVCSBJEUQKSH-UHFFFAOYSA-N,CHEMBL37537,10.1021/np050447r,Antioxidant activity assessed as DPPH free radical scavenging activity relative to control 30 min (manual check),154.1,4.4776119402985505e-05,4.34895354798116,Phenolic acid,c1ccccc1,train
827,CN1CC(O)(c2ccc3c(c2)Nc2ccccc2S3)Oc2ccccc21,JJNOHYXMRHTEEN-UHFFFAOYSA-N,CHEMBL3234112,10.1021/jm401842e,Antioxidant activity assessed as DPPH radical scavenging activity after 30 mins,362.5,0.000337000000000001,3.47237009912866,Aromatic amine,c1ccc2c(c1)NCC(c1ccc3c(c1)Nc1ccccc1S3)O2,train
828,O=C(C=Cc1ccc(O)c(O)c1)OC1CC(O)(C(=O)O)CC(O)C1OC(=O)C=Cc1ccc(O)c(O)c1,UFCLZKMFXSILNL-UHFFFAOYSA-N,CHEMBL177126,10.1021/np050447r,Antioxidant activity assessed as DPPH free radical scavenging activity relative to control 30 min (manual check),516.5,1.816936562039084e-05,4.74066023572847,Phenolic acid,O=C(C=Cc1ccccc1)OC1CCCCC1OC(=O)C=Cc1ccccc1,train
829,CCOC(=O)C1(O)CC(O)C(O)C(OC(=O)C=Cc2ccc(O)c(O)c2)C1,LEUHYTKFUDEERH-UHFFFAOYSA-N,CHEMBL482232,10.1021/np050447r,Antioxidant activity assessed as DPPH free radical scavenging activity relative to control 30 min (manual check),382.4,1.8566945606694433e-05,4.73125953488499,Phenolic acid,O=C(C=Cc1ccccc1)OC1CCCCC1,test
830,COC(=O)C1(O)CC(OC(=O)C=Cc2ccc(O)c(O)c2)C(OC(=O)C(C)(O)CC(=O)O)C(OC(=O)C=Cc2ccc(O)c(O)c2)C1,XVRZYODGITYIQZ-UHFFFAOYSA-N,CHEMBL446012,10.1021/np050447r,Antioxidant activity assessed as DPPH free radical scavenging activity relative to control 30 min (manual check),660.6,6.660611565243685e-06,5.17648589286921,Phenolic acid,O=C(C=Cc1ccccc1)OC1CCCC(OC(=O)C=Cc2ccccc2)C1,test
831,CCOC(=O)C1(O)CC(OC(=O)C=Cc2ccc(O)c(O)c2)C(O)C(OC(=O)C=Cc2cc(OC)c(O)c(OC)c2)C1,QRWMZZNSGRCHHG-UHFFFAOYSA-N,CHEMBL445715,10.1021/np050447r,Antioxidant activity assessed as DPPH free radical scavenging activity relative to control 30 min (manual check),588.6,1.6139993204213554e-05,4.79209665247474,Phenolic acid,O=C(C=Cc1ccccc1)OC1CCCC(OC(=O)C=Cc2ccccc2)C1,train
832,COC(=O)C1(O)CC(OC(=O)C=Cc2ccc(O)c(O)c2)C(O)C(OC(=O)C=Cc2cc(OC)c(O)c(OC)c2)C1,QXOKQINPRTYYQK-UHFFFAOYSA-N,CHEMBL475065,10.1021/np050447r,Antioxidant activity assessed as DPPH free radical scavenging activity relative to control 30 min (manual check),574.5,1.4795474325500492e-05,4.82987110731001,Phenolic acid,O=C(C=Cc1ccccc1)OC1CCCC(OC(=O)C=Cc2ccccc2)C1,train
833,CCOC(=O)C1(O)CC(O)C(OC(=O)C=Cc2cc(OC)c(O)c(OC)c2)C(OC(=O)C=Cc2ccc(O)c(O)c2)C1,WTUPZYOQFGPHOS-UHFFFAOYSA-N,CHEMBL448070,10.1021/np050447r,Antioxidant activity assessed as DPPH free radical scavenging activity relative to control 30 min (manual check),588.6,1.0363574583758183e-05,4.98449042275282,Phenolic acid,O=C(C=Cc1ccccc1)OC1CCCCC1OC(=O)C=Cc1ccccc1,train
834,COC(=O)C1(O)CC(O)C(OC(=O)C=Cc2cc(OC)c(O)c(OC)c2)C(OC(=O)C=Cc2ccc(O)c(O)c2)C1,HNVWFUAOTFONLC-UHFFFAOYSA-N,CHEMBL474262,10.1021/np050447r,Antioxidant activity assessed as DPPH free radical scavenging activity relative to control 30 min (manual check),574.5,1.4447345517841618e-05,4.84021194064823,Phenolic acid,O=C(C=Cc1ccccc1)OC1CCCCC1OC(=O)C=Cc1ccccc1,train
835,C=C(C)C1CCC2C(CC=C(C)C)C(C)(C)C3(CC=C(C)C)C(=O)C(C(=O)c4ccc(O)c(O)c4)=C(O)C2(CC1(C)C)C3=O,IIOQLCJBRQEPIR-UHFFFAOYSA-N,CHEMBL444720,10.1021/np0497595,Antioxidant activity assessed as DPPH radical scavenging activity 30 min (manual check),602.8,6.400000000000044e-05,4.19382002601611,Terpenoid,O=C(C1=CC23CCCCCC2CCC(C1=O)C3=O)c1ccccc1,train
836,O=C1c2c(O)cc(O)cc2OC(c2ccc(O)cc2)C1c1c(O)cc(O)c2c(=O)cc(-c3ccc(O)cc3)oc12,YOGANETYFUQWIM-UHFFFAOYSA-N,CHEMBL463023,10.1021/np0497595,Antioxidant activity assessed as DPPH radical scavenging activity 30 min (manual check),540.5,0.0002980000000000034,3.52578373592374,Flavonoid,O=C1c2ccccc2OC(c2ccccc2)C1c1cccc2c(=O)cc(-c3ccccc3)oc12,train
837,O=C1c2c(O)cc(O)cc2OC(c2ccc(O)cc2)C1c1c(OC2OC(CO)C(O)C(O)C2O)cc(O)c2c(=O)cc(-c3ccc(O)c(O)c3)oc12,XUDCXSSDAZIAPT-UHFFFAOYSA-N,CHEMBL503951,10.1021/np0497595,Antioxidant activity assessed as DPPH radical scavenging activity 30 min (manual check),718.6,0.00011600000000000038,3.93554201077308,Flavonoid,O=C1c2ccccc2OC(c2ccccc2)C1c1c(OC2CCCCO2)ccc2c(=O)cc(-c3ccccc3)oc12,train
838,O=C1c2c(O)cc(O)cc2OC(c2ccc(O)cc2)C1c1c(O)cc(O)c2c(=O)cc(-c3ccc(O)c(O)c3)oc12,GFWPWSNIXRDQJC-UHFFFAOYSA-N,CHEMBL63226,10.1021/np0497595,Antioxidant activity assessed as DPPH radical scavenging activity 30 min (manual check),556.5,6.199999999999943e-05,4.20760831050175,Flavonoid,O=C1c2ccccc2OC(c2ccccc2)C1c1cccc2c(=O)cc(-c3ccccc3)oc12,train
839,O=c1cc(-c2ccc(O)c(-c3c(O)cc(O)c4c(=O)cc(-c5ccc(O)cc5)oc34)c2)oc2cc(O)cc(O)c12,YUSWMAULDXZHPY-UHFFFAOYSA-N,CHEMBL63354,10.1021/np0497595,Antioxidant activity assessed as DPPH radical scavenging activity 30 min (manual check),538.5,0.00018400000000000146,3.73518217699046,Flavonoid,O=c1cc(-c2cccc(-c3cccc4c(=O)cc(-c5ccccc5)oc34)c2)oc2ccccc12,train
840,C=C(C)C(C=C(C)C)CC12CC(CC=C(C)C)C(C)(C)C(CC=C(C)C)(C(=O)C(C(=O)c3ccc(O)c(O)c3)=C1O)C2=O,PERYNTNSURMRNO-UHFFFAOYSA-N,CHEMBL447153,10.1021/np0497595,Antioxidant activity assessed as DPPH radical scavenging activity 30 min (manual check),588.8,6.80000000000006e-05,4.16749108729376,Terpenoid,O=C(C1=CC2CCCC(C1=O)C2=O)c1ccccc1,train
841,C=C(C)CCC(CC12CC(CC=C(C)C)C(C)(C)C(CC=C(C)C)(C(=O)C(C(=O)c3ccc(O)c(O)c3)=C1O)C2=O)C(=C)C,ZLMZRAYSIVLUPA-UHFFFAOYSA-N,CHEMBL510949,10.1021/np0497595,Antioxidant activity assessed as DPPH radical scavenging activity 30 min (manual check),602.8,5.300000000000012e-05,4.27572413039921,Terpenoid,O=C(C1=CC2CCCC(C1=O)C2=O)c1ccccc1,train
842,CC(C)=CCC1CC2(CC=C(C)C)C(=O)C(CC=C(C)C)(C(=O)C(C(=O)c3ccc(O)c(O)c3)=C2O)C1(C)C,ZWAKZDYMQXZEGP-UHFFFAOYSA-N,CHEMBL516196,10.1021/np0497595,Antioxidant activity assessed as DPPH radical scavenging activity 30 min (manual check),534.7,0.00012500000000000098,3.90308998699194,Terpenoid,O=C(C1=CC2CCCC(C1=O)C2=O)c1ccccc1,train
843,C=C(C)C1CC2(CC=C(C)C)CC(=O)C(C(O)=C(C(=O)c3ccc(O)c(O)c3)C2=O)C1(C)C,VEEKTRKRLASDJR-UHFFFAOYSA-N,CHEMBL480075,10.1021/np0497595,Antioxidant activity assessed as DPPH radical scavenging activity 30 min (manual check),452.5,3.869999999999984e-05,4.41228903498109,Other,O=C(C1=CC2CCCC(CC2=O)C1=O)c1ccccc1,train
844,O=c1c(-c2ccc(O)cc2)coc2c(O)c(O)ccc12,BMZFZTMWBCFKSS-UHFFFAOYSA-N,CHEMBL242739,10.1016/j.bmcl.2008.08.016,Antioxidant activity assessed as DPPH radical scavenging activity after 30 mins,270.2,2.1499999999999716e-08,7.6675615400844,Other,O=c1c(-c2ccccc2)coc2ccccc12,train
845,Cc1cc(O)c(C(C)C)cc1N=Cc1cc(Br)c(O)c(Br)c1,QCDAWJOLBNAMIZ-UHFFFAOYSA-N,CHEMBL2316844,10.1016/j.bmcl.2012.12.001,Antioxidant activity assessed as DPPH radical scavenging activity in chloroform solution 30 min (manual check),427.1,2.8654166029626496e-05,4.54281222702483,Aromatic amine,C(=Nc1ccccc1)c1ccccc1,train
846,O=c1c(-c2ccc(O)cc2)coc2cc(O)c(O)cc12,GYLUFQJZYAJQDI-UHFFFAOYSA-N,CHEMBL239156,10.1016/j.bmcl.2008.08.016,Antioxidant activity assessed as DPPH radical scavenging activity after 30 mins,270.2,3.2600000000000093e-08,7.48678239993206,Other,O=c1c(-c2ccccc2)coc2ccccc12,train
847,Cc1cc(N=Cc2cc(Br)c(O)c(Br)c2)c(C(C)C)cc1O,HNDDJLZAEFIPPF-UHFFFAOYSA-N,CHEMBL2316814,10.1016/j.bmcl.2012.12.001,Antioxidant activity assessed as DPPH radical scavenging activity in chloroform solution 30 min (manual check),427.1,2.3285766032663027e-05,4.63290947049542,Aromatic amine,C(=Nc1ccccc1)c1ccccc1,train
848,CC1OC(OCC2OC(Oc3c(-c4ccc(O)cc4)oc4cc(O)c(O)c(O)c4c3=O)C(O)C(O)C2O)C(O)C(O)C1O,QYRJNVCANQPMCH-UHFFFAOYSA-N,CHEMBL449793,10.1021/np9800203,Antioxidant activity assessed as DPPH free radical scavenging activity 30 min (manual check),610.5,7.076167076167066e-05,4.15020192146599,Flavonoid,O=c1c(OC2CCCC(COC3CCCCO3)O2)c(-c2ccccc2)oc2ccccc12,train
849,Cc1cc(O)c(C(C)C)cc1N=Cc1cc(Br)cc(Br)c1O,HOEOXQUZIJRNTE-UHFFFAOYSA-N,CHEMBL2316843,10.1016/j.bmcl.2012.12.001,Antioxidant activity assessed as DPPH radical scavenging activity in chloroform solution 30 min (manual check),427.1,3.663812610599888e-05,4.43606674686652,Aromatic amine,C(=Nc1ccccc1)c1ccccc1,train
850,Cc1cc(N=Cc2cc(Br)cc(Br)c2O)c(C(C)C)cc1O,BJOQGYXREVESPV-UHFFFAOYSA-N,CHEMBL2316813,10.1016/j.bmcl.2012.12.001,Antioxidant activity assessed as DPPH radical scavenging activity in chloroform solution 30 min (manual check),427.1,3.5057939922815164e-05,4.455213607536,Aromatic amine,C(=Nc1ccccc1)c1ccccc1,train
851,CC1OC(OC2C(Oc3c(-c4ccc(O)cc4)oc4cc(O)cc(O)c4c3=O)OC(CO)C(O)C2O)C(O)C(O)C1O,OHOBPOYHROOXEI-UHFFFAOYSA-N,CHEMBL507493,10.1021/np9800203,Antioxidant activity assessed as DPPH free radical scavenging activity 30 min (manual check),594.5,0.00013389402859545875,3.87323879121704,Flavonoid,O=c1c(OC2OCCCC2OC2CCCCO2)c(-c2ccccc2)oc2ccccc12,train
852,O=c1cc(-c2ccc(O)c(O)c2)oc2cc(OC3OC(CO)C(O)C(OC4OC(CO)C(O)C(O)C4O)C3O)c(O)c(O)c12,YNOSNIYDHUBEBU-UHFFFAOYSA-N,CHEMBL498848,10.1021/np0501233,Antioxidant activity assessed as DPPH free radical scavenging activity after 30 mins by TLC autographic assay,626.5,7.999999999999937e-06,5.09691001300806,Flavonoid,O=c1cc(-c2ccccc2)oc2cc(OC3CC(OC4CCCCO4)CCO3)ccc12,train
853,O=C(C=Cc1ccc(O)cc1)OCC1OC(OCCc2ccc(O)c(O)c2)C(O)C(O)C1O,DNMNWOHCZHSQAI-UHFFFAOYSA-N,CHEMBL469622,10.1021/np0501233,Antioxidant activity assessed as DPPH free radical scavenging activity after 30 mins by TLC autographic assay,462.5,1.8000000000000163e-05,4.74472749489669,Phenolic acid,O=C(C=Cc1ccccc1)OCC1CCCC(OCCc2ccccc2)O1,train
854,O=C1CC(c2ccc(O)c(O)c2)Oc2cc(OC3OC(CO)C(O)C(O)C3OC3OC(CO)C(O)C(O)C3O)cc(O)c21,HLQJCYNRIXWLJK-UHFFFAOYSA-N,CHEMBL499113,10.1021/np0501233,Antioxidant activity assessed as DPPH free radical scavenging activity after 30 mins by TLC autographic assay,612.5,1.2000000000000154e-05,4.92081875395237,Flavonoid,O=C1CC(c2ccccc2)Oc2cc(OC3OCCCC3OC3CCCCO3)ccc21,train
855,O=c1cc(-c2ccc(O)c(O)c2)oc2cc(OC3OC(CO)C(O)C(O)C3O)c(O)c(O)c12,HYPKUHLLPBGDLF-UHFFFAOYSA-N,CHEMBL469621,10.1021/np0501233,Antioxidant activity assessed as DPPH free radical scavenging activity after 30 mins by TLC autographic assay,464.4,1.100000000000012e-05,4.95860731484177,Flavonoid,O=c1cc(-c2ccccc2)oc2cc(OC3CCCCO3)ccc12,train
856,O=c1cc(-c2ccc(O)c(O)c2)oc2cc(OC3OC(CO)C(O)C(O)C3OC3OC(CO)C(O)C(O)C3O)cc(O)c12,QCVPRHKLLVFRHV-UHFFFAOYSA-N,CHEMBL506935,10.1021/np0501233,Antioxidant activity assessed as DPPH free radical scavenging activity after 30 mins by TLC autographic assay,610.5,1.2000000000000154e-05,4.92081875395237,Flavonoid,O=c1cc(-c2ccccc2)oc2cc(OC3OCCCC3OC3CCCCO3)ccc12,train
857,Cc1cc(O)c(C(C)C)cc1N=Cc1ccccc1O,HYTXEOFJVZEFSX-UHFFFAOYSA-N,CHEMBL1989745,10.1016/j.bmcl.2012.12.001,Antioxidant activity assessed as DPPH radical scavenging activity in chloroform solution 30 min (manual check),269.3,4.900166047154562e-05,4.30978920320799,Aromatic amine,C(=Nc1ccccc1)c1ccccc1,train
858,CC1OC(OCC2OC(OCCc3ccc(O)c(O)c3)C(O)C(O)C2OC(=O)C=Cc2ccc(O)c(O)c2)C(O)C(O)C1O,DTOUWTJYUCZJQD-UHFFFAOYSA-N,CHEMBL504363,10.1021/np0501233,Antioxidant activity assessed as DPPH free radical scavenging activity after 30 mins by TLC autographic assay,624.6,2.1000000000000056e-05,4.67778070526608,Phenolic acid,O=C(C=Cc1ccccc1)OC1CCC(OCCc2ccccc2)OC1COC1CCCCO1,train
859,Cc1cc(N=Cc2ccccc2O)c(C(C)C)cc1O,RJIDQNXPBXDZLE-UHFFFAOYSA-N,CHEMBL2316826,10.1016/j.bmcl.2012.12.001,Antioxidant activity assessed as DPPH radical scavenging activity in chloroform solution 30 min (manual check),269.3,5.0752539573225365e-05,4.29454222149271,Aromatic amine,C(=Nc1ccccc1)c1ccccc1,test
860,Cc1cc(O)c(C(C)C)cc1N=Cc1ccc(O)cc1,RLORVBCBIPWMNO-UHFFFAOYSA-N,CHEMBL2316838,10.1016/j.bmcl.2012.12.001,Antioxidant activity assessed as DPPH radical scavenging activity in chloroform solution 30 min (manual check),269.3,4.0702307198186e-05,4.3903809722234,Aromatic amine,C(=Nc1ccccc1)c1ccccc1,train
861,Cc1cc(N=Cc2ccc(O)cc2)c(C(C)C)cc1O,DYXKXNALXZRFML-UHFFFAOYSA-N,CHEMBL2316827,10.1016/j.bmcl.2012.12.001,Antioxidant activity assessed as DPPH radical scavenging activity in chloroform solution 30 min (manual check),269.3,4.512404456153084e-05,4.34559198056657,Aromatic amine,C(=Nc1ccccc1)c1ccccc1,train
862,CCOC(=O)C(NC(=O)C=Cc1ccc(O)c(OC)c1)C(C)C,VVKZWDRXVAHWGP-UHFFFAOYSA-N,CHEMBL2234990,10.1007/s00044-011-9713-2,Antioxidant activity assessed as DPPH scavenging activity after 30 min by UV-vis spectroscopy,321.4,7.210758628604912e-05,4.14201904167655,Other,c1ccccc1,train
863,COc1ccc(CC(=O)c2c(O)cc(O)cc2O)cc1OC,YRHMQKSNPQNHRN-UHFFFAOYSA-N,CHEMBL551196,10.1016/j.bmc.2009.05.019,Antioxidant activity assessed as DPPH radical scavenging activity incubated at 40 degC in dark after 30 mins,304.3,1.3500000000000125e-06,5.86966623150499,Other,O=C(Cc1ccccc1)c1ccccc1,train
864,O=C(Cc1ccc(O)cc1)c1c(O)cc(O)cc1O,XYMPPRJBUSAOQA-UHFFFAOYSA-N,CHEMBL395753,10.1016/j.bmc.2009.05.019,Antioxidant activity assessed as DPPH radical scavenging activity incubated at 40 degC in dark after 30 mins,260.2,2.2769999999999858e-05,4.64263696938486,Other,O=C(Cc1ccccc1)c1ccccc1,train
865,COc1ccc(CC(=O)c2c(O)cc(O)cc2O)cc1,KYODHQXYXKDRTF-UHFFFAOYSA-N,CHEMBL557305,10.1016/j.bmc.2009.05.019,Antioxidant activity assessed as DPPH radical scavenging activity incubated at 40 degC in dark after 30 mins,274.3,1.0840000000000039e-05,4.96497071779763,Other,O=C(Cc1ccccc1)c1ccccc1,train
866,O=C(Cc1ccccc1)c1c(O)cc(O)cc1O,SLHBRIIHMDJIBT-UHFFFAOYSA-N,CHEMBL560920,10.1016/j.bmc.2009.05.019,Antioxidant activity assessed as DPPH radical scavenging activity incubated at 40 degC in dark after 30 mins,244.2,1.2249999999999952e-05,4.91186391129945,Other,O=C(Cc1ccccc1)c1ccccc1,train
867,COc1ccc(C(=O)Cc2ccc(O)cc2)c(O)c1O,KQWFSABOMCCDLS-UHFFFAOYSA-N,CHEMBL541247,10.1016/j.bmc.2009.05.019,Antioxidant activity assessed as DPPH radical scavenging activity incubated at 40 degC in dark after 30 mins,274.3,2.566000000000002e-05,4.59074334796109,Other,O=C(Cc1ccccc1)c1ccccc1,train
868,COc1ccc(CC(=O)c2ccc(O)c(O)c2O)cc1OC,ZINQWXFFXBTZOW-UHFFFAOYSA-N,CHEMBL563494,10.1016/j.bmc.2009.05.019,Antioxidant activity assessed as DPPH radical scavenging activity incubated at 40 degC in dark after 30 mins,304.3,4.3399999999999966e-06,5.36251027048749,Other,O=C(Cc1ccccc1)c1ccccc1,train
869,O=C(Cc1ccc(O)cc1)c1ccc(O)c(O)c1O,MPGPMJNRPGWFKC-UHFFFAOYSA-N,CHEMBL243376,10.1016/j.bmc.2009.05.019,Antioxidant activity assessed as DPPH radical scavenging activity incubated at 40 degC in dark after 30 mins,260.2,5.6899999999999845e-06,5.24488773360493,Other,O=C(Cc1ccccc1)c1ccccc1,train
870,COc1ccc(CC(=O)c2ccc(O)c(O)c2O)cc1,KVNIPHIOIFCOHN-UHFFFAOYSA-N,CHEMBL267605,10.1016/j.bmc.2009.05.019,Antioxidant activity assessed as DPPH radical scavenging activity incubated at 40 degC in dark after 30 mins,274.3,2.1639999999999908e-05,4.66474274356547,Other,O=C(Cc1ccccc1)c1ccccc1,train
871,O=C(Cc1ccc(O)cc1)c1cc(O)c(O)cc1O,ZSNPXDOZFBJHSP-UHFFFAOYSA-N,CHEMBL555453,10.1016/j.bmc.2009.05.019,Antioxidant activity assessed as DPPH radical scavenging activity incubated at 40 degC in dark after 30 mins,260.2,6.900000000000076e-07,6.16115090926274,Other,O=C(Cc1ccccc1)c1ccccc1,train
872,COc1ccc(CC(=O)c2cc(O)c(O)cc2O)cc1,BXBXPFNIQZAPBM-UHFFFAOYSA-N,CHEMBL559867,10.1016/j.bmc.2009.05.019,Antioxidant activity assessed as DPPH radical scavenging activity incubated at 40 degC in dark after 30 mins,274.3,2.1459999999999893e-05,4.66837028237007,Other,O=C(Cc1ccccc1)c1ccccc1,train
873,COc1cc(O)c(C(=O)Cc2ccccc2)cc1O,QIMBBNKHMCWAHF-UHFFFAOYSA-N,CHEMBL563589,10.1016/j.bmc.2009.05.019,Antioxidant activity assessed as DPPH radical scavenging activity incubated at 40 degC in dark after 30 mins,258.3,2.0270000000000065e-05,4.69314625130699,Other,O=C(Cc1ccccc1)c1ccccc1,train
874,COc1ccc(CC(=O)c2cc(O)c(C)c(C)c2O)cc1,BAEUNZWBKXTKHE-UHFFFAOYSA-N,CHEMBL559473,10.1016/j.bmc.2009.05.019,Antioxidant activity assessed as DPPH radical scavenging activity incubated at 40 degC in dark after 30 mins,286.3,2.191999999999992e-05,4.65915945018767,Other,O=C(Cc1ccccc1)c1ccccc1,train
875,COc1ccc(CC(=O)c2ccc(O)c(O)c2)cc1OC,JASZXGZKHDWZSP-UHFFFAOYSA-N,CHEMBL552325,10.1016/j.bmc.2009.05.019,Antioxidant activity assessed as DPPH radical scavenging activity incubated at 40 degC in dark after 30 mins,288.3,2.5300000000000135e-06,5.59687947882418,Other,O=C(Cc1ccccc1)c1ccccc1,train
876,COc1ccc(CC(=O)c2ccc(O)c(O)c2)cc1,KMELECLHMVZXAG-UHFFFAOYSA-N,CHEMBL550181,10.1016/j.bmc.2009.05.019,Antioxidant activity assessed as DPPH radical scavenging activity incubated at 40 degC in dark after 30 mins,258.3,7.593000000000058e-05,4.11958660012208,Other,O=C(Cc1ccccc1)c1ccccc1,train
877,COc1ccc(CC(=O)c2ccc(O)cc2O)cc1OC,LRXMMYWDVBYTPO-UHFFFAOYSA-N,CHEMBL557103,10.1016/j.bmc.2009.05.019,Antioxidant activity assessed as DPPH radical scavenging activity incubated at 40 degC in dark after 30 mins,288.3,3.5099999999999694e-05,4.45469288353418,Other,O=C(Cc1ccccc1)c1ccccc1,train
878,O=C(Cc1ccc(O)cc1)c1ccc(O)cc1O,KLFCJXAPIFIIFR-UHFFFAOYSA-N,CHEMBL193200,10.1016/j.bmc.2009.05.019,Antioxidant activity assessed as DPPH radical scavenging activity incubated at 40 degC in dark after 30 mins,244.2,2.5199999999999772e-05,4.59859945921846,Other,O=C(Cc1ccccc1)c1ccccc1,train
879,COc1ccc(CC(=O)c2ccc(O)cc2O)cc1,XHBZOAYMBBUURD-UHFFFAOYSA-N,CHEMBL241858,10.1016/j.bmc.2009.05.019,Antioxidant activity assessed as DPPH radical scavenging activity incubated at 40 degC in dark after 30 mins,258.3,5.7399999999999545e-05,4.24108810760203,Other,O=C(Cc1ccccc1)c1ccccc1,train
880,COc1c(-c2ccc(O)c(O)c2)oc2cc(OC3OC(CO)C(O)C(O)C3O)cc(O)c2c1=O,LKXBGSZMRNJAST-UHFFFAOYSA-N,CHEMBL574682,10.1016/j.bmcl.2009.09.062,Antioxidant activity assessed as DPPH radical scavenging activity after 30 mins,478.4,1.689000000000004e-05,4.77237035042899,Flavonoid,O=c1cc(-c2ccccc2)oc2cc(OC3CCCCO3)ccc12,train
881,O=c1cc(-c2ccc(O)c(O)c2)oc2cc(OC3OC(CO)C(O)C(O)C3O)cc(O)c12,PEFNSGRTCBGNAN-UHFFFAOYSA-N,CHEMBL574683,10.1016/j.bmcl.2009.09.062,Antioxidant activity assessed as DPPH radical scavenging activity after 30 mins,448.4,1.727999999999982e-05,4.76245626185713,Flavonoid,O=c1cc(-c2ccccc2)oc2cc(OC3CCCCO3)ccc12,train
882,COc1c(-c2ccc(O)c(O)c2)oc2cc(OCC(=O)OCC3OC(O)C(O)C(O)C3O)cc(O)c2c1=O,YFHLOEGPEKRJTP-UHFFFAOYSA-N,CHEMBL572941,10.1016/j.bmcl.2009.09.062,Antioxidant activity assessed as DPPH radical scavenging activity after 30 mins,536.4,1.974000000000008e-05,4.70465285166638,Flavonoid,O=C(COc1ccc2c(=O)cc(-c3ccccc3)oc2c1)OCC1CCCCO1,train
883,O=C(COc1cc(O)c2c(=O)cc(-c3ccc(O)c(O)c3)oc2c1)OCC1OC(O)C(O)C(O)C1O,WWTZMJDGARIVHP-UHFFFAOYSA-N,CHEMBL575787,10.1016/j.bmcl.2009.09.062,Antioxidant activity assessed as DPPH radical scavenging activity after 30 mins,506.4,1.6670000000000167e-05,4.77806440017199,Flavonoid,O=C(COc1ccc2c(=O)cc(-c3ccccc3)oc2c1)OCC1CCCCO1,train
884,COc1c(-c2ccc(O)c(O)c2)oc2cc(OCCOCC3OC(O)C(O)C(O)C3O)cc(O)c2c1=O,ISRBGEVBXZJTAU-UHFFFAOYSA-N,CHEMBL572707,10.1016/j.bmcl.2009.09.062,Antioxidant activity assessed as DPPH radical scavenging activity after 30 mins,522.5,1.5640000000000016e-05,4.80576325127617,Flavonoid,O=c1cc(-c2ccccc2)oc2cc(OCCOCC3CCCCO3)ccc12,train
885,O=c1cc(-c2ccc(O)c(O)c2)oc2cc(OCCOCC3OC(O)C(O)C(O)C3O)cc(O)c12,PTXMBBKGQDUJSI-UHFFFAOYSA-N,CHEMBL566961,10.1016/j.bmcl.2009.09.062,Antioxidant activity assessed as DPPH radical scavenging activity after 30 mins,492.4,1.8499999999999847e-05,4.73282827159699,Flavonoid,O=c1cc(-c2ccccc2)oc2cc(OCCOCC3CCCCO3)ccc12,test
886,Cc1cc(O)c(C(C)(C)C)cc1N=Cc1cc(Br)c(O)c(Br)c1,XNIIMHCDNGBMNS-UHFFFAOYSA-N,CHEMBL2316864,10.1016/j.bmcl.2012.12.001,Antioxidant activity assessed as DPPH radical scavenging activity in chloroform solution 30 min (manual check),441.2,2.0362299671117876e-05,4.69117317534917,Aromatic amine,C(=Nc1ccccc1)c1ccccc1,train
887,O=C(OC1C2C=COC(OC3OC(CO)C(O)C(O)C3O)C2C(O)(CO)C1Cl)c1ccc(O)c(O)c1,MTRQBGBLTPNJPL-UHFFFAOYSA-N,CHEMBL1224778,10.1021/np100366k,Antioxidant activity assessed as DPPH radical scavenging activity after 30 mins,534.9,5.0476724621424566e-05,4.29690883373603,Phenolic acid,O=C(OC1CCC2C(OC3CCCCO3)OC=CC12)c1ccccc1,train
888,O=C(C=Cc1ccc(O)c(O)c1)OC1C2C=COC(OC3OC(CO)C(O)C(O)C3O)C2C(O)(CO)C1Cl,ROWOUKGALGILKZ-UHFFFAOYSA-N,CHEMBL1224779,10.1021/np100366k,Antioxidant activity assessed as DPPH radical scavenging activity after 30 mins,560.9,3.387413086111587e-05,4.47013183905669,Phenolic acid,O=C(C=Cc1ccccc1)OC1CCC2C(OC3CCCCO3)OC=CC12,train
889,COc1cc(C=CC(=O)OCC2OC(CO)(OC3OC(CO)C(OC(=O)C=Cc4ccc(O)c(OC)c4)C(O)C3O)C(OC(=O)C=Cc3ccc(O)c(OC)c3)C2O)ccc1O,KIPKMNJEYYODAH-UHFFFAOYSA-N,CHEMBL1224877,10.1021/np100181c,Antioxidant activity assessed as DPPH radical scavenging activity after 30 mins by ELISA reader,870.8,6.24999999999992e-05,4.20411998265593,Phenolic acid,O=C(C=Cc1ccccc1)OCC1CC(OC(=O)C=Cc2ccccc2)C(OC2CCC(OC(=O)C=Cc3ccccc3)CO2)O1,train
890,COc1cc(C=CC(=O)OCC2OC(CO)(OC3OC(COC(C)=O)C(OC(=O)C=Cc4ccc(O)c(OC)c4)C(O)C3O)C(OC(=O)C=Cc3ccc(O)c(OC)c3)C2O)ccc1O,HABBCKWVVYIFHX-UHFFFAOYSA-N,CHEMBL1224878,10.1021/np100181c,Antioxidant activity assessed as DPPH radical scavenging activity after 30 mins by ELISA reader,912.8,9.960000000000023e-05,4.0017406615763,Phenolic acid,O=C(C=Cc1ccccc1)OCC1CC(OC(=O)C=Cc2ccccc2)C(OC2CCC(OC(=O)C=Cc3ccccc3)CO2)O1,train
891,COc1cc(C=CC(=O)OCC2OC(CO)(OC3OC(CO)C(OC(=O)C=Cc4ccc(O)c(OC)c4)C(O)C3OC(C)=O)C(OC(=O)C=Cc3ccc(O)c(OC)c3)C2O)ccc1O,HULSANORWWCGEU-UHFFFAOYSA-N,CHEMBL1224879,10.1021/np100181c,Antioxidant activity assessed as DPPH radical scavenging activity after 30 mins by ELISA reader,912.8,6.91000000000003e-05,4.1605219526258,Phenolic acid,O=C(C=Cc1ccccc1)OCC1CC(OC(=O)C=Cc2ccccc2)C(OC2CCC(OC(=O)C=Cc3ccccc3)CO2)O1,train
892,COc1cc(C=CC(=O)OCC2OC(CO)(OC3OC(COC(C)=O)C(OC(=O)C=Cc4ccc(O)cc4)C(O)C3O)C(OC(=O)C=Cc3ccc(O)c(OC)c3)C2O)ccc1O,SZDARDAUPJDAOH-UHFFFAOYSA-N,CHEMBL1224880,10.1021/np100181c,Antioxidant activity assessed as DPPH radical scavenging activity after 30 mins by ELISA reader,882.8,6.439999999999967e-05,4.19111413264019,Phenolic acid,O=C(C=Cc1ccccc1)OCC1CC(OC(=O)C=Cc2ccccc2)C(OC2CCC(OC(=O)C=Cc3ccccc3)CO2)O1,train
893,COc1cc(C=CC(=O)OCC2OC(CO)(OC3OC(CO)C(OC(=O)C=Cc4ccc(O)cc4)C(O)C3OC(C)=O)C(OC(=O)C=Cc3ccc(O)c(OC)c3)C2O)ccc1O,XUUYFZFGEKDAMM-UHFFFAOYSA-N,CHEMBL1224881,10.1021/np100181c,Antioxidant activity assessed as DPPH radical scavenging activity after 30 mins by ELISA reader,882.8,6.840000000000062e-05,4.16494389827988,Phenolic acid,O=C(C=Cc1ccccc1)OCC1CC(OC(=O)C=Cc2ccccc2)C(OC2CCC(OC(=O)C=Cc3ccccc3)CO2)O1,train
894,Cc1cc(O)c(C(C)(C)C)cc1N=Cc1cc(Br)cc(Br)c1O,VRPYJVLDLUOYIW-UHFFFAOYSA-N,CHEMBL2316863,10.1016/j.bmcl.2012.12.001,Antioxidant activity assessed as DPPH radical scavenging activity in chloroform solution 30 min (manual check),441.2,2.8137776099964343e-05,4.55071023048622,Aromatic amine,C(=Nc1ccccc1)c1ccccc1,train
895,COc1cc(C(O)C(CO)Oc2c(OC)cc(C(O)C(O)CO)cc2OC)ccc1O,NVVRMRVCLWOKDH-UHFFFAOYSA-N,CHEMBL3930372,10.1016/j.bmcl.2016.10.012,Antioxidant activity assessed as DPPH radical scavenging activity incubated in dark for 30 mins,440.4,0.00012520702855670733,3.90237129111188,Other,c1ccc(CCOc2ccccc2)cc1,train
896,CC12CCC3CC3(C)C1=C(O)C(=O)c1c2c(O)c2oc(CO)cc2c1O,DCWHKOHERGJPMN-UHFFFAOYSA-N,CHEMBL1288293,10.1016/j.bmc.2010.10.037,Antioxidant activity assessed as DPPH radical scavenging activity 30 min (manual check),356.4,0.00010099999999999939,3.99567862621736,Terpenoid,O=C1C=C2C(CCC3CC23)c2cc3occc3cc21,train
897,CC1(C)CCCC2(C)C1=C(O)C(=O)c1c2c(O)c2oc(CO)cc2c1O,XFWXVVIPMSCASB-UHFFFAOYSA-N,CHEMBL1287849,10.1016/j.bmc.2010.10.037,Antioxidant activity assessed as DPPH radical scavenging activity 30 min (manual check),358.4,0.00011999999999999861,3.92081875395238,Terpenoid,O=C1C=C2CCCCC2c2cc3occc3cc21,train
898,CC1Oc2c(O)c3c(c(O)c2C1O)C(=O)C(O)=C1C3(C)CCC2CC12C,QPWSRTWYKXMXRY-UHFFFAOYSA-N,CHEMBL1287850,10.1016/j.bmc.2010.10.037,Antioxidant activity assessed as DPPH radical scavenging activity 30 min (manual check),358.4,8.399999999999972e-05,4.07572071393812,Terpenoid,O=C1C=C2C(CCC3CC23)c2cc3c(cc21)CCO3,train
899,CC1Oc2c(O)c3c(c(O)c2C1O)C(=O)C(O)=C1C(C)(C)CCCC13C,ZBOBUWDPMWUBSY-UHFFFAOYSA-N,CHEMBL1287879,10.1016/j.bmc.2010.10.037,Antioxidant activity assessed as DPPH radical scavenging activity 30 min (manual check),360.4,7.100000000000075e-05,4.14874165128092,Terpenoid,O=C1C=C2CCCCC2c2cc3c(cc21)CCO3,train
900,COc1cc(C(O)C(CO)Oc2ccc(C(O)C(O)CO)cc2OC)ccc1O,BWUZZVCYDQUXQD-UHFFFAOYSA-N,CHEMBL3939359,10.1016/j.bmcl.2016.10.012,Antioxidant activity assessed as DPPH radical scavenging activity incubated in dark for 30 mins,410.4,8.563644084150067e-05,4.06734139082899,Other,c1ccc(CCOc2ccccc2)cc1,train
901,COc1cc(C2Oc3ccc(C=CC(=O)NCCc4ccc(O)cc4)cc3OC2CO)ccc1O,SUSRJKSSWXDFKP-UHFFFAOYSA-N,CHEMBL2331613,10.1021/np300655y,Antioxidant activity assessed as DPPH radical scavenging activity after 30 mins,477.5,5.464723231784096e-05,4.26243182858211,Other,O=C(C=Cc1ccc2c(c1)OCC(c1ccccc1)O2)NCCc1ccccc1,train
902,COc1cc(CN(Cc2ccc(O)c(OC)c2)c2ccc(N(Cc3ccc(O)c(OC)c3)Cc3ccc(O)c(OC)c3)cc2)ccc1O,JRINHYLEHOIHFR-UHFFFAOYSA-N,CHEMBL4277177,10.1016/j.ejmech.2017.11.072,Antioxidant activity assessed as DPPH radical scavenging activity after 30 mins,652.7,5.800000000000042e-06,5.23657200643706,Aromatic amine,c1ccc(CN(Cc2ccccc2)c2ccc(N(Cc3ccccc3)Cc3ccccc3)cc2)cc1,train
903,COc1cc(CN(Cc2ccc(O)c(OC)c2)C2CCC(N(Cc3ccc(O)c(OC)c3)Cc3ccc(O)c(OC)c3)CC2)ccc1O,MSOOKGMSWMRJDR-UHFFFAOYSA-N,CHEMBL4285134,10.1016/j.ejmech.2017.11.072,Antioxidant activity assessed as DPPH radical scavenging activity after 30 mins,658.8,0.0001374999999999995,3.86169730183372,Other,c1ccc(CN(Cc2ccccc2)C2CCC(N(Cc3ccccc3)Cc3ccccc3)CC2)cc1,train
904,CC1(C)CCCC2(C)C1=C(O)C(=O)c1c(O)c3c(c(O)c12)OC(CO)C3,BXSSNSXQMLOYPG-UHFFFAOYSA-N,CHEMBL1287968,10.1016/j.bmc.2010.10.037,Antioxidant activity assessed as DPPH radical scavenging activity 30 min (manual check),360.4,8.600000000000048e-05,4.06550154875643,Terpenoid,O=C1C=C2CCCCC2c2cc3c(cc21)CCO3,train
905,COC(=O)C1(O)CC(O)C(O)C(OC(=O)C=Cc2ccc(O)c(O)c2)C1,MZNIJRAPCCELQX-UHFFFAOYSA-N,CHEMBL1765881,10.1021/np1007476,Antioxidant activity assessed as DPPH free radical scavenging activity after 30 mins in dark by spectrophotometry,368.3,1.8549932614432646e-05,4.73165766368954,Phenolic acid,O=C(C=Cc1ccccc1)OC1CCCCC1,train
906,O=C(OC1C(O)COC1C1(c2ccc(O)c(O)c2)CCC(Cc2ccc(O)c(O)c2)C(=O)O1)c1cc(O)cc(O)c1,HBIPDNZXAWNFRY-UHFFFAOYSA-N,CHEMBL1765880,10.1021/np1007476,Antioxidant activity assessed as DPPH free radical scavenging activity after 30 mins in dark by spectrophotometry,568.5,7.500000000000001e-06,5.1249387366083,Other,O=C(OC1CCOC1C1(c2ccccc2)CCC(Cc2ccccc2)C(=O)O1)c1ccccc1,train
907,COc1ccc(C=Nc2cc(C(C)C)c(O)cc2C)cc1,JUDOFUPCEWFQOU-UHFFFAOYSA-N,CHEMBL2316839,10.1016/j.bmcl.2012.12.001,Antioxidant activity assessed as DPPH radical scavenging activity in chloroform solution 30 min (manual check),283.4,4.965237049507348e-05,4.30406001265995,Aromatic amine,C(=Nc1ccccc1)c1ccccc1,train
908,O=C(C=Cc1ccc(O)c(O)c1)NC(Cc1ccccc1)C(=O)C(=O)NCc1ccccc1,KUMRQNVYNXFMAQ-UHFFFAOYSA-N,CHEMBL1770878,10.1016/j.bmcl.2011.03.077,Antioxidant activity assessed as DPPH free radical scavenging activity after 30 mins,444.5,4.0429999999999645e-05,4.39329625866633,Other,O=C(C=Cc1ccccc1)NC(Cc1ccccc1)C(=O)C(=O)NCc1ccccc1,train
909,CCC(=Cc1ccc(O)c(O)c1)C(=O)NC(Cc1ccccc1)C(=O)C(=O)NCc1ccccc1,CZZSPOIRUMSZGT-UHFFFAOYSA-N,CHEMBL1770879,10.1016/j.bmcl.2011.03.077,Antioxidant activity assessed as DPPH free radical scavenging activity after 30 mins,472.5,4.548000000000029e-05,4.3421795439843,Other,O=C(C=Cc1ccccc1)NC(Cc1ccccc1)C(=O)C(=O)NCc1ccccc1,train
910,CCC(=Cc1ccc(O)c(O)c1)C(=O)NC(Cc1ccccc1)C(=O)C(=O)NCCc1ccc(OC)cc1,UWJVIXZEXAEJDI-UHFFFAOYSA-N,CHEMBL1770880,10.1016/j.bmcl.2011.03.077,Antioxidant activity assessed as DPPH free radical scavenging activity after 30 mins,516.6,4.605000000000025e-05,4.33677036546713,Other,O=C(C=Cc1ccccc1)NC(Cc1ccccc1)C(=O)C(=O)NCCc1ccccc1,train
911,CCCC(=Cc1ccc(O)c(O)c1)C(=O)NC(Cc1ccccc1)C(=O)C(=O)NCc1ccccc1,UIMVZGPBQWIZLL-UHFFFAOYSA-N,CHEMBL1770881,10.1016/j.bmcl.2011.03.077,Antioxidant activity assessed as DPPH free radical scavenging activity after 30 mins,486.6,4.218000000000027e-05,4.37489342459653,Other,O=C(C=Cc1ccccc1)NC(Cc1ccccc1)C(=O)C(=O)NCc1ccccc1,train
912,CCCC(=Cc1ccc(O)c(O)c1)C(=O)NC(Cc1ccccc1)C(=O)C(=O)NCCc1ccc(OC)cc1,IACGNQPIQKFPAO-UHFFFAOYSA-N,CHEMBL1770882,10.1016/j.bmcl.2011.03.077,Antioxidant activity assessed as DPPH free radical scavenging activity after 30 mins,530.6,4.864000000000014e-05,4.31300643373532,Other,O=C(C=Cc1ccccc1)NC(Cc1ccccc1)C(=O)C(=O)NCCc1ccccc1,train
913,CCCCC(=Cc1ccc(O)c(O)c1)C(=O)NC(Cc1ccccc1)C(=O)C(=O)NCc1ccccc1,HYGBQHVNEQFWSS-UHFFFAOYSA-N,CHEMBL1771023,10.1016/j.bmcl.2011.03.077,Antioxidant activity assessed as DPPH free radical scavenging activity after 30 mins,500.6,3.671999999999962e-05,4.4350973274708,Other,O=C(C=Cc1ccccc1)NC(Cc1ccccc1)C(=O)C(=O)NCc1ccccc1,train
914,CCCCC(=Cc1ccc(O)c(O)c1)C(=O)NC(Cc1ccccc1)C(=O)C(=O)NCCc1ccc(OC)cc1,KZNMRYDLAALRKX-UHFFFAOYSA-N,CHEMBL1771024,10.1016/j.bmcl.2011.03.077,Antioxidant activity assessed as DPPH free radical scavenging activity after 30 mins,544.6,3.8870000000000283e-05,4.41038545936873,Other,O=C(C=Cc1ccccc1)NC(Cc1ccccc1)C(=O)C(=O)NCCc1ccccc1,train
915,CC(C)CC(=Cc1ccc(O)c(O)c1)C(=O)NC(Cc1ccccc1)C(=O)C(=O)NCc1ccccc1,USKSMRVWDCYDTJ-UHFFFAOYSA-N,CHEMBL1771025,10.1016/j.bmcl.2011.03.077,Antioxidant activity assessed as DPPH free radical scavenging activity after 30 mins,500.6,4.465000000000049e-05,4.35017853677543,Other,O=C(C=Cc1ccccc1)NC(Cc1ccccc1)C(=O)C(=O)NCc1ccccc1,train
916,COc1ccc(C=Nc2cc(C)c(O)cc2C(C)C)cc1,WVRQAGPMLPOEGH-UHFFFAOYSA-N,CHEMBL2311592,10.1016/j.bmcl.2012.12.001,Antioxidant activity assessed as DPPH radical scavenging activity in chloroform solution 30 min (manual check),283.4,5.224684267855928e-05,4.28193994921136,Aromatic amine,C(=Nc1ccccc1)c1ccccc1,train
917,Cc1c(C(=O)NC(Cc2ccccc2)C(=O)C(=O)NCc2ccccc2)oc2cc(O)c(O)cc2c1=O,JBIXSWNPJLRXFU-UHFFFAOYSA-N,CHEMBL1779831,10.1016/j.ejmech.2011.02.025,Antioxidant activity assessed as DPPH free radical scavenging activity after 30 mins,500.5,2.6509999999999802e-05,4.57659027226691,Coumarin,O=C(NCc1ccccc1)C(=O)C(Cc1ccccc1)NC(=O)c1cc(=O)c2ccccc2o1,train
918,COc1ccc(CCNC(=O)C(=O)C(Cc2ccccc2)NC(=O)c2oc3cc(O)c(O)cc3c(=O)c2C)cc1,XBUBVUQXOVKGMB-UHFFFAOYSA-N,CHEMBL1779944,10.1016/j.ejmech.2011.02.025,Antioxidant activity assessed as DPPH free radical scavenging activity after 30 mins,544.6,4.1350000000000456e-05,4.38352448611143,Coumarin,O=C(NCCc1ccccc1)C(=O)C(Cc1ccccc1)NC(=O)c1cc(=O)c2ccccc2o1,train
919,COC(=O)C1c2c(oc3cc(CO)cc(O)c3c2=O)C=CC1O,MPAKYMOQGZITTQ-UHFFFAOYSA-N,CHEMBL1812025,10.1021/np200374j,Antioxidant activity assessed as DPPH radical scavenging activity after 30 mins by spectrophotometry,318.3,1.6999999999999834e-05,4.76955107862173,Coumarin,O=c1c2c(oc3ccccc13)C=CCC2,train
920,Cc1cc(O)c(C(C)(C)C)cc1N=Cc1ccccc1O,FROMJKBOWTXTSZ-UHFFFAOYSA-N,CHEMBL2316857,10.1016/j.bmcl.2012.12.001,Antioxidant activity assessed as DPPH radical scavenging activity in chloroform solution 30 min (manual check),283.4,4.341078901781044e-05,4.36240232052004,Aromatic amine,C(=Nc1ccccc1)c1ccccc1,train
921,CCOC(=O)c1c(N)nc2c(c1-c1cccs1)CCc1c-2[nH]c2ccc(C)cc12,UGRWPMKJRDIUNG-UHFFFAOYSA-N,CHEMBL1911080,10.1016/j.ejmech.2011.09.024,Antioxidant activity assessed as DPPH radical scavenging activity after 30 mins by micro plate reader,403.5,0.0006068153655514282,3.21694343070385,Other,c1csc(-c2ccnc3c2CCc2c-3[nH]c3ccccc23)c1,train
922,CCOC(=O)c1c(N)nc2c(c1-c1cc3ccccc3nc1Cl)CCc1c-2[nH]c2ccc(C)cc12,UKXUKRILXRLVQF-UHFFFAOYSA-N,CHEMBL1911079,10.1016/j.ejmech.2011.09.024,Antioxidant activity assessed as DPPH radical scavenging activity after 30 mins by micro plate reader,483.0,0.0006837474120082773,3.16510430446495,Other,c1ccc2ncc(-c3ccnc4c3CCc3c-4[nH]c4ccccc34)cc2c1,train
923,CCOC(=O)c1c(N)nc2c(c1-c1cccnc1)CCc1c-2[nH]c2ccc(C)cc12,ZDPCDOMEDVBWIS-UHFFFAOYSA-N,CHEMBL1911078,10.1016/j.ejmech.2011.09.024,Antioxidant activity assessed as DPPH radical scavenging activity after 30 mins by micro plate reader,398.5,0.0005278293601003773,3.27750645614904,Other,c1cncc(-c2ccnc3c2CCc2c-3[nH]c3ccccc23)c1,train
924,CCOC(=O)c1c(N)nc2c(c1-c1ccc(Br)cc1)CCc1c-2[nH]c2ccc(C)cc12,ZKFKYQOEPJCBCT-UHFFFAOYSA-N,CHEMBL1910961,10.1016/j.ejmech.2011.09.024,Antioxidant activity assessed as DPPH radical scavenging activity after 30 mins by micro plate reader,476.4,0.00045081863979849225,3.34599813567324,Other,c1ccc(-c2ccnc3c2CCc2c-3[nH]c3ccccc23)cc1,train
925,CCOC(=O)c1c(N)nc2c(c1-c1ccccc1)CCc1c-2[nH]c2ccc(C)cc12,RXVQEVAHTMAKJK-UHFFFAOYSA-N,CHEMBL1910960,10.1016/j.ejmech.2011.09.024,Antioxidant activity assessed as DPPH radical scavenging activity after 30 mins by micro plate reader,397.5,0.0007568301886792415,3.12100155298665,Other,c1ccc(-c2ccnc3c2CCc2c-3[nH]c3ccccc23)cc1,train
926,Cc1ccc2[nH]c3c(c2c1)CCc1c-3nc(N)c(C#N)c1-c1cccs1,TTYYHCONBDEOBH-UHFFFAOYSA-N,CHEMBL1910959,10.1016/j.ejmech.2011.09.024,Antioxidant activity assessed as DPPH radical scavenging activity after 30 mins by micro plate reader,356.5,0.000637784011220198,3.19532637240237,Other,c1csc(-c2ccnc3c2CCc2c-3[nH]c3ccccc23)c1,train
927,Cc1ccc2[nH]c3c(c2c1)CCc1c-3nc(N)c(C#N)c1-c1cc2ccccc2nc1Cl,FMJQXBGMVBQQKI-UHFFFAOYSA-N,CHEMBL1910958,10.1016/j.ejmech.2011.09.024,Antioxidant activity assessed as DPPH radical scavenging activity after 30 mins by micro plate reader,435.9,0.00037409956412021503,3.42701279781702,Other,c1ccc2ncc(-c3ccnc4c3CCc3c-4[nH]c4ccccc34)cc2c1,train
928,Cc1ccc2[nH]c3c(c2c1)CCc1c-3nc(N)c(C#N)c1-c1cccnc1,FZXDUIPMAHEHRL-UHFFFAOYSA-N,CHEMBL1910957,10.1016/j.ejmech.2011.09.024,Antioxidant activity assessed as DPPH radical scavenging activity after 30 mins by micro plate reader,351.4,0.0014548662492885592,2.83717693098455,Other,c1cncc(-c2ccnc3c2CCc2c-3[nH]c3ccccc23)c1,train
929,Cc1ccc2[nH]c3c(c2c1)CCc1c-3nc(N)c(C#N)c1-c1ccc(Br)cc1,PGQITHTTWMLSHR-UHFFFAOYSA-N,CHEMBL1910955,10.1016/j.ejmech.2011.09.024,Antioxidant activity assessed as DPPH radical scavenging activity after 30 mins by micro plate reader,429.3,0.00032660144421150405,3.48598189917161,Other,c1ccc(-c2ccnc3c2CCc2c-3[nH]c3ccccc23)cc1,train
930,Cc1ccc2[nH]c3c(c2c1)CCc1c-3nc(N)c(C#N)c1-c1ccccc1,HRKNZWYZIBZJIM-UHFFFAOYSA-N,CHEMBL1910954,10.1016/j.ejmech.2011.09.024,Antioxidant activity assessed as DPPH radical scavenging activity after 30 mins by micro plate reader,350.4,0.0005864726027397196,3.23175227128396,Other,c1ccc(-c2ccnc3c2CCc2c-3[nH]c3ccccc23)cc1,train
931,O=c1cc(CO)occ1O,BEJNERDRQOWKJM-UHFFFAOYSA-N,CHEMBL287556,10.1016/j.bmcl.2011.09.122,Antioxidant activity assessed as DPPH radical scavenging activity after 30 mins,142.1,0.0014499999999999834,2.83863199776503,Other,O=c1ccocc1,train
932,Cc1c(C)c2c(c(C)c1O)CCC(C)(C(=O)OCc1cc(=O)c(O)co1)O2,FUBKHVQDEQOIQV-UHFFFAOYSA-N,CHEMBL1928639,10.1016/j.bmcl.2011.09.122,Antioxidant activity assessed as DPPH radical scavenging activity after 30 mins,374.4,1.1609999999999885e-05,4.93516778026143,Other,O=C(OCc1cc(=O)cco1)C1CCc2ccccc2O1,train
933,COc1coc(COC(=O)C2(C)CCc3c(C)c(O)c(C)c(C)c3O2)cc1=O,AFCBPJWBQFKCNG-UHFFFAOYSA-N,CHEMBL1928642,10.1016/j.bmcl.2011.09.122,Antioxidant activity assessed as DPPH radical scavenging activity after 30 mins,388.4,1.9779999999999956e-05,4.70377371273884,Other,O=C(OCc1cc(=O)cco1)C1CCc2ccccc2O1,train
934,O=C(OCC1OCC(O)C(O)C1O)c1cc(O)c(O)c(O)c1,NUVIRDWXIBOJTE-UHFFFAOYSA-N,CHEMBL1933678,10.1016/j.bmcl.2011.10.073,Antioxidant activity assessed as DPPH free radical scavenging activity after 30 mins,316.3,3.2700000000000293e-05,4.48545224733971,Phenolic acid,O=C(OCC1CCCCO1)c1ccccc1,train
935,O=C(OC1C(O)COC(CO)C1O)c1cc(O)c(O)c(O)c1,MSANRIKNONNWHX-UHFFFAOYSA-N,CHEMBL1933679,10.1016/j.bmcl.2011.10.073,Antioxidant activity assessed as DPPH free radical scavenging activity after 30 mins,316.3,4.798999999999983e-05,4.31884925006758,Phenolic acid,O=C(OC1CCOCC1)c1ccccc1,train
936,O=C(OC1C(CO)OCC(O)C1O)c1cc(O)c(O)c(O)c1,RLDCPODFUAIPRT-UHFFFAOYSA-N,CHEMBL1933680,10.1016/j.bmcl.2011.10.073,Antioxidant activity assessed as DPPH free radical scavenging activity after 30 mins,316.3,4.5570000000000175e-05,4.34132097141755,Phenolic acid,O=C(OC1CCCOC1)c1ccccc1,train
937,O=C(OC1COC(CO)C(O)C1O)c1cc(O)c(O)c(O)c1,JSUKXSPCKOKNJD-UHFFFAOYSA-N,CHEMBL1933681,10.1016/j.bmcl.2011.10.073,Antioxidant activity assessed as DPPH free radical scavenging activity after 30 mins,316.3,3.0489999999999944e-05,4.51584257563462,Phenolic acid,O=C(OC1CCCOC1)c1ccccc1,test
938,O=C(OC1COC(CO)C(O)C1OC(=O)c1cc(O)c(O)c(O)c1)c1cc(O)c(O)c(O)c1,BHJGLIPKIVIMEJ-UHFFFAOYSA-N,CHEMBL1933682,10.1016/j.bmcl.2011.10.073,Antioxidant activity assessed as DPPH free radical scavenging activity after 30 mins,468.4,1.879999999999999e-05,4.72584215073632,Phenolic acid,O=C(OC1CCOCC1OC(=O)c1ccccc1)c1ccccc1,test
939,O=C(OC1COC(CO)C(OC(=O)c2cc(O)c(O)c(O)c2)C1O)c1cc(O)c(O)c(O)c1,MAAFPSYEXHLRIU-UHFFFAOYSA-N,CHEMBL1933683,10.1016/j.bmcl.2011.10.073,Antioxidant activity assessed as DPPH free radical scavenging activity after 30 mins,468.4,1.8590000000000068e-05,4.7307206102281,Phenolic acid,O=C(OC1COCC(OC(=O)c2ccccc2)C1)c1ccccc1,train
940,O=C(OCC1OCC(OC(=O)c2cc(O)c(O)c(O)c2)C(O)C1O)c1cc(O)c(O)c(O)c1,IGKWMHUOBKCUQU-UHFFFAOYSA-N,CHEMBL1933684,10.1016/j.bmcl.2011.10.073,Antioxidant activity assessed as DPPH free radical scavenging activity after 30 mins,468.4,1.7740000000000088e-05,4.75104638450429,Phenolic acid,O=C(OCC1CCC(OC(=O)c2ccccc2)CO1)c1ccccc1,train
941,O=C(OCC1OCC(O)C(OC(=O)c2cc(O)c(O)c(O)c2)C1O)c1cc(O)c(O)c(O)c1,DMAVXTZPBCNESC-UHFFFAOYSA-N,CHEMBL1933685,10.1016/j.bmcl.2011.10.073,Antioxidant activity assessed as DPPH free radical scavenging activity after 30 mins,468.4,1.8520000000000202e-05,4.73235901765408,Phenolic acid,O=C(OCC1CC(OC(=O)c2ccccc2)CCO1)c1ccccc1,train
942,O=C(OCC1OCC(OC(=O)c2cc(O)c(O)c(O)c2)C(O)C1OC(=O)c1cc(O)c(O)c(O)c1)c1cc(O)c(O)c(O)c1,BPVTXEMSGYROPO-UHFFFAOYSA-N,CHEMBL1933686,10.1016/j.bmcl.2011.10.073,Antioxidant activity assessed as DPPH free radical scavenging activity after 30 mins,620.5,1.306000000000016e-05,4.88405682306094,Phenolic acid,O=C(OCC1OCC(OC(=O)c2ccccc2)CC1OC(=O)c1ccccc1)c1ccccc1,train
943,Cc1cc(O)c(C(C)(C)C)cc1N=Cc1ccc(O)cc1,NRTFHZYDZAHZMF-UHFFFAOYSA-N,CHEMBL2316858,10.1016/j.bmcl.2012.12.001,Antioxidant activity assessed as DPPH radical scavenging activity in chloroform solution 30 min (manual check),283.4,3.946023919999236e-05,4.4038402864705,Aromatic amine,C(=Nc1ccccc1)c1ccccc1,train
944,COC(=O)c1cc(O)c(O)c(OC)c1,LVVUKXKEXOTUPV-UHFFFAOYSA-N,CHEMBL1933687,10.1016/j.bmcl.2011.10.073,Antioxidant activity assessed as DPPH free radical scavenging activity after 30 mins,198.2,0.00011650000000000055,3.93367407463796,Phenolic acid,c1ccccc1,train
945,COC(=O)c1cc(OC)c(OC)c(OC)c1,KACHFMOHOPLTNX-UHFFFAOYSA-N,CHEMBL1651039,10.1016/j.bmcl.2011.10.073,Antioxidant activity assessed as DPPH free radical scavenging activity after 30 mins,226.2,0.000990569999999998,3.00411482902038,Other,c1ccccc1,train
946,CC(Cc1ccc(O)c(O)c1)C(C)Cc1ccc(O)c(O)c1,HCZKYJDFEPMADG-UHFFFAOYSA-N,CHEMBL52,10.1016/j.bmcl.2017.07.003,Antioxidant activity assessed as DPPH radical scavenging activity after 30 mins in absence of light,302.4,1.0585955059040399e-05,4.9752699540678,Other,c1ccc(CCCCc2ccccc2)cc1,train
947,Oc1ccc(C2c3c(O)cc(O)cc3C3C(c4ccc(O)cc4)c4c(O)cc(O)cc4C23)cc1,YNVJOQCPHWKWSO-UHFFFAOYSA-N,CHEMBL480462,10.1016/j.bmcl.2011.12.012,Antioxidant activity assessed as DPPH free radical scavenging activity after 30 mins by microplate reader assay,454.5,0.00016530000000000104,3.78172714642855,Other,c1ccc(C2c3ccccc3C3C(c4ccccc4)c4ccccc4C23)cc1,test
948,COC(c1ccc(O)cc1)C1c2cc(O)cc(O)c2C(c2cc(O)cc(O)c2)C1c1ccc(O)cc1,XPDHVQUZVFHQNW-UHFFFAOYSA-N,CHEMBL1939064,10.1016/j.bmcl.2011.12.012,Antioxidant activity assessed as DPPH free radical scavenging activity after 30 mins by microplate reader assay,486.5,7.709066091297918e-05,4.11299823102329,Other,c1ccc(CC2c3ccccc3C(c3ccccc3)C2c2ccccc2)cc1,train
949,Oc1ccc(C=Cc2cc(O)cc3c2C(c2cc(O)c4c(c2)C(c2cc(O)cc(O)c2)C(c2ccc(O)cc2)O4)C(c2cccc(O)c2)O3)cc1,XUNJGSUVBZMUDR-UHFFFAOYSA-N,CHEMBL1082599,10.1016/j.bmcl.2011.12.012,Antioxidant activity assessed as DPPH free radical scavenging activity after 30 mins by microplate reader assay,680.7,0.0001751000000000016,3.75671385391655,Stilbene,C(=Cc1cccc2c1C(c1ccc3c(c1)C(c1ccccc1)C(c1ccccc1)O3)C(c1ccccc1)O2)c1ccccc1,train
950,O=C(c1ccc(O)cc1)C1c2cc(O)cc(O)c2C(c2ccc(O)cc2)C1c1cc(O)cc(O)c1,NNTKNQXSDDQTKC-UHFFFAOYSA-N,CHEMBL1939066,10.1016/j.bmcl.2011.12.012,Antioxidant activity assessed as DPPH free radical scavenging activity after 30 mins by microplate reader assay,470.5,7.39000000000008e-05,4.13135556160517,Other,O=C(c1ccccc1)C1c2ccccc2C(c2ccccc2)C1c1ccccc1,train
951,CC1=CC2CC3(C)OC(=O)C(O)(C3C)C2(O)C1=O,NPMJPMBCGOWCAJ-UHFFFAOYSA-N,CHEMBL1950958,10.1021/np200707y,Antioxidant activity assessed as DPPH radical-scavenging activity after 30 mins by spectrophotometric analysis,252.3,0.0021000000000000033,2.67778070526608,Terpenoid,O=C1OC2CC3C=CC(=O)C3C1C2,train
952,O=C(O)Cc1ccc(O)c(O)c1,CFFZDZCDUFSOFZ-UHFFFAOYSA-N,CHEMBL1284,10.1016/j.ejmech.2012.02.018,Antioxidant activity assessed as DPPH free radical scavenging activity by UV-Vis spectrophotometry 30 min (manual check),168.1,2.600000000000012e-05,4.58502665202918,Phenolic acid,c1ccccc1,train
953,COc1ccc(C=Nc2cc(C(C)(C)C)c(O)cc2C)cc1,PETOZYHUJCKOIX-UHFFFAOYSA-N,CHEMBL2316859,10.1016/j.bmcl.2012.12.001,Antioxidant activity assessed as DPPH radical scavenging activity in chloroform solution 30 min (manual check),297.4,5.255538402550984e-05,4.27938278614774,Aromatic amine,C(=Nc1ccccc1)c1ccccc1,train
954,COC(=O)C(N)CS,MCYHPZGUONZRGO-UHFFFAOYSA-N,CHEMBL1426508,10.1016/j.ejmech.2012.02.018,Antioxidant activity assessed as DPPH free radical scavenging activity by UV-Vis spectrophotometry 30 min (manual check),171.6,0.00012300000000000055,3.9100948885606,Other,<acyclic>,train
955,COC(=O)C(CS)NC(=O)C=Cc1ccc(O)c(O)c1,WUEWMMXPAZGRDI-UHFFFAOYSA-N,CHEMBL1950210,10.1016/j.ejmech.2012.02.018,Antioxidant activity assessed as DPPH free radical scavenging activity by UV-Vis spectrophotometry 30 min (manual check),297.3,2.20000000000002e-05,4.65757731917779,Other,c1ccccc1,train
956,COC(=O)C(CS)NC(=O)C=Cc1ccc(O)c(OC)c1,JPDKXOAXBRTTSC-UHFFFAOYSA-N,CHEMBL1950211,10.1016/j.ejmech.2012.02.018,Antioxidant activity assessed as DPPH free radical scavenging activity by UV-Vis spectrophotometry 30 min (manual check),311.4,8.399999999999972e-05,4.07572071393812,Other,c1ccccc1,train
957,COC(=O)C(CS)NC(=O)C=Cc1cc(OC)c(O)c(OC)c1,BZJFRFPPPXYYON-UHFFFAOYSA-N,CHEMBL1950212,10.1016/j.ejmech.2012.02.018,Antioxidant activity assessed as DPPH free radical scavenging activity by UV-Vis spectrophotometry 30 min (manual check),341.4,7.599999999999969e-05,4.11918640771921,Other,c1ccccc1,train
958,COC(=O)C(CS)NC(=O)c1cc(OC)c(O)c(OC)c1,AOHNILQDQCYHDK-UHFFFAOYSA-N,CHEMBL1950213,10.1016/j.ejmech.2012.02.018,Antioxidant activity assessed as DPPH free radical scavenging activity by UV-Vis spectrophotometry 30 min (manual check),315.3,0.00014299999999999944,3.84466396253494,Aromatic amine,c1ccccc1,train
959,COC(=O)C(CS)NC(=O)Cc1ccc(O)c(O)c1,NEUMOBYTEMJWPV-UHFFFAOYSA-N,CHEMBL1950214,10.1016/j.ejmech.2012.02.018,Antioxidant activity assessed as DPPH free radical scavenging activity by UV-Vis spectrophotometry 30 min (manual check),285.3,2.9000000000000268e-05,4.53760200210104,Other,c1ccccc1,train
960,COC(=O)C(CS)NC(=O)Cc1ccc(O)c(OC)c1,ZZGIRASUMFPDDQ-UHFFFAOYSA-N,CHEMBL1950215,10.1016/j.ejmech.2012.02.018,Antioxidant activity assessed as DPPH free radical scavenging activity by UV-Vis spectrophotometry 30 min (manual check),299.3,8.200000000000068e-05,4.08618614761628,Other,c1ccccc1,test
961,COC(=O)C(CS)NC(=O)C=Cc1ccc(O)cc1,PVQUQULNPUAKAF-UHFFFAOYSA-N,CHEMBL1950216,10.1016/j.ejmech.2012.02.018,Antioxidant activity assessed as DPPH free radical scavenging activity by UV-Vis spectrophotometry 30 min (manual check),281.3,0.00014800000000000094,3.82973828460504,Other,c1ccccc1,train
962,COC(=O)C(CS)NC(=O)C=Cc1cccc(O)c1,WLSAFNZODMDOFW-UHFFFAOYSA-N,CHEMBL1950217,10.1016/j.ejmech.2012.02.018,Antioxidant activity assessed as DPPH free radical scavenging activity by UV-Vis spectrophotometry 30 min (manual check),281.3,0.00018499999999999845,3.73282827159699,Other,c1ccccc1,train
963,COC(=O)C(CS)NC(=O)C=Cc1ccccc1O,KXUMOKZJHAMGJH-UHFFFAOYSA-N,CHEMBL1950218,10.1016/j.ejmech.2012.02.018,Antioxidant activity assessed as DPPH free radical scavenging activity by UV-Vis spectrophotometry 30 min (manual check),281.3,0.00014999999999999958,3.82390874094432,Other,c1ccccc1,train
964,COC(=O)C(CCSC)NC(=O)C=Cc1ccc(O)c(O)c1,IQYDFDMGKUQMLA-UHFFFAOYSA-N,CHEMBL1950219,10.1016/j.ejmech.2012.02.018,Antioxidant activity assessed as DPPH free radical scavenging activity by UV-Vis spectrophotometry 30 min (manual check),325.4,2.5000000000000147e-05,4.60205999132796,Other,c1ccccc1,train
965,COC(=O)C(CCSC)NC(=O)Cc1ccc(O)c(O)c1,BQLDYLKTPFKWIN-UHFFFAOYSA-N,CHEMBL1950220,10.1016/j.ejmech.2012.02.018,Antioxidant activity assessed as DPPH free radical scavenging activity by UV-Vis spectrophotometry 30 min (manual check),313.4,4.800000000000034e-05,4.31875876262441,Other,c1ccccc1,train
966,COC(=O)C(Cc1ccc(O)cc1)NC(=O)C=Cc1ccc(O)c(O)c1,WCKQISDLXKTVDV-UHFFFAOYSA-N,CHEMBL1950221,10.1016/j.ejmech.2012.02.018,Antioxidant activity assessed as DPPH free radical scavenging activity by UV-Vis spectrophotometry 30 min (manual check),357.4,2.9999999999999828e-05,4.52287874528034,Other,O=C(C=Cc1ccccc1)NCCc1ccccc1,train
967,COC(=O)C(Cc1ccc(O)cc1)NC(=O)Cc1ccc(O)c(O)c1,LEZYTHDKEKAQAC-UHFFFAOYSA-N,CHEMBL1950222,10.1016/j.ejmech.2012.02.018,Antioxidant activity assessed as DPPH free radical scavenging activity by UV-Vis spectrophotometry 30 min (manual check),345.4,4.400000000000022e-05,4.35654732351381,Other,O=C(Cc1ccccc1)NCCc1ccccc1,train
968,O=C(C=Cc1ccc(O)c(O)c1)NC(CS)C(=O)NCCc1ccc(O)c(O)c1,VRRNTOMUHCRYIG-UHFFFAOYSA-N,CHEMBL1950223,10.1016/j.ejmech.2012.02.018,Antioxidant activity assessed as DPPH free radical scavenging activity by UV-Vis spectrophotometry 30 min (manual check),418.5,2.600000000000012e-05,4.58502665202918,Other,O=C(C=Cc1ccccc1)NCC(=O)NCCc1ccccc1,train
969,O=C(Cc1ccc(O)c(O)c1)NC(CS)C(=O)NCCc1ccc(O)c(O)c1,DYBIRIYXSSEAOT-UHFFFAOYSA-N,CHEMBL1950224,10.1016/j.ejmech.2012.02.018,Antioxidant activity assessed as DPPH free radical scavenging activity by UV-Vis spectrophotometry 30 min (manual check),406.5,1.999999999999996e-05,4.69897000433602,Other,O=C(CNC(=O)Cc1ccccc1)NCCc1ccccc1,train
970,CSCCC(NC(=O)C=Cc1ccc(O)c(O)c1)C(=O)NCCc1ccc(O)c(O)c1,AHFOYWFURLFECJ-UHFFFAOYSA-N,CHEMBL1950225,10.1016/j.ejmech.2012.02.018,Antioxidant activity assessed as DPPH free radical scavenging activity by UV-Vis spectrophotometry 30 min (manual check),446.5,2.2999999999999868e-05,4.63827216398241,Other,O=C(C=Cc1ccccc1)NCC(=O)NCCc1ccccc1,train
971,CSCCC(NC(=O)Cc1ccc(O)c(O)c1)C(=O)NCCc1ccc(O)c(O)c1,FYGJSNSVJATIAP-UHFFFAOYSA-N,CHEMBL1949680,10.1016/j.ejmech.2012.02.018,Antioxidant activity assessed as DPPH free radical scavenging activity by UV-Vis spectrophotometry 30 min (manual check),434.5,6.80000000000006e-05,4.16749108729376,Other,O=C(CNC(=O)Cc1ccccc1)NCCc1ccccc1,train
972,O=C(C=Cc1ccc(O)c(O)c1)NC(Cc1ccc(O)cc1)C(=O)NCCc1ccc(O)c(O)c1,LCKMPEWFJRROEA-UHFFFAOYSA-N,CHEMBL1950226,10.1016/j.ejmech.2012.02.018,Antioxidant activity assessed as DPPH free radical scavenging activity by UV-Vis spectrophotometry 30 min (manual check),478.5,3.200000000000028e-05,4.49485002168009,Other,O=C(C=Cc1ccccc1)NC(Cc1ccccc1)C(=O)NCCc1ccccc1,train
973,O=C(Cc1ccc(O)c(O)c1)NC(Cc1ccc(O)cc1)C(=O)NCCc1ccc(O)c(O)c1,MAEWAJMJCZNPRD-UHFFFAOYSA-N,CHEMBL1950227,10.1016/j.ejmech.2012.02.018,Antioxidant activity assessed as DPPH free radical scavenging activity by UV-Vis spectrophotometry 30 min (manual check),466.5,3.200000000000028e-05,4.49485002168009,Other,O=C(Cc1ccccc1)NC(Cc1ccccc1)C(=O)NCCc1ccccc1,train
974,COc1ccc(C=Nc2cc(C(C)C)c(O)cc2C)cc1OC,DXECLMARBFQESQ-UHFFFAOYSA-N,CHEMBL2316840,10.1016/j.bmcl.2012.12.001,Antioxidant activity assessed as DPPH radical scavenging activity in chloroform solution 30 min (manual check),313.4,6.0269941724150926e-05,4.21989922845729,Aromatic amine,C(=Nc1ccccc1)c1ccccc1,train
975,COc1ccc(C=Nc2cc(C)c(O)cc2C(C)C)cc1OC,YMMAXXSDJLGDJR-UHFFFAOYSA-N,CHEMBL2316810,10.1016/j.bmcl.2012.12.001,Antioxidant activity assessed as DPPH radical scavenging activity in chloroform solution 30 min (manual check),313.4,6.089450902758188e-05,4.21542186675193,Aromatic amine,C(=Nc1ccccc1)c1ccccc1,train
976,COc1cccc(C=Nc2ccccc2O)c1,OJSLTCIQANRIRF-UHFFFAOYSA-N,CHEMBL2064672,10.1016/j.bmcl.2012.06.026,Antioxidant activity assessed as DPPH scavenging activity after 30 mins by microplate reader method,227.3,2.4900000000000205e-05,4.60380065290426,Aromatic amine,C(=Nc1ccccc1)c1ccccc1,train
977,COc1cc(C=Nc2cc(C(C)C)c(O)cc2C)cc(OC)c1,XBAAQJUXVNUBCO-UHFFFAOYSA-N,CHEMBL2316841,10.1016/j.bmcl.2012.12.001,Antioxidant activity assessed as DPPH radical scavenging activity in chloroform solution 30 min (manual check),313.4,8.322473564916878e-05,4.07974757564008,Aromatic amine,C(=Nc1ccccc1)c1ccccc1,train
978,Oc1ccc(C=Nc2cccc(O)c2)cc1,CFJPDKJMOFNJPM-UHFFFAOYSA-N,CHEMBL2064675,10.1016/j.bmcl.2012.06.026,Antioxidant activity assessed as DPPH scavenging activity after 30 mins by microplate reader method,213.2,0.0003620999999999986,3.44117147518299,Aromatic amine,C(=Nc1ccccc1)c1ccccc1,train
979,COc1cc(C=Nc2cc(C)c(O)cc2C(C)C)cc(OC)c1,ZYOCQBBKVOUVKT-UHFFFAOYSA-N,CHEMBL2316811,10.1016/j.bmcl.2012.12.001,Antioxidant activity assessed as DPPH radical scavenging activity in chloroform solution 30 min (manual check),313.4,7.603881432009981e-05,4.11896466374574,Aromatic amine,C(=Nc1ccccc1)c1ccccc1,train
980,Oc1ccc(C=Nc2ccc(O)cc2)cc1,LJMQHGKETUOVSG-UHFFFAOYSA-N,CHEMBL1091628,10.1016/j.bmcl.2012.06.026,Antioxidant activity assessed as DPPH scavenging activity after 30 mins by microplate reader method,213.2,9.430000000000042e-05,4.02548830726267,Aromatic amine,C(=Nc1ccccc1)c1ccccc1,test
981,Oc1ccc(N=Cc2cc(O)cc(O)c2)cc1,XZFRKTZPIMAWOE-UHFFFAOYSA-N,CHEMBL2064677,10.1016/j.bmcl.2012.06.026,Antioxidant activity assessed as DPPH scavenging activity after 30 mins by microplate reader method,229.2,0.0001635999999999984,3.7862167006647,Aromatic amine,C(=Nc1ccccc1)c1ccccc1,train
982,COc1cc(C=Nc2ccc(O)cc2)cc(OC)c1,ADZHIUPYVVREAF-UHFFFAOYSA-N,CHEMBL2064678,10.1016/j.bmcl.2012.06.026,Antioxidant activity assessed as DPPH scavenging activity after 30 mins by microplate reader method,257.3,0.0004134000000000005,3.38362952770873,Aromatic amine,C(=Nc1ccccc1)c1ccccc1,train
983,COc1cc(O)ccc1-c1cc2cc(CCCO)ccc2o1,CLYYUOMSXIPPJS-UHFFFAOYSA-N,CHEMBL2147415,10.1021/np200343t,Antioxidant activity assessed as DPPH free radical scavenging activity after 30 mins by spectrophotometry,298.3,3.7699999999999744e-05,4.42365864979421,Other,c1ccc(-c2cc3ccccc3o2)cc1,train
984,COc1ccc(-c2cc3cc(CCCO)ccc3o2)c(O)c1,DZMMGSFVLBBPIA-UHFFFAOYSA-N,CHEMBL2147419,10.1021/np200343t,Antioxidant activity assessed as DPPH free radical scavenging activity after 30 mins by spectrophotometry,298.3,4.2299999999999734e-05,4.37365963262496,Other,c1ccc(-c2cc3ccccc3o2)cc1,train
985,CC=Cc1ccc2oc(-c3ccc(O)cc3O)cc2c1,SDWZWUUOXFFJSA-UHFFFAOYSA-N,CHEMBL2147420,10.1021/np200343t,Antioxidant activity assessed as DPPH free radical scavenging activity after 30 mins by spectrophotometry,266.3,2.209999999999997e-05,4.65560772631489,Other,c1ccc(-c2cc3ccccc3o2)cc1,train
986,CC=Cc1ccc2oc(-c3ccc(O)cc3OC)cc2c1,LYELQAFKYBUWAN-UHFFFAOYSA-N,CHEMBL2147423,10.1021/np200343t,Antioxidant activity assessed as DPPH free radical scavenging activity after 30 mins by spectrophotometry,280.3,3.629999999999977e-05,4.44009337496389,Other,c1ccc(-c2cc3ccccc3o2)cc1,train
987,CC=Cc1ccc2oc(-c3ccc(OC)cc3O)cc2c1,VSRAHYZSNLDBKG-UHFFFAOYSA-N,CHEMBL2147424,10.1021/np200343t,Antioxidant activity assessed as DPPH free radical scavenging activity after 30 mins by spectrophotometry,280.3,2.419999999999994e-05,4.61618463401957,Other,c1ccc(-c2cc3ccccc3o2)cc1,train
988,COc1cc(C2c3cc4c(cc3CC(C)C2C)OCO4)ccc1O,ZTNZPWXCSNAVLW-UHFFFAOYSA-N,CHEMBL428239,10.1021/np4010536,Antioxidant activity assessed as 150 uM DPPH free radical scavenging activity under dark condition after 30 mins by microplate reader analysis,326.4,0.00025522866218353807,3.59307055593372,Other,c1ccc(C2CCCc3cc4c(cc32)OCO4)cc1,train
989,COc1cc2c(c3c1C(=O)C(=Cc1ccc(O)c(O)c1)O3)CC(C(C)(C)O)O2,QYYRHQJYLLUVLG-UHFFFAOYSA-N,CHEMBL2337361,10.1016/j.bmc.2013.01.026,Antioxidant activity assessed as concentration required for 50 % inhibition of micoM DPPH activity after 30 mins by UV-vis spectrophotometry,384.4,2.299999999999987e-07,6.63827216398241,Other,O=C1C(=Cc2ccccc2)Oc2c1ccc1c2CCO1,train
990,COc1cc2c(c3c1C(=O)CC(c1ccc(O)cc1)O3)CC(C(C)(C)O)O2,FWTSPMKFNWEBKW-UHFFFAOYSA-N,CHEMBL2337360,10.1016/j.bmc.2013.01.026,Antioxidant activity assessed as concentration required for 50 % inhibition of micoM DPPH activity after 30 mins by UV-vis spectrophotometry,370.4,8.736999999999986e-05,4.05863766428824,Flavonoid,O=C1CC(c2ccccc2)Oc2c1ccc1c2CCO1,train
991,COc1cc(O)c(CCC(C)(C)O)c(O)c1C(=O)C=Cc1ccc(O)cc1,HGZMVLUPBGGJMI-UHFFFAOYSA-N,CHEMBL470927,10.1016/j.bmc.2013.01.026,Antioxidant activity assessed as concentration required for 50 % inhibition of micoM DPPH activity after 30 mins by UV-vis spectrophotometry,372.4,3.3399999999999663e-06,5.47625353318844,Other,O=C(C=Cc1ccccc1)c1ccccc1,train
992,COc1cc2c(c(O)c1C(=O)CCc1ccc(O)cc1)CC(C(C)(C)O)O2,BFMJOSISVDMGFC-UHFFFAOYSA-N,CHEMBL2337359,10.1016/j.bmc.2013.01.026,Antioxidant activity assessed as concentration required for 50 % inhibition of micoM DPPH activity after 30 mins by UV-vis spectrophotometry,372.4,2.0440000000000218e-05,4.68951910853732,Other,O=C(CCc1ccccc1)c1ccc2c(c1)CCO2,train
993,COc1cc2c(c(O)c1C(=O)C=Cc1ccc(O)cc1)CC(C(C)(C)O)O2,QPOYBNQNDNYUEU-UHFFFAOYSA-N,CHEMBL2337358,10.1016/j.bmc.2013.01.026,Antioxidant activity assessed as concentration required for 50 % inhibition of micoM DPPH activity after 30 mins by UV-vis spectrophotometry,370.4,2.2399999999999836e-06,5.64975198166584,Other,O=C(C=Cc1ccccc1)c1ccc2c(c1)CCO2,train
994,COc1cc(O)c(CC=C(C)C)c(O)c1C(=O)CCc1ccc(O)cc1,SVTCZHIDEDUTBH-UHFFFAOYSA-N,CHEMBL510279,10.1016/j.bmc.2013.01.026,Antioxidant activity assessed as concentration required for 50 % inhibition of micoM DPPH activity after 30 mins by UV-vis spectrophotometry,356.4,1.2970000000000001e-05,4.88706002391592,Other,O=C(CCc1ccccc1)c1ccccc1,train
995,COc1cc(O)c(CC=C(C)C)c2c1C(=O)CC(c1ccc(O)cc1)O2,YKGCBLWILMDSAV-UHFFFAOYSA-N,CHEMBL492828,10.1016/j.bmc.2013.01.026,Antioxidant activity assessed as concentration required for 50 % inhibition of micoM DPPH activity after 30 mins by UV-vis spectrophotometry,354.4,3.542000000000034e-05,4.45075144314594,Flavonoid,O=C1CC(c2ccccc2)Oc2ccccc21,train
996,C=C(C)C(O)Cc1c(O)cc(OC)c(C(=O)C=Cc2ccc(O)cc2)c1O,IIWLGOCXDBSFCM-UHFFFAOYSA-N,CHEMBL479500,10.1016/j.bmc.2013.01.026,Antioxidant activity assessed as concentration required for 50 % inhibition of micoM DPPH activity after 30 mins by UV-vis spectrophotometry,370.4,2.369999999999979e-06,5.6252516539899,Other,O=C(C=Cc1ccccc1)c1ccccc1,train
997,COc1cc(C2c3cc(OC)c(O)cc3C=C(C)C2C)ccc1O,HUMKWBMQEFNYGB-UHFFFAOYSA-N,CHEMBL3290510,10.1021/np4010536,Antioxidant activity assessed as 150 uM DPPH free radical scavenging activity under dark condition after 30 mins by microplate reader analysis,326.4,5.5890870453053456e-05,4.25265912656205,Other,C1=Cc2ccccc2C(c2ccccc2)C1,train
998,COc1cc(C2OC(c3ccc4c(c3)OCO4)C(C)C2C)ccc1O,JPDORDSJPIKURD-UHFFFAOYSA-N,CHEMBL3290511,10.1021/np4010536,Antioxidant activity assessed as 150 uM DPPH free radical scavenging activity under dark condition after 30 mins by microplate reader analysis,342.4,3.220277161984644e-05,4.49210674795001,Other,c1ccc(C2CCC(c3ccc4c(c3)OCO4)O2)cc1,train
999,C=CCc1ccc(OC2OC(CO)C(O)C(O)C2O)c(OC)c1,VADSVXSGIFBZLI-UHFFFAOYSA-N,CHEMBL463487,10.1021/np300609u,Antioxidant activity assessed as DPPH radical scavenging activity after 30 mins by microplate reader,326.3,0.00032800000000000076,3.48412615628832,Other,c1ccc(OC2CCCCO2)cc1,train
1000,COc1cc(C2Oc3c(OC)cc(CCCO)cc3C2COC2OC(CO)C(O)C(O)C2O)ccc1O,VTKHRLZMWODHJA-UHFFFAOYSA-N,CHEMBL466931,10.1021/np300609u,Antioxidant activity assessed as DPPH radical scavenging activity after 30 mins by microplate reader,522.5,0.00028400000000000164,3.54668165995296,Other,c1ccc(C2Oc3ccccc3C2COC2CCCCO2)cc1,train
1001,O=C(C=Cc1ccc(O)cc1)OC1CC(O)(C(=O)O)CC(OC(=O)C=Cc2ccc(O)c(O)c2)C1O,LFZAQSKKPHEVOT-UHFFFAOYSA-N,CHEMBL2336739,10.1021/np300609u,Antioxidant activity assessed as DPPH radical scavenging activity after 30 mins by microplate reader,500.5,5.7399999999999545e-05,4.24108810760203,Phenolic acid,O=C(C=Cc1ccccc1)OC1CCCC(OC(=O)C=Cc2ccccc2)C1,train
1002,COc1cc(CC(C)C(C)Cc2ccc3c(c2)OCO3)ccc1O,QDDILOVMGWUNGD-UHFFFAOYSA-N,CHEMBL254071,10.1021/np4010536,Antioxidant activity assessed as 150 uM DPPH free radical scavenging activity under dark condition after 30 mins by microplate reader analysis,328.4,4.990726700591765e-05,4.30183621207632,Other,c1ccc(CCCCc2ccc3c(c2)OCO3)cc1,train
1003,COc1cc(C=Nc2cc(C(C)(C)C)c(O)cc2C)cc(OC)c1,KUTICNRLZALNBK-UHFFFAOYSA-N,CHEMBL2316861,10.1016/j.bmcl.2012.12.001,Antioxidant activity assessed as DPPH radical scavenging activity in chloroform solution 30 min (manual check),327.4,6.0806010641269794e-05,4.21605348883065,Aromatic amine,C(=Nc1ccccc1)c1ccccc1,train
1004,OCC1OC(OCc2ccccc2)C(O)C(O)C1O,GKHCBYYBLTXYEV-UHFFFAOYSA-N,CHEMBL2336738,10.1021/np300609u,Antioxidant activity assessed as DPPH radical scavenging activity after 30 mins by microplate reader,270.3,0.00022299999999999976,3.65169513695184,Other,c1ccc(COC2CCCCO2)cc1,train
1005,COc1ccc(C=Nc2cc(C(C)(C)C)c(O)cc2C)cc1OC,IHGDZOWIODMCFM-UHFFFAOYSA-N,CHEMBL2316860,10.1016/j.bmcl.2012.12.001,Antioxidant activity assessed as DPPH radical scavenging activity in chloroform solution 30 min (manual check),327.4,5.918790196631895e-05,4.22776705419269,Aromatic amine,C(=Nc1ccccc1)c1ccccc1,train
1006,COc1cc(OC2OC(CO)C(O)C(O)C2O)c(CC=C(C)C)c2c1C(=O)CC(c1ccc(O)cc1)O2,PQQOTMXKVRXWCA-UHFFFAOYSA-N,CHEMBL2346982,10.1016/j.bmcl.2013.02.031,Antioxidant activity assessed as DPPH radical scavenging activity by by UV-vis spectrophotometry analysis 30 min (manual check),516.5,6.130000000000075e-06,5.21253952548158,Flavonoid,O=C1CC(c2ccccc2)Oc2cc(OC3CCCCO3)ccc21,train
1007,COc1cc(OC2OC(CO)C(OC)C(O)C2O)c(CC=C(C)C)c(O)c1C(=O)C=Cc1ccc(O)cc1,IAYXKVVXQGLOTQ-UHFFFAOYSA-N,CHEMBL2346983,10.1016/j.bmcl.2013.02.031,Antioxidant activity assessed as DPPH radical scavenging activity by by UV-vis spectrophotometry analysis 30 min (manual check),530.6,9.059999999999937e-06,5.04287180232319,Other,O=C(C=Cc1ccccc1)c1ccc(OC2CCCCO2)cc1,test
1008,COc1cc(OC2OC(CO)C(O)C(O)C2O)c(CC=C(C)C)c(O)c1C(=O)C=Cc1ccc(O)cc1,ICPKTDGMGYCYPR-UHFFFAOYSA-N,CHEMBL2346984,10.1016/j.bmcl.2013.02.031,Antioxidant activity assessed as DPPH radical scavenging activity by by UV-vis spectrophotometry analysis 30 min (manual check),516.5,7.69999999999996e-07,6.11350927482752,Other,O=C(C=Cc1ccccc1)c1ccc(OC2CCCCO2)cc1,train
1009,COC(=O)C1=C(C)NC(C)=C(C(=O)OC)C1c1ccc2c(c1)OCO2,MPQJJXRGOXYEOP-UHFFFAOYSA-N,CHEMBL2063653,10.1016/j.ejmech.2013.06.006,Antioxidant activity assessed as DPPH free radical scavenging activity under dark condition after 30 mins,345.4,0.0017486971627098933,2.75728539461031,Other,C1=CC(c2ccc3c(c2)OCO3)C=CN1,test
1010,COc1cc(C=Nc2cc(C(C)C)c(O)cc2C)cc(OC)c1OC,TWXSNABFGIWQKN-UHFFFAOYSA-N,CHEMBL2316842,10.1016/j.bmcl.2012.12.001,Antioxidant activity assessed as DPPH radical scavenging activity in chloroform solution 30 min (manual check),343.4,6.549270069442504e-05,4.18380710038655,Aromatic amine,C(=Nc1ccccc1)c1ccccc1,train
1011,CCOC(=O)C1=C(C)N(c2ccc([N+](=O)[O-])cc2)C(C)=C(C(=O)OC)C1c1ccc2c(c1)OCO2,FDHIRDHXMQWQIF-UHFFFAOYSA-N,CHEMBL2413663,10.1016/j.ejmech.2013.06.006,Antioxidant activity assessed as DPPH free radical scavenging activity under dark condition after 30 mins,480.5,0.0017773152965660731,2.75023552131556,Aromatic amine,C1=CN(c2ccccc2)C=CC1c1ccc2c(c1)OCO2,test
1012,CCOC(=O)C1=C(C)N(c2cccc([N+](=O)[O-])c2)C(C)=C(C(=O)OC)C1c1ccc2c(c1)OCO2,ABLKEHZMFLWIDA-UHFFFAOYSA-N,CHEMBL2413662,10.1016/j.ejmech.2013.06.006,Antioxidant activity assessed as DPPH free radical scavenging activity under dark condition after 30 mins,480.5,0.0008033298647242446,3.09510608733281,Aromatic amine,C1=CN(c2ccccc2)C=CC1c1ccc2c(c1)OCO2,train
1013,CCOC(=O)C1=C(C)N(c2ccccc2[N+](=O)[O-])C(C)=C(C(=O)OC)C1c1ccc2c(c1)OCO2,QWUKZVHTUUICOM-UHFFFAOYSA-N,CHEMBL2413661,10.1016/j.ejmech.2013.06.006,Antioxidant activity assessed as DPPH free radical scavenging activity under dark condition after 30 mins,480.5,0.0019417273673257216,2.71181174825806,Aromatic amine,C1=CN(c2ccccc2)C=CC1c1ccc2c(c1)OCO2,train
1014,CCOC(=O)C1=C(C)N(c2ccccc2)C(C)=C(C(=O)OC)C1c1ccc2c(c1)OCO2,QGFSWFUTTLVVSM-UHFFFAOYSA-N,CHEMBL2413660,10.1016/j.ejmech.2013.06.006,Antioxidant activity assessed as DPPH free radical scavenging activity under dark condition after 30 mins,435.5,0.0016991963260619817,2.76975643961271,Aromatic amine,C1=CN(c2ccccc2)C=CC1c1ccc2c(c1)OCO2,train
1015,CCOC(=O)C1=C(C)NC(C)=C(C(=O)OC)C1c1ccc2c(c1)OCO2,KKLPJGUDZGCLTG-UHFFFAOYSA-N,CHEMBL2413659,10.1016/j.ejmech.2013.06.006,Antioxidant activity assessed as DPPH free radical scavenging activity under dark condition after 30 mins,359.4,0.0012993878686700141,2.88626119220684,Other,C1=CC(c2ccc3c(c2)OCO3)C=CN1,train
1016,CCOC(=O)C1=C(C)N(c2ccc([N+](=O)[O-])cc2)C(C)=C(C(=O)OCC)C1c1ccc2c(c1)OCO2,DZUBIYCMUDGDEB-UHFFFAOYSA-N,CHEMBL2413658,10.1016/j.ejmech.2013.06.006,Antioxidant activity assessed as DPPH free radical scavenging activity under dark condition after 30 mins,494.5,0.0012072800808897853,2.91819196480383,Aromatic amine,C1=CN(c2ccccc2)C=CC1c1ccc2c(c1)OCO2,train
1017,CCOC(=O)C1=C(C)N(c2cccc([N+](=O)[O-])c2)C(C)=C(C(=O)OCC)C1c1ccc2c(c1)OCO2,CRBDNJKKMFSEGM-UHFFFAOYSA-N,CHEMBL2413657,10.1016/j.ejmech.2013.06.006,Antioxidant activity assessed as DPPH free radical scavenging activity under dark condition after 30 mins,494.5,0.0007340748230535821,3.13425967089709,Aromatic amine,C1=CN(c2ccccc2)C=CC1c1ccc2c(c1)OCO2,train
1018,CCOC(=O)C1=C(C)N(c2ccccc2[N+](=O)[O-])C(C)=C(C(=O)OCC)C1c1ccc2c(c1)OCO2,YKXUEPVXVBTQGG-UHFFFAOYSA-N,CHEMBL2413656,10.1016/j.ejmech.2013.06.006,Antioxidant activity assessed as DPPH free radical scavenging activity under dark condition after 30 mins,494.5,0.001767441860465096,2.7526548632988,Aromatic amine,C1=CN(c2ccccc2)C=CC1c1ccc2c(c1)OCO2,train
1019,CCOC(=O)C1=C(C)N(c2ccccc2)C(C)=C(C(=O)OCC)C1c1ccc2c(c1)OCO2,VRQKLUMNOJGWTK-UHFFFAOYSA-N,CHEMBL2413655,10.1016/j.ejmech.2013.06.006,Antioxidant activity assessed as DPPH free radical scavenging activity under dark condition after 30 mins,449.5,0.000985539488320351,3.00632596984618,Aromatic amine,C1=CN(c2ccccc2)C=CC1c1ccc2c(c1)OCO2,train
1020,CCOC(=O)C1=C(C)NC(C)=C(C(=O)OCC)C1c1ccc2c(c1)OCO2,DPYDZKLTMBIXPH-UHFFFAOYSA-N,CHEMBL2063951,10.1016/j.ejmech.2013.06.006,Antioxidant activity assessed as DPPH free radical scavenging activity under dark condition after 30 mins,373.4,0.0010042849491162303,2.99814304588534,Other,C1=CC(c2ccc3c(c2)OCO3)C=CN1,train
1021,COC(=O)C1=C(C)N(c2ccc([N+](=O)[O-])cc2)C(C)=C(C(=O)OC)C1c1ccc2c(c1)OCO2,PAHDJUDPECXNHZ-UHFFFAOYSA-N,CHEMBL2413654,10.1016/j.ejmech.2013.06.006,Antioxidant activity assessed as DPPH free radical scavenging activity under dark condition after 30 mins,466.4,0.0027637221269297043,2.55850562439755,Aromatic amine,C1=CN(c2ccccc2)C=CC1c1ccc2c(c1)OCO2,train
1022,COC(=O)C1=C(C)N(c2cccc([N+](=O)[O-])c2)C(C)=C(C(=O)OC)C1c1ccc2c(c1)OCO2,BNQLHFJUQIIXHT-UHFFFAOYSA-N,CHEMBL2413653,10.1016/j.ejmech.2013.06.006,Antioxidant activity assessed as DPPH free radical scavenging activity under dark condition after 30 mins,466.4,0.0011170668953687903,2.95192081845143,Aromatic amine,C1=CN(c2ccccc2)C=CC1c1ccc2c(c1)OCO2,train
1023,COC(=O)C1=C(C)N(c2ccccc2[N+](=O)[O-])C(C)=C(C(=O)OC)C1c1ccc2c(c1)OCO2,GNQVFDYAINLUMU-UHFFFAOYSA-N,CHEMBL2413665,10.1016/j.ejmech.2013.06.006,Antioxidant activity assessed as DPPH free radical scavenging activity under dark condition after 30 mins,466.4,0.005047169811320773,2.29695208324354,Aromatic amine,C1=CN(c2ccccc2)C=CC1c1ccc2c(c1)OCO2,train
1024,COC(=O)C1=C(C)N(c2ccccc2)C(C)=C(C(=O)OC)C1c1ccc2c(c1)OCO2,JQRYUXQSOSQNPZ-UHFFFAOYSA-N,CHEMBL2413664,10.1016/j.ejmech.2013.06.006,Antioxidant activity assessed as DPPH free radical scavenging activity under dark condition after 30 mins,421.4,0.0012861888941623286,2.89069524473369,Aromatic amine,C1=CN(c2ccccc2)C=CC1c1ccc2c(c1)OCO2,train
1025,COc1cc(C=Nc2cc(C)c(O)cc2C(C)C)cc(OC)c1OC,OPIVDVJDDXPWNK-UHFFFAOYSA-N,CHEMBL2316812,10.1016/j.bmcl.2012.12.001,Antioxidant activity assessed as DPPH radical scavenging activity in chloroform solution 30 min (manual check),343.4,6.380393582938866e-05,4.19515253042831,Aromatic amine,C(=Nc1ccccc1)c1ccccc1,train
1026,COc1cc(CC(C)C(C)Cc2ccc(O)c(OC)c2)ccc1O,ADFOLUXMYYCTRR-UHFFFAOYSA-N,CHEMBL430464,10.1021/np4010536,Antioxidant activity assessed as 150 uM DPPH free radical scavenging activity under dark condition after 30 mins by microplate reader analysis,330.4,2.33205488786177e-05,4.63226123212273,Other,c1ccc(CCCCc2ccccc2)cc1,train
1027,COc1cc2ccc3cc(O)ccc3c2c(OC)c1O,VUNWBEIDIFFPMG-UHFFFAOYSA-N,CHEMBL1083093,10.1016/j.ejmech.2013.06.016,Antioxidant activity assessed as DPPH free radical scavenging activity after 30 mins,270.3,4.136145024047367e-05,4.38340424214832,Other,c1ccc2c(c1)ccc1ccccc12,train
1028,COc1cc2c(c(OC)c1O)-c1ccc(O)cc1CC2,SOHTUOALNFQEMJ-UHFFFAOYSA-N,CHEMBL1082453,10.1016/j.ejmech.2013.06.016,Antioxidant activity assessed as DPPH free radical scavenging activity after 30 mins,272.3,3.775247888358406e-05,4.42305452668071,Other,c1ccc2c(c1)CCc1ccccc1-2,test
1029,COc1cc(O)c2c(c1)CCc1c-2ccc(OC)c1O,XCGSVZJXMLVULN-UHFFFAOYSA-N,CHEMBL2418387,10.1016/j.ejmech.2013.06.016,Antioxidant activity assessed as DPPH free radical scavenging activity after 30 mins,272.3,0.00010209327947117104,3.99100284542189,Other,c1ccc2c(c1)CCc1ccccc1-2,train
1030,COc1ccc2c(c1O)CCc1cc(O)cc(OC)c1-2,YSSFIGREEVEYNI-UHFFFAOYSA-N,CHEMBL2418386,10.1016/j.ejmech.2013.06.016,Antioxidant activity assessed as DPPH free radical scavenging activity after 30 mins,272.3,0.00011935365405802423,3.92316428036109,Other,c1ccc2c(c1)CCc1ccccc1-2,train
1031,COc1cccc(COc2ccc3cc(C(=O)C=Cc4ccc5c(c4)OCO5)c(=O)oc3c2)c1,CWOUBUVMRIYQPK-UHFFFAOYSA-N,CHEMBL2425237,10.1016/j.ejmech.2013.07.014,Antioxidant activity assessed as DPPH free radical scavenging activity after 30 mins,456.5,0.00045999999999999557,3.33724216831843,Coumarin,O=C(C=Cc1ccc2c(c1)OCO2)c1cc2ccc(OCc3ccccc3)cc2oc1=O,train
1032,COc1cccc(COc2ccc3cc(C(=O)C=Cc4cc(OC)ccc4OC)c(=O)oc3c2)c1,CAQUTHHPTDLMOZ-UHFFFAOYSA-N,CHEMBL2425236,10.1016/j.ejmech.2013.07.014,Antioxidant activity assessed as DPPH free radical scavenging activity after 30 mins,472.5,0.0007500000000000001,3.1249387366083,Coumarin,O=C(C=Cc1ccccc1)c1cc2ccc(OCc3ccccc3)cc2oc1=O,train
1033,COc1cccc(COc2ccc3cc(C(=O)C=Cc4cccc(OC)c4OC)c(=O)oc3c2)c1,BWPUYURYPPXJRR-UHFFFAOYSA-N,CHEMBL2425235,10.1016/j.ejmech.2013.07.014,Antioxidant activity assessed as DPPH free radical scavenging activity after 30 mins,472.5,0.0007200000000000023,3.14266750356873,Coumarin,O=C(C=Cc1ccccc1)c1cc2ccc(OCc3ccccc3)cc2oc1=O,train
1034,COc1ccc(C=CC(=O)c2cc3ccc(OCc4cccc(OC)c4)cc3oc2=O)cc1,JAQFIHONIUAUBC-UHFFFAOYSA-N,CHEMBL2425234,10.1016/j.ejmech.2013.07.014,Antioxidant activity assessed as DPPH free radical scavenging activity after 30 mins,442.5,0.0009300000000000107,3.03151705144606,Coumarin,O=C(C=Cc1ccccc1)c1cc2ccc(OCc3ccccc3)cc2oc1=O,train
1035,COc1cccc(COc2ccc3cc(C(=O)C=Cc4c(Cl)cccc4Cl)c(=O)oc3c2)c1,QSHUUHZFHLTFEV-UHFFFAOYSA-N,CHEMBL2425233,10.1016/j.ejmech.2013.07.014,Antioxidant activity assessed as DPPH free radical scavenging activity after 30 mins,481.3,0.0009400000000000031,3.0268721464003,Coumarin,O=C(C=Cc1ccccc1)c1cc2ccc(OCc3ccccc3)cc2oc1=O,train
1036,COc1cccc(COc2ccc3cc(C(=O)C=Cc4ccc(Cl)cc4Cl)c(=O)oc3c2)c1,RTNNAKKPFBGKEW-UHFFFAOYSA-N,CHEMBL2425232,10.1016/j.ejmech.2013.07.014,Antioxidant activity assessed as DPPH free radical scavenging activity after 30 mins,481.3,0.0004800000000000029,3.31875876262441,Coumarin,O=C(C=Cc1ccccc1)c1cc2ccc(OCc3ccccc3)cc2oc1=O,train
1037,COc1cccc(COc2ccc3cc(C(=O)C=Cc4ccc(C)cc4)c(=O)oc3c2)c1,MOOBIOBUGNCMBP-UHFFFAOYSA-N,CHEMBL2425231,10.1016/j.ejmech.2013.07.014,Antioxidant activity assessed as DPPH free radical scavenging activity after 30 mins,426.5,0.0026300000000000117,2.58004425151024,Coumarin,O=C(C=Cc1ccccc1)c1cc2ccc(OCc3ccccc3)cc2oc1=O,test
1038,COc1cccc(COc2ccc3cc(C(=O)C=Cc4ccccc4)c(=O)oc3c2)c1,VPBUFYAZTXLSCP-UHFFFAOYSA-N,CHEMBL2425230,10.1016/j.ejmech.2013.07.014,Antioxidant activity assessed as DPPH free radical scavenging activity after 30 mins,412.4,0.0008899999999999945,3.05060999335509,Coumarin,O=C(C=Cc1ccccc1)c1cc2ccc(OCc3ccccc3)cc2oc1=O,train
1039,O=C(C=Cc1ccc2c(c1)OCO2)c1cc2cc(OCc3ccccc3)ccc2oc1=O,WLHJVUCSIPMNPO-UHFFFAOYSA-N,CHEMBL2425229,10.1016/j.ejmech.2013.07.014,Antioxidant activity assessed as DPPH free radical scavenging activity after 30 mins,426.4,0.0005699999999999984,3.24412514432751,Coumarin,O=C(C=Cc1ccc2c(c1)OCO2)c1cc2cc(OCc3ccccc3)ccc2oc1=O,train
1040,COc1cc(C=CC(=O)c2cc3cc(OCc4ccccc4)ccc3oc2=O)cc(OC)c1OC,ZDPQWBNVNLRSIZ-UHFFFAOYSA-N,CHEMBL2425228,10.1016/j.ejmech.2013.07.014,Antioxidant activity assessed as DPPH free radical scavenging activity after 30 mins,472.5,0.0011499999999999956,2.93930215964639,Coumarin,O=C(C=Cc1ccccc1)c1cc2cc(OCc3ccccc3)ccc2oc1=O,train
1041,COc1cccc(C=CC(=O)c2cc3cc(OCc4ccccc4)ccc3oc2=O)c1OC,UILHIPFKOXYHRZ-UHFFFAOYSA-N,CHEMBL2425227,10.1016/j.ejmech.2013.07.014,Antioxidant activity assessed as DPPH free radical scavenging activity after 30 mins,442.5,0.001270000000000009,2.89619627904404,Coumarin,O=C(C=Cc1ccccc1)c1cc2cc(OCc3ccccc3)ccc2oc1=O,train
1042,O=C(C=Cc1ccc2c(c1)OCO2)c1cc2ccc(O)cc2oc1=O,RTDZPBNLVXPHHK-UHFFFAOYSA-N,CHEMBL2425225,10.1016/j.ejmech.2013.07.014,Antioxidant activity assessed as DPPH free radical scavenging activity after 30 mins,336.3,0.0005400000000000017,3.26760624017703,Coumarin,O=C(C=Cc1ccc2c(c1)OCO2)c1cc2ccccc2oc1=O,train
1043,COc1cc(C=CC(=O)c2cc3ccc(O)cc3oc2=O)cc(OC)c1OC,YKVNMIVCSKCNNJ-UHFFFAOYSA-N,CHEMBL2425224,10.1016/j.ejmech.2013.07.014,Antioxidant activity assessed as DPPH free radical scavenging activity after 30 mins,382.4,0.00019000000000000055,3.72124639904717,Coumarin,O=C(C=Cc1ccccc1)c1cc2ccccc2oc1=O,train
1044,COc1cccc(C=CC(=O)c2cc3ccc(O)cc3oc2=O)c1OC,CNUBJIMIGDULCB-UHFFFAOYSA-N,CHEMBL2425223,10.1016/j.ejmech.2013.07.014,Antioxidant activity assessed as DPPH free radical scavenging activity after 30 mins,352.3,0.00014999999999999958,3.82390874094432,Coumarin,O=C(C=Cc1ccccc1)c1cc2ccccc2oc1=O,train
1045,O=C(C=Cc1ccc2c(c1)OCO2)c1cc2cc(O)ccc2oc1=O,MMRNQUPFIRKHSI-UHFFFAOYSA-N,CHEMBL2425221,10.1016/j.ejmech.2013.07.014,Antioxidant activity assessed as DPPH free radical scavenging activity after 30 mins,336.3,0.0004800000000000029,3.31875876262441,Coumarin,O=C(C=Cc1ccc2c(c1)OCO2)c1cc2ccccc2oc1=O,train
1046,COc1cc(C=CC(=O)c2cc3cc(O)ccc3oc2=O)cc(OC)c1OC,KUWUQQLAPHZZES-UHFFFAOYSA-N,CHEMBL2425220,10.1016/j.ejmech.2013.07.014,Antioxidant activity assessed as DPPH free radical scavenging activity after 30 mins,382.4,0.00018000000000000164,3.74472749489669,Coumarin,O=C(C=Cc1ccccc1)c1cc2ccccc2oc1=O,train
1047,COc1cccc(C=CC(=O)c2cc3cc(O)ccc3oc2=O)c1OC,UYUCZLCEVURMLG-UHFFFAOYSA-N,CHEMBL2425219,10.1016/j.ejmech.2013.07.014,Antioxidant activity assessed as DPPH free radical scavenging activity after 30 mins,352.3,0.00016000000000000188,3.79588001734407,Coumarin,O=C(C=Cc1ccccc1)c1cc2ccccc2oc1=O,test
1048,O=C(O)C1OC(Oc2cc3oc(-c4ccc(O)cc4)cc(=O)c3c(O)c2O)C(O)C(O)C1O,DJSISFGPUUYILV-UHFFFAOYSA-N,CHEMBL487805,10.1016/j.bmc.2015.09.047,Antioxidant activity assessed as DPPH radical scavenging by spectrophotometric analysis 30 min (manual check),462.4,2.79300000000003e-05,4.55392906429899,Flavonoid,O=c1cc(-c2ccccc2)oc2cc(OC3CCCCO3)ccc12,train
1049,COc1ccc(C(C)=O)c(O)c1O,VCONERRCKOKCHE-UHFFFAOYSA-N,CHEMBL3093262,10.1016/j.bmcl.2013.10.032,Antioxidant activity assessed as DPPH radical scavenging activity after 30 mins,182.2,9.806000000000003e-05,4.00850811108984,Other,c1ccccc1,train
1050,COc1ccc(O)c(C=Nc2ccccc2)c1,OZUBFLPYRPJKQL-UHFFFAOYSA-N,CHEMBL3098349,10.1016/j.ejmech.2013.10.068,Antioxidant activity assessed as DPPH free radical scavenging activity after 30 mins by spectrophotometric analysis,227.3,0.0007943999999999911,3.09996076451268,Aromatic amine,C(=Nc1ccccc1)c1ccccc1,train
1051,O=C(O)C1OC(Oc2c(-c3ccc(O)c(O)c3)oc3cc(O)cc(O)c3c2=O)C(O)C(O)C1O,DUBCCGAQYVUYEU-UHFFFAOYSA-N,CHEMBL520546,10.1021/np034002j,Antioxidant activity assessed as DPPH radical scavenging activity after 30 mins,478.4,4.0640866132502766e-05,4.39103704500174,Flavonoid,O=c1c(OC2CCCCO2)c(-c2ccccc2)oc2ccccc12,train
1052,COc1ccc(C=Nc2ccccc2O)cc1OC,CPOKOAWVSUHOCZ-UHFFFAOYSA-N,CHEMBL3098345,10.1016/j.ejmech.2013.10.068,Antioxidant activity assessed as DPPH free radical scavenging activity after 30 mins by spectrophotometric analysis,257.3,2.85e-05,4.54515513999149,Aromatic amine,C(=Nc1ccccc1)c1ccccc1,train
1053,CN1CC(O)(c2ccc(-c3ccccc3)cc2)Oc2ccccc21,FBTYCJLUZUHXFF-UHFFFAOYSA-N,CHEMBL1915483,10.1021/jm401842e,Antioxidant activity assessed as DPPH radical scavenging activity after 30 mins,317.4,0.00011899999999999983,3.92445303860747,Aromatic amine,c1ccc(-c2ccc(C3CNc4ccccc4O3)cc2)cc1,train
1054,COc1cc(O)cc(C2Oc3ccc(C=CC(=O)NCCc4ccc(O)cc4)cc3OC2C(=O)NCCc2ccc(O)cc2)c1,ABUYVRIWKJMSGL-UHFFFAOYSA-N,CHEMBL2337121,10.1021/np300655y,Antioxidant activity assessed as DPPH radical scavenging activity after 30 mins,610.7,4.8993468952503826e-05,4.30986180950072,Other,O=C(C=Cc1ccc2c(c1)OC(C(=O)NCCc1ccccc1)C(c1ccccc1)O2)NCCc1ccccc1,train
1055,Oc1ccccc1N=Cc1ccc(F)cc1,IUPUQXNVHRUSEI-UHFFFAOYSA-N,CHEMBL3098343,10.1016/j.ejmech.2013.10.068,Antioxidant activity assessed as DPPH free radical scavenging activity after 30 mins by spectrophotometric analysis,215.2,4.1299999999999886e-05,4.3840499483436,Aromatic amine,C(=Nc1ccccc1)c1ccccc1,train
1056,Oc1ccccc1N=Cc1cccc(F)c1,DTKVTDFIUFYZDW-UHFFFAOYSA-N,CHEMBL3098342,10.1016/j.ejmech.2013.10.068,Antioxidant activity assessed as DPPH free radical scavenging activity after 30 mins by spectrophotometric analysis,215.2,3.680000000000018e-05,4.43415218132648,Aromatic amine,C(=Nc1ccccc1)c1ccccc1,train
1057,Oc1ccccc1N=Cc1ccccc1F,SDHKTTFTBJGDQX-UHFFFAOYSA-N,CHEMBL1797961,10.1016/j.ejmech.2013.10.068,Antioxidant activity assessed as DPPH free radical scavenging activity after 30 mins by spectrophotometric analysis,215.2,4.389999999999986e-05,4.35753547975788,Aromatic amine,C(=Nc1ccccc1)c1ccccc1,train
1058,O=c1c(OC2OC(CO)C(O)C(O)C2O)c(-c2ccc(O)c(O)c2)oc2cc(O)cc(O)c12,OVSQVDMCBVZWGM-UHFFFAOYSA-N,CHEMBL250450,10.1016/j.bmc.2012.11.034,Antioxidant activity assessed as DPPH radical scavenging activity 30 min (manual check),464.4,4.7522369599239164e-05,4.32310191234049,Flavonoid,O=c1c(OC2CCCCO2)c(-c2ccccc2)oc2ccccc12,train
1059,CN(C)c1ccc(C=CC(=O)c2c(O)c3ccccc3oc2=O)cc1,RGEZPZWWPVZCIT-UHFFFAOYSA-N,CHEMBL2234259,10.1007/s00044-010-9326-1,Antioxidant activity assessed as DPPH free radical scavenging activity after 30 min,335.4,2.3900000000000114e-06,5.62160209905186,Coumarin,O=C(C=Cc1ccccc1)c1cc2ccccc2oc1=O,train
1060,O=C(C=Cc1cccc2ccccc12)c1c(O)c2ccccc2oc1=O,FEQMOAFTQOGUTP-UHFFFAOYSA-N,CHEMBL2234258,10.1007/s00044-010-9326-1,Antioxidant activity assessed as DPPH free radical scavenging activity after 30 min,342.4,2.3900000000000114e-06,5.62160209905186,Coumarin,O=C(C=Cc1cccc2ccccc12)c1cc2ccccc2oc1=O,train
1061,COc1cc(C=CC(=O)c2c(O)c3ccccc3oc2=O)cc(OC)c1OC,WQMGJNMMIFZJHL-UHFFFAOYSA-N,CHEMBL2234257,10.1007/s00044-010-9326-1,Antioxidant activity assessed as DPPH free radical scavenging activity after 30 min,382.4,2.2900000000000115e-06,5.64016451766011,Coumarin,O=C(C=Cc1ccccc1)c1cc2ccccc2oc1=O,train
1062,O=C(C=Cc1ccc([N+](=O)[O-])cc1)c1c(O)c2ccccc2oc1=O,RWOYCPJCYPMMAL-UHFFFAOYSA-N,CHEMBL2234256,10.1007/s00044-010-9326-1,Antioxidant activity assessed as DPPH free radical scavenging activity after 30 min,337.3,3.209999999999982e-06,5.49349496759513,Coumarin,O=C(C=Cc1ccccc1)c1cc2ccccc2oc1=O,train
1063,O=C(C=Cc1ccc(Br)cc1)c1c(O)c2ccccc2oc1=O,ZTPOPKVSEWJHLT-UHFFFAOYSA-N,CHEMBL2234267,10.1007/s00044-010-9326-1,Antioxidant activity assessed as DPPH free radical scavenging activity after 30 min,371.2,2.2499999999999874e-06,5.64781748188864,Coumarin,O=C(C=Cc1ccccc1)c1cc2ccccc2oc1=O,train
1064,Cc1ccc(C=CC(=O)c2c(O)c3ccccc3oc2=O)cc1,JINVYSWGVHELTN-UHFFFAOYSA-N,CHEMBL2234266,10.1007/s00044-010-9326-1,Antioxidant activity assessed as DPPH free radical scavenging activity after 30 min,306.3,2.070000000000011e-06,5.68402965454308,Coumarin,O=C(C=Cc1ccccc1)c1cc2ccccc2oc1=O,test
1065,COc1ccc(C=CC(=O)c2c(O)c3ccccc3oc2=O)cc1,YHEBRAOEOLPKGY-UHFFFAOYSA-N,CHEMBL2234265,10.1007/s00044-010-9326-1,Antioxidant activity assessed as DPPH free radical scavenging activity after 30 min,322.3,2.8099999999999994e-06,5.55129368009492,Coumarin,O=C(C=Cc1ccccc1)c1cc2ccccc2oc1=O,test
1066,O=C(C=Cc1ccc(F)cc1)c1c(O)c2ccccc2oc1=O,OGNHVAUIUCDZLL-UHFFFAOYSA-N,CHEMBL2234264,10.1007/s00044-010-9326-1,Antioxidant activity assessed as DPPH free radical scavenging activity after 30 min,310.3,2.2299999999999956e-06,5.65169513695184,Coumarin,O=C(C=Cc1ccccc1)c1cc2ccccc2oc1=O,train
1067,O=C(C=Cc1ccccc1)c1c(O)c2ccccc2oc1=O,NRCQJAMRNSNGRE-UHFFFAOYSA-N,CHEMBL2234263,10.1007/s00044-010-9326-1,Antioxidant activity assessed as DPPH free radical scavenging activity after 30 min,292.3,2.149999999999972e-06,5.6675615400844,Coumarin,O=C(C=Cc1ccccc1)c1cc2ccccc2oc1=O,train
1068,CCCNc1c([N+](=O)[O-])cc2c3c(cccc13)C(=O)N(CCC)C2=O,NZVUSXOKTVZPKG-UHFFFAOYSA-N,CHEMBL2234769,10.1007/s00044-010-9384-4,Antioxidant activity assessed as DPPH radical scavenging activity 30 min (manual check),341.4,0.0002311000000000003,3.63620005452089,Aromatic amine,O=C1NC(=O)c2cccc3cccc1c23,train
1069,CCCCNc1c([N+](=O)[O-])cc2c3c(cccc13)C(=O)N(CCCC)C2=O,UXEHONDHCUDAEG-UHFFFAOYSA-N,CHEMBL2234768,10.1007/s00044-010-9384-4,Antioxidant activity assessed as DPPH radical scavenging activity 30 min (manual check),369.4,0.00021470000000000072,3.66816795556375,Aromatic amine,O=C1NC(=O)c2cccc3cccc1c23,train
1070,O=C1c2cccc3c(NCc4ccccc4)c([N+](=O)[O-])cc(c23)C(=O)N1Cc1ccccc1,PPFOFTVYNPGKFV-UHFFFAOYSA-N,CHEMBL2234767,10.1007/s00044-010-9384-4,Antioxidant activity assessed as DPPH radical scavenging activity 30 min (manual check),437.5,4.3099999999999814e-05,4.36552272983927,Aromatic amine,O=C1c2cccc3c(NCc4ccccc4)ccc(c23)C(=O)N1Cc1ccccc1,train
1071,Cc1ccc(Nc2c([N+](=O)[O-])cc3c4c(cccc24)C(=O)N(c2ccc(C)cc2)C3=O)cc1,OKHGSLDFOKCPTE-UHFFFAOYSA-N,CHEMBL2234766,10.1007/s00044-010-9384-4,Antioxidant activity assessed as DPPH radical scavenging activity 30 min (manual check),437.5,4.219999999999961e-05,4.37468754903833,Aromatic amine,O=C1c2cccc3c(Nc4ccccc4)ccc(c23)C(=O)N1c1ccccc1,train
1072,O=C1c2cccc3c(NCCO)c([N+](=O)[O-])cc(c23)C(=O)N1CCO,DFJSPGATPGHSRS-UHFFFAOYSA-N,CHEMBL2234765,10.1007/s00044-010-9384-4,Antioxidant activity assessed as DPPH radical scavenging activity 30 min (manual check),345.3,0.00023069999999999818,3.63695240547891,Aromatic amine,O=C1NC(=O)c2cccc3cccc1c23,train
1073,O=C1OC(=O)c2cc([N+](=O)[O-])c(Br)c3cccc1c23,BCPUJMYCXASRIS-UHFFFAOYSA-N,CHEMBL2234764,10.1007/s00044-010-9384-4,Antioxidant activity assessed as DPPH radical scavenging activity 30 min (manual check),322.1,5.400000000000018e-05,4.26760624017703,Aromatic amine,O=C1OC(=O)c2cccc3cccc1c23,train
1074,CCCNc1ccc2c3c(cccc13)C(=O)N(CCC)C2=O,OVSZTIHBKIDWNH-UHFFFAOYSA-N,CHEMBL2234763,10.1007/s00044-010-9384-4,Antioxidant activity assessed as DPPH radical scavenging activity 30 min (manual check),296.4,0.0003510999999999989,3.45456917053465,Aromatic amine,O=C1NC(=O)c2cccc3cccc1c23,train
1075,CCCCNc1ccc2c3c(cccc13)C(=O)N(CCCC)C2=O,DXWHZJXKTHGHQF-UHFFFAOYSA-N,CHEMBL1472131,10.1007/s00044-010-9384-4,Antioxidant activity assessed as DPPH radical scavenging activity 30 min (manual check),324.4,0.00032009999999999835,3.49471432585587,Aromatic amine,O=C1NC(=O)c2cccc3cccc1c23,train
1076,O=C1c2cccc3c(NCc4ccccc4)ccc(c23)C(=O)N1Cc1ccccc1,XCYFIEXBXHVVGM-UHFFFAOYSA-N,CHEMBL2234762,10.1007/s00044-010-9384-4,Antioxidant activity assessed as DPPH radical scavenging activity 30 min (manual check),392.5,8.45999999999993e-05,4.07262963696098,Aromatic amine,O=C1c2cccc3c(NCc4ccccc4)ccc(c23)C(=O)N1Cc1ccccc1,train
1077,CCCCNc1ccc2c3c(cccc13)C(=O)N(CC1(C)CCCC3(C)c4ccc(C(C)C)cc4CCC13)C2=O,LJGYFPXQWLATLX-UHFFFAOYSA-N,CHEMBL2234761,10.1007/s00044-010-9384-4,Antioxidant activity assessed as DPPH radical scavenging activity 30 min (manual check),536.8,0.00020589999999999945,3.68634365338197,Terpenoid,O=C1c2cccc3cccc(c23)C(=O)N1CC1CCCC2c3ccccc3CCC12,train
1078,CCCNc1ccc2c3c(cccc13)C(=O)N(CC1(C)CCCC3(C)c4ccc(C(C)C)cc4CCC13)C2=O,CKMCIYMQUMFGMU-UHFFFAOYSA-N,CHEMBL2234760,10.1007/s00044-010-9384-4,Antioxidant activity assessed as DPPH radical scavenging activity 30 min (manual check),522.7,0.00020989999999999984,3.6779875614176,Terpenoid,O=C1c2cccc3cccc(c23)C(=O)N1CC1CCCC2c3ccccc3CCC12,train
1079,CC(C)c1ccc2c(c1)CCC1C(C)(CN3C(=O)c4cccc5c(NCCO)ccc(c45)C3=O)CCCC21C,MYDJXBFQMVQLCB-UHFFFAOYSA-N,CHEMBL2234759,10.1007/s00044-010-9384-4,Antioxidant activity assessed as DPPH radical scavenging activity 30 min (manual check),524.7,0.00022130000000000093,3.65501858607274,Terpenoid,O=C1c2cccc3cccc(c23)C(=O)N1CC1CCCC2c3ccccc3CCC12,train
1080,CC(C)c1ccc2c(c1)CCC1C(C)(CN3C(=O)c4cccc5c(NCc6ccccc6)ccc(c45)C3=O)CCCC21C,ZXUPCAJAHOSTAR-UHFFFAOYSA-N,CHEMBL2234758,10.1007/s00044-010-9384-4,Antioxidant activity assessed as DPPH radical scavenging activity 30 min (manual check),570.8,6.190000000000034e-05,4.20830935097988,Terpenoid,O=C1c2cccc3c(NCc4ccccc4)ccc(c23)C(=O)N1CC1CCCC2c3ccccc3CCC12,train
1081,CC(C)c1ccc2c(c1)CCC1C(C)(CN3C(=O)c4cccc5c(Br)ccc(c45)C3=O)CCCC21C,SWOQTUINJWSXJO-UHFFFAOYSA-N,CHEMBL2234775,10.1007/s00044-010-9384-4,Antioxidant activity assessed as DPPH radical scavenging activity 30 min (manual check),544.5,0.00020810000000000153,3.68172791978837,Terpenoid,O=C1c2cccc3cccc(c23)C(=O)N1CC1CCCC2c3ccccc3CCC12,train
1082,O=C1c2cccc3c(Br)ccc(c23)C(=O)N1Cc1ccccc1,LTXFSFCKLPHRPP-UHFFFAOYSA-N,CHEMBL2234774,10.1007/s00044-010-9384-4,Antioxidant activity assessed as DPPH radical scavenging activity 30 min (manual check),366.2,0.00023779999999999854,3.62378814971733,Aromatic amine,O=C1c2cccc3cccc(c23)C(=O)N1Cc1ccccc1,train
1083,CC(C)c1ccc2c(c1)CCC1C(C)(CN3C(=O)c4cccc5cccc(c45)C3=O)CCCC21C,SCGRICSKWLGZJT-UHFFFAOYSA-N,CHEMBL2234773,10.1007/s00044-010-9384-4,Antioxidant activity assessed as DPPH radical scavenging activity 30 min (manual check),465.6,0.00016559999999999942,3.78093966755114,Terpenoid,O=C1c2cccc3cccc(c23)C(=O)N1CC1CCCC2c3ccccc3CCC12,train
1084,O=C1c2cccc3cccc(c23)C(=O)N1c1ccccc1,HWWBUBSEWUZCOC-UHFFFAOYSA-N,CHEMBL1917487,10.1007/s00044-010-9384-4,Antioxidant activity assessed as DPPH radical scavenging activity 30 min (manual check),273.3,0.00012949999999999987,3.88773023158273,Aromatic amine,O=C1c2cccc3cccc(c23)C(=O)N1c1ccccc1,train
1085,CCCN1C(=O)c2cccc3cccc(c23)C1=O,BLCHPNPGXFDKHO-UHFFFAOYSA-N,CHEMBL2234772,10.1007/s00044-010-9384-4,Antioxidant activity assessed as DPPH radical scavenging activity 30 min (manual check),239.3,0.0001792000000000015,3.74666199467389,Aromatic amine,O=C1NC(=O)c2cccc3cccc1c23,test
1086,CCCCN1C(=O)c2cccc3cccc(c23)C1=O,LIHVVQORSPIPNB-UHFFFAOYSA-N,CHEMBL2234771,10.1007/s00044-010-9384-4,Antioxidant activity assessed as DPPH radical scavenging activity 30 min (manual check),253.3,0.0001825999999999999,3.73849922680172,Aromatic amine,O=C1NC(=O)c2cccc3cccc1c23,train
1087,O=C1c2cccc3cccc(c23)C(=O)N1Cc1ccccc1,OIADVGWFJUXPCK-UHFFFAOYSA-N,CHEMBL1528561,10.1007/s00044-010-9384-4,Antioxidant activity assessed as DPPH radical scavenging activity 30 min (manual check),287.3,0.00014260000000000108,3.84588047448415,Aromatic amine,O=C1c2cccc3cccc(c23)C(=O)N1Cc1ccccc1,test
1088,O=C1c2cccc3cccc(c23)C(=O)N1Nc1ccccc1,QKBKHEXTRJTLCS-UHFFFAOYSA-N,CHEMBL1299497,10.1007/s00044-010-9384-4,Antioxidant activity assessed as DPPH radical scavenging activity 30 min (manual check),288.3,0.00014710000000000002,3.83238732727247,Aromatic amine,O=C1c2cccc3cccc(c23)C(=O)N1Nc1ccccc1,train
1089,O=C1c2cccc3cccc(c23)C(=O)N1CCO,XKPZHSCHHBRGLY-UHFFFAOYSA-N,CHEMBL44709,10.1007/s00044-010-9384-4,Antioxidant activity assessed as DPPH radical scavenging activity 30 min (manual check),241.2,0.0001547999999999986,3.81022904365313,Aromatic amine,O=C1NC(=O)c2cccc3cccc1c23,train
1090,NN1C(=O)c2cccc3cccc(c23)C1=O,HXJBFRDWVHNPAS-UHFFFAOYSA-N,CHEMBL2234770,10.1007/s00044-010-9384-4,Antioxidant activity assessed as DPPH radical scavenging activity 30 min (manual check),212.2,0.00018670000000000074,3.72885568205092,Aromatic amine,O=C1NC(=O)c2cccc3cccc1c23,train
1091,O=C1NC(=O)c2cccc3cccc1c23,XJHABGPPCLHLLV-UHFFFAOYSA-N,CHEMBL339586,10.1007/s00044-010-9384-4,Antioxidant activity assessed as DPPH radical scavenging activity 30 min (manual check),197.2,0.00014940000000000008,3.82564940252062,Aromatic amine,O=C1NC(=O)c2cccc3cccc1c23,train
1092,O=C1OC(=O)c2cccc3cccc1c23,GRSMWKLPSNHDHA-UHFFFAOYSA-N,CHEMBL316059,10.1007/s00044-010-9384-4,Antioxidant activity assessed as DPPH radical scavenging activity 30 min (manual check),198.2,0.001773800000000003,2.75109534943832,Other,O=C1OC(=O)c2cccc3cccc1c23,train
1093,O=Cc1c(O)cc(O)cc1O,BTQAJGSMXCDDAJ-UHFFFAOYSA-N,CHEMBL2403487,10.1007/s00044-010-9461-8,Antioxidant activity assessed as DPPH radical scavenging activity after 30 min,154.1,7.13999999999992e-05,4.14630178822383,Other,c1ccccc1,train
1094,Cc1cccc(-c2nnc(-c3ccccc3N)o2)c1O,PLHGGPVOVHMPPU-UHFFFAOYSA-N,CHEMBL2236020,10.1007/s00044-010-9480-5,Antioxidant activity of the compound assessed as DPPH radical scavenging activity after 30 min,267.3,2.2446689113355963e-05,4.64884770837289,Aromatic amine,c1ccc(-c2nnc(-c3ccccc3)o2)cc1,test
1095,Nc1ccccc1-c1nnc(-c2ccccc2N)o1,WEQLMOBWMDHBIA-UHFFFAOYSA-N,CHEMBL2236019,10.1007/s00044-010-9480-5,Antioxidant activity of the compound assessed as DPPH radical scavenging activity after 30 min,252.3,3.075703527546543e-05,4.51205552925939,Aromatic amine,c1ccc(-c2nnc(-c3ccccc3)o2)cc1,train
1096,Nc1ccc(-c2nnc(-c3ccccc3N)o2)c(O)c1,ABNRKEIDINOCMA-UHFFFAOYSA-N,CHEMBL2236018,10.1007/s00044-010-9480-5,Antioxidant activity of the compound assessed as DPPH radical scavenging activity after 30 min,268.3,7.472978009690611e-05,4.12650629571574,Aromatic amine,c1ccc(-c2nnc(-c3ccccc3)o2)cc1,train
1097,Nc1ccccc1-c1nnc(-c2cccc([N+](=O)[O-])c2)o1,AKQRNVUGKORCMI-UHFFFAOYSA-N,CHEMBL2236017,10.1007/s00044-010-9480-5,Antioxidant activity of the compound assessed as DPPH radical scavenging activity after 30 min,282.3,5.6818986893376506e-05,4.24550651419877,Aromatic amine,c1ccc(-c2nnc(-c3ccccc3)o2)cc1,train
1098,Nc1ccccc1-c1nnc(-c2ccc(Cl)cc2)o1,CZNYJWQJSGRKRA-UHFFFAOYSA-N,CHEMBL2236016,10.1007/s00044-010-9480-5,Antioxidant activity of the compound assessed as DPPH radical scavenging activity after 30 min,271.7,3.0401177769598713e-05,4.51710959109751,Aromatic amine,c1ccc(-c2nnc(-c3ccccc3)o2)cc1,train
1099,O=[N+]([O-])c1cccc(-c2nnc(-c3ccncc3)o2)c1,FPKNGYHDHJFWTA-UHFFFAOYSA-N,CHEMBL2236015,10.1007/s00044-010-9480-5,Antioxidant activity of the compound assessed as DPPH radical scavenging activity after 30 min,268.2,2.6062639821029012e-05,4.5839815977699,Aromatic amine,c1ccc(-c2nnc(-c3ccncc3)o2)cc1,train
1100,O=[N+]([O-])c1ccc(-c2nnc(-c3ccncc3)o2)cc1,DTIRWPFEDAOCPG-UHFFFAOYSA-N,CHEMBL229411,10.1007/s00044-010-9480-5,Antioxidant activity of the compound assessed as DPPH radical scavenging activity after 30 min,268.2,4.649515287099148e-05,4.33259232003704,Aromatic amine,c1ccc(-c2nnc(-c3ccncc3)o2)cc1,test
1101,Nc1ccc(-c2nnc(-c3ccncc3)o2)cc1,VQSLWUCJPFTYEE-UHFFFAOYSA-N,CHEMBL2236014,10.1007/s00044-010-9480-5,Antioxidant activity of the compound assessed as DPPH radical scavenging activity after 30 min,238.3,5.069240453210273e-05,4.29505710806134,Aromatic amine,c1ccc(-c2nnc(-c3ccncc3)o2)cc1,train
1102,Clc1ccc(-c2nnc(-c3ccncc3)o2)cc1,ATDXBFFOZUIQQQ-UHFFFAOYSA-N,CHEMBL2236013,10.1007/s00044-010-9480-5,Antioxidant activity of the compound assessed as DPPH radical scavenging activity after 30 min,257.7,3.496313542879328e-05,4.45638962757184,Other,c1ccc(-c2nnc(-c3ccncc3)o2)cc1,test
1103,CC(=NCC1(CC(=O)O)CCCCC1)c1cccnc1,UHVUZUPBDGBFDI-UHFFFAOYSA-N,CHEMBL2236490,10.1007/s00044-010-9498-8,Antioxidant activity assessed as DPPH free radical scavenging activity after 30 min,274.4,0.0007223032069970802,3.14128045688546,Terpenoid,C(=NCC1CCCCC1)c1cccnc1,train
1104,CC(=NCC1(CC(=O)O)CCCCC1)c1c[nH]c2ccccc12,WLIVJJIIYHAVSF-UHFFFAOYSA-N,CHEMBL2236489,10.1007/s00044-010-9498-8,Antioxidant activity assessed as DPPH free radical scavenging activity after 30 min,312.4,0.000560179257362354,3.25167297651897,Terpenoid,C(=NCC1CCCCC1)c1c[nH]c2ccccc12,train
1105,CC(=NCC1(CC(=O)O)CCCCC1)c1ccccn1,GAAUZBDWBVROSG-UHFFFAOYSA-N,CHEMBL2236487,10.1007/s00044-010-9498-8,Antioxidant activity assessed as DPPH free radical scavenging activity after 30 min,274.4,0.000709912536443144,3.14879515449212,Terpenoid,C(=NCC1CCCCC1)c1ccccn1,train
1106,CCOc1ccc(C(C)=NCC2(CC(=O)O)CCCCC2)cc1,YCQRRRHLJZYNCA-UHFFFAOYSA-N,CHEMBL2236486,10.1007/s00044-010-9498-8,Antioxidant activity assessed as DPPH free radical scavenging activity after 30 min,317.4,0.0001899810964083167,3.72128961027868,Terpenoid,C(=NCC1CCCCC1)c1ccccc1,train
1107,O=C(O)CC1(CN=Cc2ccccn2)CCCCC1,FQVWXFXTJYJVCJ-UHFFFAOYSA-N,CHEMBL2236485,10.1007/s00044-010-9498-8,Antioxidant activity assessed as DPPH free radical scavenging activity after 30 min,260.3,0.0005808682289665741,3.23592237694405,Terpenoid,C(=NCC1CCCCC1)c1ccccn1,train
1108,CCOc1ccc(C=NCC2(CC(=O)O)CCCCC2)cc1,OGPMKOUTEIPXGY-UHFFFAOYSA-N,CHEMBL2236484,10.1007/s00044-010-9498-8,Antioxidant activity assessed as DPPH free radical scavenging activity after 30 min,303.4,0.00019940672379696898,3.70026020179824,Terpenoid,C(=NCC1CCCCC1)c1ccccc1,train
1109,O=C(O)CC1(CN=Cc2ccc(F)cc2)CCCCC1,QVSMIQGRHCXGFU-UHFFFAOYSA-N,CHEMBL2236483,10.1007/s00044-010-9498-8,Antioxidant activity assessed as DPPH free radical scavenging activity after 30 min,277.3,0.0004706094482509938,3.32733935790356,Terpenoid,C(=NCC1CCCCC1)c1ccccc1,train
1110,O=C(O)CC1(CN=Cc2ccccc2Cl)CCCCC1,INMGOJYLIWOVPJ-UHFFFAOYSA-N,CHEMBL2236482,10.1007/s00044-010-9498-8,Antioxidant activity assessed as DPPH free radical scavenging activity after 30 min,293.8,0.000406398910823687,3.39104746466089,Terpenoid,C(=NCC1CCCCC1)c1ccccc1,train
1111,O=C(O)CC1(CN=Cc2c(F)cccc2Cl)CCCCC1,NWZDBWYZTLYYGD-UHFFFAOYSA-N,CHEMBL2236481,10.1007/s00044-010-9498-8,Antioxidant activity assessed as DPPH free radical scavenging activity after 30 min,311.8,0.00033354714560615957,3.47684277155404,Terpenoid,C(=NCC1CCCCC1)c1ccccc1,train
1112,COc1cc(C=NCC2(CC(=O)O)CCCCC2)ccc1O,ZOUGRUZFNQBTCY-UHFFFAOYSA-N,CHEMBL2234038,10.1007/s00044-010-9498-8,Antioxidant activity assessed as DPPH free radical scavenging activity after 30 min,305.4,0.00019515389652914025,3.70962277298017,Terpenoid,C(=NCC1CCCCC1)c1ccccc1,test
1113,O=C(O)CC1(CN=Cc2ccccc2O)CCCCC1,OEBXTENHBIZIDF-UHFFFAOYSA-N,CHEMBL2236480,10.1007/s00044-010-9498-8,Antioxidant activity assessed as DPPH free radical scavenging activity after 30 min,275.3,0.00029240828187432024,3.53401033102546,Terpenoid,C(=NCC1CCCCC1)c1ccccc1,train
1114,COc1ccc(C=NCC2(CC(=O)O)CCCCC2)cc1,APWJDJJWYGSGPH-UHFFFAOYSA-N,CHEMBL2236479,10.1007/s00044-010-9498-8,Antioxidant activity assessed as DPPH free radical scavenging activity after 30 min,289.4,0.00032550103662750616,3.48744762399014,Terpenoid,C(=NCC1CCCCC1)c1ccccc1,train
1115,O=C1C(=Cc2ccc(O)c(O)c2)CCCC1=Cc1ccc(O)c(O)c1,JZODVJPLOFJTJZ-UHFFFAOYSA-N,CHEMBL129148,10.1007/s00044-010-9521-0,Antioxidant activity assessed as DPPH scavenging activity after 30 min by spectrophotometry,338.4,1.327000000000013e-05,4.87712907713556,Other,O=C1C(=Cc2ccccc2)CCCC1=Cc1ccccc1,train
1116,O=C1C(=Cc2cccc(O)c2O)CCC1=Cc1cccc(O)c1O,RZBFLDRLUBQEAL-UHFFFAOYSA-N,CHEMBL2235213,10.1007/s00044-010-9521-0,Antioxidant activity assessed as DPPH scavenging activity after 30 min by spectrophotometry,324.3,2.0709999999999875e-05,4.68381990110655,Other,O=C1C(=Cc2ccccc2)CCC1=Cc1ccccc1,train
1117,O=C1C(=Cc2ccc(O)cc2O)CCC1=Cc1ccc(O)cc1O,UNMLGKVMYUSHGT-UHFFFAOYSA-N,CHEMBL2235212,10.1007/s00044-010-9521-0,Antioxidant activity assessed as DPPH scavenging activity after 30 min by spectrophotometry,324.3,5.064000000000019e-05,4.2955063029907,Other,O=C1C(=Cc2ccccc2)CCC1=Cc1ccccc1,train
1118,O=C1C(=Cc2ccc(O)c(O)c2)CCC1=Cc1ccc(O)c(O)c1,MJDXEGMXLDBXSV-UHFFFAOYSA-N,CHEMBL276080,10.1007/s00044-010-9521-0,Antioxidant activity assessed as DPPH scavenging activity after 30 min by spectrophotometry,324.3,1.4810000000000063e-05,4.82944494147879,Other,O=C1C(=Cc2ccccc2)CCC1=Cc1ccccc1,test
1119,COc1cc(C=C2CCC(=Cc3ccc(O)c(OC)c3)C2=O)ccc1O,NZSRSKNDCCSSGY-UHFFFAOYSA-N,CHEMBL270361,10.1007/s00044-010-9521-0,Antioxidant activity assessed as DPPH scavenging activity after 30 min by spectrophotometry,352.4,7.49599999999997e-05,4.12517042212028,Other,O=C1C(=Cc2ccccc2)CCC1=Cc1ccccc1,train
1120,Oc1ccc(N=Cc2ccco2)cc1,OQKBHMCXTJSDLH-UHFFFAOYSA-N,CHEMBL2236149,10.1007/s00044-011-9648-7,Antioxidant activity assessed as inhibition of DPPH free radical 30 min (manual check),187.2,5.024000000000007e-05,4.29895036927086,Aromatic amine,C(=Nc1ccccc1)c1ccco1,train
1121,Oc1cccc(N=CC=Cc2ccccc2)c1,LAMWJTQGOKUQKO-UHFFFAOYSA-N,CHEMBL2236148,10.1007/s00044-011-9648-7,Antioxidant activity assessed as inhibition of DPPH free radical 30 min (manual check),223.3,0.00014331999999999897,3.84369320050593,Aromatic amine,C(=Cc1ccccc1)C=Nc1ccccc1,train
1122,Oc1ccc(N=CC=Cc2ccccc2)cc1,VGRRMDJXZDBXNE-UHFFFAOYSA-N,CHEMBL2236147,10.1007/s00044-011-9648-7,Antioxidant activity assessed as inhibition of DPPH free radical 30 min (manual check),223.3,0.0003986200000000017,3.39944091518963,Aromatic amine,C(=Cc1ccccc1)C=Nc1ccccc1,train
1123,CN(C)c1ccc(C=Nc2ccc(O)cc2)cc1,CRCUEIAXNOGFFZ-UHFFFAOYSA-N,CHEMBL2236146,10.1007/s00044-011-9648-7,Antioxidant activity assessed as inhibition of DPPH free radical 30 min (manual check),240.3,2.077000000000004e-05,4.6825635034649,Aromatic amine,C(=Nc1ccccc1)c1ccccc1,train
1124,COc1cc(C=CC(=O)CC(=O)C=Cc2ccc(O)c(OC)c2)ccc1O,VFLDPWHFBUODDF-UHFFFAOYSA-N,CHEMBL140,10.1039/C6MD00053C,Antioxidant activity assessed as DPPH radical scavenging activity incubated in dark for 30 mins by spectrophotometry,368.4,3.238054971738426e-05,4.48971578259932,Other,O=C(C=Cc1ccccc1)CC(=O)C=Cc1ccccc1,test
1125,COc1cc(C=CC(=O)C=C(O)C=Cc2ccc(O)c(OC)c2)ccc1O,ZIUSSTSXXLLKKK-UHFFFAOYSA-N,CHEMBL116438,10.1016/j.bmcl.2015.05.056,Antioxidant activity assessed as DPPH radical scavenging activity incubated for 30 mins under dark conditions,368.4,4.3126842283039505e-05,4.36525233942548,Other,O=C(C=CC=Cc1ccccc1)C=Cc1ccccc1,train
1126,Oc1cccc(N=Cc2ccccc2)c1,VWIIIECKPYMZIP-UHFFFAOYSA-N,CHEMBL2236144,10.1007/s00044-011-9648-7,Antioxidant activity assessed as inhibition of DPPH free radical 30 min (manual check),197.2,0.00046645999999999455,3.33118559205487,Aromatic amine,C(=Nc1ccccc1)c1ccccc1,train
1127,COc1ccc(-n2c(-c3ccccc3)nc(C)c2C)cc1,MGZNYRSXWDLBKC-UHFFFAOYSA-N,CHEMBL2234937,10.1007/s00044-011-9702-5,Antioxidant activity assessed as DPPH scavenging activity after 30 min by spectrophotometry,278.4,1.3074712643678119e-05,4.88356784728947,Other,c1ccc(-c2nccn2-c2ccccc2)cc1,train
1128,COc1ccc(-n2c(-c3ccc(F)cc3)nc(C)c2C)cc1,OUNSHLSKSWVAFX-UHFFFAOYSA-N,CHEMBL2234638,10.1007/s00044-011-9702-5,Antioxidant activity assessed as DPPH scavenging activity after 30 min by spectrophotometry,296.3,1.1677354033074714e-05,4.93265555268727,Other,c1ccc(-c2nccn2-c2ccccc2)cc1,train
1129,COc1cc(OC)cc(-n2c(-c3ccccc3)nc(C)c2C)c1,XHRNODKTAYNOKM-UHFFFAOYSA-N,CHEMBL2234639,10.1007/s00044-011-9702-5,Antioxidant activity assessed as DPPH scavenging activity after 30 min by spectrophotometry,308.4,1.2321660181582337e-05,4.90933077276211,Other,c1ccc(-c2nccn2-c2ccccc2)cc1,train
1130,COc1cc(OC)cc(-n2c(-c3ccc(F)cc3)nc(C)c2C)c1,WXDUKAQCYIWWCD-UHFFFAOYSA-N,CHEMBL2234936,10.1007/s00044-011-9702-5,Antioxidant activity assessed as DPPH scavenging activity after 30 min by spectrophotometry,326.4,1.2193627450980267e-05,4.91386707800814,Other,c1ccc(-c2nccn2-c2ccccc2)cc1,train
1131,COc1cc(O)c(CC=C(C)C)c(O)c1C(=O)C=Cc1ccc(O)cc1,ORXQGKIUCDPEAJ-UHFFFAOYSA-N,CHEMBL253896,10.1016/j.bmc.2013.01.026,Antioxidant activity assessed as concentration required for 50 % inhibition of micoM DPPH activity after 30 mins by UV-vis spectrophotometry,354.4,1.979999999999995e-06,5.70333480973847,Other,O=C(C=Cc1ccccc1)c1ccccc1,train
1132,COc1cc(C=Nc2cc(C(C)(C)C)c(O)cc2C)cc(OC)c1OC,NEGWQLDQAWHIIT-UHFFFAOYSA-N,CHEMBL2316862,10.1016/j.bmcl.2012.12.001,Antioxidant activity assessed as DPPH radical scavenging activity in chloroform solution 30 min (manual check),357.5,5.2293031115363835e-05,4.28155618397788,Aromatic amine,C(=Nc1ccccc1)c1ccccc1,train
1133,CCOC(=O)C=Cc1ccc(O)c(OC)c1,ATJVZXXHKSYELS-UHFFFAOYSA-N,CHEMBL286796,10.1007/s00044-011-9713-2,Antioxidant activity assessed as DPPH scavenging activity after 30 min by UV-vis spectroscopy,222.2,0.0001500200000000002,3.82385083887345,Phenolic acid,c1ccccc1,train
1134,CC1=CCCC2C1(C)CCC(C)C2(C)Cc1cc(O)ccc1O,JSPUCPNQXKTYRO-UHFFFAOYSA-N,CHEMBL459814,10.1021/np049873n,Antioxidant activity assessed as DPPH free radical scavenging activity after 30 mins by TLC autographic assay,314.5,1.8000000000000163e-05,4.74472749489669,Terpenoid,C1=CC2CCCC(Cc3ccccc3)C2CC1,train
1135,CCOC(=O)C(Cc1ccccc1)NC(=O)C=Cc1ccc(O)c(OC)c1,KEYKFARNURQLOX-UHFFFAOYSA-N,CHEMBL2234987,10.1007/s00044-011-9713-2,Antioxidant activity assessed as DPPH scavenging activity after 30 min by UV-vis spectroscopy,369.4,5.2349999999999877e-05,4.28108331398514,Other,O=C(C=Cc1ccccc1)NCCc1ccccc1,train
1136,CCOC(=O)CNC(=O)C=Cc1ccc(O)c(OC)c1,HZHDIEUXNNJOKM-UHFFFAOYSA-N,CHEMBL2234984,10.1007/s00044-011-9713-2,Antioxidant activity assessed as DPPH scavenging activity after 30 min by UV-vis spectroscopy,279.3,6.457999999999962e-05,4.18990195931886,Other,c1ccccc1,test
1137,O=C(OC1Cc2c(O)cc(O)cc2OC1c1cc(O)c(O)c(O)c1)c1cc(O)c(O)c(O)c1,WMBWREPUVVBILR-UHFFFAOYSA-N,CHEMBL297453,10.1021/np020048l,Antioxidant activity assessed as DPPH free radical scavenging activity after 30 mins,458.4,6.991954988053982e-06,5.15540137621214,Phenolic acid,O=C(OC1Cc2ccccc2OC1c1ccccc1)c1ccccc1,train
1138,COc1cc(C2c3c(cc(OC)c(O)c3OC)CC(CO)C2COC2OC(CO)C(O)C(O)C2O)cc(OC)c1O,PQQRNPDHSJDAGV-UHFFFAOYSA-N,CHEMBL2332109,10.1007/s00044-009-9190-z,Antioxidant activity assessed as inhibition of DPPH radical formation measured at 30 min relative to trolox,582.6,0.00043099897013387876,3.36552376757873,Other,c1ccc(C2c3ccccc3CCC2COC2CCCCO2)cc1,train
1139,COc1cc(C2OCC3C(c4ccc(O)c(OC)c4)OCC23)ccc1O,HGXBRUKMWQGOIE-UHFFFAOYSA-N,CHEMBL267963,10.1007/s00044-009-9217-5,Antioxidant activity assessed as DPPH radical scavenging activity after 30 min,358.4,2.4162946428571503e-05,4.61685010897274,Other,c1ccc(C2OCC3C(c4ccccc4)OCC23)cc1,train
1140,COc1cc(C2OCC3C(c4ccc(OC)c(OC)c4)OCC23)ccc1O,CPJKKWDCUOOTEW-UHFFFAOYSA-N,CHEMBL2260010,10.1007/s00044-009-9217-5,Antioxidant activity assessed as DPPH radical scavenging activity after 30 min,372.4,4.164876476906551e-05,4.3803978744957,Other,c1ccc(C2OCC3C(c4ccccc4)OCC23)cc1,train
1141,O=C(C=Cc1ccc(O)c(O)c1)OC1CC(O)(C(=O)O)CC(OC(=O)C=Cc2ccc(O)c(O)c2)C1O,KRZBCHWVBQOTNZ-UHFFFAOYSA-N,CHEMBL249447,10.1021/np050447r,Antioxidant activity assessed as DPPH free radical scavenging activity relative to control 30 min (manual check),516.5,1.8742665554842586e-05,4.72716864432141,Phenolic acid,O=C(C=Cc1ccccc1)OC1CCCC(OC(=O)C=Cc2ccccc2)C1,train
1142,COc1c(O)cc(C2Oc3cc(O)cc(O)c3CC2O)cc1O,ITDYPNOEEHONAH-UHFFFAOYSA-N,CHEMBL1651274,10.1007/s00044-009-9265-x,Antioxidant activity assessed as inhibition of DPPH radical production after 30 min by spectrophotometric analysis,320.3,8.023727755229419e-06,5.09562381533253,Other,c1ccc(C2CCc3ccccc3O2)cc1,train
1143,CC1OC(OC2C(O)C(OCCc3ccc(O)c(O)c3)OC(CO)C2OC(=O)C=Cc2ccc(O)c(O)c2)C(O)C(O)C1O,FBSKJMQYURKNSU-UHFFFAOYSA-N,CHEMBL444478,10.1016/j.bmc.2009.07.065,Antioxidant activity assessed as DPPH radical scavenging activity after 30 mins by spectrophotometry,624.6,2.4642045882015637e-05,4.6083232381316,Phenolic acid,O=C(C=Cc1ccccc1)OC1COC(OCCc2ccccc2)CC1OC1CCCCO1,train
1144,C=CCOc1ccc(-c2cc(=O)c3cccc(CC=C)c3o2)cc1OC,CCBFEMJZQPXSEY-UHFFFAOYSA-N,CHEMBL2261254,10.1007/s00044-010-9474-3,Antioxidant activity assessed as DPPH free radical scavenging activity after 30 min by UV-VIS spectrophotometer analysis,348.4,0.0002700000000000017,3.56863623584101,Flavonoid,O=c1cc(-c2ccccc2)oc2ccccc12,train
1145,C=CCOc1c(OC)cccc1-c1cc(=O)c2cccc(CC=C)c2o1,PNCOLESFFLNBFJ-UHFFFAOYSA-N,CHEMBL2261253,10.1007/s00044-010-9474-3,Antioxidant activity assessed as DPPH free radical scavenging activity after 30 min by UV-VIS spectrophotometer analysis,348.4,0.00032000000000000285,3.49485002168009,Flavonoid,O=c1cc(-c2ccccc2)oc2ccccc12,train
1146,C=CCOc1ccc(C=CC(=O)c2cccc(CC=C)c2O)cc1OC,XVTNZBDQESNSOR-UHFFFAOYSA-N,CHEMBL2261252,10.1007/s00044-010-9474-3,Antioxidant activity assessed as DPPH free radical scavenging activity after 30 min by UV-VIS spectrophotometer analysis,350.4,8.49999999999995e-05,4.07058107428571,Other,O=C(C=Cc1ccccc1)c1ccccc1,train
1147,C=CCOc1c(C=CC(=O)c2cccc(CC=C)c2O)cccc1OC,WPQYVVMJTVYDGT-UHFFFAOYSA-N,CHEMBL2261251,10.1007/s00044-010-9474-3,Antioxidant activity assessed as DPPH free radical scavenging activity after 30 min by UV-VIS spectrophotometer analysis,350.4,0.0001630000000000008,3.78781239559604,Other,O=C(C=Cc1ccccc1)c1ccccc1,train
1148,O=C(Oc1ccc2ccccc2c1)c1cc(-c2cc3ccccc3o2)nc2ccccc12,RWITXSXWYTWTEE-UHFFFAOYSA-N,CHEMBL2281880,10.1007/s00044-012-0117-8,Antioxidant activity assessed as DPPH radical scavenging activity at 1 mg/ml after 30 min by spectrophotometric analysis,415.4,3.755416466056801e-05,4.42534189384462,Other,O=C(Oc1ccc2ccccc2c1)c1cc(-c2cc3ccccc3o2)nc2ccccc12,train
1149,O=C(Oc1cccc2ccccc12)c1cc(-c2cc3ccccc3o2)nc2ccccc12,WQEWWCBFKJEEDX-UHFFFAOYSA-N,CHEMBL2281879,10.1007/s00044-012-0117-8,Antioxidant activity assessed as DPPH radical scavenging activity at 1 mg/ml after 30 min by spectrophotometric analysis,415.4,0.00010977371208473643,3.95950164953465,Other,O=C(Oc1cccc2ccccc12)c1cc(-c2cc3ccccc3o2)nc2ccccc12,train
1150,O=C(Oc1c(Cl)cc(Cl)cc1Cl)c1cc(-c2cc3ccccc3o2)nc2ccccc12,SYZSNENMNRSUAE-UHFFFAOYSA-N,CHEMBL2281890,10.1007/s00044-012-0117-8,Antioxidant activity assessed as DPPH radical scavenging activity at 1 mg/ml after 30 min by spectrophotometric analysis,468.7,5.1930872626413964e-05,4.28457437962616,Other,O=C(Oc1ccccc1)c1cc(-c2cc3ccccc3o2)nc2ccccc12,train
1151,Cc1ccc(OC(=O)c2cc(-c3cc4ccccc4o3)nc3ccccc23)cc1,AICCAURHEHPMEB-UHFFFAOYSA-N,CHEMBL2281886,10.1007/s00044-012-0117-8,Antioxidant activity assessed as DPPH radical scavenging activity at 1 mg/ml after 30 min by spectrophotometric analysis,379.4,0.000130469161834474,3.88449212761908,Other,O=C(Oc1ccccc1)c1cc(-c2cc3ccccc3o2)nc2ccccc12,train
1152,Cc1cc2c(c(=O)o1)C(c1c[nH]c3ccc(Br)cc13)C(C#N)=C(N)O2,OFSQYVOSFLPGHG-UHFFFAOYSA-N,CHEMBL2282436,10.1007/s00044-013-0586-4,Antioxidant activity assessed as inhibition of DPPH radical after 30 mins by spectrophotometric analysis,398.2,0.00044022000000000256,3.35633023054158,Other,O=c1occc2c1C(c1c[nH]c3ccccc13)C=CO2,train
1153,Cc1cc2c(c(=O)o1)C(c1c[nH]c3ccc(C#N)cc13)C(C#N)=C(N)O2,HFYVLDPRGJVMPU-UHFFFAOYSA-N,CHEMBL2282435,10.1007/s00044-013-0586-4,Antioxidant activity assessed as inhibition of DPPH radical after 30 mins by spectrophotometric analysis,344.3,0.0005665299999999964,3.24677708758437,Other,O=c1occc2c1C(c1c[nH]c3ccccc13)C=CO2,test
1154,Cc1cc2c(c(=O)o1)C(c1c[nH]c3ccccc13)C(C#N)=C(N)O2,VACWGCCXATVQAJ-UHFFFAOYSA-N,CHEMBL2282434,10.1007/s00044-013-0586-4,Antioxidant activity assessed as inhibition of DPPH radical after 30 mins by spectrophotometric analysis,319.3,0.00033895999999999764,3.46985154900707,Other,O=c1occc2c1C(c1c[nH]c3ccccc13)C=CO2,train
1155,Cc1cc2c(c(=O)o1)C(c1ccc(Cl)s1)C(C#N)=C(N)O2,LIEITAIFBIIEEV-UHFFFAOYSA-N,CHEMBL2282433,10.1007/s00044-013-0586-4,Antioxidant activity assessed as inhibition of DPPH radical after 30 mins by spectrophotometric analysis,320.8,0.0006161999999999973,3.21027830601908,Other,O=c1occc2c1C(c1cccs1)C=CO2,train
1156,Cc1cc2c(c(=O)o1)C(c1ccc(C)s1)C(C#N)=C(N)O2,HWWLJKDYASWXLO-UHFFFAOYSA-N,CHEMBL2282432,10.1007/s00044-013-0586-4,Antioxidant activity assessed as inhibition of DPPH radical after 30 mins by spectrophotometric analysis,300.3,0.0009430599999999927,3.02546067540693,Other,O=c1occc2c1C(c1cccs1)C=CO2,train
1157,Cc1cc2c(c(=O)o1)C(c1cccs1)C(C#N)=C(N)O2,PJDTZFALUHHEAN-UHFFFAOYSA-N,CHEMBL1449809,10.1007/s00044-013-0586-4,Antioxidant activity assessed as inhibition of DPPH radical after 30 mins by spectrophotometric analysis,286.3,0.0007394400000000056,3.13109705997145,Other,O=c1occc2c1C(c1cccs1)C=CO2,train
1158,Cc1cc2c(c(=O)o1)C(c1ccco1)C(C#N)=C(N)O2,OJKXNTQVANCZFL-UHFFFAOYSA-N,CHEMBL2282431,10.1007/s00044-013-0586-4,Antioxidant activity assessed as inhibition of DPPH radical after 30 mins by spectrophotometric analysis,270.2,0.0002275599999999979,3.64290407490427,Other,O=c1occc2c1C(c1ccco1)C=CO2,train
1159,Cc1cc2c(c(=O)o1)C(c1ccc(Br)cc1)C(C#N)=C(N)O2,UJUKDTPFNKNATE-UHFFFAOYSA-N,CHEMBL2282430,10.1007/s00044-013-0586-4,Antioxidant activity assessed as inhibition of DPPH radical after 30 mins by spectrophotometric analysis,359.2,0.0005121700000000008,3.29058586361852,Other,O=c1occc2c1C(c1ccccc1)C=CO2,train
1160,Cc1cc2c(c(=O)o1)C(c1ccc(Cl)cc1)C(C#N)=C(N)O2,WAEHAKFKBYBLNN-UHFFFAOYSA-N,CHEMBL2282429,10.1007/s00044-013-0586-4,Antioxidant activity assessed as inhibition of DPPH radical after 30 mins by spectrophotometric analysis,314.7,0.0004868199999999976,3.31263158797851,Other,O=c1occc2c1C(c1ccccc1)C=CO2,train
1161,Cc1cc2c(c(=O)o1)C(c1ccc([N+](=O)[O-])cc1)C(C#N)=C(N)O2,SDXLGWQGANTHJH-UHFFFAOYSA-N,CHEMBL2282428,10.1007/s00044-013-0586-4,Antioxidant activity assessed as inhibition of DPPH radical after 30 mins by spectrophotometric analysis,325.3,0.0008157100000000014,3.08846421353175,Aromatic amine,O=c1occc2c1C(c1ccccc1)C=CO2,train
1162,COc1ccc(C2C(C#N)=C(N)Oc3cc(C)oc(=O)c32)cc1,AMRKTUNAOZHNMU-UHFFFAOYSA-N,CHEMBL2282427,10.1007/s00044-013-0586-4,Antioxidant activity assessed as inhibition of DPPH radical after 30 mins by spectrophotometric analysis,310.3,0.0005196699999999973,3.28427235381505,Other,O=c1occc2c1C(c1ccccc1)C=CO2,train
1163,Cc1ccc(C2C(C#N)=C(N)Oc3cc(C)oc(=O)c32)cc1,AIVRDDXFJPHMMT-UHFFFAOYSA-N,CHEMBL2282426,10.1007/s00044-013-0586-4,Antioxidant activity assessed as inhibition of DPPH radical after 30 mins by spectrophotometric analysis,294.3,0.0006340600000000071,3.1978696436388,Other,O=c1occc2c1C(c1ccccc1)C=CO2,train
1164,Cc1cc2c(c(=O)o1)C(c1ccccc1)C(C#N)=C(N)O2,YUBIPEJSAWGMBV-UHFFFAOYSA-N,CHEMBL2282437,10.1007/s00044-013-0586-4,Antioxidant activity assessed as inhibition of DPPH radical after 30 mins by spectrophotometric analysis,280.3,0.0007693499999999919,3.11387604187857,Other,O=c1occc2c1C(c1ccccc1)C=CO2,train
1165,OCC1OC(OCCc2cc(O)c(O)c(O)c2)C(O)C(O)C1O,DFYCVRNHYXPTFD-UHFFFAOYSA-N,CHEMBL2281640,10.1007/s00044-012-0247-z,Antioxidant activity assessed as decrease in initial DPPH concentration after 30 min by MicroELISA reader analysis,332.3,3.6933622892967925e-05,4.4325780894448,Other,c1ccc(CCOC2CCCCO2)cc1,train
1166,CCOc1cc(CCOC2OC(CO)C(O)C(O)C2O)ccc1O,UNGXORAREYCPEW-UHFFFAOYSA-N,CHEMBL2281638,10.1007/s00044-012-0247-z,Antioxidant activity assessed as decrease in initial DPPH concentration after 30 min by MicroELISA reader analysis,344.4,7.643543026633525e-05,4.11670528537211,Other,c1ccc(CCOC2CCCCO2)cc1,train
1167,COc1cc(CCOC2OC(CO)C(O)C(O)C2O)cc(OC)c1O,YLUWATMQOJRAQZ-UHFFFAOYSA-N,CHEMBL2281636,10.1007/s00044-012-0247-z,Antioxidant activity assessed as decrease in initial DPPH concentration after 30 min by MicroELISA reader analysis,360.4,6.575812497326741e-05,4.18205057876139,Other,c1ccc(CCOC2CCCCO2)cc1,train
1168,COc1cc(CCOC2OC(CO)C(O)C(O)C2O)ccc1O,CGDVBCBYNROVPI-UHFFFAOYSA-N,CHEMBL2281634,10.1007/s00044-012-0247-z,Antioxidant activity assessed as decrease in initial DPPH concentration after 30 min by MicroELISA reader analysis,330.3,4.9387026636557455e-05,4.3063871199046,Other,c1ccc(CCOC2CCCCO2)cc1,train
1169,CC1(c2cc(O)ccc2O)NNC(=O)CO1,ONKVRPAZDUKKKI-UHFFFAOYSA-N,CHEMBL2295867,10.1007/s00044-012-0313-6,Antioxidant activity assessed as DPPH radical scavenging activity after 30 min by spectrophotometric analysis,224.2,5.776092774308706e-05,4.23836583984168,Other,O=C1COC(c2ccccc2)NN1,train
1170,CC1(c2ccc(O)cc2O)NNC(=O)CO1,BNIWLPDYPCAKBM-UHFFFAOYSA-N,CHEMBL2298302,10.1007/s00044-012-0313-6,Antioxidant activity assessed as DPPH radical scavenging activity after 30 min by spectrophotometric analysis,224.2,2.8010704727921382e-05,4.55267596452176,Other,O=C1COC(c2ccccc2)NN1,train
1171,CC1(c2ccc(O)cc2)NNC(=O)CO1,GKJYQBFMKOVBMW-UHFFFAOYSA-N,CHEMBL2298301,10.1007/s00044-012-0313-6,Antioxidant activity assessed as DPPH radical scavenging activity after 30 min by spectrophotometric analysis,208.2,3.85206532180599e-05,4.41430635689035,Other,O=C1COC(c2ccccc2)NN1,train
1172,CC1(c2cccc(O)c2)NNC(=O)CO1,TUITUIWAVUZKLG-UHFFFAOYSA-N,CHEMBL2298300,10.1007/s00044-012-0313-6,Antioxidant activity assessed as DPPH radical scavenging activity after 30 min by spectrophotometric analysis,208.2,2.8770413064360928e-05,4.54105390278521,Other,O=C1COC(c2ccccc2)NN1,train
1173,CC1(c2ccccc2)NNC(=O)CO1,RGYSKVDHQNRVIX-UHFFFAOYSA-N,CHEMBL2298299,10.1007/s00044-012-0313-6,Antioxidant activity assessed as DPPH radical scavenging activity after 30 min by spectrophotometric analysis,192.2,4.292403746097827e-05,4.3672994347826,Other,O=C1COC(c2ccccc2)NN1,train
1174,COc1ccc(C=CC(=O)c2ccc(O)cc2O)cc1OC,ZMMIEHPFMMRMMN-UHFFFAOYSA-N,CHEMBL573524,10.1007/s00044-012-0413-3,Antioxidant activity assessed as DPPH free radical scavenging activity after 30 min by spectrophotometeric analysis,300.3,0.00011721611721611718,3.93101266872085,Other,O=C(C=Cc1ccccc1)c1ccccc1,train
1175,COc1ccc(C=C2Oc3cc(O)ccc3C2=O)cc1OC,YUCCNWHJQXNUQE-UHFFFAOYSA-N,CHEMBL1807487,10.1007/s00044-012-0413-3,Antioxidant activity assessed as DPPH free radical scavenging activity after 30 min by spectrophotometeric analysis,298.3,0.0005809252430439109,3.23587975164137,Other,O=C1C(=Cc2ccccc2)Oc2ccccc21,train
1176,CN(C)c1ccc(C=C2Oc3ccc(O)cc3C2=O)cc1,SBNXETXBHCRBHZ-UHFFFAOYSA-N,CHEMBL1630356,10.1007/s00044-012-0413-3,Antioxidant activity assessed as DPPH free radical scavenging activity after 30 min by spectrophotometeric analysis,281.3,0.0008638464273018104,3.06356345856689,Aromatic amine,O=C1C(=Cc2ccccc2)Oc2ccccc21,test
1177,CN(C)c1ccc(C=CC(=O)c2cc(O)ccc2O)cc1,MHVFCVMAJIDJMY-UHFFFAOYSA-N,CHEMBL2296457,10.1007/s00044-012-0413-3,Antioxidant activity assessed as DPPH free radical scavenging activity after 30 min by spectrophotometeric analysis,283.3,8.584539357571469e-05,4.06628300391974,Aromatic amine,O=C(C=Cc1ccccc1)c1ccccc1,train
1178,COc1ccc(C=C2Oc3ccc(O)cc3C2=O)cc1OC,XSZZOLIEPGNURI-UHFFFAOYSA-N,CHEMBL2296456,10.1007/s00044-012-0413-3,Antioxidant activity assessed as DPPH free radical scavenging activity after 30 min by spectrophotometeric analysis,298.3,0.0007448541736506945,3.12792874440324,Other,O=C1C(=Cc2ccccc2)Oc2ccccc21,train
1179,O=C(C=Cc1ccc(Cl)cc1)c1ccc(O)cc1O,AQASVHPTJNWRJB-UHFFFAOYSA-N,CHEMBL139679,10.1007/s00044-012-0413-3,Antioxidant activity assessed as DPPH free radical scavenging activity after 30 min by spectrophotometeric analysis,274.7,0.000964506734619593,3.01569473557021,Other,O=C(C=Cc1ccccc1)c1ccccc1,train
1180,O=C1C(=Cc2ccc(Cl)cc2)Oc2cc(O)ccc21,BDTDMWIIDULIHT-UHFFFAOYSA-N,CHEMBL1172317,10.1007/s00044-012-0413-3,Antioxidant activity assessed as DPPH free radical scavenging activity after 30 min by spectrophotometeric analysis,272.7,0.000975870920425372,3.01060762316762,Other,O=C1C(=Cc2ccccc2)Oc2ccccc21,train
1181,CN(C)c1ccc(C=C2Oc3cc(O)ccc3C2=O)cc1,XWVDODMZYGXNEU-UHFFFAOYSA-N,CHEMBL1946828,10.1007/s00044-012-0413-3,Antioxidant activity assessed as DPPH free radical scavenging activity after 30 min by spectrophotometeric analysis,281.3,0.00039075719872022353,3.40809301244973,Aromatic amine,O=C1C(=Cc2ccccc2)Oc2ccccc21,test
1182,CN(C)c1ccc(C=CC(=O)c2ccc(O)cc2O)cc1,NEWRHJWDQQDMSN-UHFFFAOYSA-N,CHEMBL2263059,10.1007/s00044-012-0413-3,Antioxidant activity assessed as DPPH free radical scavenging activity after 30 min by spectrophotometeric analysis,283.3,0.0002322626191316634,3.63402068090648,Aromatic amine,O=C(C=Cc1ccccc1)c1ccccc1,train
1183,COc1ccc(C=CC(=O)c2cc(O)ccc2O)cc1OC,UNMDCZJXCNHMMA-UHFFFAOYSA-N,CHEMBL2296455,10.1007/s00044-012-0413-3,Antioxidant activity assessed as DPPH free radical scavenging activity after 30 min by spectrophotometeric analysis,300.3,0.00044029304029303553,3.35625817937404,Other,O=C(C=Cc1ccccc1)c1ccccc1,train
1184,COc1cc(NC(C)CCCNc2ccnc3cc(Cl)ccc23)c2ncccc2c1,XGGLHZNSHPBQNK-UHFFFAOYSA-N,CHEMBL3219153,10.1039/C3MD00019B,Antioxidant activity assessed as DPPH free radical scavenging activity after 30 mins by spectrophotometry,420.9,2.2999999999999868e-05,4.63827216398241,Aromatic amine,c1cnc2c(NCCCCNc3ccnc4ccccc34)cccc2c1,train
1185,O=C(NCC(=O)N(C(=O)NC1CCCCC1)C1CCCCC1)C(=Cc1ccccc1)NC(=O)c1ccccc1,ULAMKCCWLHFCQY-UHFFFAOYSA-N,CHEMBL3237192,10.1016/j.ejmech.2014.03.037,Antioxidant activity assessed as DPPH radical scavenging activity after 20 to 30 mins,530.7,4.974999999999955e-05,4.30320691491826,Aromatic amine,O=C(NCC(=O)N(C(=O)NC1CCCCC1)C1CCCCC1)C(=Cc1ccccc1)NC(=O)c1ccccc1,train
1186,Cc1ccc(C=C(NC(=O)c2ccccc2)C(=O)NCC(=O)N(C(=O)NC2CCCCC2)C2CCCCC2)cc1,GWLNUVWNDLZGBP-UHFFFAOYSA-N,CHEMBL3237193,10.1016/j.ejmech.2014.03.037,Antioxidant activity assessed as DPPH radical scavenging activity after 20 to 30 mins,544.7,7.19100000000006e-05,4.14321071124668,Aromatic amine,O=C(NCC(=O)N(C(=O)NC1CCCCC1)C1CCCCC1)C(=Cc1ccccc1)NC(=O)c1ccccc1,train
1187,O=C(NCC(=O)N(C(=O)NC1CCCCC1)C1CCCCC1)C(=Cc1ccc(O)cc1)NC(=O)c1ccccc1,CIAVCRPACGDZHJ-UHFFFAOYSA-N,CHEMBL3237194,10.1016/j.ejmech.2014.03.037,Antioxidant activity assessed as DPPH radical scavenging activity after 20 to 30 mins,546.7,5.095000000000052e-05,4.29285581165755,Aromatic amine,O=C(NCC(=O)N(C(=O)NC1CCCCC1)C1CCCCC1)C(=Cc1ccccc1)NC(=O)c1ccccc1,train
1188,COc1ccc(C=C(NC(=O)c2ccccc2)C(=O)NCC(=O)N(C(=O)NC2CCCCC2)C2CCCCC2)cc1,WGUYUYSGBWRPFQ-UHFFFAOYSA-N,CHEMBL3237195,10.1016/j.ejmech.2014.03.037,Antioxidant activity assessed as DPPH radical scavenging activity after 20 to 30 mins,560.7,9.270999999999932e-05,4.03287341892359,Aromatic amine,O=C(NCC(=O)N(C(=O)NC1CCCCC1)C1CCCCC1)C(=Cc1ccccc1)NC(=O)c1ccccc1,train
1189,O=C(NCC(=O)N(C(=O)NC1CCCCC1)C1CCCCC1)C(=Cc1ccc(Cl)cc1)NC(=O)c1ccccc1,MHHBBHPTJAXGAG-UHFFFAOYSA-N,CHEMBL3237196,10.1016/j.ejmech.2014.03.037,Antioxidant activity assessed as DPPH radical scavenging activity after 20 to 30 mins,565.1,8.365999999999968e-05,4.07748213975539,Aromatic amine,O=C(NCC(=O)N(C(=O)NC1CCCCC1)C1CCCCC1)C(=Cc1ccccc1)NC(=O)c1ccccc1,train
1190,O=C(NCC(=O)N(C(=O)NC1CCCCC1)C1CCCCC1)C(=Cc1ccc(F)cc1)NC(=O)c1ccccc1,HJUNDTRMQCCIOE-UHFFFAOYSA-N,CHEMBL3237197,10.1016/j.ejmech.2014.03.037,Antioxidant activity assessed as DPPH radical scavenging activity after 20 to 30 mins,548.7,8.866000000000092e-05,4.05227227303668,Aromatic amine,O=C(NCC(=O)N(C(=O)NC1CCCCC1)C1CCCCC1)C(=Cc1ccccc1)NC(=O)c1ccccc1,train
1191,CC(C)c1ccc(C=C(NC(=O)c2ccccc2)C(=O)NCC(=O)N(C(=O)NC2CCCCC2)C2CCCCC2)cc1,NSQNHTNEZMLFRD-UHFFFAOYSA-N,CHEMBL3237198,10.1016/j.ejmech.2014.03.037,Antioxidant activity assessed as DPPH radical scavenging activity after 20 to 30 mins,572.8,6.102000000000023e-05,4.21452779669361,Aromatic amine,O=C(NCC(=O)N(C(=O)NC1CCCCC1)C1CCCCC1)C(=Cc1ccccc1)NC(=O)c1ccccc1,train
1192,O=C(NC(CS)C(=O)N(C(=O)NC1CCCCC1)C1CCCCC1)C(=Cc1ccccc1)NC(=O)c1ccccc1,WFYCPDPQFJDEOL-UHFFFAOYSA-N,CHEMBL3237199,10.1016/j.ejmech.2014.03.037,Antioxidant activity assessed as DPPH radical scavenging activity after 20 to 30 mins,576.8,4.444000000000001e-05,4.35222594973117,Aromatic amine,O=C(NCC(=O)N(C(=O)NC1CCCCC1)C1CCCCC1)C(=Cc1ccccc1)NC(=O)c1ccccc1,train
1193,Cc1ccc(C=C(NC(=O)c2ccccc2)C(=O)NC(CS)C(=O)N(C(=O)NC2CCCCC2)C2CCCCC2)cc1,UNSGBMWVRCCEJL-UHFFFAOYSA-N,CHEMBL3237200,10.1016/j.ejmech.2014.03.037,Antioxidant activity assessed as DPPH radical scavenging activity after 20 to 30 mins,590.8,8.399000000000047e-05,4.07577241873988,Aromatic amine,O=C(NCC(=O)N(C(=O)NC1CCCCC1)C1CCCCC1)C(=Cc1ccccc1)NC(=O)c1ccccc1,train
1194,O=C(NC(CS)C(=O)N(C(=O)NC1CCCCC1)C1CCCCC1)C(=Cc1ccc(O)cc1)NC(=O)c1ccccc1,XMAPBJPEIYNSKF-UHFFFAOYSA-N,CHEMBL3237201,10.1016/j.ejmech.2014.03.037,Antioxidant activity assessed as DPPH radical scavenging activity after 20 to 30 mins,592.8,4.7159999999999874e-05,4.32642620357695,Aromatic amine,O=C(NCC(=O)N(C(=O)NC1CCCCC1)C1CCCCC1)C(=Cc1ccccc1)NC(=O)c1ccccc1,train
1195,COc1ccc(C=C(NC(=O)c2ccccc2)C(=O)NC(CS)C(=O)N(C(=O)NC2CCCCC2)C2CCCCC2)cc1,LBVILKRWFFRJCT-UHFFFAOYSA-N,CHEMBL3237202,10.1016/j.ejmech.2014.03.037,Antioxidant activity assessed as DPPH radical scavenging activity after 20 to 30 mins,606.8,8.866000000000092e-05,4.05227227303668,Aromatic amine,O=C(NCC(=O)N(C(=O)NC1CCCCC1)C1CCCCC1)C(=Cc1ccccc1)NC(=O)c1ccccc1,test
1196,O=C(NC(CS)C(=O)N(C(=O)NC1CCCCC1)C1CCCCC1)C(=Cc1ccc(Cl)cc1)NC(=O)c1ccccc1,VSHPBAZOGNDQRV-UHFFFAOYSA-N,CHEMBL3237203,10.1016/j.ejmech.2014.03.037,Antioxidant activity assessed as DPPH radical scavenging activity after 20 to 30 mins,611.2,5.713000000000011e-05,4.24313577593945,Aromatic amine,O=C(NCC(=O)N(C(=O)NC1CCCCC1)C1CCCCC1)C(=Cc1ccccc1)NC(=O)c1ccccc1,test
1197,O=C(NC(CS)C(=O)N(C(=O)NC1CCCCC1)C1CCCCC1)C(=Cc1ccc(F)cc1)NC(=O)c1ccccc1,RXEHLVZAXWTYLH-UHFFFAOYSA-N,CHEMBL3237204,10.1016/j.ejmech.2014.03.037,Antioxidant activity assessed as DPPH radical scavenging activity after 20 to 30 mins,594.8,5.881000000000032e-05,4.23054882059796,Aromatic amine,O=C(NCC(=O)N(C(=O)NC1CCCCC1)C1CCCCC1)C(=Cc1ccccc1)NC(=O)c1ccccc1,train
1198,CC(C)c1ccc(C=C(NC(=O)c2ccccc2)C(=O)NC(CS)C(=O)N(C(=O)NC2CCCCC2)C2CCCCC2)cc1,DBDHOULMSSSSHN-UHFFFAOYSA-N,CHEMBL3237205,10.1016/j.ejmech.2014.03.037,Antioxidant activity assessed as DPPH radical scavenging activity after 20 to 30 mins,618.8,7.470000000000018e-05,4.1266793981846,Aromatic amine,O=C(NCC(=O)N(C(=O)NC1CCCCC1)C1CCCCC1)C(=Cc1ccccc1)NC(=O)c1ccccc1,train
1199,COc1cc(C=C(NC(=O)c2ccccc2)C(=O)NC(CS)C(=O)N(C(=O)NC2CCCCC2)C2CCCCC2)ccc1O,RORILPYENIJWTA-UHFFFAOYSA-N,CHEMBL3237206,10.1016/j.ejmech.2014.03.037,Antioxidant activity assessed as DPPH radical scavenging activity after 20 to 30 mins,622.8,8.223999999999999e-05,4.0849168983488,Aromatic amine,O=C(NCC(=O)N(C(=O)NC1CCCCC1)C1CCCCC1)C(=Cc1ccccc1)NC(=O)c1ccccc1,train
1200,Oc1cc(O)c2c(c1)OC1(c3ccc(O)c(O)c3)Oc3cc(O)c4c(c3C2C1O)OC(c1ccc(O)c(O)c1)C(O)C4,NSEWTSAADLNHNH-UHFFFAOYSA-N,CHEMBL450916,10.1021/np500715x,Antioxidant activity assessed as DPPH radical scavenging activity after 30 mins by UV-spectrophotometry,576.5,1.580495853139154e-05,4.80120663931263,Other,c1ccc(C2CCc3ccc4c(c3O2)C2CC(c3ccccc3)(Oc3ccccc32)O4)cc1,train
1201,Oc1cc(O)c2c(c1)OC1(c3ccc(O)c(O)c3)Oc3cc(O)c4c(c3C2C1O)OC(c1ccc(O)c(O)c1)C(O)C4c1c(O)cc(O)c2c1OC(c1ccc(O)c(O)c1)C(O)C2,BYSRPHRKESMCPO-UHFFFAOYSA-N,CHEMBL540956,10.1021/np500715x,Antioxidant activity assessed as DPPH radical scavenging activity after 30 mins by UV-spectrophotometry,864.8,6.128584643848353e-06,5.21263981134446,Other,c1ccc(C2CCc3cccc(C4CC(c5ccccc5)Oc5c4ccc4c5C5CC(c6ccccc6)(Oc6ccccc65)O4)c3O2)cc1,test
1202,Cc1cccc2nc(-c3ccc(C(=O)NN=Cc4ccc(O)c(Br)c4)cc3)[nH]c12,AGYZYIAJRIHWBN-UHFFFAOYSA-N,CHEMBL3317789,10.1016/j.ejmech.2014.07.078,Antioxidant activity assessed as DPPH free radical scavenging activity incubated at 37 degC for 30 mins by microtiter plate reader based method,449.3,2.522999999999975e-05,4.59808274948243,Aromatic amine,O=C(NN=Cc1ccccc1)c1ccc(-c2nc3ccccc3[nH]2)cc1,train
1203,COc1cc(C=NNC(=O)c2ccc(-c3nc4cccc(C)c4[nH]3)cc2)ccc1O,QTEIJZAGENHYSA-UHFFFAOYSA-N,CHEMBL3317788,10.1016/j.ejmech.2014.07.078,Antioxidant activity assessed as DPPH free radical scavenging activity incubated at 37 degC for 30 mins by microtiter plate reader based method,400.4,2.6149999999999833e-05,4.58252830679671,Aromatic amine,O=C(NN=Cc1ccccc1)c1ccc(-c2nc3ccccc3[nH]2)cc1,train
1204,Cc1cccc2nc(-c3ccc(C(=O)NN=Cc4ccc(O)cc4)cc3)[nH]c12,ZDNCXOKZLLGOCM-UHFFFAOYSA-N,CHEMBL3317787,10.1016/j.ejmech.2014.07.078,Antioxidant activity assessed as DPPH free radical scavenging activity incubated at 37 degC for 30 mins by microtiter plate reader based method,370.4,2.9009999999999714e-05,4.53745227119734,Aromatic amine,O=C(NN=Cc1ccccc1)c1ccc(-c2nc3ccccc3[nH]2)cc1,train
1205,Cc1cccc2nc(-c3ccc(C(=O)NN=Cc4ccc(O)cc4O)cc3)[nH]c12,ZEOBKOHDVKXEQW-UHFFFAOYSA-N,CHEMBL3317786,10.1016/j.ejmech.2014.07.078,Antioxidant activity assessed as DPPH free radical scavenging activity incubated at 37 degC for 30 mins by microtiter plate reader based method,386.4,2.744999999999997e-05,4.56145765121389,Aromatic amine,O=C(NN=Cc1ccccc1)c1ccc(-c2nc3ccccc3[nH]2)cc1,train
1206,Cc1cccc2nc(-c3ccc(C(=O)NN=Cc4cc(O)cc(O)c4)cc3)[nH]c12,PIMKVHXWESJRDT-UHFFFAOYSA-N,CHEMBL3317785,10.1016/j.ejmech.2014.07.078,Antioxidant activity assessed as DPPH free radical scavenging activity incubated at 37 degC for 30 mins by microtiter plate reader based method,386.4,1.7300000000000197e-05,4.7619538968712,Aromatic amine,O=C(NN=Cc1ccccc1)c1ccc(-c2nc3ccccc3[nH]2)cc1,train
1207,Cc1cccc2nc(-c3ccc(C(=O)NN=Cc4ccc(O)c(O)c4)cc3)[nH]c12,DGENFJGMLOCDMR-UHFFFAOYSA-N,CHEMBL3317784,10.1016/j.ejmech.2014.07.078,Antioxidant activity assessed as DPPH free radical scavenging activity incubated at 37 degC for 30 mins by microtiter plate reader based method,386.4,1.4200000000000123e-05,4.84771165561694,Aromatic amine,O=C(NN=Cc1ccccc1)c1ccc(-c2nc3ccccc3[nH]2)cc1,train
1208,Cc1cccc2nc(-c3ccc(C(=O)NN=Cc4cc(O)ccc4O)cc3)[nH]c12,RJQLUSIUZKEWMY-UHFFFAOYSA-N,CHEMBL3317783,10.1016/j.ejmech.2014.07.078,Antioxidant activity assessed as DPPH free radical scavenging activity incubated at 37 degC for 30 mins by microtiter plate reader based method,386.4,1.8520000000000202e-05,4.73235901765408,Aromatic amine,O=C(NN=Cc1ccccc1)c1ccc(-c2nc3ccccc3[nH]2)cc1,train
1209,Cc1cccc2nc(-c3ccc(C(=O)NN=Cc4cccc(O)c4O)cc3)[nH]c12,XXEKORZHQBGDCN-UHFFFAOYSA-N,CHEMBL3317782,10.1016/j.ejmech.2014.07.078,Antioxidant activity assessed as DPPH free radical scavenging activity incubated at 37 degC for 30 mins by microtiter plate reader based method,386.4,1.2050000000000071e-05,4.91901295308911,Aromatic amine,O=C(NN=Cc1ccccc1)c1ccc(-c2nc3ccccc3[nH]2)cc1,train
1210,Cc1cccc2nc(-c3ccc(C(=O)NN=Cc4ccccc4O)cc3)[nH]c12,VVWKKBAPQABXHS-UHFFFAOYSA-N,CHEMBL3317790,10.1016/j.ejmech.2014.07.078,Antioxidant activity assessed as DPPH free radical scavenging activity incubated at 37 degC for 30 mins by microtiter plate reader based method,370.4,5.412000000000062e-05,4.26664221207441,Aromatic amine,O=C(NN=Cc1ccccc1)c1ccc(-c2nc3ccccc3[nH]2)cc1,train
1211,COc1ccc(C=NNC(=O)c2ccc(-c3nc4cccc(C)c4[nH]3)cc2)c(O)c1,YCVKPZVVJQPGDP-UHFFFAOYSA-N,CHEMBL3317791,10.1016/j.ejmech.2014.07.078,Antioxidant activity assessed as DPPH free radical scavenging activity incubated at 37 degC for 30 mins by microtiter plate reader based method,400.4,4.750000000000036e-05,4.32330639037513,Aromatic amine,O=C(NN=Cc1ccccc1)c1ccc(-c2nc3ccccc3[nH]2)cc1,train
1212,Cc1cccc2nc(-c3ccc(C(=O)NN=Cc4cccc(O)c4)cc3)[nH]c12,DJRWRTIHUCOGNJ-UHFFFAOYSA-N,CHEMBL3317792,10.1016/j.ejmech.2014.07.078,Antioxidant activity assessed as DPPH free radical scavenging activity incubated at 37 degC for 30 mins by microtiter plate reader based method,370.4,6.022999999999995e-05,4.22018713682942,Aromatic amine,O=C(NN=Cc1ccccc1)c1ccc(-c2nc3ccccc3[nH]2)cc1,train
1213,COc1ccc(C=NNC(=O)c2ccc(-c3nc4cccc(C)c4[nH]3)cc2)c(I)c1O,AMUAMNZCCWKYPM-UHFFFAOYSA-N,CHEMBL3317793,10.1016/j.ejmech.2014.07.078,Antioxidant activity assessed as DPPH free radical scavenging activity incubated at 37 degC for 30 mins by microtiter plate reader based method,526.3,4.011999999999999e-05,4.39663907565162,Aromatic amine,O=C(NN=Cc1ccccc1)c1ccc(-c2nc3ccccc3[nH]2)cc1,train
1214,COc1ccc(C=NNC(=O)c2ccc(-c3nc4cccc(C)c4[nH]3)cc2)cc1O,FCSJVUJXEPFHCU-UHFFFAOYSA-N,CHEMBL3317794,10.1016/j.ejmech.2014.07.078,Antioxidant activity assessed as DPPH free radical scavenging activity incubated at 37 degC for 30 mins by microtiter plate reader based method,400.4,4.911999999999988e-05,4.30874164186689,Aromatic amine,O=C(NN=Cc1ccccc1)c1ccc(-c2nc3ccccc3[nH]2)cc1,train
1215,COc1ccc(O)c(C=NNC(=O)c2ccc(-c3nc4cccc(C)c4[nH]3)cc2)c1,RNRQCTUGOACMIT-UHFFFAOYSA-N,CHEMBL3317795,10.1016/j.ejmech.2014.07.078,Antioxidant activity assessed as DPPH free radical scavenging activity incubated at 37 degC for 30 mins by microtiter plate reader based method,400.4,7.421e-05,4.12953756841108,Aromatic amine,O=C(NN=Cc1ccccc1)c1ccc(-c2nc3ccccc3[nH]2)cc1,train
1216,Cc1cccc2nc(-c3ccc(C(=O)NN=Cc4ccc(F)cc4)cc3)[nH]c12,VDUFEMDZFHBGCW-UHFFFAOYSA-N,CHEMBL3317796,10.1016/j.ejmech.2014.07.078,Antioxidant activity assessed as DPPH free radical scavenging activity incubated at 37 degC for 30 mins by microtiter plate reader based method,372.4,9.021e-05,4.04474531717982,Aromatic amine,O=C(NN=Cc1ccccc1)c1ccc(-c2nc3ccccc3[nH]2)cc1,train
1217,Cc1cccc2nc(-c3ccc(C(=O)NN=Cc4ccccn4)cc3)[nH]c12,SFTXVXBNVXYJSD-UHFFFAOYSA-N,CHEMBL3317797,10.1016/j.ejmech.2014.07.078,Antioxidant activity assessed as DPPH free radical scavenging activity incubated at 37 degC for 30 mins by microtiter plate reader based method,355.4,9.430999999999993e-05,4.02544225514642,Aromatic amine,O=C(NN=Cc1ccccn1)c1ccc(-c2nc3ccccc3[nH]2)cc1,test
1218,Cc1cccc2nc(-c3ccc(C(=O)NN=Cc4cccnc4)cc3)[nH]c12,KZYIYCYVSRNIFJ-UHFFFAOYSA-N,CHEMBL3317798,10.1016/j.ejmech.2014.07.078,Antioxidant activity assessed as DPPH free radical scavenging activity incubated at 37 degC for 30 mins by microtiter plate reader based method,355.4,0.00010500000000000048,3.97881070093006,Aromatic amine,O=C(NN=Cc1cccnc1)c1ccc(-c2nc3ccccc3[nH]2)cc1,train
1219,Cc1cccc2nc(-c3ccc(C(=O)NN=Cc4ccncc4)cc3)[nH]c12,OPBAEGKFFWTWSN-UHFFFAOYSA-N,CHEMBL3317799,10.1016/j.ejmech.2014.07.078,Antioxidant activity assessed as DPPH free radical scavenging activity incubated at 37 degC for 30 mins by microtiter plate reader based method,355.4,8.841000000000041e-05,4.05349860943041,Aromatic amine,O=C(NN=Cc1ccncc1)c1ccc(-c2nc3ccccc3[nH]2)cc1,train
1220,Cc1cccc2nc(-c3ccc(C(=O)NN=Cc4ccc(Cl)cc4)cc3)[nH]c12,NYOXXVCJWLXNSL-UHFFFAOYSA-N,CHEMBL3317800,10.1016/j.ejmech.2014.07.078,Antioxidant activity assessed as DPPH free radical scavenging activity incubated at 37 degC for 30 mins by microtiter plate reader based method,388.9,0.00012020999999999942,3.92005940284764,Aromatic amine,O=C(NN=Cc1ccccc1)c1ccc(-c2nc3ccccc3[nH]2)cc1,train
1221,Cc1cccc(C=NNC(=O)c2ccc(-c3nc4cccc(C)c4[nH]3)cc2)c1,BKMCWQKEJKTVKA-UHFFFAOYSA-N,CHEMBL3317801,10.1016/j.ejmech.2014.07.078,Antioxidant activity assessed as DPPH free radical scavenging activity incubated at 37 degC for 30 mins by microtiter plate reader based method,368.4,0.00015001000000000155,3.82387978894391,Aromatic amine,O=C(NN=Cc1ccccc1)c1ccc(-c2nc3ccccc3[nH]2)cc1,train
1222,Cc1ccccc1C=NNC(=O)c1ccc(-c2nc3cccc(C)c3[nH]2)cc1,ZWBNMZOEGIUBGS-UHFFFAOYSA-N,CHEMBL3317802,10.1016/j.ejmech.2014.07.078,Antioxidant activity assessed as DPPH free radical scavenging activity incubated at 37 degC for 30 mins by microtiter plate reader based method,368.4,0.00015811999999999893,3.80101319432907,Aromatic amine,O=C(NN=Cc1ccccc1)c1ccc(-c2nc3ccccc3[nH]2)cc1,train
1223,COc1ccc(C=NNC(=O)c2ccc(-c3nc4cccc(C)c4[nH]3)cc2)cc1,KQAGLGIEYWCRFU-UHFFFAOYSA-N,CHEMBL3317803,10.1016/j.ejmech.2014.07.078,Antioxidant activity assessed as DPPH free radical scavenging activity incubated at 37 degC for 30 mins by microtiter plate reader based method,384.4,0.00014020999999999907,3.85322101069217,Aromatic amine,O=C(NN=Cc1ccccc1)c1ccc(-c2nc3ccccc3[nH]2)cc1,train
1224,COc1cccc(C=NNC(=O)c2ccc(-c3nc4cccc(C)c4[nH]3)cc2)c1,KULXKYURJSVKDK-UHFFFAOYSA-N,CHEMBL3317804,10.1016/j.ejmech.2014.07.078,Antioxidant activity assessed as DPPH free radical scavenging activity incubated at 37 degC for 30 mins by microtiter plate reader based method,384.4,0.00014512000000000005,3.83827273028398,Aromatic amine,O=C(NN=Cc1ccccc1)c1ccc(-c2nc3ccccc3[nH]2)cc1,train
1225,COc1ccc(C=NNC(=O)c2ccc(-c3nc4cccc(C)c4[nH]3)cc2)cc1OC,LELWCIBZRAGEQG-UHFFFAOYSA-N,CHEMBL3317805,10.1016/j.ejmech.2014.07.078,Antioxidant activity assessed as DPPH free radical scavenging activity incubated at 37 degC for 30 mins by microtiter plate reader based method,414.5,0.000120119999999999,3.92038467647306,Aromatic amine,O=C(NN=Cc1ccccc1)c1ccc(-c2nc3ccccc3[nH]2)cc1,train
1226,Cc1cccc2nc(-c3ccc(C(=O)NN=Cc4ccco4)cc3)[nH]c12,QTOHRQFIEDSMLT-UHFFFAOYSA-N,CHEMBL3317806,10.1016/j.ejmech.2014.07.078,Antioxidant activity assessed as DPPH free radical scavenging activity incubated at 37 degC for 30 mins by microtiter plate reader based method,344.4,0.0001801200000000019,3.7444380617091,Aromatic amine,O=C(NN=Cc1ccco1)c1ccc(-c2nc3ccccc3[nH]2)cc1,test
1227,Cc1cccc2nc(-c3ccc(C(=O)NN=Cc4cccs4)cc3)[nH]c12,HVYYKFZEKVBNQS-UHFFFAOYSA-N,CHEMBL3317807,10.1016/j.ejmech.2014.07.078,Antioxidant activity assessed as DPPH free radical scavenging activity incubated at 37 degC for 30 mins by microtiter plate reader based method,360.4,0.00011011999999999937,3.95813379727871,Aromatic amine,O=C(NN=Cc1cccs1)c1ccc(-c2nc3ccccc3[nH]2)cc1,train
1228,COC(=O)c1ccc(C=NNC(=O)c2ccc(-c3nc4cccc(C)c4[nH]3)cc2)cc1,AODIXUMEBAYFTD-UHFFFAOYSA-N,CHEMBL3317808,10.1016/j.ejmech.2014.07.078,Antioxidant activity assessed as DPPH free radical scavenging activity incubated at 37 degC for 30 mins by microtiter plate reader based method,412.4,0.00016012000000000087,3.79555441856693,Aromatic amine,O=C(NN=Cc1ccccc1)c1ccc(-c2nc3ccccc3[nH]2)cc1,train
1229,Cc1cccc2nc(-c3ccc(C(=O)NN=Cc4ccc([N+](=O)[O-])cc4)cc3)[nH]c12,LPFIDPBYTUXXPZ-UHFFFAOYSA-N,CHEMBL3317809,10.1016/j.ejmech.2014.07.078,Antioxidant activity assessed as DPPH free radical scavenging activity incubated at 37 degC for 30 mins by microtiter plate reader based method,399.4,0.000138449999999999,3.85870703991841,Aromatic amine,O=C(NN=Cc1ccccc1)c1ccc(-c2nc3ccccc3[nH]2)cc1,train
1230,COC1(OC(CCC(C)(C)O)C(C)(O)C2CCC3(O)C4=CC(=O)C5CC(O)C(O)CC5(C)C4CCC23C)COCC(O)C(O)C1O,YVLMPASCDWJBJF-UHFFFAOYSA-N,CHEMBL3400571,10.1016/j.bmcl.2015.03.028,Antioxidant activity assessed as DPPH radical scavenging activity incubated for 30 mins by UV absorption spectrometry,656.8,0.0002744518879415379,3.56153377738092,Terpenoid,O=C1C=C2C3CCC(CCOC4CCCCOC4)C3CCC2C2CCCCC12,train
1231,CC(C)(O)CCC(O)C(C)(O)C1CCC2(O)C3=CC(=O)C4CC(O)C(O)CC4(C)C3CCC12C,NKDFYOWSKOHCCO-UHFFFAOYSA-N,CHEMBL224128,10.1016/j.bmcl.2015.03.028,Antioxidant activity assessed as DPPH radical scavenging activity incubated for 30 mins by UV absorption spectrometry,480.6,0.00032421972534332446,3.48916056645493,Terpenoid,O=C1C=C2C3CCCC3CCC2C2CCCCC12,test
1232,COc1cc2c(cc1OC)C(=O)C(C(=O)Nc1ccccc1)C2,XIZNPCOANDHZGE-UHFFFAOYSA-N,CHEMBL3633474,10.1016/j.bmcl.2015.10.051,Antioxidant activity assessed as DPPH scavenging activity at 10 to 60 ug/ml after 30 mins,311.3,0.00019685191133954287,3.70586036405797,Aromatic amine,O=C(Nc1ccccc1)C1Cc2ccccc2C1=O,train
1233,COc1cc2c(cc1OC)C(=O)C(C(=O)Nc1ccc(C)cc1)C2,QOMHBCBROBLKOL-UHFFFAOYSA-N,CHEMBL3633475,10.1016/j.bmcl.2015.10.051,Antioxidant activity assessed as DPPH scavenging activity at 10 to 60 ug/ml after 30 mins,325.4,0.00020842040565458025,3.68105976315877,Aromatic amine,O=C(Nc1ccccc1)C1Cc2ccccc2C1=O,train
1234,CCc1ccc(NC(=O)C2Cc3cc(OC)c(OC)cc3C2=O)cc1,HSMMJOUCZZLYOA-UHFFFAOYSA-N,CHEMBL3633476,10.1016/j.bmcl.2015.10.051,Antioxidant activity assessed as DPPH scavenging activity at 10 to 60 ug/ml after 30 mins,339.4,0.00022436652916911972,3.6490419303096,Aromatic amine,O=C(Nc1ccccc1)C1Cc2ccccc2C1=O,train
1235,COc1ccc(NC(=O)C2Cc3cc(OC)c(OC)cc3C2=O)cc1,IBQTUDJWFXBDTM-UHFFFAOYSA-N,CHEMBL3633477,10.1016/j.bmcl.2015.10.051,Antioxidant activity assessed as DPPH scavenging activity at 10 to 60 ug/ml after 30 mins,341.4,0.0001449033391915653,3.83892160641453,Aromatic amine,O=C(Nc1ccccc1)C1Cc2ccccc2C1=O,train
1236,CCOc1ccc(NC(=O)C2Cc3cc(OC)c(OC)cc3C2=O)cc1,WTOFYFCWHZDYLP-UHFFFAOYSA-N,CHEMBL3633478,10.1016/j.bmcl.2015.10.051,Antioxidant activity assessed as DPPH scavenging activity at 10 to 60 ug/ml after 30 mins,355.4,0.00013550928531232562,3.86803094521951,Aromatic amine,O=C(Nc1ccccc1)C1Cc2ccccc2C1=O,train
1237,COc1cc2c(cc1OC)C(=O)C(C(=O)Nc1ccc(F)cc1)C2,JTMZFFLMXWEAFD-UHFFFAOYSA-N,CHEMBL3633479,10.1016/j.bmcl.2015.10.051,Antioxidant activity assessed as DPPH scavenging activity at 10 to 60 ug/ml after 30 mins,329.3,0.0001668994837534178,3.77754500666041,Aromatic amine,O=C(Nc1ccccc1)C1Cc2ccccc2C1=O,train
1238,COc1cc2c(cc1OC)C(=O)C(C(=O)Nc1ccc(Cl)cc1)C2,XHXCMDALVCAUSK-UHFFFAOYSA-N,CHEMBL3633480,10.1016/j.bmcl.2015.10.051,Antioxidant activity assessed as DPPH scavenging activity at 10 to 60 ug/ml after 30 mins,345.8,0.0001641411220358579,3.78478260215247,Aromatic amine,O=C(Nc1ccccc1)C1Cc2ccccc2C1=O,train
1239,COc1cc2c(cc1OC)C(=O)C(C(=O)Nc1ccc(Br)cc1)C2,DIICHNLMTRCTQI-UHFFFAOYSA-N,CHEMBL3633481,10.1016/j.bmcl.2015.10.051,Antioxidant activity assessed as DPPH scavenging activity at 10 to 60 ug/ml after 30 mins,390.2,0.0001848795489492547,3.73311112707616,Aromatic amine,O=C(Nc1ccccc1)C1Cc2ccccc2C1=O,train
1240,COc1cc2c(cc1OC)C(=O)C(C(=O)Nc1cccc(C)c1)C2,ZBRDIUBQXIYEBF-UHFFFAOYSA-N,CHEMBL3633482,10.1016/j.bmcl.2015.10.051,Antioxidant activity assessed as DPPH scavenging activity at 10 to 60 ug/ml after 30 mins,325.4,0.00017157344806392147,3.76554992075041,Aromatic amine,O=C(Nc1ccccc1)C1Cc2ccccc2C1=O,train
1241,CCc1cccc(NC(=O)C2Cc3cc(OC)c(OC)cc3C2=O)c1,YEFRMKWPLGBQRC-UHFFFAOYSA-N,CHEMBL3633483,10.1016/j.bmcl.2015.10.051,Antioxidant activity assessed as DPPH scavenging activity at 10 to 60 ug/ml after 30 mins,339.4,0.00018889216263995505,3.72378606109792,Aromatic amine,O=C(Nc1ccccc1)C1Cc2ccccc2C1=O,test
1242,COc1cccc(NC(=O)C2Cc3cc(OC)c(OC)cc3C2=O)c1,WNRFVVHTPYZICF-UHFFFAOYSA-N,CHEMBL3633484,10.1016/j.bmcl.2015.10.051,Antioxidant activity assessed as DPPH scavenging activity at 10 to 60 ug/ml after 30 mins,341.4,0.00011405975395430632,3.9428675695947,Aromatic amine,O=C(Nc1ccccc1)C1Cc2ccccc2C1=O,train
1243,CCOc1cccc(NC(=O)C2Cc3cc(OC)c(OC)cc3C2=O)c1,CNZIDPVXUFSJEM-UHFFFAOYSA-N,CHEMBL3633485,10.1016/j.bmcl.2015.10.051,Antioxidant activity assessed as DPPH scavenging activity at 10 to 60 ug/ml after 30 mins,355.4,0.00012630838491840176,3.89856781806763,Aromatic amine,O=C(Nc1ccccc1)C1Cc2ccccc2C1=O,train
1244,COc1cc2c(cc1OC)C(=O)C(C(=O)Nc1cccc(F)c1)C2,OKAVUOMJAGALCY-UHFFFAOYSA-N,CHEMBL3633486,10.1016/j.bmcl.2015.10.051,Antioxidant activity assessed as DPPH scavenging activity at 10 to 60 ug/ml after 30 mins,329.3,0.0001764652292742198,3.75334085527313,Aromatic amine,O=C(Nc1ccccc1)C1Cc2ccccc2C1=O,train
1245,COc1cc2c(cc1OC)C(=O)C(C(=O)Nc1cccc(Cl)c1)C2,CTOFXPTYLFIWMK-UHFFFAOYSA-N,CHEMBL3633487,10.1016/j.bmcl.2015.10.051,Antioxidant activity assessed as DPPH scavenging activity at 10 to 60 ug/ml after 30 mins,345.8,0.0002207056101792919,3.65618662724187,Aromatic amine,O=C(Nc1ccccc1)C1Cc2ccccc2C1=O,train
1246,COc1cc2c(cc1OC)C(=O)C(C(=O)Nc1cccc(Br)c1)C2,KOSUCKLBBCJIND-UHFFFAOYSA-N,CHEMBL3633488,10.1016/j.bmcl.2015.10.051,Antioxidant activity assessed as DPPH scavenging activity at 10 to 60 ug/ml after 30 mins,390.2,0.00015089697590978877,3.82131946372906,Aromatic amine,O=C(Nc1ccccc1)C1Cc2ccccc2C1=O,train
1247,COc1cc2c(cc1OC)C(=O)C(C(=O)Nc1ccccc1C)C2,MICVCQXADHILDH-UHFFFAOYSA-N,CHEMBL3633489,10.1016/j.bmcl.2015.10.051,Antioxidant activity assessed as DPPH scavenging activity at 10 to 60 ug/ml after 30 mins,325.4,0.00013441917639827954,3.87153876989922,Aromatic amine,O=C(Nc1ccccc1)C1Cc2ccccc2C1=O,train
1248,CCc1ccccc1NC(=O)C1Cc2cc(OC)c(OC)cc2C1=O,IWTAUJSTUKWUKV-UHFFFAOYSA-N,CHEMBL3633490,10.1016/j.bmcl.2015.10.051,Antioxidant activity assessed as DPPH scavenging activity at 10 to 60 ug/ml after 30 mins,339.4,0.00016205067766647145,3.79034914848741,Aromatic amine,O=C(Nc1ccccc1)C1Cc2ccccc2C1=O,train
1249,COc1ccccc1NC(=O)C1Cc2cc(OC)c(OC)cc2C1=O,OZMDVZJVXCRYEE-UHFFFAOYSA-N,CHEMBL3633491,10.1016/j.bmcl.2015.10.051,Antioxidant activity assessed as DPPH scavenging activity at 10 to 60 ug/ml after 30 mins,341.4,0.00013403632103104764,3.87277750099375,Aromatic amine,O=C(Nc1ccccc1)C1Cc2ccccc2C1=O,train
1250,CCOc1ccccc1NC(=O)C1Cc2cc(OC)c(OC)cc2C1=O,PGMMLDYEAFGAOG-UHFFFAOYSA-N,CHEMBL3633492,10.1016/j.bmcl.2015.10.051,Antioxidant activity assessed as DPPH scavenging activity at 10 to 60 ug/ml after 30 mins,355.4,0.000179150253235791,3.74678257360544,Aromatic amine,O=C(Nc1ccccc1)C1Cc2ccccc2C1=O,train
1251,COc1cc2c(cc1OC)C(=O)C(C(=O)Nc1ccccc1F)C2,BTWFYALHGJFPSY-UHFFFAOYSA-N,CHEMBL3633493,10.1016/j.bmcl.2015.10.051,Antioxidant activity assessed as DPPH scavenging activity at 10 to 60 ug/ml after 30 mins,329.3,0.0002298208320680239,3.63861060731817,Aromatic amine,O=C(Nc1ccccc1)C1Cc2ccccc2C1=O,train
1252,COc1cc2c(cc1OC)C(=O)C(C(=O)Nc1ccccc1Cl)C2,VJHZDNPGDKWBSH-UHFFFAOYSA-N,CHEMBL3633494,10.1016/j.bmcl.2015.10.051,Antioxidant activity assessed as DPPH scavenging activity at 10 to 60 ug/ml after 30 mins,345.8,0.0001906304222093715,3.71980779024884,Aromatic amine,O=C(Nc1ccccc1)C1Cc2ccccc2C1=O,train
1253,COc1cc2c(cc1OC)C(=O)C(C(=O)Nc1ccccc1Br)C2,GAPNLEWLECCIDA-UHFFFAOYSA-N,CHEMBL3633495,10.1016/j.bmcl.2015.10.051,Antioxidant activity assessed as DPPH scavenging activity at 10 to 60 ug/ml after 30 mins,390.2,0.0001677088672475664,3.77544397439523,Aromatic amine,O=C(Nc1ccccc1)C1Cc2ccccc2C1=O,train
1254,O=[N+]([O-])c1ccc(Cn2cc(COc3ccccc3)nn2)cc1,GNADMQXNAGKMKS-UHFFFAOYSA-N,CHEMBL3740799,10.1039/C5MD00057B,Antioxidant activity assessed as DPPH radical scavenging activity after 30 mins by spectrophotometric analysis,310.3,3.2549145987754054e-05,4.48746040180152,Aromatic amine,c1ccc(Cn2cc(COc3ccccc3)nn2)cc1,train
1255,O=[N+]([O-])c1cccc(Cn2cc(COc3ccccc3)nn2)c1,KYYQDEDBZANFQC-UHFFFAOYSA-N,CHEMBL3741185,10.1039/C5MD00057B,Antioxidant activity assessed as DPPH radical scavenging activity after 30 mins by spectrophotometric analysis,310.3,8.153399935546212e-05,4.08866125440835,Aromatic amine,c1ccc(Cn2cc(COc3ccccc3)nn2)cc1,train
1256,Clc1ccc(Cn2cc(COc3ccccc3)nn2)cc1,XYIMEEOPOCLRJY-UHFFFAOYSA-N,CHEMBL3742240,10.1039/C5MD00057B,Antioxidant activity assessed as DPPH radical scavenging activity after 30 mins by spectrophotometric analysis,299.8,8.705803869246161e-05,4.06019112117398,Other,c1ccc(Cn2cc(COc3ccccc3)nn2)cc1,train
1257,Clc1cccc(Cn2cc(COc3ccccc3)nn2)c1,HXBKFTSYTQXDAW-UHFFFAOYSA-N,CHEMBL3740245,10.1039/C5MD00057B,Antioxidant activity assessed as DPPH radical scavenging activity after 30 mins by spectrophotometric analysis,299.8,9.106070713809308e-05,4.0406689814715,Other,c1ccc(Cn2cc(COc3ccccc3)nn2)cc1,train
1258,Brc1ccc(Cn2cc(COc3ccccc3)nn2)cc1,XPCROUBQTBRSDF-UHFFFAOYSA-N,CHEMBL3741711,10.1039/C5MD00057B,Antioxidant activity assessed as DPPH radical scavenging activity after 30 mins by spectrophotometric analysis,344.2,5.3166763509587685e-05,4.27435977626111,Other,c1ccc(Cn2cc(COc3ccccc3)nn2)cc1,train
1259,Cc1ccc(OCc2cn(Cc3ccc([N+](=O)[O-])cc3)nn2)cc1,ABHUJFAAKDFMHD-UHFFFAOYSA-N,CHEMBL3740738,10.1039/C5MD00057B,Antioxidant activity assessed as DPPH radical scavenging activity after 30 mins by spectrophotometric analysis,324.3,3.361085414739433e-05,4.47352045073235,Aromatic amine,c1ccc(Cn2cc(COc3ccccc3)nn2)cc1,train
1260,Cc1ccc(OCc2cn(Cc3cccc([N+](=O)[O-])c3)nn2)cc1,RWNHNICVQLIVRH-UHFFFAOYSA-N,CHEMBL3742339,10.1039/C5MD00057B,Antioxidant activity assessed as DPPH radical scavenging activity after 30 mins by spectrophotometric analysis,324.3,3.731113166820866e-05,4.42816157835652,Aromatic amine,c1ccc(Cn2cc(COc3ccccc3)nn2)cc1,train
1261,Cc1ccc(OCc2cn(Cc3ccc(Cl)cc3)nn2)cc1,GAQBZCUPCJKNJQ-UHFFFAOYSA-N,CHEMBL3741984,10.1039/C5MD00057B,Antioxidant activity assessed as DPPH radical scavenging activity after 30 mins by spectrophotometric analysis,313.8,5.513065646908886e-05,4.25860683612212,Other,c1ccc(Cn2cc(COc3ccccc3)nn2)cc1,train
1262,Cc1ccc(OCc2cn(Cc3cccc(Cl)c3)nn2)cc1,CRUCNUFWALUDST-UHFFFAOYSA-N,CHEMBL3740740,10.1039/C5MD00057B,Antioxidant activity assessed as DPPH radical scavenging activity after 30 mins by spectrophotometric analysis,313.8,5.1943913320586376e-05,4.28446533484696,Other,c1ccc(Cn2cc(COc3ccccc3)nn2)cc1,train
1263,Cc1ccc(OCc2cn(Cc3ccc(Br)cc3)nn2)cc1,DWKWAEDARKREAX-UHFFFAOYSA-N,CHEMBL3740580,10.1039/C5MD00057B,Antioxidant activity assessed as DPPH radical scavenging activity after 30 mins by spectrophotometric analysis,358.2,4.5505304299274633e-05,4.34193797710905,Other,c1ccc(Cn2cc(COc3ccccc3)nn2)cc1,train
1264,O=[N+]([O-])c1ccc(Cn2cc(COc3ccc(Cl)cc3)nn2)cc1,BBTCRSDISSRMQN-UHFFFAOYSA-N,CHEMBL3741766,10.1039/C5MD00057B,Antioxidant activity assessed as DPPH radical scavenging activity after 30 mins by spectrophotometric analysis,344.8,7.01856148491886e-05,4.15375189117224,Aromatic amine,c1ccc(Cn2cc(COc3ccccc3)nn2)cc1,train
1265,O=[N+]([O-])c1cccc(Cn2cc(COc3ccc(Cl)cc3)nn2)c1,DEDYXTUHYRGBKT-UHFFFAOYSA-N,CHEMBL3742134,10.1039/C5MD00057B,Antioxidant activity assessed as DPPH radical scavenging activity after 30 mins by spectrophotometric analysis,344.8,6.177494199535929e-05,4.20918765371394,Aromatic amine,c1ccc(Cn2cc(COc3ccccc3)nn2)cc1,train
1266,Clc1ccc(Cn2cc(COc3ccc(Cl)cc3)nn2)cc1,XQGLRMYTNLZIEO-UHFFFAOYSA-N,CHEMBL3740142,10.1039/C5MD00057B,Antioxidant activity assessed as DPPH radical scavenging activity after 30 mins by spectrophotometric analysis,334.2,7.809694793536838e-05,4.10736593821909,Other,c1ccc(Cn2cc(COc3ccccc3)nn2)cc1,train
1267,Clc1ccc(OCc2cn(Cc3cccc(Cl)c3)nn2)cc1,DTPIZVVEMLNNFK-UHFFFAOYSA-N,CHEMBL3740919,10.1039/C5MD00057B,Antioxidant activity assessed as DPPH radical scavenging activity after 30 mins by spectrophotometric analysis,334.2,6.971873129862417e-05,4.15665052453135,Other,c1ccc(Cn2cc(COc3ccccc3)nn2)cc1,train
1268,Clc1ccc(OCc2cn(Cc3ccc(Br)cc3)nn2)cc1,HUIDPQDMTRJLRT-UHFFFAOYSA-N,CHEMBL3742164,10.1039/C5MD00057B,Antioxidant activity assessed as DPPH radical scavenging activity after 30 mins by spectrophotometric analysis,378.7,2.904673884341176e-05,4.5369026199626,Other,c1ccc(Cn2cc(COc3ccccc3)nn2)cc1,train
1269,O=[N+]([O-])c1ccc(Cn2cc(COc3cccc([N+](=O)[O-])c3)nn2)cc1,QOWWZBZWDGBVCL-UHFFFAOYSA-N,CHEMBL3742289,10.1039/C5MD00057B,Antioxidant activity assessed as DPPH radical scavenging activity after 30 mins by spectrophotometric analysis,355.3,4.812834224598978e-05,4.31759909709717,Aromatic amine,c1ccc(Cn2cc(COc3ccccc3)nn2)cc1,train
1270,O=[N+]([O-])c1cccc(Cn2cc(COc3cccc([N+](=O)[O-])c3)nn2)c1,UCDQDMOPHQCDDE-UHFFFAOYSA-N,CHEMBL3742056,10.1039/C5MD00057B,Antioxidant activity assessed as DPPH radical scavenging activity after 30 mins by spectrophotometric analysis,355.3,5.375738812271322e-05,4.2695618402416,Aromatic amine,c1ccc(Cn2cc(COc3ccccc3)nn2)cc1,train
1271,O=[N+]([O-])c1cccc(OCc2cn(Cc3ccc(Cl)cc3)nn2)c1,XBJVHRBZMYADIM-UHFFFAOYSA-N,CHEMBL3742177,10.1039/C5MD00057B,Antioxidant activity assessed as DPPH radical scavenging activity after 30 mins by spectrophotometric analysis,344.8,0.00010817865429234275,3.96585842534399,Aromatic amine,c1ccc(Cn2cc(COc3ccccc3)nn2)cc1,train
1272,O=[N+]([O-])c1cccc(OCc2cn(Cc3cccc(Cl)c3)nn2)c1,ILNSRYMCKZUQER-UHFFFAOYSA-N,CHEMBL3741365,10.1039/C5MD00057B,Antioxidant activity assessed as DPPH radical scavenging activity after 30 mins by spectrophotometric analysis,344.8,9.048723897911879e-05,4.04341266313423,Aromatic amine,c1ccc(Cn2cc(COc3ccccc3)nn2)cc1,train
1273,O=[N+]([O-])c1cccc(OCc2cn(Cc3ccc(Br)cc3)nn2)c1,LYOZGGWGSHBXMJ-UHFFFAOYSA-N,CHEMBL3742358,10.1039/C5MD00057B,Antioxidant activity assessed as DPPH radical scavenging activity after 30 mins by spectrophotometric analysis,389.2,7.553956834532318e-05,4.12182550118416,Aromatic amine,c1ccc(Cn2cc(COc3ccccc3)nn2)cc1,train
1274,Cc1cc(OCc2cn(Cc3ccc([N+](=O)[O-])cc3)nn2)ccc1Cl,IOZFBVWJJBMJMR-UHFFFAOYSA-N,CHEMBL3741085,10.1039/C5MD00057B,Antioxidant activity assessed as DPPH radical scavenging activity after 30 mins by spectrophotometric analysis,358.8,3.73467112597545e-05,4.42774763600725,Aromatic amine,c1ccc(Cn2cc(COc3ccccc3)nn2)cc1,train
1275,Cc1cc(OCc2cn(Cc3cccc([N+](=O)[O-])c3)nn2)ccc1Cl,YJPGJYFITTVEHF-UHFFFAOYSA-N,CHEMBL3739804,10.1039/C5MD00057B,Antioxidant activity assessed as DPPH radical scavenging activity after 30 mins by spectrophotometric analysis,358.8,4.3478260869565464e-05,4.36172783601759,Aromatic amine,c1ccc(Cn2cc(COc3ccccc3)nn2)cc1,train
1276,Cc1cc(OCc2cn(Cc3ccc(Cl)cc3)nn2)ccc1Cl,XSLJAFVVGNCVBY-UHFFFAOYSA-N,CHEMBL3740542,10.1039/C5MD00057B,Antioxidant activity assessed as DPPH radical scavenging activity after 30 mins by spectrophotometric analysis,348.2,3.2739804709936794e-05,4.48492391544484,Other,c1ccc(Cn2cc(COc3ccccc3)nn2)cc1,train
1277,Cc1cc(OCc2cn(Cc3ccc(Br)cc3)nn2)ccc1Cl,UTXRWEWBUMVNQW-UHFFFAOYSA-N,CHEMBL3741106,10.1039/C5MD00057B,Antioxidant activity assessed as DPPH radical scavenging activity after 30 mins by spectrophotometric analysis,392.7,4.20168067226893e-05,4.37657695705651,Other,c1ccc(Cn2cc(COc3ccccc3)nn2)cc1,train
1278,O=[N+]([O-])c1ccc(Cn2cc(COc3c(Cl)cc(Cl)cc3Cl)nn2)cc1,SNGYZOMEFCNKEE-UHFFFAOYSA-N,CHEMBL3742085,10.1039/C5MD00057B,Antioxidant activity assessed as DPPH radical scavenging activity after 30 mins by spectrophotometric analysis,413.6,6.987427466150846e-05,4.15568268732934,Aromatic amine,c1ccc(Cn2cc(COc3ccccc3)nn2)cc1,train
1279,O=[N+]([O-])c1cccc(Cn2cc(COc3c(Cl)cc(Cl)cc3Cl)nn2)c1,GRGIBTINLJAJBB-UHFFFAOYSA-N,CHEMBL3741645,10.1039/C5MD00057B,Antioxidant activity assessed as DPPH radical scavenging activity after 30 mins by spectrophotometric analysis,413.6,7.059961315280435e-05,4.15119767863747,Aromatic amine,c1ccc(Cn2cc(COc3ccccc3)nn2)cc1,train
1280,Clc1ccc(Cn2cc(COc3c(Cl)cc(Cl)cc3Cl)nn2)cc1,NPKFHEFPRFAFIO-UHFFFAOYSA-N,CHEMBL3741170,10.1039/C5MD00057B,Antioxidant activity assessed as DPPH radical scavenging activity after 30 mins by spectrophotometric analysis,403.1,6.747705284048666e-05,4.17084389411885,Other,c1ccc(Cn2cc(COc3ccccc3)nn2)cc1,train
1281,Clc1cccc(Cn2cc(COc3c(Cl)cc(Cl)cc3Cl)nn2)c1,RQYANSPDXVHBSM-UHFFFAOYSA-N,CHEMBL3739713,10.1039/C5MD00057B,Antioxidant activity assessed as DPPH radical scavenging activity after 30 mins by spectrophotometric analysis,403.1,4.068469362441113e-05,4.39056895010535,Other,c1ccc(Cn2cc(COc3ccccc3)nn2)cc1,train
1282,Clc1cc(Cl)c(OCc2cn(Cc3ccc(Br)cc3)nn2)c(Cl)c1,UWRQDORGSWZPKG-UHFFFAOYSA-N,CHEMBL3742242,10.1039/C5MD00057B,Antioxidant activity assessed as DPPH radical scavenging activity after 30 mins by spectrophotometric analysis,447.5,3.128491620111752e-05,4.50466500397369,Other,c1ccc(Cn2cc(COc3ccccc3)nn2)cc1,train
1283,O=[N+]([O-])c1ccc(Cn2cc(COc3ccc([N+](=O)[O-])cc3I)nn2)cc1,HLYLWXVYKDHTBP-UHFFFAOYSA-N,CHEMBL3741627,10.1039/C5MD00057B,Antioxidant activity assessed as DPPH radical scavenging activity after 30 mins by spectrophotometric analysis,481.2,3.4912718204489086e-05,4.45701633694194,Aromatic amine,c1ccc(Cn2cc(COc3ccccc3)nn2)cc1,test
1284,O=[N+]([O-])c1ccc(OCc2cn(Cc3ccc(Br)cc3)nn2)c(I)c1,JTFBHTYDWIZNNN-UHFFFAOYSA-N,CHEMBL3742194,10.1039/C5MD00057B,Antioxidant activity assessed as DPPH radical scavenging activity after 30 mins by spectrophotometric analysis,515.1,3.5915356241506134e-05,4.44471982147757,Aromatic amine,c1ccc(Cn2cc(COc3ccccc3)nn2)cc1,train
1285,COc1cc2oc(-c3ccccc3)cc(=O)c2c(O)c1O,ZTHLHHDJRXJGRX-UHFFFAOYSA-N,CHEMBL296800,10.1039/C5MD00163C,Antioxidant activity assessed as DPPH radical scavenging activity after 30 mins by ELISA reader analysis,284.3,2.8400000000000135e-05,4.54668165995296,Flavonoid,O=c1cc(-c2ccccc2)oc2ccccc12,train
1286,CC(C)=CCOc1cc2oc(-c3ccccc3)cc(=O)c2c(O)c1O,JQLNZAVRUGCPNR-UHFFFAOYSA-N,CHEMBL1782451,10.1039/C5MD00163C,Antioxidant activity assessed as DPPH radical scavenging activity after 30 mins by ELISA reader analysis,338.4,2.3969999999999803e-05,4.62033196596635,Flavonoid,O=c1cc(-c2ccccc2)oc2ccccc12,train
1287,CC(C)=CCCC(C)=CCOc1cc2oc(-c3ccccc3)cc(=O)c2c(O)c1O,ZGAJOUKZWYWMRK-UHFFFAOYSA-N,CHEMBL1782454,10.1039/C5MD00163C,Antioxidant activity assessed as DPPH radical scavenging activity after 30 mins by ELISA reader analysis,406.5,2.4340000000000218e-05,4.61367942610595,Flavonoid,O=c1cc(-c2ccccc2)oc2ccccc12,train
1288,CC(C)=CCCC(C)=CCCC(C)=CCOc1cc2oc(-c3ccccc3)cc(=O)c2c(O)c1O,XLUZUHKYTNQIGF-UHFFFAOYSA-N,CHEMBL3754716,10.1039/C5MD00163C,Antioxidant activity assessed as DPPH radical scavenging activity after 30 mins by ELISA reader analysis,474.6,2.459000000000018e-05,4.60924147126128,Flavonoid,O=c1cc(-c2ccccc2)oc2ccccc12,train
1289,CCCCOc1cc2oc(-c3ccccc3)cc(=O)c2c(O)c1O,ITJKLRRJXDMNES-UHFFFAOYSA-N,CHEMBL3753569,10.1039/C5MD00163C,Antioxidant activity assessed as DPPH radical scavenging activity after 30 mins by ELISA reader analysis,326.3,1.291e-05,4.88907375773358,Flavonoid,O=c1cc(-c2ccccc2)oc2ccccc12,train
1290,CCCCCCOc1cc2oc(-c3ccccc3)cc(=O)c2c(O)c1O,ADAANUVXBZWRHW-UHFFFAOYSA-N,CHEMBL3752049,10.1039/C5MD00163C,Antioxidant activity assessed as DPPH radical scavenging activity after 30 mins by ELISA reader analysis,354.4,2.359000000000024e-05,4.6272720591144,Flavonoid,O=c1cc(-c2ccccc2)oc2ccccc12,train
1291,CCCCCCCCOc1cc2oc(-c3ccccc3)cc(=O)c2c(O)c1O,ULNZBAXHDFQBCE-UHFFFAOYSA-N,CHEMBL3753737,10.1039/C5MD00163C,Antioxidant activity assessed as DPPH radical scavenging activity after 30 mins by ELISA reader analysis,382.5,2.1530000000000117e-05,4.66695597017651,Flavonoid,O=c1cc(-c2ccccc2)oc2ccccc12,train
1292,CCCCCCCCCCOc1cc2oc(-c3ccccc3)cc(=O)c2c(O)c1O,OUCUHTPLMUHXEU-UHFFFAOYSA-N,CHEMBL3753019,10.1039/C5MD00163C,Antioxidant activity assessed as DPPH radical scavenging activity after 30 mins by ELISA reader analysis,410.5,2.8579999999999903e-05,4.54393777554505,Flavonoid,O=c1cc(-c2ccccc2)oc2ccccc12,train
1293,CCCCCCCCCCCCOc1cc2oc(-c3ccccc3)cc(=O)c2c(O)c1O,CEULCMKLBIHPTR-UHFFFAOYSA-N,CHEMBL3753264,10.1039/C5MD00163C,Antioxidant activity assessed as DPPH radical scavenging activity after 30 mins by ELISA reader analysis,438.6,2.3510000000000024e-05,4.62874737087506,Flavonoid,O=c1cc(-c2ccccc2)oc2ccccc12,train
1294,COc1cc(C=CC(=O)NC2CCN(Cc3ccccc3)CC2)ccc1O,QZASKHLJKPWQNZ-UHFFFAOYSA-N,CHEMBL3818177,10.1039/C6MD00053C,Antioxidant activity assessed as DPPH radical scavenging activity incubated in dark for 30 mins by spectrophotometry,366.5,3.249999999999967e-05,4.48811663902113,Other,O=C(C=Cc1ccccc1)NC1CCN(Cc2ccccc2)CC1,train
1295,O=C(C=Cc1ccc(O)c(O)c1)NC1CCN(Cc2ccccc2)CC1,HMOJPBIILUMBQG-UHFFFAOYSA-N,CHEMBL3818108,10.1039/C6MD00053C,Antioxidant activity assessed as DPPH radical scavenging activity incubated in dark for 30 mins by spectrophotometry,352.4,1.0600000000000004e-05,4.97469413473523,Other,O=C(C=Cc1ccccc1)NC1CCN(Cc2ccccc2)CC1,train
1296,O=C(C=Cc1ccc(O)cc1)NC1CCN(Cc2ccccc2)CC1,ASZCMFLXGYEKFB-UHFFFAOYSA-N,CHEMBL3818893,10.1039/C6MD00053C,Antioxidant activity assessed as DPPH radical scavenging activity incubated in dark for 30 mins by spectrophotometry,336.4,0.0009799999999999896,3.00877392430751,Other,O=C(C=Cc1ccccc1)NC1CCN(Cc2ccccc2)CC1,train
1297,COc1cc(C=CC(=O)NC2CCN(Cc3ccccc3)CC2)cc(OC)c1O,MLVPIUSEQXVGRL-UHFFFAOYSA-N,CHEMBL3819213,10.1039/C6MD00053C,Antioxidant activity assessed as DPPH radical scavenging activity incubated in dark for 30 mins by spectrophotometry,396.5,2.2299999999999953e-05,4.65169513695184,Other,O=C(C=Cc1ccccc1)NC1CCN(Cc2ccccc2)CC1,train
1298,COc1cc(C=CC(=O)NCCC2CCN(Cc3ccccc3)CC2)ccc1O,MDBSJGXOQHYGEI-UHFFFAOYSA-N,CHEMBL3818089,10.1039/C6MD00053C,Antioxidant activity assessed as DPPH radical scavenging activity incubated in dark for 30 mins by spectrophotometry,394.5,3.41000000000002e-05,4.4672456210075,Other,O=C(C=Cc1ccccc1)NCCC1CCN(Cc2ccccc2)CC1,train
1299,COc1ccc(C=CC(=O)NCCC2CCN(Cc3ccccc3)CC2)cc1O,ARNJIILWEVFCOO-UHFFFAOYSA-N,CHEMBL3818086,10.1039/C6MD00053C,Antioxidant activity assessed as DPPH radical scavenging activity incubated in dark for 30 mins by spectrophotometry,394.5,0.0007640000000000004,3.11690664142431,Other,O=C(C=Cc1ccccc1)NCCC1CCN(Cc2ccccc2)CC1,train
1300,COc1cc(C=CC(=O)NCCC2CCN(Cc3ccccc3)CC2)cc(OC)c1O,GXZHJSKUOGHRTO-UHFFFAOYSA-N,CHEMBL3819231,10.1039/C6MD00053C,Antioxidant activity assessed as DPPH radical scavenging activity incubated in dark for 30 mins by spectrophotometry,424.5,2.4900000000000205e-05,4.60380065290426,Other,O=C(C=Cc1ccccc1)NCCC1CCN(Cc2ccccc2)CC1,train
1301,O=C(C=Cc1ccc(O)c(O)c1)NCCC1CCN(Cc2ccccc2)CC1,UFQJPMAHMNYIOA-UHFFFAOYSA-N,CHEMBL3818992,10.1039/C6MD00053C,Antioxidant activity assessed as DPPH radical scavenging activity incubated in dark for 30 mins by spectrophotometry,380.5,1.0700000000000003e-05,4.97061622231479,Other,O=C(C=Cc1ccccc1)NCCC1CCN(Cc2ccccc2)CC1,train
1302,O=C(C=Cc1ccccc1O)NCCC1CCN(Cc2ccccc2)CC1,YAWVNBSVSGFOGD-UHFFFAOYSA-N,CHEMBL3817981,10.1039/C6MD00053C,Antioxidant activity assessed as DPPH radical scavenging activity incubated in dark for 30 mins by spectrophotometry,364.5,0.0009769999999999928,3.01010543628123,Other,O=C(C=Cc1ccccc1)NCCC1CCN(Cc2ccccc2)CC1,train
1303,COc1cc(CCC(=O)NC2CCN(Cc3ccccc3)CC2)ccc1O,IJPZOOXCIQBPFO-UHFFFAOYSA-N,CHEMBL3818061,10.1039/C6MD00053C,Antioxidant activity assessed as DPPH radical scavenging activity incubated in dark for 30 mins by spectrophotometry,368.5,5.510000000000061e-05,4.25884840114821,Other,O=C(CCc1ccccc1)NC1CCN(Cc2ccccc2)CC1,train
1304,COc1cc(CCC(=O)NCCC2CCN(Cc3ccccc3)CC2)ccc1O,PRZIVMZUOGFQQX-UHFFFAOYSA-N,CHEMBL3818250,10.1039/C6MD00053C,Antioxidant activity assessed as DPPH radical scavenging activity incubated in dark for 30 mins by spectrophotometry,396.5,4.829999999999975e-05,4.31605286924849,Other,O=C(CCc1ccccc1)NCCC1CCN(Cc2ccccc2)CC1,train
1305,COc1cc(C=CC(=O)CC(=O)NCCC2CCN(Cc3ccccc3)CC2)ccc1O,FMWOHHMKWVZXGG-UHFFFAOYSA-N,CHEMBL3818119,10.1039/C6MD00053C,Antioxidant activity assessed as DPPH radical scavenging activity incubated in dark for 30 mins by spectrophotometry,436.6,7.679999999999964e-05,4.11463877996849,Other,O=C(C=Cc1ccccc1)CC(=O)NCCC1CCN(Cc2ccccc2)CC1,train
1306,COc1cc(C=CC(=O)CC(=O)NC2CCN(Cc3ccccc3)CC2)ccc1O,OLNBLLMCDKACDM-UHFFFAOYSA-N,CHEMBL3819423,10.1039/C6MD00053C,Antioxidant activity assessed as DPPH radical scavenging activity incubated in dark for 30 mins by spectrophotometry,408.5,8.870000000000079e-05,4.05207638016827,Other,O=C(C=Cc1ccccc1)CC(=O)NC1CCN(Cc2ccccc2)CC1,train
1307,O=C(C=Cc1ccc(O)cc1)CC(=O)NC1CCN(Cc2ccccc2)CC1,SRAOYAVCDKQURE-UHFFFAOYSA-N,CHEMBL3817926,10.1039/C6MD00053C,Antioxidant activity assessed as DPPH radical scavenging activity incubated in dark for 30 mins by spectrophotometry,378.5,0.0008899999999999945,3.05060999335509,Other,O=C(C=Cc1ccccc1)CC(=O)NC1CCN(Cc2ccccc2)CC1,train
1308,Nc1nc(N2CCCC2)sc1C(=O)c1cc2ccccc2oc1=O,UBQVUPSWDGBQBW-UHFFFAOYSA-N,CHEMBL4160186,10.1016/j.ejmech.2018.06.015,Antioxidant activity assessed as DPPH radical scavenging activity incubated for 30 mins under dark condition by spectrophotometric method,341.4,8.435852372583562e-05,4.07387102901948,Coumarin,O=C(c1cnc(N2CCCC2)s1)c1cc2ccccc2oc1=O,train
1309,Nc1nc(N2CCCC2)sc1C(=O)c1cc2cc(Br)ccc2oc1=O,SKVOQSBMMXTQMK-UHFFFAOYSA-N,CHEMBL4166479,10.1016/j.ejmech.2018.06.015,Antioxidant activity assessed as DPPH radical scavenging activity incubated for 30 mins under dark condition by spectrophotometric method,420.3,7.542231739233798e-05,4.12250012778769,Coumarin,O=C(c1cnc(N2CCCC2)s1)c1cc2ccccc2oc1=O,train
1310,Nc1nc(N2CCCCC2)sc1C(=O)c1cc2ccccc2oc1=O,YQVSLJGBFWBMOJ-UHFFFAOYSA-N,CHEMBL4176776,10.1016/j.ejmech.2018.06.015,Antioxidant activity assessed as DPPH radical scavenging activity incubated for 30 mins under dark condition by spectrophotometric method,355.4,7.681485649971796e-05,4.11455477642853,Coumarin,O=C(c1cnc(N2CCCCC2)s1)c1cc2ccccc2oc1=O,train
1311,Nc1nc(N2CCCCC2)sc1C(=O)c1cc2cc(Br)ccc2oc1=O,JTBQPEJANVTMKR-UHFFFAOYSA-N,CHEMBL4164276,10.1016/j.ejmech.2018.06.015,Antioxidant activity assessed as DPPH radical scavenging activity incubated for 30 mins under dark condition by spectrophotometric method,434.3,0.00010729910200322331,3.96940391267223,Coumarin,O=C(c1cnc(N2CCCCC2)s1)c1cc2ccccc2oc1=O,train
1312,Nc1nc(N2CCC(Cc3ccccc3)CC2)sc1C(=O)c1cc2ccccc2oc1=O,VNSURALLFZSCPW-UHFFFAOYSA-N,CHEMBL4163993,10.1016/j.ejmech.2018.06.015,Antioxidant activity assessed as DPPH radical scavenging activity incubated for 30 mins under dark condition by spectrophotometric method,445.5,8.462401795735141e-05,4.0725063581671,Coumarin,O=C(c1cnc(N2CCC(Cc3ccccc3)CC2)s1)c1cc2ccccc2oc1=O,train
1313,Nc1nc(N2CCN(Cc3ccccc3)CC2)sc1C(=O)c1cc2ccccc2oc1=O,WOUBVQSECXPAEW-UHFFFAOYSA-N,CHEMBL4160878,10.1016/j.ejmech.2018.06.015,Antioxidant activity assessed as DPPH radical scavenging activity incubated for 30 mins under dark condition by spectrophotometric method,446.5,7.099664053751463e-05,4.14876220100681,Coumarin,O=C(c1cnc(N2CCN(Cc3ccccc3)CC2)s1)c1cc2ccccc2oc1=O,train
1314,Nc1nc(N2CCN(c3ccccc3)CC2)sc1C(=O)c1cc2ccccc2oc1=O,HVLQALZOVQYFBW-UHFFFAOYSA-N,CHEMBL4168813,10.1016/j.ejmech.2018.06.015,Antioxidant activity assessed as DPPH radical scavenging activity incubated for 30 mins under dark condition by spectrophotometric method,432.5,8.855491329479781e-05,4.05278733783221,Coumarin,O=C(c1cnc(N2CCN(c3ccccc3)CC2)s1)c1cc2ccccc2oc1=O,train
1315,Nc1nc(N2CCOCC2)sc1C(=O)c1cc2ccccc2oc1=O,UWOYKZLNRHMWHK-UHFFFAOYSA-N,CHEMBL4160493,10.1016/j.ejmech.2018.06.015,Antioxidant activity assessed as DPPH radical scavenging activity incubated for 30 mins under dark condition by spectrophotometric method,357.4,7.218802462227122e-05,4.1415348422064,Coumarin,O=C(c1cnc(N2CCOCC2)s1)c1cc2ccccc2oc1=O,train
1316,Nc1nc(N2CCOCC2)sc1C(=O)c1cc2cc(Br)ccc2oc1=O,QKXCDCSSYOCYOB-UHFFFAOYSA-N,CHEMBL4165559,10.1016/j.ejmech.2018.06.015,Antioxidant activity assessed as DPPH radical scavenging activity incubated for 30 mins under dark condition by spectrophotometric method,436.3,7.93032317212933e-05,4.10070911419404,Coumarin,O=C(c1cnc(N2CCOCC2)s1)c1cc2ccccc2oc1=O,train
1317,Nc1nc(N2CCSCC2)sc1C(=O)c1cc2ccccc2oc1=O,KJMVAPUNGDNSIE-UHFFFAOYSA-N,CHEMBL4176173,10.1016/j.ejmech.2018.06.015,Antioxidant activity assessed as DPPH radical scavenging activity incubated for 30 mins under dark condition by spectrophotometric method,373.5,6.398929049531461e-05,4.19389270520328,Coumarin,O=C(c1cnc(N2CCSCC2)s1)c1cc2ccccc2oc1=O,train
1318,Nc1nc(N2CCSCC2)sc1C(=O)c1cc2cc(Br)ccc2oc1=O,LMDYJUGHZCLSOK-UHFFFAOYSA-N,CHEMBL4168981,10.1016/j.ejmech.2018.06.015,Antioxidant activity assessed as DPPH radical scavenging activity incubated for 30 mins under dark condition by spectrophotometric method,452.4,6.122900088417313e-05,4.21304282718897,Coumarin,O=C(c1cnc(N2CCSCC2)s1)c1cc2ccccc2oc1=O,train
1319,Nc1nc(Nc2ccccc2)sc1C(=O)c1cc2ccccc2oc1=O,WZXNMGOIRGCGJJ-UHFFFAOYSA-N,CHEMBL1983124,10.1016/j.ejmech.2018.06.015,Antioxidant activity assessed as DPPH radical scavenging activity incubated for 30 mins under dark condition by spectrophotometric method,363.4,0.00013731425426527104,3.86228437734863,Coumarin,O=C(c1cnc(Nc2ccccc2)s1)c1cc2ccccc2oc1=O,test
1320,COc1ccc(Nc2nc(N)c(C(=O)c3cc4ccccc4oc3=O)s2)cc1,KZYYEALEHBKQQQ-UHFFFAOYSA-N,CHEMBL1977276,10.1016/j.ejmech.2018.06.015,Antioxidant activity assessed as DPPH radical scavenging activity incubated for 30 mins under dark condition by spectrophotometric method,393.4,0.00010091509913574034,3.9960438488202,Coumarin,O=C(c1cnc(Nc2ccccc2)s1)c1cc2ccccc2oc1=O,test
1321,COc1cc(Nc2nc(N)c(C(=O)c3cc4ccccc4oc3=O)s2)cc(OC)c1OC,WUHGNRMBKMVAHI-UHFFFAOYSA-N,CHEMBL4164471,10.1016/j.ejmech.2018.06.015,Antioxidant activity assessed as DPPH radical scavenging activity incubated for 30 mins under dark condition by spectrophotometric method,453.5,5.7993384785004964e-05,4.23662154290636,Coumarin,O=C(c1cnc(Nc2ccccc2)s1)c1cc2ccccc2oc1=O,train
1322,COc1ccc(C=Nc2ccccc2O)cc1O,RDUNFXQXKWUOAB-UHFFFAOYSA-N,CHEMBL4174378,10.1016/j.bmc.2018.08.029,Antioxidant activity assessed as DPPH radical scavenging activity after 30 mins by spectrophotometric method,243.3,3.449999999999967e-05,4.46218090492673,Aromatic amine,C(=Nc1ccccc1)c1ccccc1,train
1323,O=C(O)c1ccc(C=Nc2ccccc2O)cc1,XSYUWHUXGVSAGT-UHFFFAOYSA-N,CHEMBL4159253,10.1016/j.bmc.2018.08.029,Antioxidant activity assessed as DPPH radical scavenging activity after 30 mins by spectrophotometric method,241.2,3.6599999999999955e-05,4.43651891460559,Aromatic amine,C(=Nc1ccccc1)c1ccccc1,train
1324,O=C(O)c1ccccc1C=Nc1ccccc1O,MIMNVEFWUBCBOM-UHFFFAOYSA-N,CHEMBL4169896,10.1016/j.bmc.2018.08.029,Antioxidant activity assessed as DPPH radical scavenging activity after 30 mins by spectrophotometric method,241.2,3.41000000000002e-05,4.4672456210075,Aromatic amine,C(=Nc1ccccc1)c1ccccc1,train
1325,CN1CCN(CC(=O)Nc2nc3ccccc3[nH]2)CC1,NWYPCAALTPYXCA-UHFFFAOYSA-N,CHEMBL4205483,10.1016/j.bmc.2017.09.045,Antioxidant activity assessed as DPPH free radical scavenging activity after 30 mins by spectrophotometric analysis,273.3,0.0005032564946944714,3.29821061168666,Other,O=C(CN1CCNCC1)Nc1nc2ccccc2[nH]1,train
1326,CCN1CCN(CC(=O)Nc2nc3ccccc3[nH]2)CC1,CIERPBYHKUPVRC-UHFFFAOYSA-N,CHEMBL4210367,10.1016/j.bmc.2017.09.045,Antioxidant activity assessed as DPPH free radical scavenging activity after 30 mins by spectrophotometric analysis,287.4,0.00043462073764788053,3.36188955544031,Other,O=C(CN1CCNCC1)Nc1nc2ccccc2[nH]1,train
1327,O=C(CN1CCN(c2ccccc2)CC1)Nc1nc2ccccc2[nH]1,NTWWCRGDHUOYJS-UHFFFAOYSA-N,CHEMBL4209860,10.1016/j.bmc.2017.09.045,Antioxidant activity assessed as DPPH free radical scavenging activity after 30 mins by spectrophotometric analysis,335.4,0.0004935002981514597,3.30671258061239,Aromatic amine,O=C(CN1CCN(c2ccccc2)CC1)Nc1nc2ccccc2[nH]1,train
1328,O=C(CN1CCN(c2ccccc2F)CC1)Nc1nc2ccccc2[nH]1,QXPFMRGCVCLWNM-UHFFFAOYSA-N,CHEMBL4214768,10.1016/j.bmc.2017.09.045,Antioxidant activity assessed as DPPH free radical scavenging activity after 30 mins by spectrophotometric analysis,353.4,0.00034332201471420464,3.46429834757233,Aromatic amine,O=C(CN1CCN(c2ccccc2)CC1)Nc1nc2ccccc2[nH]1,train
1329,O=C(CN1CCN(c2ccccn2)CC1)Nc1nc2ccccc2[nH]1,KQNUFGCNSGRKNH-UHFFFAOYSA-N,CHEMBL4213315,10.1016/j.bmc.2017.09.045,Antioxidant activity assessed as DPPH free radical scavenging activity after 30 mins by spectrophotometric analysis,336.4,0.0002079964328180756,3.68194411321373,Other,O=C(CN1CCN(c2ccccn2)CC1)Nc1nc2ccccc2[nH]1,test
1330,O=C(CN1CCN(c2ncccn2)CC1)Nc1nc2ccccc2[nH]1,MSYMHPDCYJAMLH-UHFFFAOYSA-N,CHEMBL4218251,10.1016/j.bmc.2017.09.045,Antioxidant activity assessed as DPPH free radical scavenging activity after 30 mins by spectrophotometric analysis,337.4,0.00031941315945465017,3.495647195396,Other,O=C(CN1CCN(c2ncccn2)CC1)Nc1nc2ccccc2[nH]1,train
1331,O=C(CN1CCN(Cc2ccccc2)CC1)Nc1nc2ccccc2[nH]1,GJTIMLDQOAZIQY-UHFFFAOYSA-N,CHEMBL4209461,10.1016/j.bmc.2017.09.045,Antioxidant activity assessed as DPPH free radical scavenging activity after 30 mins by spectrophotometric analysis,349.4,0.000385546651402401,3.41392306451102,Other,O=C(CN1CCN(Cc2ccccc2)CC1)Nc1nc2ccccc2[nH]1,train
1332,O=C(CN1CCN(C(c2ccccc2)c2ccccc2)CC1)Nc1nc2ccccc2[nH]1,SFWUBLMNCPZOJP-UHFFFAOYSA-N,CHEMBL4204594,10.1016/j.bmc.2017.09.045,Antioxidant activity assessed as DPPH free radical scavenging activity after 30 mins by spectrophotometric analysis,425.5,0.00020841363102232474,3.68107387997816,Other,O=C(CN1CCN(C(c2ccccc2)c2ccccc2)CC1)Nc1nc2ccccc2[nH]1,train
1333,COc1ccc(N2CCN(CC(=O)Nc3nc4ccccc4[nH]3)CC2)cc1,NEYZZTLDAJZCDP-UHFFFAOYSA-N,CHEMBL4213854,10.1016/j.bmc.2017.09.045,Antioxidant activity assessed as DPPH free radical scavenging activity after 30 mins by spectrophotometric analysis,365.4,0.00039460864805692454,3.4038334011866,Aromatic amine,O=C(CN1CCN(c2ccccc2)CC1)Nc1nc2ccccc2[nH]1,train
1334,O=C(CN1CCN(c2ccc([N+](=O)[O-])cc2)CC1)Nc1nc2ccccc2[nH]1,UDKKOWCBYSFTJZ-UHFFFAOYSA-N,CHEMBL4208933,10.1016/j.bmc.2017.09.045,Antioxidant activity assessed as DPPH free radical scavenging activity after 30 mins by spectrophotometric analysis,380.4,0.0002510252365930605,3.60028261492471,Aromatic amine,O=C(CN1CCN(c2ccccc2)CC1)Nc1nc2ccccc2[nH]1,train
1335,O=C(CN1CCN(C(=O)c2ccco2)CC1)Nc1nc2ccccc2[nH]1,LAPVASSIKRAKDJ-UHFFFAOYSA-N,CHEMBL4218264,10.1016/j.bmc.2017.09.045,Antioxidant activity assessed as DPPH free radical scavenging activity after 30 mins by spectrophotometric analysis,353.4,0.0003295981890209419,3.48201518320178,Other,O=C(CN1CCN(C(=O)c2ccco2)CC1)Nc1nc2ccccc2[nH]1,train
1336,COc1ccccc1N1CCN(CC(=O)Nc2nc3ccccc3[nH]2)CC1,YZKYJECNWUAGPJ-UHFFFAOYSA-N,CHEMBL4213328,10.1016/j.bmc.2017.09.045,Antioxidant activity assessed as DPPH free radical scavenging activity after 30 mins by spectrophotometric analysis,365.4,0.0003630268199233726,3.44006128869817,Aromatic amine,O=C(CN1CCN(c2ccccc2)CC1)Nc1nc2ccccc2[nH]1,train
1337,O=C(CN1CCN(CCc2ccccc2)CC1)Nc1nc2ccccc2[nH]1,DGPOFCDQOPPQIJ-UHFFFAOYSA-N,CHEMBL4206019,10.1016/j.bmc.2017.09.045,Antioxidant activity assessed as DPPH free radical scavenging activity after 30 mins by spectrophotometric analysis,363.5,0.0004082255845942205,3.38909978036493,Other,O=C(CN1CCN(CCc2ccccc2)CC1)Nc1nc2ccccc2[nH]1,train
1338,CS(=O)(=O)c1ccc(NNC(=O)CCC(N)C(=O)O)c(F)c1,NXNJXZIRQYXVQP-UHFFFAOYSA-N,CHEMBL4215190,10.1016/j.bmcl.2017.11.012,Antioxidant activity assessed as DPPH radical scavenging activity incubated under dark condition for 30 mins by spectrophotometric analysis,333.3,2.616261626162634e-05,4.58231882872796,Aromatic amine,c1ccccc1,train
1339,Cc1ccc(NNC(=O)CCC(N)C(=O)O)c(C)c1,AUYYBKVDOUXQSS-UHFFFAOYSA-N,CHEMBL4216443,10.1016/j.bmcl.2017.11.012,Antioxidant activity assessed as DPPH radical scavenging activity incubated under dark condition for 30 mins by spectrophotometric analysis,265.3,5.936675461741418e-05,4.22645669185671,Aromatic amine,c1ccccc1,train
1340,NC(CCC(=O)NNc1cc(O)cc(O)c1)C(=O)O,BWGJLRJVLDOMPN-UHFFFAOYSA-N,CHEMBL4203096,10.1016/j.bmcl.2017.11.012,Antioxidant activity assessed as DPPH radical scavenging activity incubated under dark condition for 30 mins by spectrophotometric analysis,269.3,0.0011766060155959945,2.92936893553937,Aromatic amine,c1ccccc1,train
1341,NC(CCC(=O)NNc1ccc(O)cc1O)C(=O)O,ZWMCCJSICQTLCB-UHFFFAOYSA-N,CHEMBL4215322,10.1016/j.bmcl.2017.11.012,Antioxidant activity assessed as DPPH radical scavenging activity incubated under dark condition for 30 mins by spectrophotometric analysis,269.3,0.00010401039732640229,3.98292324458794,Aromatic amine,c1ccccc1,train
1342,CS(=O)(=O)c1ccc(NNC(=O)CCC(N)C(=O)O)cc1,DBSWBEUMVWNHRJ-UHFFFAOYSA-N,CHEMBL4211537,10.1016/j.bmcl.2017.11.012,Antioxidant activity assessed as DPPH radical scavenging activity incubated under dark condition for 30 mins by spectrophotometric analysis,315.4,3.0342422320862412e-05,4.51794975121604,Aromatic amine,c1ccccc1,train
1343,NC(CCC(=O)NNc1ccc(F)cc1)C(=O)O,PTKRHSDTTIPSFR-UHFFFAOYSA-N,CHEMBL4208422,10.1016/j.bmcl.2017.11.012,Antioxidant activity assessed as DPPH radical scavenging activity incubated under dark condition for 30 mins by spectrophotometric analysis,255.2,5.3957680250783795e-05,4.2679467297922,Aromatic amine,c1ccccc1,train
1344,Cc1ccc(NNC(=O)CCC(N)C(=O)O)cc1,NXBHPVAPFHFIHE-UHFFFAOYSA-N,CHEMBL4208296,10.1016/j.bmcl.2017.11.012,Antioxidant activity assessed as DPPH radical scavenging activity incubated under dark condition for 30 mins by spectrophotometric analysis,251.3,3.975328292877069e-05,4.40062700036659,Aromatic amine,c1ccccc1,train
1345,NC(CCC(=O)NNc1cccc(F)c1)C(=O)O,VMKORKFKUOIZKJ-UHFFFAOYSA-N,CHEMBL4212461,10.1016/j.bmcl.2017.11.012,Antioxidant activity assessed as DPPH radical scavenging activity incubated under dark condition for 30 mins by spectrophotometric analysis,255.2,4.4827586206896524e-05,4.34845464559212,Aromatic amine,c1ccccc1,train
1346,Cc1cccc(NNC(=O)CCC(N)C(=O)O)c1,BYHRZGBBJDXTPZ-UHFFFAOYSA-N,CHEMBL4208730,10.1016/j.bmcl.2017.11.012,Antioxidant activity assessed as DPPH radical scavenging activity incubated under dark condition for 30 mins by spectrophotometric analysis,251.3,4.019100676482323e-05,4.39587111480993,Aromatic amine,c1ccccc1,train
1347,NC(CCC(=O)NNc1cccc(O)c1)C(=O)O,QWOYPEOOXLREKN-UHFFFAOYSA-N,CHEMBL1210426,10.1016/j.bmcl.2017.11.012,Antioxidant activity assessed as DPPH radical scavenging activity incubated under dark condition for 30 mins by spectrophotometric analysis,253.3,4.2123963679431294e-05,4.37547077036608,Aromatic amine,c1ccccc1,train
1348,NC(CCC(=O)NNc1ccccc1F)C(=O)O,IXPSJLIDUKMXMK-UHFFFAOYSA-N,CHEMBL4209470,10.1016/j.bmcl.2017.11.012,Antioxidant activity assessed as DPPH radical scavenging activity incubated under dark condition for 30 mins by spectrophotometric analysis,255.2,4.2554858934168954e-05,4.3710508447963,Aromatic amine,c1ccccc1,train
1349,CCc1ccccc1NNC(=O)CCC(N)C(=O)O,XNDIWMNMEKXGBU-UHFFFAOYSA-N,CHEMBL4218704,10.1016/j.bmcl.2017.11.012,Antioxidant activity assessed as DPPH radical scavenging activity incubated under dark condition for 30 mins by spectrophotometric analysis,265.3,6.460610629476059e-05,4.18972643239515,Aromatic amine,c1ccccc1,train
1350,Cc1ccccc1NNC(=O)CCC(N)C(=O)O,FGYRIBQLMWRJKH-UHFFFAOYSA-N,CHEMBL4215417,10.1016/j.bmcl.2017.11.012,Antioxidant activity assessed as DPPH radical scavenging activity incubated under dark condition for 30 mins by spectrophotometric analysis,251.3,2.4830879426979797e-05,4.60500789891015,Aromatic amine,c1ccccc1,test
1351,O=C(CCC(NC(=O)OCc1ccccc1)C(=O)OCc1ccccc1)NNc1ccccc1OCc1ccccc1,ZGTFRFXBWYXDCW-UHFFFAOYSA-N,CHEMBL1210428,10.1016/j.bmcl.2017.11.012,Antioxidant activity assessed as DPPH radical scavenging activity incubated under dark condition for 30 mins by spectrophotometric analysis,567.6,7.924594785059958e-05,4.10102293568582,Aromatic amine,O=C(CCC(NC(=O)OCc1ccccc1)C(=O)OCc1ccccc1)NNc1ccccc1OCc1ccccc1,train
1352,NC(CCC(=O)O)C(=O)NNc1ccccc1O,VIRYBKTZGCBFEU-UHFFFAOYSA-N,CHEMBL4202986,10.1016/j.bmcl.2017.11.012,Antioxidant activity assessed as DPPH radical scavenging activity incubated under dark condition for 30 mins by spectrophotometric analysis,289.7,0.00012837418018639947,3.89152231684479,Aromatic amine,c1ccccc1,train
1353,NC(CCC(=O)Nc1ccccc1O)C(=O)O,AGYCKVZNDZEENB-UHFFFAOYSA-N,CHEMBL4206690,10.1016/j.bmcl.2017.11.012,Antioxidant activity assessed as DPPH radical scavenging activity incubated under dark condition for 30 mins by spectrophotometric analysis,238.2,0.000681863979848864,3.16630225099261,Aromatic amine,c1ccccc1,train
1354,NC(CCC(=O)NNc1ccccc1O)C(=O)O,CRSVHQICRXRCEP-UHFFFAOYSA-N,CHEMBL1210425,10.1016/j.bmcl.2017.11.012,Antioxidant activity assessed as DPPH radical scavenging activity incubated under dark condition for 30 mins by spectrophotometric analysis,253.3,3.422818791946291e-05,4.46561609231434,Aromatic amine,c1ccccc1,train
1355,CCCCc1oc2ccc(N=Cc3ccccc3)cc2c1C(=O)c1ccc(OC)cc1,CTOUORRIGAHWHD-UHFFFAOYSA-N,CHEMBL4205464,10.1016/j.bmcl.2017.12.013,Antioxidant activity assessed as DPPH radical scavenging activity after 20 to 30 mins,411.5,8.320777642770412e-05,4.07983608354317,Aromatic amine,O=C(c1ccccc1)c1coc2ccc(N=Cc3ccccc3)cc12,train
1356,CCCCc1oc2ccc(N=Cc3ccc(OC)cc3OC)cc2c1C(=O)c1ccc(OC)cc1,SECYNWXWPXIQNO-UHFFFAOYSA-N,CHEMBL4203232,10.1016/j.bmcl.2017.12.013,Antioxidant activity assessed as DPPH radical scavenging activity after 20 to 30 mins,471.6,4.353265479219675e-05,4.36118484705246,Aromatic amine,O=C(c1ccccc1)c1coc2ccc(N=Cc3ccccc3)cc12,train
1357,CCCCc1oc2ccc(N=Cc3ccc(F)cc3)cc2c1C(=O)c1ccc(OC)cc1,VSAMIVNFPZJPMP-UHFFFAOYSA-N,CHEMBL4206446,10.1016/j.bmcl.2017.12.013,Antioxidant activity assessed as DPPH radical scavenging activity after 20 to 30 mins,429.5,0.00023352735739231816,3.63166223514684,Aromatic amine,O=C(c1ccccc1)c1coc2ccc(N=Cc3ccccc3)cc12,train
1358,CCCCc1oc2ccc(N=Cc3ccc(Cl)cc3)cc2c1C(=O)c1ccc(OC)cc1,URVXZZHNBKJXDX-UHFFFAOYSA-N,CHEMBL4202752,10.1016/j.bmcl.2017.12.013,Antioxidant activity assessed as DPPH radical scavenging activity after 20 to 30 mins,445.9,0.00017012783135231943,3.76922463398284,Aromatic amine,O=C(c1ccccc1)c1coc2ccc(N=Cc3ccccc3)cc12,test
1359,CCCCc1oc2ccc(N=Cc3cccc([N+](=O)[O-])c3)cc2c1C(=O)c1ccc(OC)cc1,BTDHBFNXWZTZGG-UHFFFAOYSA-N,CHEMBL4202857,10.1016/j.bmcl.2017.12.013,Antioxidant activity assessed as DPPH radical scavenging activity after 20 to 30 mins,456.5,7.483023001095295e-05,4.12592291985335,Aromatic amine,O=C(c1ccccc1)c1coc2ccc(N=Cc3ccccc3)cc12,train
1360,CCCCc1oc2ccc(N=Cc3ccc(C#N)cc3)cc2c1C(=O)c1ccc(OC)cc1,JZNQJJJEEFGREZ-UHFFFAOYSA-N,CHEMBL4214515,10.1016/j.bmcl.2017.12.013,Antioxidant activity assessed as DPPH radical scavenging activity after 20 to 30 mins,436.5,6.222222222222284e-05,4.20605448243312,Aromatic amine,O=C(c1ccccc1)c1coc2ccc(N=Cc3ccccc3)cc12,test
1361,CCCCc1oc2ccc(N=Cc3ccc(O)cc3)cc2c1C(=O)c1ccc(OC)cc1,DWCSGPMTDZNDLA-UHFFFAOYSA-N,CHEMBL4211822,10.1016/j.bmcl.2017.12.013,Antioxidant activity assessed as DPPH radical scavenging activity after 20 to 30 mins,427.5,5.330994152046736e-05,4.27319179388382,Aromatic amine,O=C(c1ccccc1)c1coc2ccc(N=Cc3ccccc3)cc12,train
1362,CCCCc1oc2ccc(N=Cc3ccc(O)cc3O)cc2c1C(=O)c1ccc(OC)cc1,OEKQPHUZGSTEDF-UHFFFAOYSA-N,CHEMBL4216409,10.1016/j.bmcl.2017.12.013,Antioxidant activity assessed as DPPH radical scavenging activity after 20 to 30 mins,443.5,1.7023675310033716e-05,4.76894667253856,Aromatic amine,O=C(c1ccccc1)c1coc2ccc(N=Cc3ccccc3)cc12,train
1363,CCCCc1oc2ccc(N=Cc3ccccc3O)cc2c1C(=O)c1ccc(OC)cc1,WZEAVAOVUYELIZ-UHFFFAOYSA-N,CHEMBL4211414,10.1016/j.bmcl.2017.12.013,Antioxidant activity assessed as DPPH radical scavenging activity after 20 to 30 mins,427.5,0.00023258479532163568,3.63341867964947,Aromatic amine,O=C(c1ccccc1)c1coc2ccc(N=Cc3ccccc3)cc12,train
1364,CCCCc1oc2ccc(N=Cc3ccc(CC)cc3)cc2c1C(=O)c1ccc(OC)cc1,XPXUEHGEYNVNES-UHFFFAOYSA-N,CHEMBL4212100,10.1016/j.bmcl.2017.12.013,Antioxidant activity assessed as DPPH radical scavenging activity after 20 to 30 mins,439.6,8.393994540491403e-06,5.07603131759239,Aromatic amine,O=C(c1ccccc1)c1coc2ccc(N=Cc3ccccc3)cc12,train
1365,CCCCc1oc2ccc(N=Cc3ccc(OCC)c(OC)c3)cc2c1C(=O)c1ccc(OC)cc1,UYSQUVMPNRVQAU-UHFFFAOYSA-N,CHEMBL4208893,10.1016/j.bmcl.2017.12.013,Antioxidant activity assessed as DPPH radical scavenging activity after 20 to 30 mins,485.6,3.0436573311367708e-05,4.51660424400839,Aromatic amine,O=C(c1ccccc1)c1coc2ccc(N=Cc3ccccc3)cc12,train
1366,CCCCc1oc2ccc(N=Cc3ccccc3-c3cc4ccccc4cc3O)cc2c1C(=O)c1ccc(OC)cc1,OCKWENRDCUHVLX-UHFFFAOYSA-N,CHEMBL4218401,10.1016/j.bmcl.2017.12.013,Antioxidant activity assessed as DPPH radical scavenging activity after 20 to 30 mins,553.7,7.137439046415069e-05,4.14645758759634,Aromatic amine,O=C(c1ccccc1)c1coc2ccc(N=Cc3ccccc3-c3ccc4ccccc4c3)cc12,train
1367,CCCCc1oc2ccc(N=Cc3ccc(Cl)cc3Cl)cc2c1C(=O)c1ccc(OC)cc1,DFBJBOVOJBXQQZ-UHFFFAOYSA-N,CHEMBL4210877,10.1016/j.bmcl.2017.12.013,Antioxidant activity assessed as DPPH radical scavenging activity after 20 to 30 mins,480.4,5.079100749375512e-06,5.29421317239214,Aromatic amine,O=C(c1ccccc1)c1coc2ccc(N=Cc3ccccc3)cc12,train
1368,CCCCc1oc2ccc(N=Cc3ccc([N+](=O)[O-])cc3)cc2c1C(=O)c1ccc(OC)cc1,TUGLIBJSJRGWJO-UHFFFAOYSA-N,CHEMBL4216506,10.1016/j.bmcl.2017.12.013,Antioxidant activity assessed as DPPH radical scavenging activity after 20 to 30 mins,456.5,0.0001163417305585982,3.93426448045118,Aromatic amine,O=C(c1ccccc1)c1coc2ccc(N=Cc3ccccc3)cc12,train
1369,COC(=O)C1(Cc2ccc(O)c(CC=C(C)C)c2)OC(=O)C(O)=C1c1ccc(O)cc1,NGOLMNWQNHWEKU-UHFFFAOYSA-N,CHEMBL517026,10.1016/j.bmcl.2017.12.049,Antioxidant activity assessed as DPPH radical scavenging activity incubated for 30 mins under dark condition by spectrophotometric analysis,424.4,3.7999999999999995e-05,4.42021640338319,Phenolic acid,O=C1C=C(c2ccccc2)C(Cc2ccccc2)O1,train
1370,COC(=O)C1(Cc2ccc(O)cc2)OC(=O)C(O)=C1c1ccc(O)cc1,AEKPZNDJHWFONI-UHFFFAOYSA-N,CHEMBL3753562,10.1016/j.bmcl.2017.12.049,Antioxidant activity assessed as DPPH radical scavenging activity incubated for 30 mins under dark condition by spectrophotometric analysis,356.3,8.600000000000048e-05,4.06550154875643,Phenolic acid,O=C1C=C(c2ccccc2)C(Cc2ccccc2)O1,train
1371,CC1(C)CCc2cc(CC3OC(=O)C(O)=C3c3ccc(O)cc3)ccc2O1,HPPVVFOROQZDCU-UHFFFAOYSA-N,CHEMBL4097120,10.1016/j.bmcl.2017.12.049,Antioxidant activity assessed as DPPH radical scavenging activity incubated for 30 mins under dark condition by spectrophotometric analysis,366.4,9.0000000000001e-05,4.04575749056067,Phenolic acid,O=C1C=C(c2ccccc2)C(Cc2ccc3c(c2)CCCO3)O1,train
1372,COC(=O)C1(Cc2ccc3c(c2)CCC(C)(C)O3)OC(=O)C(O)=C1c1ccc(O)cc1,YCHNFUWRXHTAFK-UHFFFAOYSA-N,CHEMBL4068225,10.1016/j.bmcl.2017.12.049,Antioxidant activity assessed as DPPH radical scavenging activity incubated for 30 mins under dark condition by spectrophotometric analysis,424.4,9.700000000000107e-05,4.01322826573375,Phenolic acid,O=C1C=C(c2ccccc2)C(Cc2ccc3c(c2)CCCO3)O1,train
1373,COC(=O)C1(Cc2ccc3c(c2)CC(C(C)(C)O)O3)OC(=O)C(O)=C1c1ccc(O)cc1,NVAIFFOQCAKMAH-UHFFFAOYSA-N,CHEMBL2035562,10.1016/j.bmcl.2017.12.049,Antioxidant activity assessed as DPPH radical scavenging activity incubated for 30 mins under dark condition by spectrophotometric analysis,440.4,0.00012900000000000034,3.88941028970075,Phenolic acid,O=C1C=C(c2ccccc2)C(Cc2ccc3c(c2)CCO3)O1,train
1374,COC(=O)C1(Cc2ccc3c(c2)CC(O)C(C)(C)O3)OC(=O)C(O)=C1c1ccc(O)cc1,NSXYYYUKWBLFQH-UHFFFAOYSA-N,CHEMBL4213302,10.1016/j.bmcl.2017.12.049,Antioxidant activity assessed as DPPH radical scavenging activity incubated for 30 mins under dark condition by spectrophotometric analysis,440.4,0.00013500000000000125,3.86966623150499,Phenolic acid,O=C1C=C(c2ccccc2)C(Cc2ccc3c(c2)CCCO3)O1,train
1375,O=C1OC(=Cc2ccc(O)cc2)C(O)=C1c1ccc(O)cc1,BNNVVTQUWNGKPH-UHFFFAOYSA-N,CHEMBL2337339,10.1016/j.bmcl.2017.12.049,Antioxidant activity assessed as DPPH radical scavenging activity incubated for 30 mins under dark condition by spectrophotometric analysis,296.3,0.00010599999999999993,3.97469413473523,Phenolic acid,O=C1OC(=Cc2ccccc2)C=C1c1ccccc1,train
1376,CC(=O)NC(CS)C(=O)O,PWKSKIMOESPYIA-UHFFFAOYSA-N,CHEMBL600,10.1016/j.bmcl.2017.12.049,Antioxidant activity assessed as DPPH radical scavenging activity incubated for 30 mins under dark condition by spectrophotometric analysis,163.2,8.49999999999995e-05,4.07058107428571,Other,<acyclic>,train
1377,COC(=O)C1(Cc2ccc(O)c(CC=C(C)C)c2)OC(=O)C(OC)=C1c1ccc(O)cc1,FCSKUNOKIVAIKK-UHFFFAOYSA-N,CHEMBL4204066,10.1016/j.bmcl.2017.12.049,Antioxidant activity assessed as DPPH radical scavenging activity incubated for 30 mins under dark condition,438.5,0.00012495000000000038,3.90326373953753,Phenolic acid,O=C1C=C(c2ccccc2)C(Cc2ccccc2)O1,train
1378,NCC(=O)N1CCCC1C(=O)NC(CCC(=O)O)C(=O)O,JJGBXTYGTKWGAT-UHFFFAOYSA-N,CHEMBL371315,10.1039/C6MD00006A,Antioxidant activity assessed as DPPH radical scavenging activity incubated for 30 mins under dark condition by spectrophotometric method,301.3,0.46940999999999966,0.328447662716636,Other,C1CCNC1,train
1379,CC(C)CC(NC(=O)C(CCC(=O)O)NC(=O)CN)C(=O)O,YYPFZVIXAVDHIK-UHFFFAOYSA-N,CHEMBL4210269,10.1039/C6MD00006A,Antioxidant activity assessed as DPPH radical scavenging activity incubated for 30 mins under dark condition by spectrophotometric method,317.3,0.5207300000000002,0.283387401277361,Other,<acyclic>,train
1380,CC(C)CC(NC(=O)C(Cc1cnc[nH]1)NC(=O)C(N)Cc1ccc(O)cc1)C(=O)O,FBHBVXUBTYVCRU-UHFFFAOYSA-N,CHEMBL4211468,10.1039/C6MD00006A,Antioxidant activity assessed as DPPH radical scavenging activity incubated for 30 mins under dark condition by spectrophotometric method,431.5,0.09994000000000043,1.00026065489343,Other,O=C(CCc1ccccc1)NCCc1cnc[nH]1,train
1381,NC(Cc1ccc(O)cc1)C(=O)NC(CCC(=O)O)C(=O)NCC(=O)O,HVHJYXDXRIWELT-UHFFFAOYSA-N,CHEMBL4206613,10.1039/C6MD00006A,Antioxidant activity assessed as DPPH radical scavenging activity incubated for 30 mins under dark condition by spectrophotometric method,367.4,0.0787599999999999,1.10369429253392,Other,c1ccccc1,train
1382,CC(C)C(NC(=O)C(N)CCCCN)C(=O)NC(Cc1cnc[nH]1)C(=O)O,BWECSLVQIWEMSC-UHFFFAOYSA-N,CHEMBL4211502,10.1039/C6MD00006A,Antioxidant activity assessed as DPPH radical scavenging activity incubated for 30 mins under dark condition by spectrophotometric method,382.5,0.28532999999999975,0.544652563605812,Other,c1c[nH]cn1,train
1383,CC(C)CC(NC(=O)C(N)CCCCN)C(=O)NC(CCC(=O)O)C(=O)O,SKRGVGLIRUGANF-UHFFFAOYSA-N,CHEMBL4218873,10.1039/C6MD00006A,Antioxidant activity assessed as DPPH radical scavenging activity incubated for 30 mins under dark condition by spectrophotometric method,388.5,0.3475899999999996,0.458932726490606,Other,<acyclic>,train
1384,CC(C)CC(N)C(=O)NC(Cc1cnc[nH]1)C(=O)NCC(=O)O,CFZZDVMBRYFFNU-UHFFFAOYSA-N,CHEMBL4204355,10.1039/C6MD00006A,Antioxidant activity assessed as DPPH radical scavenging activity incubated for 30 mins under dark condition by spectrophotometric method,325.4,0.10181999999999991,0.992166907298681,Other,c1c[nH]cn1,train
1385,CC(C)CC(NC(=O)C(CCCCN)NC(=O)C(N)Cc1ccccc1)C(=O)O,DOXQMJCSSYZSNM-UHFFFAOYSA-N,CHEMBL4209584,10.1039/C6MD00006A,Antioxidant activity assessed as DPPH radical scavenging activity incubated for 30 mins under dark condition by spectrophotometric method,406.5,0.0041999999999999945,2.3767507096021,Other,c1ccccc1,train
1386,O=C(O)CNC(=O)C(CS)NC(=O)C1CCCN1,SZZBUDVXWZZPDH-UHFFFAOYSA-N,CHEMBL4204721,10.1039/C6MD00006A,Antioxidant activity assessed as DPPH radical scavenging activity incubated for 30 mins under dark condition by spectrophotometric method,275.3,0.0002999999999999983,3.52287874528034,Other,C1CCNC1,train
1387,CC(C)CC(NC(=O)C1CCCN1)C(=O)NCC(=O)O,FXGIMYRVJJEIIM-UHFFFAOYSA-N,CHEMBL3251727,10.1039/C6MD00006A,Antioxidant activity assessed as DPPH radical scavenging activity incubated for 30 mins under dark condition by spectrophotometric method,285.3,0.1063599999999999,0.973221671340471,Other,C1CCNC1,train
1388,NC(CCC(=O)O)C(=O)NC(CS)C(=O)NC(Cc1cnc[nH]1)C(=O)O,PNAOVYHADQRJQU-UHFFFAOYSA-N,CHEMBL4211968,10.1039/C6MD00006A,Antioxidant activity assessed as DPPH radical scavenging activity incubated for 30 mins under dark condition by spectrophotometric method,387.4,0.00010999999999999873,3.95860731484178,Other,c1c[nH]cn1,train
1389,O=C(Nc1nnc(-c2ccc(O)c(O)c2)s1)c1ccc(C=CC(=O)c2cccs2)cc1,VVDGSMJZPQLZQD-UHFFFAOYSA-N,CHEMBL4287012,10.1039/C8MD00316E,Antioxidant activity assessed as DPPH free radical scavenging activity after 30 mins,449.5,1.1060000000000014e-05,4.95624487303132,Aromatic amine,O=C(Nc1nnc(-c2ccccc2)s1)c1ccc(C=CC(=O)c2cccs2)cc1,train
1390,O=C(Nc1nnc(-c2ccc(O)c(O)c2)s1)c1ccc(C=CC(=O)c2cccc3cc4ccccc4cc23)cc1,IURMXGPRPLODDZ-UHFFFAOYSA-N,CHEMBL4294245,10.1039/C8MD00316E,Antioxidant activity assessed as DPPH free radical scavenging activity after 30 mins,543.6,1.3450000000000097e-05,4.87127771566157,Aromatic amine,O=C(Nc1nnc(-c2ccccc2)s1)c1ccc(C=CC(=O)c2cccc3cc4ccccc4cc23)cc1,train
1391,O=C(C=Cc1ccc(C(=O)Nc2nnc(-c3ccc(O)c(O)c3)s2)cc1)c1ccc([N+](=O)[O-])cc1,SZZRTHNJTHZTOO-UHFFFAOYSA-N,CHEMBL4283661,10.1039/C8MD00316E,Antioxidant activity assessed as DPPH free radical scavenging activity after 30 mins,488.5,1.400999999999985e-05,4.85356186471423,Aromatic amine,O=C(C=Cc1ccc(C(=O)Nc2nnc(-c3ccccc3)s2)cc1)c1ccccc1,train
1392,O=C(C=Cc1ccc(C(=O)Nc2nnc(-c3ccc(O)c(O)c3)s2)cc1)c1ccc(Br)cc1,UFPLYZHAMRFFFJ-UHFFFAOYSA-N,CHEMBL4290841,10.1039/C8MD00316E,Antioxidant activity assessed as DPPH free radical scavenging activity after 30 mins,522.4,1.8039999999999868e-05,4.74376346679408,Aromatic amine,O=C(C=Cc1ccc(C(=O)Nc2nnc(-c3ccccc3)s2)cc1)c1ccccc1,train
1393,O=C(C=Cc1ccc(C(=O)Nc2nnc(-c3ccc(O)c(O)c3)s2)cc1)c1ccc(F)cc1,DNZNNWRQMFKPMR-UHFFFAOYSA-N,CHEMBL4280208,10.1039/C8MD00316E,Antioxidant activity assessed as DPPH free radical scavenging activity after 30 mins,461.5,1.782000000000015e-05,4.74909230029914,Aromatic amine,O=C(C=Cc1ccc(C(=O)Nc2nnc(-c3ccccc3)s2)cc1)c1ccccc1,test
1394,O=C(Nc1nnc(-c2ccc(O)c(O)c2)s1)c1ccc(C=CC(=O)c2ccccc2F)cc1,JYUAVPJAXMDQJC-UHFFFAOYSA-N,CHEMBL4287428,10.1039/C8MD00316E,Antioxidant activity assessed as DPPH free radical scavenging activity after 30 mins,461.5,1.3910000000000123e-05,4.85667287000795,Aromatic amine,O=C(C=Cc1ccc(C(=O)Nc2nnc(-c3ccccc3)s2)cc1)c1ccccc1,test
1395,COc1ccc(C(=O)C=Cc2ccc(C(=O)Nc3nnc(-c4ccc(O)c(O)c4)s3)cc2)cc1,FXKDQITVZUHWHR-UHFFFAOYSA-N,CHEMBL4276778,10.1039/C8MD00316E,Antioxidant activity assessed as DPPH free radical scavenging activity after 30 mins,473.5,1.7860000000000093e-05,4.74811854544747,Aromatic amine,O=C(C=Cc1ccc(C(=O)Nc2nnc(-c3ccccc3)s2)cc1)c1ccccc1,train
1396,COc1cccc(C(=O)C=Cc2ccc(C(=O)Nc3nnc(-c4ccc(O)c(O)c4)s3)cc2)c1,UVZCWJZYICGGAE-UHFFFAOYSA-N,CHEMBL4284063,10.1039/C8MD00316E,Antioxidant activity assessed as DPPH free radical scavenging activity after 30 mins,473.5,1.0329999999999982e-05,4.98589967848038,Aromatic amine,O=C(C=Cc1ccc(C(=O)Nc2nnc(-c3ccccc3)s2)cc1)c1ccccc1,train
1397,COc1ccccc1C(=O)C=Cc1ccc(C(=O)Nc2nnc(-c3ccc(O)c(O)c3)s2)cc1,DQPAIBAYLFONPV-UHFFFAOYSA-N,CHEMBL4291928,10.1039/C8MD00316E,Antioxidant activity assessed as DPPH free radical scavenging activity after 30 mins,473.5,9.759999999999968e-06,5.01055018233331,Aromatic amine,O=C(C=Cc1ccc(C(=O)Nc2nnc(-c3ccccc3)s2)cc1)c1ccccc1,train
1398,Cc1ccc(C(=O)C=Cc2ccc(C(=O)Nc3nnc(-c4ccc(O)c(O)c4)s3)cc2)cc1,ZSKDUKZBKFGQQT-UHFFFAOYSA-N,CHEMBL4278395,10.1039/C8MD00316E,Antioxidant activity assessed as DPPH free radical scavenging activity after 30 mins,457.5,1.1809999999999868e-05,4.92775010238649,Aromatic amine,O=C(C=Cc1ccc(C(=O)Nc2nnc(-c3ccccc3)s2)cc1)c1ccccc1,test
1399,Cc1cccc(C(=O)C=Cc2ccc(C(=O)Nc3nnc(-c4ccc(O)c(O)c4)s3)cc2)c1,YEOFWWSHSWVKLZ-UHFFFAOYSA-N,CHEMBL4286306,10.1039/C8MD00316E,Antioxidant activity assessed as DPPH free radical scavenging activity after 30 mins,457.5,1.7170000000000132e-05,4.76522970483908,Aromatic amine,O=C(C=Cc1ccc(C(=O)Nc2nnc(-c3ccccc3)s2)cc1)c1ccccc1,train
1400,Cc1ccccc1C(=O)C=Cc1ccc(C(=O)Nc2nnc(-c3ccc(O)c(O)c3)s2)cc1,DTWZPPUGUJQZEM-UHFFFAOYSA-N,CHEMBL4293533,10.1039/C8MD00316E,Antioxidant activity assessed as DPPH free radical scavenging activity after 30 mins,457.5,1.165999999999987e-05,4.93330144957701,Aromatic amine,O=C(C=Cc1ccc(C(=O)Nc2nnc(-c3ccccc3)s2)cc1)c1ccccc1,train
1401,O=C(C=Cc1ccc(C(=O)Nc2nnc(-c3ccc(O)c(O)c3)s2)cc1)c1ccccc1,JRTUKQIDPSABSD-UHFFFAOYSA-N,CHEMBL4282928,10.1039/C8MD00316E,Antioxidant activity assessed as DPPH free radical scavenging activity after 30 mins,443.5,1.2029999999999878e-05,4.91973437266016,Aromatic amine,O=C(C=Cc1ccc(C(=O)Nc2nnc(-c3ccccc3)s2)cc1)c1ccccc1,test
1402,COc1cc(C2Oc3c(O)cc(C4CC(=O)c5c(O)cc(O)cc5O4)cc3C2CO)ccc1O,AQRHXQBZDLTXPO-UHFFFAOYSA-N,CHEMBL4076646,10.1021/acs.jnatprod.6b00750,Antioxidant activity assessed as DPPH radical scavenging activity after 30 mins,466.4,4.299000000000028e-05,4.36663255488299,Flavonoid,O=C1CC(c2ccc3c(c2)CC(c2ccccc2)O3)Oc2ccccc21,train
1403,COc1cc(C2Oc3c(O)ccc(C4Oc5cc(O)cc(O)c5C(=O)C4O)c3C2CO)ccc1O,QYCJAWYDGRZSTO-UHFFFAOYSA-N,CHEMBL2397731,10.1021/acs.jnatprod.6b00750,Antioxidant activity assessed as DPPH radical scavenging activity after 30 mins,482.4,5.31100000000003e-05,4.27482369858086,Flavonoid,O=C1CC(c2cccc3c2CC(c2ccccc2)O3)Oc2ccccc21,train
1404,COc1cc(C2Oc3c(O)cc(C4Oc5cc(O)cc(O)c5C(=O)C4O)cc3C2CO)ccc1O,BMLIIPOXVWESJG-UHFFFAOYSA-N,CHEMBL4802105,10.1021/acs.jnatprod.6b00750,Antioxidant activity assessed as DPPH radical scavenging activity after 30 mins,482.4,1.8969999999999874e-05,4.72193266911134,Flavonoid,O=C1CC(c2ccc3c(c2)CC(c2ccccc2)O3)Oc2ccccc21,train
1405,COc1cc(C2Oc3c(O)cc(-c4oc5cc(O)cc(O)c5c(=O)c4O)cc3C2CO)ccc1O,SFNRHEPTJDJBPD-UHFFFAOYSA-N,CHEMBL4076992,10.1021/acs.jnatprod.6b00750,Antioxidant activity assessed as DPPH radical scavenging activity after 30 mins,480.4,4.879999999999993e-06,5.31158017799729,Flavonoid,O=c1cc(-c2ccc3c(c2)CC(c2ccccc2)O3)oc2ccccc12,train
1406,COc1cc(-c2oc3c(O)cc(-c4oc5cc(O)cc(O)c5c(=O)c4O)cc3c2C)ccc1O,UEHLNOFXHWAUEK-UHFFFAOYSA-N,CHEMBL4075384,10.1021/acs.jnatprod.6b00750,Antioxidant activity assessed as DPPH radical scavenging activity after 30 mins,462.4,3.559999999999961e-06,5.44855000202713,Flavonoid,O=c1cc(-c2ccc3oc(-c4ccccc4)cc3c2)oc2ccccc12,train
1407,COc1cc(-c2oc3c(O)cc(C4Oc5cc(O)cc(O)c5C(=O)C4O)cc3c2C)ccc1O,UVADNEYHJQBNON-UHFFFAOYSA-N,CHEMBL4082803,10.1021/acs.jnatprod.6b00750,Antioxidant activity assessed as DPPH radical scavenging activity after 30 mins,464.4,1.7939999999999876e-05,4.74617756129193,Flavonoid,O=C1CC(c2ccc3oc(-c4ccccc4)cc3c2)Oc2ccccc21,train
1408,COc1cc(C2Oc3cc(-c4oc5cc(O)cc(O)c5c(=O)c4O)ccc3OC2CO)ccc1O,BVKQRAYKLBRNIK-UHFFFAOYSA-N,CHEMBL38464,10.1021/acs.jnatprod.6b00750,Antioxidant activity assessed as DPPH radical scavenging activity after 30 mins,480.4,9.319999999999963e-06,5.03058408764602,Flavonoid,O=c1cc(-c2ccc3c(c2)OC(c2ccccc2)CO3)oc2ccccc12,train
1409,COc1cc(O)c2c(=O)c(OC3OC(C)C(O)C(O)C3O)c(-c3ccc(O)c(O)c3)oc2c1OC(C)=O,XCQNRWMPPLJRCM-UHFFFAOYSA-N,CHEMBL4063049,10.1021/acs.jnatprod.6b00720,Antioxidant activity assessed as DPPH radical scavenging activity incubated for 30 mins,520.4,1.6000000000000206e-05,4.79588001734407,Flavonoid,O=c1c(OC2CCCCO2)c(-c2ccccc2)oc2ccccc12,train
1410,COc1cc(O)c2c(=O)c(OC3OC(C)C(O)C(O)C3O)c(-c3ccc(O)c(O)c3)oc2c1O,PTUBUBVQXWVBPI-UHFFFAOYSA-N,CHEMBL4083169,10.1021/acs.jnatprod.6b00720,Antioxidant activity assessed as DPPH radical scavenging activity incubated for 30 mins,478.4,7.799999999999991e-06,5.10790539730952,Flavonoid,O=c1c(OC2CCCCO2)c(-c2ccccc2)oc2ccccc12,train
1411,COc1cc(O)c2c(=O)c(O)c(-c3ccc(O)c(O)c3)oc2c1OC(C)=O,ATGKLATVDOAAOB-UHFFFAOYSA-N,CHEMBL4101165,10.1021/acs.jnatprod.6b00720,Antioxidant activity assessed as DPPH radical scavenging activity incubated for 30 mins,374.3,1.1199999999999962e-05,4.95078197732982,Flavonoid,O=c1cc(-c2ccccc2)oc2ccccc12,train
1412,COc1cc(O)c2c(=O)c(O)c(-c3ccc(O)c(O)c3)oc2c1O,UMZXFBIHFDLFCP-UHFFFAOYSA-N,CHEMBL4095311,10.1021/acs.jnatprod.6b00720,Antioxidant activity assessed as DPPH radical scavenging activity incubated for 30 mins,332.3,1.3899999999999826e-05,4.85698519974591,Flavonoid,O=c1cc(-c2ccccc2)oc2ccccc12,train
1413,Oc1ccc(C2Oc3cc(O)cc(O)c3CC2O)cc1,RSYUFYQTACJFML-UHFFFAOYSA-N,CHEMBL3437595,10.1021/acs.jnatprod.6b00720,Antioxidant activity assessed as DPPH radical scavenging activity incubated for 30 mins,274.3,0.00013880000000000126,3.85761053388116,Other,c1ccc(C2CCc3ccccc3O2)cc1,train
1414,COc1cc(COC2OC(COC3OC(C)C(O)C(O)C3O)C(O)C(O)C2O)cc(OC)c1OC,FDMLCDFMRKLZKB-UHFFFAOYSA-N,CHEMBL4071157,10.1021/acs.jnatprod.6b00720,Antioxidant activity assessed as DPPH radical scavenging activity incubated for 30 mins,506.5,7.410000000000034e-05,4.13018179202067,Other,c1ccc(COC2CCCC(COC3CCCCO3)O2)cc1,test
1415,COc1cc(COC2OC(CO)C(O)C(O)C2O)cc(OC)c1OC,AXVQBEOSDFFBRM-UHFFFAOYSA-N,CHEMBL4070101,10.1021/acs.jnatprod.6b00720,Antioxidant activity assessed as DPPH radical scavenging activity incubated for 30 mins,360.4,0.00011090000000000003,3.95506845385084,Other,c1ccc(COC2CCCCO2)cc1,train
1416,COc1cc(C=CC(=O)NCCc2ccc(O)c(O)c2)ccc1O,ZRLYUFOWFPPSTD-UHFFFAOYSA-N,CHEMBL202844,10.1021/acs.jnatprod.6b00720,Antioxidant activity assessed as DPPH radical scavenging activity incubated for 30 mins,329.4,3.0700000000000224e-05,4.51286162452281,Other,O=C(C=Cc1ccccc1)NCCc1ccccc1,test
1417,COc1cc(C=CC(=O)NCCc2ccc(O)cc2)ccc1O,NPNNKDMSXVRADT-UHFFFAOYSA-N,CHEMBL206555,10.1021/acs.jnatprod.6b00720,Antioxidant activity assessed as DPPH radical scavenging activity incubated for 30 mins,313.4,4.119999999999957e-05,4.38510278396687,Other,O=C(C=Cc1ccccc1)NCCc1ccccc1,train
1418,O=C(C=Cc1ccc(O)cc1)NCCc1ccc(O)c(O)c1,KZUJJPCTENPKOE-UHFFFAOYSA-N,CHEMBL2296788,10.1021/acs.jnatprod.6b00720,Antioxidant activity assessed as DPPH radical scavenging activity incubated for 30 mins,299.3,7.210000000000013e-05,4.14206473528057,Other,O=C(C=Cc1ccccc1)NCCc1ccccc1,train
1419,COc1cc(O)c2c(=O)c(OC3OC(C)C(O)C(O)C3O)c(-c3ccc(O)c(O)c3)oc2c1OC1OC(CO)C(O)C(O)C1O,NMZDJTDURFIQKE-UHFFFAOYSA-N,CHEMBL4090955,10.1021/acs.jnatprod.6b00720,Antioxidant activity assessed as DPPH radical scavenging activity incubated for 30 mins,640.5,9.500000000000055e-06,5.02227639471115,Flavonoid,O=c1c(OC2CCCCO2)c(-c2ccccc2)oc2c(OC3CCCCO3)cccc12,train
1420,COc1cc(O)c2c(=O)c(OC3OC(C)C(O)C(O)C3O)c(-c3cc(O)c(O)c(O)c3)oc2c1,SCNKDAJBBGDFOB-UHFFFAOYSA-N,CHEMBL4098691,10.1021/acs.jnatprod.6b00720,Antioxidant activity assessed as DPPH radical scavenging activity incubated for 30 mins,478.4,2.3200000000000032e-05,4.6345120151091,Flavonoid,O=c1c(OC2CCCCO2)c(-c2ccccc2)oc2ccccc12,train
1421,COc1cc(O)c2c(=O)c(O)c(-c3cc(O)c(O)c(O)c3)oc2c1O,DJNYDDLRXRGMFF-UHFFFAOYSA-N,CHEMBL4082201,10.1021/acs.jnatprod.6b00720,Antioxidant activity assessed as DPPH radical scavenging activity incubated for 30 mins,348.3,1.539999999999989e-05,4.81247927916354,Flavonoid,O=c1cc(-c2ccccc2)oc2ccccc12,train
1422,COc1cc(O)c2c(=O)c(O)c(-c3cc(O)c(O)c(O)c3)oc2c1OC(C)=O,KBIDQAYBKMVTMQ-UHFFFAOYSA-N,CHEMBL4060292,10.1021/acs.jnatprod.6b00720,Antioxidant activity assessed as DPPH radical scavenging activity incubated for 30 mins,390.3,1.3600000000000066e-05,4.86646109162978,Flavonoid,O=c1cc(-c2ccccc2)oc2ccccc12,train
1423,COc1cc(O)c2c(=O)c(OC3OC(C)C(O)C(O)C3O)c(-c3cc(O)c(O)c(O)c3)oc2c1O,VILWYXXAYVMNPA-UHFFFAOYSA-N,CHEMBL4074370,10.1021/acs.jnatprod.6b00720,Antioxidant activity assessed as DPPH radical scavenging activity incubated for 30 mins,494.4,9.899999999999995e-06,5.00436480540245,Flavonoid,O=c1c(OC2CCCCO2)c(-c2ccccc2)oc2ccccc12,test
1424,COc1cc(O)c2c(=O)c(OC3OC(C)C(O)C(O)C3O)c(-c3cc(O)c(O)c(O)c3)oc2c1OC(C)=O,FEBCBHNZTQBDBR-UHFFFAOYSA-N,CHEMBL4094856,10.1021/acs.jnatprod.6b00720,Antioxidant activity assessed as DPPH radical scavenging activity incubated for 30 mins,536.4,1.2900000000000022e-05,4.88941028970075,Flavonoid,O=c1c(OC2CCCCO2)c(-c2ccccc2)oc2ccccc12,train
1425,COc1cc(O)c2c(=O)c(OC3OC(C)C(O)C(O)C3O)c(-c3cc(O)c(O)c(O)c3)oc2c1OC1OC(CO)C(O)C(O)C1O,ZPAYQLJMBBDSCT-UHFFFAOYSA-N,CHEMBL4089074,10.1021/acs.jnatprod.6b00720,Antioxidant activity assessed as DPPH radical scavenging activity incubated for 30 mins,656.5,2.620000000000028e-05,4.58169870868025,Flavonoid,O=c1c(OC2CCCCO2)c(-c2ccccc2)oc2c(OC3CCCCO3)cccc12,train
1426,Cc1c(C)c2c(c(C)c1O)CCC(C)(CO)O2,PKYWXDRQTMJSJK-UHFFFAOYSA-N,CHEMBL284076,10.1016/j.ejmech.2016.12.051,Antioxidant activity assessed as DPPH radical scavenging activity after 30 mins by spectrophotometric method,236.3,3.579999999999965e-06,5.44611697335613,Other,c1ccc2c(c1)CCCO2,train
1427,C=COC(=O)CCCCCCCCCCC(=O)OCC1Oc2ccc(C3Oc4cc(O)cc(O)c4C(=O)C3O)cc2OC1c1ccc(O)c(OC)c1,AWJIVLDUVQWXRJ-UHFFFAOYSA-N,CHEMBL4065356,10.1016/j.ejmech.2016.12.051,Antioxidant activity assessed as DPPH radical scavenging activity after 30 mins by spectrophotometric method,720.8,0.0003720000000000021,3.4294570601181,Flavonoid,O=C1CC(c2ccc3c(c2)OC(c2ccccc2)CO3)Oc2ccccc21,train
1428,COc1cc(C2Oc3cc(C4Oc5cc(O)cc(O)c5C(=O)C4O)ccc3OC2COC(=O)CCCCCCCCCCC(=O)OCC(O)C2OC(=O)C(O)=C2O)ccc1O,VUYOCMNBQRZJDY-UHFFFAOYSA-N,CHEMBL4100739,10.1016/j.ejmech.2016.12.051,Antioxidant activity assessed as DPPH radical scavenging activity after 30 mins by spectrophotometric method,852.8,2.0599999999999826e-05,4.68613277963085,Flavonoid,O=C1C=CC(CCOC(=O)CCCCCCCCCCC(=O)OCC2Oc3ccc(C4CC(=O)c5ccccc5O4)cc3OC2c2ccccc2)O1,test
1429,COc1cc(C2Oc3cc(C4Oc5cc(O)cc(O)c5C(=O)C4O)ccc3OC2COC(=O)CCCCCCCCCCC(=O)OCC2(C)CCc3c(C)c(O)c(C)c(C)c3O2)ccc1O,IFBUVYTWQWOVCC-UHFFFAOYSA-N,CHEMBL4073969,10.1016/j.ejmech.2016.12.051,Antioxidant activity assessed as DPPH radical scavenging activity after 30 mins by spectrophotometric method,913.0,3.500000000000036e-06,5.45593195564972,Flavonoid,O=C(CCCCCCCCCCC(=O)OCC1Oc2ccc(C3CC(=O)c4ccccc4O3)cc2OC1c1ccccc1)OCC1CCc2ccccc2O1,test
1430,COc1cc(C2Oc3cc(C4Oc5cc(O)cc(O)c5C(=O)C4O)ccc3OC2COC(=O)CCCCCCCCCCC(=O)OCCc2ccc(O)cc2)ccc1O,XXQBAFUKOAHTNJ-UHFFFAOYSA-N,CHEMBL4088664,10.1016/j.ejmech.2016.12.051,Antioxidant activity assessed as DPPH radical scavenging activity after 30 mins by spectrophotometric method,814.9,0.0002530000000000013,3.59687947882418,Flavonoid,O=C(CCCCCCCCCCC(=O)OCC1Oc2ccc(C3CC(=O)c4ccccc4O3)cc2OC1c1ccccc1)OCCc1ccccc1,train
1431,O=C(Cc1ccc(O)c(O)c1)OCCOc1no[n+]([O-])c1S(=O)(=O)c1ccccc1,KOEBAZMIXHPQEC-UHFFFAOYSA-N,CHEMBL4059922,10.1016/j.bmc.2017.06.023,Antioxidant activity assessed as DPPH free radical scavenging activity measured after 30 mins in absence of light,436.4,1.6000000000000206e-05,4.79588001734407,Phenolic acid,O=C(Cc1ccccc1)OCCOc1no[nH+]c1S(=O)(=O)c1ccccc1,train
1432,O=C(OCCOc1no[n+]([O-])c1S(=O)(=O)c1ccccc1)c1ccc(O)c(O)c1,HGSLJXFNEVOSBF-UHFFFAOYSA-N,CHEMBL4089052,10.1016/j.bmc.2017.06.023,Antioxidant activity assessed as DPPH free radical scavenging activity measured after 30 mins in absence of light,422.4,5.999999999999954e-05,4.22184874961636,Phenolic acid,O=C(OCCOc1no[nH+]c1S(=O)(=O)c1ccccc1)c1ccccc1,train
1433,O=C(C=Cc1ccc(O)c(O)c1)OCCOc1no[n+]([O-])c1S(=O)(=O)c1ccccc1,DILGXCANUIUKIK-UHFFFAOYSA-N,CHEMBL4060853,10.1016/j.bmc.2017.06.023,Antioxidant activity assessed as DPPH free radical scavenging activity measured after 30 mins in absence of light,448.4,4.1999999999999943e-05,4.3767507096021,Phenolic acid,O=C(C=Cc1ccccc1)OCCOc1no[nH+]c1S(=O)(=O)c1ccccc1,train
1434,COc1cc(C=CC(=O)OCCOc2no[n+]([O-])c2S(=O)(=O)c2ccccc2)ccc1O,LHGROPWCRJCPGZ-UHFFFAOYSA-N,CHEMBL2086817,10.1016/j.bmc.2017.06.023,Antioxidant activity assessed as DPPH free radical scavenging activity measured after 30 mins in absence of light,462.4,0.00018099999999999817,3.74232142513082,Phenolic acid,O=C(C=Cc1ccccc1)OCCOc1no[nH+]c1S(=O)(=O)c1ccccc1,test
1435,O=C(C=Cc1ccc(O)cc1)OCCOc1no[n+]([O-])c1S(=O)(=O)c1ccccc1,RXURKLWUHINATE-UHFFFAOYSA-N,CHEMBL4074411,10.1016/j.bmc.2017.06.023,Antioxidant activity assessed as DPPH free radical scavenging activity measured after 30 mins in absence of light,432.4,0.0013850000000000086,2.85855022659953,Phenolic acid,O=C(C=Cc1ccccc1)OCCOc1no[nH+]c1S(=O)(=O)c1ccccc1,test
1436,CC(C)=NNc1nc(-c2cccc([N+](=O)[O-])c2)cs1,IXNPNOIEHMLDIM-UHFFFAOYSA-N,CHEMBL3263526,10.1016/j.ejmech.2017.10.050,Antioxidant activity assessed as DPPH radical scavenging activity after 30 mins,276.3,0.001160000000000004,2.93554201077308,Aromatic amine,c1ccc(-c2cscn2)cc1,train
1437,CCC(C)=NNc1nc(-c2cccc([N+](=O)[O-])c2)cs1,LBKCDHYQXQTEBN-UHFFFAOYSA-N,CHEMBL4170390,10.1016/j.ejmech.2017.10.050,Antioxidant activity assessed as DPPH radical scavenging activity after 30 mins,290.3,0.0011800000000000124,2.92811799269387,Aromatic amine,c1ccc(-c2cscn2)cc1,train
1438,CCCC(C)=NNc1nc(-c2cccc([N+](=O)[O-])c2)cs1,PTFMKMIGMCPCHY-UHFFFAOYSA-N,CHEMBL4162473,10.1016/j.ejmech.2017.10.050,Antioxidant activity assessed as DPPH radical scavenging activity after 30 mins,304.4,0.001199999999999986,2.92081875395238,Aromatic amine,c1ccc(-c2cscn2)cc1,train
1439,CCC(CC)=NNc1nc(-c2cccc([N+](=O)[O-])c2)cs1,KANUEEZBRKWVQD-UHFFFAOYSA-N,CHEMBL4162060,10.1016/j.ejmech.2017.10.050,Antioxidant activity assessed as DPPH radical scavenging activity after 30 mins,304.4,0.0011300000000000006,2.94692155651658,Aromatic amine,c1ccc(-c2cscn2)cc1,train
1440,CC(CC(C)C)=NNc1nc(-c2cccc([N+](=O)[O-])c2)cs1,ZQJOGKKRWNWVEX-UHFFFAOYSA-N,CHEMBL4172739,10.1016/j.ejmech.2017.10.050,Antioxidant activity assessed as DPPH radical scavenging activity after 30 mins,318.4,0.0013500000000000124,2.86966623150499,Aromatic amine,c1ccc(-c2cscn2)cc1,train
1441,C=CCCC(C)=NNc1nc(-c2cccc([N+](=O)[O-])c2)cs1,UBAQMFQUACCLDA-UHFFFAOYSA-N,CHEMBL4161431,10.1016/j.ejmech.2017.10.050,Antioxidant activity assessed as DPPH radical scavenging activity after 30 mins,316.4,0.0012099999999999993,2.91721462968355,Aromatic amine,c1ccc(-c2cscn2)cc1,train
1442,CCCCC(C)=NNc1nc(-c2cccc([N+](=O)[O-])c2)cs1,HSESQEJTIOQTDH-UHFFFAOYSA-N,CHEMBL4169354,10.1016/j.ejmech.2017.10.050,Antioxidant activity assessed as DPPH radical scavenging activity after 30 mins,318.4,0.0011800000000000124,2.92811799269387,Aromatic amine,c1ccc(-c2cscn2)cc1,train
1443,CCCC(CC)=NNc1nc(-c2cccc([N+](=O)[O-])c2)cs1,HYAFSICDHOBLRM-UHFFFAOYSA-N,CHEMBL4176538,10.1016/j.ejmech.2017.10.050,Antioxidant activity assessed as DPPH radical scavenging activity after 30 mins,318.4,0.0012300000000000054,2.9100948885606,Aromatic amine,c1ccc(-c2cscn2)cc1,test
1444,CCCCCC(CC)=NNc1nc(-c2cccc([N+](=O)[O-])c2)cs1,XDIMBGKMUKQRGU-UHFFFAOYSA-N,CHEMBL4165922,10.1016/j.ejmech.2017.10.050,Antioxidant activity assessed as DPPH radical scavenging activity after 30 mins,346.5,0.0011699999999999955,2.93181413825384,Aromatic amine,c1ccc(-c2cscn2)cc1,test
1445,CCCCC(CC)=NNc1nc(-c2cccc([N+](=O)[O-])c2)cs1,HOXYSDFMPRIEGF-UHFFFAOYSA-N,CHEMBL4173167,10.1016/j.ejmech.2017.10.050,Antioxidant activity assessed as DPPH radical scavenging activity after 30 mins,332.4,0.0012599999999999912,2.89962945488244,Aromatic amine,c1ccc(-c2cscn2)cc1,train
1446,CCCCCCC(C)=NNc1nc(-c2cccc([N+](=O)[O-])c2)cs1,RFGZZDUHDBEWJF-UHFFFAOYSA-N,CHEMBL4162482,10.1016/j.ejmech.2017.10.050,Antioxidant activity assessed as DPPH radical scavenging activity after 30 mins,346.5,0.0011499999999999956,2.93930215964639,Aromatic amine,c1ccc(-c2cscn2)cc1,train
1447,O=[N+]([O-])c1cccc(-c2csc(NN=C3CCCC3)n2)c1,CQPTUWPFQMZPJP-UHFFFAOYSA-N,CHEMBL399764,10.1016/j.ejmech.2017.10.050,Antioxidant activity assessed as DPPH radical scavenging activity after 30 mins,302.4,0.0011800000000000124,2.92811799269387,Aromatic amine,c1ccc(-c2csc(NN=C3CCCC3)n2)cc1,train
1448,O=[N+]([O-])c1cccc(-c2csc(NN=C3CCCCC3)n2)c1,LZROHNHBBXYUOH-UHFFFAOYSA-N,CHEMBL4159091,10.1016/j.ejmech.2017.10.050,Antioxidant activity assessed as DPPH radical scavenging activity after 30 mins,316.4,0.001199999999999986,2.92081875395238,Aromatic amine,c1ccc(-c2csc(NN=C3CCCCC3)n2)cc1,train
1449,CC1CCC(=NNc2nc(-c3cccc([N+](=O)[O-])c3)cs2)CC1,BUYNZYYNDRLWHU-UHFFFAOYSA-N,CHEMBL4175062,10.1016/j.ejmech.2017.10.050,Antioxidant activity assessed as DPPH radical scavenging activity after 30 mins,330.4,0.0011800000000000124,2.92811799269387,Terpenoid,c1ccc(-c2csc(NN=C3CCCCC3)n2)cc1,train
1450,O=[N+]([O-])c1cccc(-c2csc(NN=C3CCCCCC3)n2)c1,SUAABQWPORXPTM-UHFFFAOYSA-N,CHEMBL4164415,10.1016/j.ejmech.2017.10.050,Antioxidant activity assessed as DPPH radical scavenging activity after 30 mins,330.4,0.0012200000000000054,2.91364016932525,Aromatic amine,c1ccc(-c2csc(NN=C3CCCCCC3)n2)cc1,train
1451,O=[N+]([O-])c1cccc(-c2csc(NN=C3CCCCCCC3)n2)c1,DHJBBAYQZCDMAX-UHFFFAOYSA-N,CHEMBL4163420,10.1016/j.ejmech.2017.10.050,Antioxidant activity assessed as DPPH radical scavenging activity after 30 mins,344.4,0.001280000000000005,2.89279003035213,Aromatic amine,c1ccc(-c2csc(NN=C3CCCCCCC3)n2)cc1,train
1452,CC(=NNc1nc(-c2cccc([N+](=O)[O-])c2)cs1)C1CC1,FFDARHATSKPIMY-UHFFFAOYSA-N,CHEMBL4174116,10.1016/j.ejmech.2017.10.050,Antioxidant activity assessed as DPPH radical scavenging activity after 30 mins,302.4,0.0012599999999999912,2.89962945488244,Aromatic amine,C(=NNc1nc(-c2ccccc2)cs1)C1CC1,train
1453,CC(=NNc1nc(-c2cccc([N+](=O)[O-])c2)cs1)C1CCCCC1,QKYOLGDLCYJBSS-UHFFFAOYSA-N,CHEMBL4166872,10.1016/j.ejmech.2017.10.050,Antioxidant activity assessed as DPPH radical scavenging activity after 30 mins,344.4,0.0013500000000000124,2.86966623150499,Terpenoid,C(=NNc1nc(-c2ccccc2)cs1)C1CCCCC1,train
1454,O=C(OCC1OC(Oc2c(O)cc(O)cc2O)C(O)C(O)C1O)c1cc(O)c(O)c(O)c1,BDUFXTPLWBUGNM-UHFFFAOYSA-N,CHEMBL4163708,10.1021/acs.jnatprod.7b00564,Antioxidant activity assessed as DPPH radical scavenging activity measured after 30 mins incubation under dark condition,456.4,2.9999999999999827e-06,5.52287874528034,Phenolic acid,O=C(OCC1CCCC(Oc2ccccc2)O1)c1ccccc1,train
1455,OCC1OC(Oc2c(O)cc(O)cc2O)C(O)C(O)C1O,ALFLBPNQQXFFGM-UHFFFAOYSA-N,CHEMBL4168843,10.1021/acs.jnatprod.7b00564,Antioxidant activity assessed as DPPH radical scavenging activity measured after 30 mins incubation under dark condition,304.3,3.900000000000011e-06,5.4089353929735,Other,c1ccc(OC2CCCCO2)cc1,train
1456,COc1c(O)cc(-c2oc3cc(O)cc(O)c3c(=O)c2OC2OC(C)C(OC(C)=O)C(O)C2O)cc1O,SQTSPIMCWRYNFT-UHFFFAOYSA-N,CHEMBL4176025,10.1021/acs.jnatprod.7b00564,Antioxidant activity assessed as DPPH radical scavenging activity measured after 30 mins incubation under dark condition,520.4,2.20000000000002e-06,5.65757731917779,Flavonoid,O=c1c(OC2CCCCO2)c(-c2ccccc2)oc2ccccc12,train
1457,COc1c(O)cc(-c2oc3cc(O)cc(O)c3c(=O)c2OC2OC(C)C(O)C(O)C2O)cc1O,NAQNISJXKDSYJD-UHFFFAOYSA-N,CHEMBL3109438,10.1021/acs.jnatprod.7b00564,Antioxidant activity assessed as DPPH radical scavenging activity measured after 30 mins incubation under dark condition,478.4,1.9000000000000034e-06,5.72124639904717,Flavonoid,O=c1c(OC2CCCCO2)c(-c2ccccc2)oc2ccccc12,train
1458,CC(=O)OC1C(C)OC(Oc2c(-c3cc(O)c(O)c(O)c3)oc3cc(O)cc(O)c3c2=O)C(O)C1O,SYFGHPIRFKVZAG-UHFFFAOYSA-N,CHEMBL4167746,10.1021/acs.jnatprod.7b00564,Antioxidant activity assessed as DPPH radical scavenging activity measured after 30 mins incubation under dark condition,506.4,3.500000000000036e-06,5.45593195564972,Flavonoid,O=c1c(OC2CCCCO2)c(-c2ccccc2)oc2ccccc12,train
1459,CC(=O)OC1C(C)OC(Oc2c(-c3cc(O)c(O)c(O)c3)oc3cc(O)cc(O)c3c2=O)C(O)C1OC(C)=O,HIVURPVQOPPNFN-UHFFFAOYSA-N,CHEMBL4172192,10.1021/acs.jnatprod.7b00564,Antioxidant activity assessed as DPPH radical scavenging activity measured after 30 mins incubation under dark condition,548.5,3.4000000000000365e-06,5.46852108295774,Flavonoid,O=c1c(OC2CCCCO2)c(-c2ccccc2)oc2ccccc12,train
1460,CC(=O)OC1C(C)OC(Oc2c(-c3cc(O)c(O)c(O)c3)oc3cc(O)cc(O)c3c2=O)C(OC(C)=O)C1O,KMAFFZVKRZJNBK-UHFFFAOYSA-N,CHEMBL4164304,10.1021/acs.jnatprod.7b00564,Antioxidant activity assessed as DPPH radical scavenging activity measured after 30 mins incubation under dark condition,548.5,3.2000000000000282e-06,5.49485002168009,Flavonoid,O=c1c(OC2CCCCO2)c(-c2ccccc2)oc2ccccc12,train
1461,CC1OC(Oc2c(-c3ccc(O)c(O)c3)oc3cc(O)cc(O)c3c2=O)C(O)C(O)C1O,OXGUCUVFOIWWQJ-UHFFFAOYSA-N,CHEMBL82242,10.1021/acs.jnatprod.7b00564,Antioxidant activity assessed as DPPH radical scavenging activity measured after 30 mins incubation under dark condition,448.4,2.20000000000002e-06,5.65757731917779,Flavonoid,O=c1c(OC2CCCCO2)c(-c2ccccc2)oc2ccccc12,train
1462,O=C1c2c(O)cc(O)cc2OC(c2ccc(O)c(O)c2)C1O,CXQWRCVTCMQVQX-UHFFFAOYSA-N,CHEMBL66,10.1039/C6MD00496B,Antioxidant activity assessed as DPPH radical scavenging activity incubated for 30 mins,304.3,3.4000000000000366e-05,4.46852108295774,Flavonoid,O=C1CC(c2ccccc2)Oc2ccccc21,train
1463,O=C1c2c(O)c(CN3CCCC3C(=O)O)c(O)c(CN3CCCC3C(=O)O)c2OC(c2ccc(O)c(O)c2)C1O,TUYLFROMHZGVHM-UHFFFAOYSA-N,CHEMBL4165377,10.1039/C6MD00496B,Antioxidant activity assessed as DPPH radical scavenging activity incubated for 30 mins,558.5,4.300000000000032e-05,4.36653154442041,Flavonoid,O=C1CC(c2ccccc2)Oc2c(CN3CCCC3)cc(CN3CCCC3)cc21,train
1464,Oc1ccc(C2Oc3ccc(C=Cc4cc(O)cc(O)c4)cc3C2c2cc(O)cc(O)c2)cc1,LILPTCHQLRKZNG-UHFFFAOYSA-N,CHEMBL518935,10.1016/j.ejmech.2018.11.040,Antioxidant activity assessed as inhibition of DPPH free radical after 30 mins by UV-Visible spectrophotometric analysis,454.5,7.682999999999967e-05,4.11446916681191,Stilbene,C(=Cc1ccc2c(c1)C(c1ccccc1)C(c1ccccc1)O2)c1ccccc1,train
1465,CC(C)=CCc1c(O)cc(C=Cc2ccc3c(c2)C(c2cc(O)c(CC=C(C)C)c(O)c2)C(c2ccc(O)cc2)O3)cc1O,UYKFUIAVFNZCOX-UHFFFAOYSA-N,CHEMBL4552841,10.1016/j.ejmech.2018.11.040,Antioxidant activity assessed as inhibition of DPPH free radical after 30 mins by UV-Visible spectrophotometric analysis,590.7,4.6949999999999996e-05,4.32836440339787,Stilbene,C(=Cc1ccc2c(c1)C(c1ccccc1)C(c1ccccc1)O2)c1ccccc1,train
1466,CC(C)=CCc1c(O)cc(C=Cc2ccc(O)cc2)cc1O,WWFOQQIWOKJBSJ-UHFFFAOYSA-N,CHEMBL2230263,10.1016/j.ejmech.2018.11.040,Antioxidant activity assessed as inhibition of DPPH free radical after 30 mins by UV-Visible spectrophotometric analysis,296.4,7.332000000000016e-05,4.13477754370982,Stilbene,C(=Cc1ccccc1)c1ccccc1,train
1467,CC(C)=CCc1c(O)cc(C(Oc2ccc(C=Cc3cc(O)c4c(c3)OC(C)(C)CC4)cc2)C(C)c2ccc(O)cc2)cc1O,PMULIKZPPACOOT-UHFFFAOYSA-N,CHEMBL4591420,10.1016/j.ejmech.2018.11.040,Antioxidant activity assessed as inhibition of DPPH free radical after 30 mins by UV-Visible spectrophotometric analysis,606.8,0.00014952999999999882,3.82527166668811,Stilbene,C(=Cc1ccc2c(c1)OCCC2)c1ccc(OC(Cc2ccccc2)c2ccccc2)cc1,train
1468,COC(c1ccc(O)cc1)C(Oc1ccc(C=Cc2cc(O)c3c(c2)OC(C)(C)CC3)cc1)c1cc(O)c(CC=C(C)C)c(O)c1,CUNDFBMNPAYGTJ-UHFFFAOYSA-N,CHEMBL4586379,10.1016/j.ejmech.2018.11.040,Antioxidant activity assessed as inhibition of DPPH free radical after 30 mins by UV-Visible spectrophotometric analysis,622.8,0.00018486999999999958,3.73313355877882,Stilbene,C(=Cc1ccc2c(c1)OCCC2)c1ccc(OC(Cc2ccccc2)c2ccccc2)cc1,test
1469,CC(C)=CCc1c(O)cc(C=Cc2ccc3c(c2)C(c2cc(O)c4c(c2)OC(C)(C)CC4)C(c2ccc(O)cc2)O3)cc1O,VIOIWUXYFRFDPD-UHFFFAOYSA-N,CHEMBL4439631,10.1016/j.ejmech.2018.11.040,Antioxidant activity assessed as inhibition of DPPH free radical after 30 mins by UV-Visible spectrophotometric analysis,590.7,3.533000000000039e-05,4.45185636256515,Stilbene,C(=Cc1ccc2c(c1)C(c1ccc3c(c1)OCCC3)C(c1ccccc1)O2)c1ccccc1,train
1470,COc1cc(CNCCCN2C(=O)c3cccc4cccc(c34)C2=O)ccc1O,VVMFVFCJFWLZKY-UHFFFAOYSA-N,CHEMBL4441923,10.1039/C9MD00048H,Antioxidant activity assessed as DPPH radical scavenging activity after 30 mins under dark condition by spectrophotometric analysis,390.4,5.0700000000000473e-05,4.29499204066666,Aromatic amine,O=C1c2cccc3cccc(c23)C(=O)N1CCCNCc1ccccc1,train
1471,COc1cc(CNCCCN2C(=O)c3cccc4cccc(c34)C2=O)cc(OC)c1O,HGHPRYWIXAWSJV-UHFFFAOYSA-N,CHEMBL4441916,10.1039/C9MD00048H,Antioxidant activity assessed as DPPH radical scavenging activity after 30 mins under dark condition by spectrophotometric analysis,420.5,1.950000000000009e-05,4.70996538863748,Aromatic amine,O=C1c2cccc3cccc(c23)C(=O)N1CCCNCc1ccccc1,test
1472,COc1cc(CNc2ccc(Nc3c4c(nc5ccccc35)CCCC4)cc2)ccc1O,YYOQJBGOHXSFPI-UHFFFAOYSA-N,CHEMBL4447264,10.1039/C9MD00048H,Antioxidant activity assessed as DPPH radical scavenging activity after 30 mins under dark condition by spectrophotometric analysis,425.5,2.0499999999999787e-05,4.68824613894425,Aromatic amine,c1ccc(CNc2ccc(Nc3c4c(nc5ccccc35)CCCC4)cc2)cc1,train
1473,COc1ccc(-c2nn(-c3ccccc3)cc2C=C2CN(C)CC(=Cc3cn(-c4ccccc4)nc3-c3ccc(OC)cc3)C2=O)cc1,VJNHJHFKBLFPCY-UHFFFAOYSA-N,CHEMBL4459810,10.1016/j.ejmech.2019.111631,Antioxidant activity assessed as DPPH free radical scavenging activity after 30 mins,633.8,0.0064000000000000445,2.19382002601611,Other,O=C1C(=Cc2cn(-c3ccccc3)nc2-c2ccccc2)CNCC1=Cc1cn(-c2ccccc2)nc1-c1ccccc1,train
1474,O=C1C(=Cc2cn(-c3ccccc3)nc2-c2ccccc2)CNCC1=Cc1cn(-c2ccccc2)nc1-c1ccccc1,ZJSYGFZPNREQJG-UHFFFAOYSA-N,CHEMBL4576402,10.1016/j.ejmech.2019.111631,Antioxidant activity assessed as DPPH free radical scavenging activity after 30 mins,559.7,0.010540000000000053,1.97715938912347,Other,O=C1C(=Cc2cn(-c3ccccc3)nc2-c2ccccc2)CNCC1=Cc1cn(-c2ccccc2)nc1-c1ccccc1,train
1475,O=c1cc(-c2ccccc2)oc2c1ccc1ccccc12,VFMMPHCGEFXGIP-UHFFFAOYSA-N,CHEMBL283196,10.1039/C8MD00512E,Antioxidant activity assessed as DPPH radical scavenging activity shaken for 1 min and incubated under dark condition for 30 mins by spectrophotometric analysis,272.3,1.555000000000014e-05,4.80826960663714,Flavonoid,O=c1cc(-c2ccccc2)oc2c1ccc1ccccc12,train
1476,O=c1cc(-c2ccccc2F)oc2c1ccc1ccccc12,PBCBXDLSTLVGDE-UHFFFAOYSA-N,CHEMBL361608,10.1039/C8MD00512E,Antioxidant activity assessed as DPPH radical scavenging activity shaken for 1 min and incubated under dark condition for 30 mins by spectrophotometric analysis,290.3,4.729999999999981e-06,5.32513885926219,Flavonoid,O=c1cc(-c2ccccc2)oc2c1ccc1ccccc12,train
1477,O=c1cc(-c2cccc(F)c2)oc2c1ccc1ccccc12,PJCRQJRMDLDKLR-UHFFFAOYSA-N,CHEMBL436080,10.1039/C8MD00512E,Antioxidant activity assessed as DPPH radical scavenging activity shaken for 1 min and incubated under dark condition for 30 mins by spectrophotometric analysis,290.3,1.012999999999999e-05,4.99439055463972,Flavonoid,O=c1cc(-c2ccccc2)oc2c1ccc1ccccc12,train
1478,O=c1cc(-c2ccc(F)cc2)oc2c1ccc1ccccc12,JAMZATGDOYWHQS-UHFFFAOYSA-N,CHEMBL359819,10.1039/C8MD00512E,Antioxidant activity assessed as DPPH radical scavenging activity shaken for 1 min and incubated under dark condition for 30 mins by spectrophotometric analysis,290.3,8.299999999999929e-07,6.08092190762393,Flavonoid,O=c1cc(-c2ccccc2)oc2c1ccc1ccccc12,train
1479,O=c1cc(-c2cccc(Cl)c2)oc2c1ccc1ccccc12,GTBLQVSIEGDPPV-UHFFFAOYSA-N,CHEMBL368236,10.1039/C8MD00512E,Antioxidant activity assessed as DPPH radical scavenging activity shaken for 1 min and incubated under dark condition for 30 mins by spectrophotometric analysis,306.7,7.749999999999988e-06,5.11069829749369,Flavonoid,O=c1cc(-c2ccccc2)oc2c1ccc1ccccc12,train
1480,O=c1cc(-c2cccc(Cl)c2Cl)oc2c1ccc1ccccc12,WDNHSGHWXOFHOH-UHFFFAOYSA-N,CHEMBL4069506,10.1039/C8MD00512E,Antioxidant activity assessed as DPPH radical scavenging activity shaken for 1 min and incubated under dark condition for 30 mins by spectrophotometric analysis,341.2,1.0899999999999914e-05,4.96257350205938,Flavonoid,O=c1cc(-c2ccccc2)oc2c1ccc1ccccc12,train
1481,O=c1cc(-c2ccccc2Br)oc2c1ccc1ccccc12,NWAKBKFXVSJYCC-UHFFFAOYSA-N,CHEMBL4099439,10.1039/C8MD00512E,Antioxidant activity assessed as DPPH radical scavenging activity shaken for 1 min and incubated under dark condition for 30 mins by spectrophotometric analysis,351.2,9.899999999999995e-06,5.00436480540245,Flavonoid,O=c1cc(-c2ccccc2)oc2c1ccc1ccccc12,test
1482,O=c1cc(-c2cccc(Br)c2)oc2c1ccc1ccccc12,WVXXGHGWOGRKTE-UHFFFAOYSA-N,CHEMBL4086963,10.1039/C8MD00512E,Antioxidant activity assessed as DPPH radical scavenging activity shaken for 1 min and incubated under dark condition for 30 mins by spectrophotometric analysis,351.2,5.9799999999999936e-06,5.22329881601159,Flavonoid,O=c1cc(-c2ccccc2)oc2c1ccc1ccccc12,train
1483,O=c1cc(-c2ccc(Br)cc2)oc2c1ccc1ccccc12,PGSRBEZTISAAKD-UHFFFAOYSA-N,CHEMBL4078823,10.1039/C8MD00512E,Antioxidant activity assessed as DPPH radical scavenging activity shaken for 1 min and incubated under dark condition for 30 mins by spectrophotometric analysis,351.2,3.500000000000036e-07,6.45593195564972,Flavonoid,O=c1cc(-c2ccccc2)oc2c1ccc1ccccc12,train
1484,O=c1cc(-c2ccccc2I)oc2c1ccc1ccccc12,HNDPDKBKYIDSRJ-UHFFFAOYSA-N,CHEMBL4096846,10.1039/C8MD00512E,Antioxidant activity assessed as DPPH radical scavenging activity shaken for 1 min and incubated under dark condition for 30 mins by spectrophotometric analysis,398.2,7.330000000000034e-06,5.13489602535887,Flavonoid,O=c1cc(-c2ccccc2)oc2c1ccc1ccccc12,train
1485,O=c1cc(-c2cccc([N+](=O)[O-])c2)oc2c1ccc1ccccc12,ILQARUHJCJMWHR-UHFFFAOYSA-N,CHEMBL177059,10.1039/C8MD00512E,Antioxidant activity assessed as DPPH radical scavenging activity shaken for 1 min and incubated under dark condition for 30 mins by spectrophotometric analysis,317.3,8.240000000000084e-06,5.08407278830288,Flavonoid,O=c1cc(-c2ccccc2)oc2c1ccc1ccccc12,train
1486,O=c1cc(-c2ccc([N+](=O)[O-])cc2)oc2c1ccc1ccccc12,CZHZLRYJEQSRDM-UHFFFAOYSA-N,CHEMBL179925,10.1039/C8MD00512E,Antioxidant activity assessed as DPPH radical scavenging activity shaken for 1 min and incubated under dark condition for 30 mins by spectrophotometric analysis,317.3,6.199999999999943e-07,6.20760831050175,Flavonoid,O=c1cc(-c2ccccc2)oc2c1ccc1ccccc12,train
1487,O=c1cc(-c2cc([N+](=O)[O-])cc([N+](=O)[O-])c2)oc2c1ccc1ccccc12,JQORTDPRORVRDB-UHFFFAOYSA-N,CHEMBL4081273,10.1039/C8MD00512E,Antioxidant activity assessed as DPPH radical scavenging activity shaken for 1 min and incubated under dark condition for 30 mins by spectrophotometric analysis,362.3,5.550000000000047e-06,5.25570701687732,Flavonoid,O=c1cc(-c2ccccc2)oc2c1ccc1ccccc12,train
1488,COc1ccc(-c2cc(=O)c3ccc4ccccc4c3o2)cc1,VWTRBKIMTDCGDL-UHFFFAOYSA-N,CHEMBL2420082,10.1039/C8MD00512E,Antioxidant activity assessed as DPPH radical scavenging activity shaken for 1 min and incubated under dark condition for 30 mins by spectrophotometric analysis,302.3,4.269999999999958e-06,5.36957212497498,Flavonoid,O=c1cc(-c2ccccc2)oc2c1ccc1ccccc12,train
1489,Cc1ccc(-c2cc(=O)c3ccc4ccccc4c3o2)cc1,AVCQGCNOJZYRJO-UHFFFAOYSA-N,CHEMBL4097793,10.1039/C8MD00512E,Antioxidant activity assessed as DPPH radical scavenging activity shaken for 1 min and incubated under dark condition for 30 mins by spectrophotometric analysis,286.3,6.500000000000068e-06,5.18708664335714,Flavonoid,O=c1cc(-c2ccccc2)oc2c1ccc1ccccc12,train
1490,O=c1cc(-c2cc(F)cc(F)c2)oc2c1ccc1ccccc12,GDSPDVHFGAYHKO-UHFFFAOYSA-N,CHEMBL4084903,10.1039/C8MD00512E,Antioxidant activity assessed as DPPH radical scavenging activity shaken for 1 min and incubated under dark condition for 30 mins by spectrophotometric analysis,308.3,3.1400000000000347e-06,5.50307035192678,Flavonoid,O=c1cc(-c2ccccc2)oc2c1ccc1ccccc12,train
1491,NNC(=O)c1ccncc1,QRXWMOHMRWLFEY-UHFFFAOYSA-N,CHEMBL64,10.1016/j.bmc.2020.115470,Antioxidant activity assessed as DPPH radical scavenging activity after 30 mins,137.1,2.2900000000000113e-05,4.64016451766011,Other,c1ccncc1,train
1492,O=C(NN=Cc1coc2ccccc2c1=O)c1ccncc1,YFNDGAPTSYRUMC-UHFFFAOYSA-N,CHEMBL3212643,10.1016/j.bmc.2020.115470,Antioxidant activity assessed as DPPH radical scavenging activity after 30 mins,293.3,4.239999999999977e-05,4.37263414340727,Other,O=C(NN=Cc1coc2ccccc2c1=O)c1ccncc1,train
1493,COc1cc(C=NNC(=O)c2ccncc2)ccc1O,PSWOBQSIXLVPDV-UHFFFAOYSA-N,CHEMBL2105120,10.1016/j.bmc.2020.115470,Antioxidant activity assessed as DPPH radical scavenging activity after 30 mins,271.3,3.359999999999969e-05,4.47366072261016,Other,O=C(NN=Cc1ccccc1)c1ccncc1,test
1494,O=C(NN=Cc1cc(O)ccc1O)c1ccncc1,NFRQYAFDZJLKFI-UHFFFAOYSA-N,CHEMBL199452,10.1016/j.bmc.2020.115470,Antioxidant activity assessed as DPPH radical scavenging activity after 30 mins,257.2,1.830000000000001e-05,4.73754891026957,Other,O=C(NN=Cc1ccccc1)c1ccncc1,train
1495,C=CC(C)(C)c1c(O)c(CC=C(C)C)c2oc3cc(O)c(O)cc3c(=O)c2c1O,QFYDCUMYVXSZFJ-UHFFFAOYSA-N,CHEMBL370126,10.1016/j.bmcl.2005.08.099,DPPH radical scavenging activity of Cudriana tricuspidata extracts 30 min (manual check),396.4,1.539999999999989e-05,4.81247927916354,Coumarin,O=c1c2ccccc2oc2ccccc12,train
1496,CC(C)=CCc1c(O)c(O)cc2c(=O)c3c(O)c4c(cc3oc12)OC(C)C4(C)C,ZYJVDWWKUSJAQY-UHFFFAOYSA-N,CHEMBL371024,10.1016/j.bmcl.2005.08.099,DPPH radical scavenging activity of Cudriana tricuspidata extracts 30 min (manual check),396.4,1.0399999999999987e-05,4.98296666070122,Coumarin,O=c1c2ccccc2oc2cc3c(cc12)CCO3,train
1497,C=CC(C)(C)c1c(O)cc2oc3c(CC=C(C)C)c(O)c(O)cc3c(=O)c2c1O,LVKPSBFBKBJJOB-UHFFFAOYSA-N,CHEMBL197916,10.1016/j.bmcl.2005.08.099,DPPH radical scavenging activity of Cudriana tricuspidata extracts 30 min (manual check),396.4,1.370000000000011e-05,4.86327943284359,Coumarin,O=c1c2ccccc2oc2ccccc12,train
1498,C=CC(C)(C)c1c(O)cc(O)c2c(=O)c3c(CC=C(C)C)c(O)c(O)cc3oc12,FUEJTEBWTNXAPG-UHFFFAOYSA-N,CHEMBL200640,10.1016/j.bmcl.2005.08.099,DPPH radical scavenging activity of Cudriana tricuspidata extracts 30 min (manual check),396.4,2.1300000000000104e-05,4.67162039656126,Coumarin,O=c1c2ccccc2oc2ccccc12,train
1499,C=CC(C)(C)c1c(OC)cc(O)c2c(=O)c3ccc(O)c(O)c3oc12,PELOBHLTYBBGDO-UHFFFAOYSA-N,CHEMBL199304,10.1016/j.bmcl.2005.08.099,DPPH radical scavenging activity of Cudriana tricuspidata extracts 30 min (manual check),342.3,3.179999999999983e-05,4.49757288001557,Coumarin,O=c1c2ccccc2oc2ccccc12,train
1500,C=CC(C)(C)c1c(OC)cc(O)c2c(=O)c3c(CC=C(C)C)c(O)c(O)cc3oc12,UIIGEZZURHDEDK-UHFFFAOYSA-N,CHEMBL425926,10.1016/j.bmcl.2005.08.099,DPPH radical scavenging activity of Cudriana tricuspidata extracts 30 min (manual check),410.5,1.7400000000000027e-05,4.7594507517174,Coumarin,O=c1c2ccccc2oc2ccccc12,train
1501,Cc1c(O)c(=O)ccn1CCCC(=O)N1CCCC1c1nc2ccccc2s1,UGNAMSGGBGOPKD-UHFFFAOYSA-N,CHEMBL4797501,10.1021/acs.jmedchem.0c01480,Antioxidant activity assessed as DPPH radical scavenging activity incubated for 30 mins by absorbance method,397.5,0.00014800000000000094,3.82973828460504,Other,O=C(CCCn1ccc(=O)cc1)N1CCCC1c1nc2ccccc2s1,train
1502,CN(CCCCOc1cc(O)c2c(=O)c3ccccc3oc2c1)Cc1cccc(O)c1,DDGVPUHITRVBDM-UHFFFAOYSA-N,CHEMBL4748630,10.1016/j.ejmech.2021.113154,Antioxidant activity assessed as DPPH radical scavenging activity incubated for 30 mins under dark condition,419.5,0.0005218999999999997,3.28241270314454,Coumarin,O=c1c2ccccc2oc2cc(OCCCCNCc3ccccc3)ccc12,train
1503,CN(CCCCCOc1cc(O)c2c(=O)c3ccccc3oc2c1)Cc1cccc(O)c1,UTOBFMQKFPBJBY-UHFFFAOYSA-N,CHEMBL4758250,10.1016/j.ejmech.2021.113154,Antioxidant activity assessed as DPPH radical scavenging activity incubated for 30 mins under dark condition,433.5,0.0004568999999999948,3.3401788419443,Coumarin,O=c1c2ccccc2oc2cc(OCCCCCNCc3ccccc3)ccc12,train
1504,CN(CCCCCCOc1cc(O)c2c(=O)c3ccccc3oc2c1)Cc1cccc(O)c1,LOUJSJQEPRZURP-UHFFFAOYSA-N,CHEMBL4778435,10.1016/j.ejmech.2021.113154,Antioxidant activity assessed as DPPH radical scavenging activity incubated for 30 mins under dark condition,447.5,0.000708199999999996,3.14984407757791,Coumarin,O=c1c2ccccc2oc2cc(OCCCCCCNCc3ccccc3)ccc12,train
1505,CN(CCCCCCCOc1cc(O)c2c(=O)c3ccccc3oc2c1)Cc1cccc(O)c1,RXIYUFLOMOXXRD-UHFFFAOYSA-N,CHEMBL4755459,10.1016/j.ejmech.2021.113154,Antioxidant activity assessed as DPPH radical scavenging activity incubated for 30 mins under dark condition,461.6,0.0007189999999999954,3.14327110961712,Coumarin,O=c1c2ccccc2oc2cc(OCCCCCCCNCc3ccccc3)ccc12,train
1506,CN(CCCCCCCCOc1cc(O)c2c(=O)c3ccccc3oc2c1)Cc1cccc(O)c1,FGAWWFVPBWVUCD-UHFFFAOYSA-N,CHEMBL4753269,10.1016/j.ejmech.2021.113154,Antioxidant activity assessed as DPPH radical scavenging activity incubated for 30 mins under dark condition,475.6,0.002386999999999975,2.62214758099325,Coumarin,O=c1c2ccccc2oc2cc(OCCCCCCCCNCc3ccccc3)ccc12,train
1507,CN(CCCOc1cc(O)c2c(=O)c3ccccc3oc2c1)Cc1ccc(O)cc1,NWBDPWVAGGIVLE-UHFFFAOYSA-N,CHEMBL4744250,10.1016/j.ejmech.2021.113154,Antioxidant activity assessed as DPPH radical scavenging activity incubated for 30 mins under dark condition,405.5,0.0005449000000000013,3.26368319209589,Coumarin,O=c1c2ccccc2oc2cc(OCCCNCc3ccccc3)ccc12,train
1508,CN(CCCCOc1cc(O)c2c(=O)c3ccccc3oc2c1)Cc1ccc(O)cc1,OIUCJQGBNNPNAK-UHFFFAOYSA-N,CHEMBL4781032,10.1016/j.ejmech.2021.113154,Antioxidant activity assessed as DPPH radical scavenging activity incubated for 30 mins under dark condition,419.5,0.0006487000000000047,3.18795610206977,Coumarin,O=c1c2ccccc2oc2cc(OCCCCNCc3ccccc3)ccc12,train
1509,CN(CCCCCOc1cc(O)c2c(=O)c3ccccc3oc2c1)Cc1ccc(O)cc1,DLYKFMRGKTUAFX-UHFFFAOYSA-N,CHEMBL4758768,10.1016/j.ejmech.2021.113154,Antioxidant activity assessed as DPPH radical scavenging activity incubated for 30 mins under dark condition,433.5,0.0010740000000000075,2.96899571863646,Coumarin,O=c1c2ccccc2oc2cc(OCCCCCNCc3ccccc3)ccc12,test
1510,CN(CCCCCCOc1cc(O)c2c(=O)c3ccccc3oc2c1)Cc1ccc(O)cc1,GNJJURBAYZCGRE-UHFFFAOYSA-N,CHEMBL4752063,10.1016/j.ejmech.2021.113154,Antioxidant activity assessed as DPPH radical scavenging activity incubated for 30 mins under dark condition,447.5,0.001280000000000005,2.89279003035213,Coumarin,O=c1c2ccccc2oc2cc(OCCCCCCNCc3ccccc3)ccc12,train
1511,CN(CCCCCCCOc1cc(O)c2c(=O)c3ccccc3oc2c1)Cc1ccc(O)cc1,MNJRGKREKUXGIL-UHFFFAOYSA-N,CHEMBL4741451,10.1016/j.ejmech.2021.113154,Antioxidant activity assessed as DPPH radical scavenging activity incubated for 30 mins under dark condition,461.6,0.0013060000000000146,2.88405682306094,Coumarin,O=c1c2ccccc2oc2cc(OCCCCCCCNCc3ccccc3)ccc12,train
1512,CN(CCCCCCCCOc1cc(O)c2c(=O)c3ccccc3oc2c1)Cc1ccc(O)cc1,XHCPAGFZZDPSMR-UHFFFAOYSA-N,CHEMBL4744313,10.1016/j.ejmech.2021.113154,Antioxidant activity assessed as DPPH radical scavenging activity incubated for 30 mins under dark condition,475.6,0.001751000000000016,2.75671385391655,Coumarin,O=c1c2ccccc2oc2cc(OCCCCCCCCNCc3ccccc3)ccc12,train
1513,O=C(O)C(Cc1cc(O)c(O)c(Br)c1)c1cc(Br)c(O)c(Br)c1,SVFYFOYQVOGZFH-UHFFFAOYSA-N,CHEMBL241791,10.1016/j.bmc.2007.08.023,DPPH radical scavenging activity relative to control 30 min (manual check),511.0,2.19000000000001e-05,4.65955588515988,Phenolic acid,c1ccc(CCc2ccccc2)cc1,train
1514,Oc1cc(CCc2cc(O)c(O)c(Br)c2)cc(Br)c1O,IFYFPCNWTZBOEQ-UHFFFAOYSA-N,CHEMBL241792,10.1016/j.bmc.2007.08.023,DPPH radical scavenging activity relative to control 30 min (manual check),404.1,1.9639999999999975e-05,4.70685851654907,Other,c1ccc(CCc2ccccc2)cc1,train
1515,CCCCOC(=O)Cc1cc(Br)c(O)c(Br)c1,AWZUMAYFUIJDOZ-UHFFFAOYSA-N,CHEMBL241586,10.1016/j.bmc.2007.08.023,DPPH radical scavenging activity relative to control 30 min (manual check),366.0,1.6110000000000085e-05,4.79290445958078,Phenolic acid,c1ccccc1,test
1516,CC(=O)C=Cc1cc(O)c(O)c(Br)c1,MYKFZEDOPLREOR-UHFFFAOYSA-N,CHEMBL240090,10.1016/j.bmc.2007.08.023,DPPH radical scavenging activity relative to control 30 min (manual check),257.1,9.66999999999996e-06,5.014573525917,Other,c1ccccc1,train
1517,COc1cc(CNC2=CC(=O)C(CC3(C)C(C)CCC4(C)C(C)=CCCC43)=CC2=O)ccc1O,QOHBAYJQNKSSIS-UHFFFAOYSA-N,CHEMBL458045,10.1021/np049873n,Antioxidant activity assessed as DPPH free radical scavenging activity after 30 mins by TLC autographic assay,463.6,9.800000000000126e-05,4.0087739243075,Terpenoid,O=C1C=C(NCc2ccccc2)C(=O)C=C1CC1CCCC2C=CCCC21,train
1518,COc1cc(CNC2=CC(=O)C=C(CC3(C)C(C)CCC4(C)C(C)=CCCC43)C2=O)ccc1O,JGAMOGNEYSYZLF-UHFFFAOYSA-N,CHEMBL463364,10.1021/np049873n,Antioxidant activity assessed as DPPH free radical scavenging activity after 30 mins by TLC autographic assay,463.6,9.500000000000055e-05,4.02227639471115,Terpenoid,O=C1C=C(CC2CCCC3C=CCCC32)C(=O)C(NCc2ccccc2)=C1,train
1519,CC1=CCCC2C1(C)CCC(C)C2(C)Cc1cc(O)cc(Sc2ccccc2C(=O)O)c1O,PXYOTUPOITWOPU-UHFFFAOYSA-N,CHEMBL238756,10.1021/np049873n,Antioxidant activity assessed as DPPH free radical scavenging activity after 30 mins by TLC autographic assay,466.6,3.4000000000000366e-05,4.46852108295774,Terpenoid,C1=CC2CCCC(Cc3cccc(Sc4ccccc4)c3)C2CC1,train
1520,COC(=O)c1cc(O)c(O)c(OC2OC(COC(=O)c3cc(O)c(O)c(O)c3)C(O)C(O)C2O)c1,VIUNGBRQZJFLQR-UHFFFAOYSA-N,CHEMBL485256,10.1021/np020048l,Antioxidant activity assessed as DPPH free radical scavenging activity after 30 mins,498.4,9.831460674157292e-06,5.0073819536226,Phenolic acid,O=C(OCC1CCCC(Oc2ccccc2)O1)c1ccccc1,train
1521,COC(=O)c1cc(O)c(O)c(OC2OC(CO)C(O)C(O)C2O)c1,HVFHEQBFSAYLMY-UHFFFAOYSA-N,CHEMBL520981,10.1021/np020048l,Antioxidant activity assessed as DPPH free radical scavenging activity after 30 mins,346.3,1.3283280392722981e-05,4.87669465986789,Phenolic acid,c1ccc(OC2CCCCO2)cc1,train
1522,O=C1CCc2ccc(O)c(c2)-c2cc(ccc2O)CC(O)C(O)C1O,HXRHVUWGMADGQP-UHFFFAOYSA-N,CHEMBL520000,10.1021/np020048l,Antioxidant activity assessed as DPPH free radical scavenging activity after 30 mins,344.4,0.00023286875725900307,3.63288877449745,Other,O=C1CCCCc2cccc(c2)-c2cccc(c2)CC1,test
1523,CC(C)=CCC1CC23CC(CC=C(C)C)C(C)(C)C(CC=C(C)C)(C(=O)C(C(=O)c4ccc(O)c(O)c4)=C2OC1(C)C)C3=O,KXTNVBQRLRYVCO-UHFFFAOYSA-N,CHEMBL458934,10.1021/np020372g,Antioxidant activity assessed as DPPH radical scavenging activity 30 min (manual check),602.8,1.3300000000000135e-05,4.87614835903291,Terpenoid,O=C(C1=C2OCCCC23CCCC(C1=O)C3=O)c1ccccc1,train
1524,C=C(C)C(CC=C(C)C)CC12CC(CC=C(C)C)C(C)(C)C(CC=C(C)C)(C(=O)C(C(=O)c3ccc(O)c(O)c3)=C1O)C2=O,QDKLRKZQSOQWJQ-UHFFFAOYSA-N,CHEMBL502489,10.1021/np020372g,Antioxidant activity assessed as DPPH radical scavenging activity 30 min (manual check),602.8,1.0200000000000051e-05,4.99139982823808,Terpenoid,O=C(C1=CC2CCCC(C1=O)C2=O)c1ccccc1,train
1525,CC1OC(OC2C(O)C(OCCc3ccc(O)c(O)c3)OC(CO)C2OC(=O)C=Cc2ccc(O)c(O)c2)C(O)C(O)C1OC1OCC(O)(CO)C1O,MYTQIOQLRFFFEC-UHFFFAOYSA-N,CHEMBL469152,10.1021/np010128+,Antioxidant activity assessed as DPPH free radical scavenging activity after 30 mins,756.7,2.3799999999999874e-05,4.62342304294349,Phenolic acid,O=C(C=Cc1ccccc1)OC1COC(OCCc2ccccc2)CC1OC1CCC(OC2CCCO2)CO1,train
1526,O=C1C=C(CO)C(O)C2OC12,RZGZRGXCPXHJFW-UHFFFAOYSA-N,CHEMBL493204,10.1021/np010450k,Antioxidant activity assessed as DPPH free radical scavenging activity 30 min (manual check),156.1,5.699999999999977e-05,4.24412514432751,Other,O=C1C=CCC2OC12,train
1527,OCc1cc(O)c(O)c(Cl)c1,KOJWRBCRDKOJEY-UHFFFAOYSA-N,CHEMBL507386,10.1021/np010450k,Antioxidant activity assessed as DPPH free radical scavenging activity 30 min (manual check),174.6,5.999999999999954e-07,6.22184874961636,Other,c1ccccc1,train
1528,OCc1cc(O)ccc1O,PUZSUVGRVHEUQO-UHFFFAOYSA-N,CHEMBL448800,10.1021/np010450k,Antioxidant activity assessed as DPPH free radical scavenging activity 30 min (manual check),140.1,1.4000000000000063e-06,5.85387196432176,Other,c1ccccc1,train
1529,COc1cc(C2Oc3c(OC)cc4ccc(=O)oc4c3OC2COC(=O)C=Cc2ccc(O)cc2)ccc1O,NJRCZZBEKGHAHH-UHFFFAOYSA-N,CHEMBL501437,10.1016/j.bmcl.2009.05.006,Antioxidant activity assessed as DPPH free radical scavenging activity 30 min (manual check),532.5,0.0005300000000000012,3.27572413039921,Phenolic acid,O=C(C=Cc1ccccc1)OCC1Oc2c(ccc3ccc(=O)oc23)OC1c1ccccc1,train
1530,COc1cc(C2Oc3c(OC)cc4ccc(=O)oc4c3OC2COC(C)=O)ccc1O,ICLAWMWLMZMRGC-UHFFFAOYSA-N,CHEMBL495830,10.1016/j.bmcl.2009.05.006,Antioxidant activity assessed as DPPH free radical scavenging activity 30 min (manual check),428.4,0.0006250000000000067,3.20411998265592,Coumarin,O=c1ccc2ccc3c(c2o1)OCC(c1ccccc1)O3,train
1531,COc1cc(C2Oc3c(OC)cc4ccc(=O)oc4c3OC2CO)ccc1O,OCBGWPJNUZMLCA-UHFFFAOYSA-N,CHEMBL510091,10.1016/j.bmcl.2009.05.006,Antioxidant activity assessed as DPPH free radical scavenging activity 30 min (manual check),386.4,0.0006119999999999984,3.21324857785444,Coumarin,O=c1ccc2ccc3c(c2o1)OCC(c1ccccc1)O3,train
1532,COc1cc(C2Oc3c(OC)cc4ccc(=O)oc4c3OC2COC(=O)c2ccc(O)c(O)c2)cc(OC)c1O,WQIZCXIRVAHPRD-UHFFFAOYSA-N,CHEMBL502250,10.1016/j.bmcl.2009.05.006,Antioxidant activity assessed as DPPH free radical scavenging activity 30 min (manual check),552.5,0.000510000000000004,3.29242982390206,Phenolic acid,O=C(OCC1Oc2c(ccc3ccc(=O)oc23)OC1c1ccccc1)c1ccccc1,train
1533,COc1cc(C2Oc3c(OC)cc4ccc(=O)oc4c3OC2COC(=O)C=Cc2ccc(O)c(O)c2)ccc1O,SBHOYULRLAYYGT-UHFFFAOYSA-N,CHEMBL525988,10.1016/j.bmcl.2009.05.006,Antioxidant activity assessed as DPPH free radical scavenging activity 30 min (manual check),548.5,0.00044999999999999614,3.34678748622466,Phenolic acid,O=C(C=Cc1ccccc1)OCC1Oc2c(ccc3ccc(=O)oc23)OC1c1ccccc1,train
1534,COc1cc(C=CC(=O)OCC2Oc3c(c(OC)cc4ccc(=O)oc34)OC2c2ccc(O)c(OC)c2)ccc1O,RDPYGDKKJMTRLB-UHFFFAOYSA-N,CHEMBL452452,10.1016/j.bmcl.2009.05.006,Antioxidant activity assessed as DPPH free radical scavenging activity 30 min (manual check),562.5,0.0004199999999999994,3.3767507096021,Phenolic acid,O=C(C=Cc1ccccc1)OCC1Oc2c(ccc3ccc(=O)oc23)OC1c1ccccc1,train
1535,O=C1C(=C(C(=C2Oc3cc(O)ccc3C2=O)c2ccc(O)c(O)c2)c2ccc(O)c(O)c2)Oc2cc(O)ccc21,MZVYXDUSVXNKLC-UHFFFAOYSA-N,CHEMBL523383,10.1021/np000292h,Antioxidant activity assessed as DPPH radical scavenging activity after 30 mins,538.5,1.8012999071494693e-05,4.74441397336776,Other,O=C1C(=C(C(=C2Oc3ccccc3C2=O)c2ccccc2)c2ccccc2)Oc2ccccc21,train
1536,O=C(OCC1OC(OC(=O)c2cc(O)c(O)c(O)c2)C(OC(=O)c2cc(O)c(O)c(O)c2)C(OC(=O)c2cc(O)c(O)c(O)c2)C1OC(=O)c1cc(O)c(O)c(O)c1)c1cc(O)c(O)c(O)c1,QJYNZEYHSMRWBK-UHFFFAOYSA-N,CHEMBL382408,10.1021/np000292h,Antioxidant activity assessed as DPPH radical scavenging activity after 30 mins,940.7,1.3394280854682744e-05,4.87308059890737,Phenolic acid,O=C(OCC1OC(OC(=O)c2ccccc2)C(OC(=O)c2ccccc2)C(OC(=O)c2ccccc2)C1OC(=O)c1ccccc1)c1ccccc1,train
1537,O=C1C(=Cc2ccc(O)c(O)c2)Oc2cc(OC3OC(CO)C(O)C(O)C3O)ccc21,MEHCTOVFPFJFEW-UHFFFAOYSA-N,CHEMBL491695,10.1021/np000292h,Antioxidant activity assessed as DPPH radical scavenging activity after 30 mins,432.4,4.324699352451475e-05,4.36404407874477,Other,O=C1C(=Cc2ccccc2)Oc2cc(OC3CCCCO3)ccc21,train
1538,O=C1C(=Cc2ccc(O)c(O)c2)Oc2cc(O)ccc21,RGNXWPVNPFAADO-UHFFFAOYSA-N,CHEMBL490355,10.1021/np000292h,Antioxidant activity assessed as DPPH radical scavenging activity after 30 mins,270.2,5.958549222797952e-05,4.22485946865416,Other,O=C1C(=Cc2ccccc2)Oc2ccccc21,test
1539,O=C1CCCCC1Cc1c(Br)c(O)c(O)c(Br)c1Br,LLMBLIAKCCQZSI-UHFFFAOYSA-N,CHEMBL490356,10.1021/np0002278,Antioxidant activity assessed as DPPH radical scavenging activity after 30 mins by spectrophotometer,457.0,8.49999999999995e-06,5.07058107428571,Terpenoid,O=C1CCCCC1Cc1ccccc1,train
1540,OCc1c(Br)c(O)c(O)c(Br)c1Br,CQIHXZDRQAKOMS-UHFFFAOYSA-N,CHEMBL470234,10.1021/np0002278,Antioxidant activity assessed as DPPH radical scavenging activity after 30 mins by spectrophotometer,376.8,7.500000000000001e-06,5.1249387366083,Other,c1ccccc1,train
1541,CC(C)=CCc1cc2c(c(C=O)c1O)CCC(C=CC(C)O)O2,XWZLFKLXNARMNW-UHFFFAOYSA-N,CHEMBL462796,10.1021/np060248n,Antioxidant activity assessed as DPPH free radical scavenging activity 30 min (manual check),316.4,0.00011061946902654947,3.95616843047536,Other,c1ccc2c(c1)CCCO2,train
1542,COc1cc(O)c2c(c1)C(=O)c1c(O)c(C)cc(O)c1C2=O,VUUONEBXXLQCQX-UHFFFAOYSA-N,CHEMBL463597,10.1021/np060248n,Antioxidant activity assessed as DPPH free radical scavenging activity 30 min (manual check),300.3,0.00020646020646020505,3.68516364270073,Quinone,O=C1c2ccccc2C(=O)c2ccccc21,train
1543,CC=CCCCCc1c(O)cc(CC=C(C)C)c(O)c1C=O,HBLOFOWPCVDNCG-UHFFFAOYSA-N,CHEMBL462798,10.1021/np060248n,Antioxidant activity assessed as DPPH free radical scavenging activity 30 min (manual check),302.4,8.597883597883621e-05,4.06560843885835,Other,c1ccccc1,train
1544,CCCC=Cc1cc2c(C=O)c(O)c(CC=C(C)C)cc2o1,SBYYFNVKZGJIPR-UHFFFAOYSA-N,CHEMBL462797,10.1021/np060248n,Antioxidant activity assessed as DPPH free radical scavenging activity 30 min (manual check),298.4,0.000294906166219841,3.53031614665046,Other,c1ccc2occc2c1,train
1545,COc1cc(CCC(O)CC(O)CCc2ccc(O)c(O)c2)ccc1O,RIDWNCYOYKOUAC-UHFFFAOYSA-N,CHEMBL464199,10.1021/np0603119,Antioxidant activity assessed as DPPH free radical scavenging activity after 30 mins by multilabel counter,362.4,2.4000000000000214e-05,4.61978875828839,Other,c1ccc(CCCCCCCc2ccccc2)cc1,train
1546,COc1cc(CCC(O)CC(O)CCc2cc(OC)c(O)c(OC)c2)ccc1O,UEKHBUNMFZUBFK-UHFFFAOYSA-N,CHEMBL518528,10.1021/np0603119,Antioxidant activity assessed as DPPH free radical scavenging activity after 30 mins by multilabel counter,406.5,1.640000000000007e-05,4.7851561519523,Other,c1ccc(CCCCCCCc2ccccc2)cc1,train
1547,COc1cc(CCC(O)CC(O)CCc2ccc(O)c(OC)c2)ccc1O,OELMAFBLFOKZJD-UHFFFAOYSA-N,CHEMBL463199,10.1021/np0603119,Antioxidant activity assessed as DPPH free radical scavenging activity after 30 mins by multilabel counter,376.4,2.3829024190836046e-05,4.62289374184206,Other,c1ccc(CCCCCCCc2ccccc2)cc1,train
1548,O=S(=O)(Nc1cc(F)c(O)c(F)c1)c1ccccc1,YAWFBTGILXVPSB-UHFFFAOYSA-N,CHEMBL458568,10.1016/j.bmc.2008.01.042,DPPH radical scavenging activity 30 min (manual check),285.3,4.899999999999962e-05,4.30980391997149,Aromatic amine,O=S(=O)(Nc1ccccc1)c1ccccc1,train
1549,Cc1c(C(C)C(C)O)c(O)c2oc3cc(=O)c(C)c4c-3c(c2c1O)OC(C)C4C,HESPWWKIRCFDQL-UHFFFAOYSA-N,CHEMBL458391,10.1021/np0704708,Antioxidant activity assessed as DPPH free radical scavenging activity after 30 mins,398.5,5.530000000000018e-05,4.2572748686953,Other,O=c1cc2oc3ccccc3c3c-2c(c1)CCO3,train
1550,Cc1cc(O)c(C)c(O)c1C,KRIDOPOPBBSDNT-UHFFFAOYSA-N,CHEMBL448432,10.1021/np0704708,Antioxidant activity assessed as DPPH free radical scavenging activity after 30 mins,152.2,3.7999999999999996e-06,5.42021640338319,Other,c1ccccc1,train
1551,Cc1cc(O)cc(O)c1,OIPPWFOQEKKFEE-UHFFFAOYSA-N,CHEMBL110059,10.1021/np0704708,Antioxidant activity assessed as DPPH free radical scavenging activity after 30 mins,124.1,7.999999999999938e-07,6.09691001300806,Other,c1ccccc1,train
1552,Cc1c(O)cc(O)cc1C(C)C(C)O,ZYUVGYBAPZYKSA-UHFFFAOYSA-N,CHEMBL444472,10.1021/np0704708,Antioxidant activity assessed as DPPH free radical scavenging activity after 30 mins,196.2,2.2499999999999873e-05,4.64781748188864,Other,c1ccccc1,train
1553,Cc1c(C(C)C(C)O)cc(O)c(C(=O)O)c1O,UHEOCPAMGZSLMB-UHFFFAOYSA-N,CHEMBL465874,10.1021/np0704708,Antioxidant activity assessed as DPPH free radical scavenging activity after 30 mins,240.3,0.0007958000000000006,3.09919606518963,Phenolic acid,c1ccccc1,train
1554,Cc1c(O)c(C(=O)O)c(O)c2c1C(C)C(C)OC2,OHTHCLNOXXLROK-UHFFFAOYSA-N,CHEMBL465873,10.1021/np0704708,Antioxidant activity assessed as DPPH free radical scavenging activity after 30 mins,252.3,0.0001231000000000011,3.90974194706868,Phenolic acid,c1ccc2c(c1)CCOC2,train
1555,CC1=C2C(=COC(C)C2C)C(O)=C(C(=O)O)C1=O,CQIUKKVOEOPUDV-UHFFFAOYSA-N,CHEMBL510139,10.1021/np0704708,Antioxidant activity assessed as DPPH free radical scavenging activity after 30 mins,250.2,0.00016000000000000188,3.79588001734407,Other,O=C1C=CC2=COCCC2=C1,train
1556,CC1=C(C(C)C(C)OC=O)C(=O)C2=C(C1=O)C1OC(C)C(C)c3c(C)c(O)cc(c31)O2,DPWQFCNWSJVFTQ-UHFFFAOYSA-N,CHEMBL464673,10.1021/np0704708,Antioxidant activity assessed as DPPH free radical scavenging activity after 30 mins,426.5,5.869999999999933e-05,4.23136189875239,Quinone,O=C1C=CC(=O)C2=C1Oc1cccc3c1C2OCC3,train
1557,Cc1c(O)c2c(c3c1C(C)C(C)O3)Oc1cc(O)c(C)c3c1C2OC(C)C3C,CRGUXPKRGKYBJY-UHFFFAOYSA-N,CHEMBL457490,10.1021/np0704708,Antioxidant activity assessed as DPPH free radical scavenging activity after 30 mins,382.5,2.680000000000009e-05,4.57186520597121,Other,c1cc2c3c(c1)Oc1c(ccc4c1OCC4)C3OCC2,train
1558,Cc1c2c(c3oc4cc(=O)c(C)c5c-4c(c3c1O)OC(C)C5C)OC(C)C2C,WZDGQCYEIYZRBL-UHFFFAOYSA-N,CHEMBL514105,10.1021/np0704708,Antioxidant activity assessed as DPPH free radical scavenging activity after 30 mins,380.4,1.0600000000000004e-05,4.97469413473523,Other,O=c1cc2oc3c4c(ccc3c3c-2c(c1)CCO3)CCO4,train
1559,COC12OC(C)C(C)C1=C(C)C(=O)C1=C2Oc2cc(O)c(C)c3c2C1OC(C)C3C,YWUROUQKOJZPEJ-UHFFFAOYSA-N,CHEMBL458573,10.1021/np0704708,Antioxidant activity assessed as DPPH free radical scavenging activity after 30 mins,412.5,0.00029130000000000177,3.53565951537233,Other,O=C1C=C2CCOC2C2=C1C1OCCc3cccc(c31)O2,train
1560,CC1OC2=C(C(=O)c3ccc(O)c(O)c3C2=O)C1(C)C,UVWMPNRHULNSJS-UHFFFAOYSA-N,CHEMBL463959,10.1021/np049632f,Antioxidant activity assessed as DPPH radical scavenging activity 30 min (manual check),274.3,0.00012481999999999885,3.90371582175514,Other,O=C1C2=C(OCC2)C(=O)c2ccccc21,train
1561,COc1c(O)cc2c(c1O)C(=O)C1=C(C2=O)C(C)(C)C(C)O1,NMWOPEGXVGPYLC-UHFFFAOYSA-N,CHEMBL463891,10.1021/np049632f,Antioxidant activity assessed as DPPH radical scavenging activity 30 min (manual check),304.3,4.571999999999953e-05,4.33989377827676,Other,O=C1C2=C(OCC2)C(=O)c2ccccc21,train
1562,O=C(C=Cc1ccc(O)c(O)c1)OCC(O)C1OC(=O)C(O)C1O,VFAMSKXGISQMEE-UHFFFAOYSA-N,CHEMBL486591,10.1021/np050060o,Antioxidant activity assessed as DPPH free radical scavenging activity after 30 mins,340.3,9.099999999999931e-05,4.04095860767891,Phenolic acid,O=C(C=Cc1ccccc1)OCCC1CCC(=O)O1,train
1563,CCOC(=O)C1(O)CC(O)C(OC(=O)C=Cc2ccc(O)c(O)c2)C(O)C1,HPJJCRNQEWRFQW-UHFFFAOYSA-N,CHEMBL485994,10.1021/np050060o,Antioxidant activity assessed as DPPH free radical scavenging activity after 30 mins,382.4,0.0002339999999999984,3.63078414258986,Phenolic acid,O=C(C=Cc1ccccc1)OC1CCCCC1,train
1564,CC1OC(=O)C(O)C1OC(=O)C=Cc1ccc(O)c(O)c1,GAKVKJFTNYQYDY-UHFFFAOYSA-N,CHEMBL486185,10.1021/np050060o,Antioxidant activity assessed as DPPH free radical scavenging activity after 30 mins,294.3,0.00029000000000000266,3.53760200210104,Phenolic acid,O=C(C=Cc1ccccc1)OC1COC(=O)C1,train
1565,COc1c(O)cc(CCc2ccccc2)cc1O,UXZPELIPQAUZMK-UHFFFAOYSA-N,CHEMBL474797,10.1016/j.bmc.2009.02.057,Antioxidant activity assessed as DPPH radical scavenging activity after 30 mins by microplate reader assay,244.3,0.00015349979533360548,3.81389219924572,Other,c1ccc(CCc2ccccc2)cc1,test
1566,COc1c(O)cccc1CCc1cc(O)cc(O)c1,FNNQAZPVTHKZOI-UHFFFAOYSA-N,CHEMBL474811,10.1016/j.bmc.2009.02.057,Antioxidant activity assessed as DPPH radical scavenging activity after 30 mins by microplate reader assay,260.3,0.00017940837495197988,3.74615728754312,Other,c1ccc(CCc2ccccc2)cc1,train
1567,COc1cc(O)cc2c1Oc1ccccc1CC2,OZBWMOVXDLPRHR-UHFFFAOYSA-N,CHEMBL474975,10.1016/j.bmc.2009.02.057,Antioxidant activity assessed as DPPH radical scavenging activity after 30 mins by microplate reader assay,242.3,0.00016756087494841187,3.77582738056031,Other,c1ccc2c(c1)CCc1ccccc1O2,train
1568,COc1cc(CCc2cc(O)cc(O)c2)ccc1O,KPFFMALTIRFAHW-UHFFFAOYSA-N,CHEMBL471504,10.1016/j.bmc.2009.02.057,Antioxidant activity assessed as DPPH radical scavenging activity after 30 mins by microplate reader assay,260.3,0.0001352285824049189,3.8689315046311,Other,c1ccc(CCc2ccccc2)cc1,test
1569,COc1cc(CCc2ccccc2O)cc(OC)c1O,JCRLULKCRHDSOL-UHFFFAOYSA-N,CHEMBL475651,10.1016/j.bmc.2009.02.057,Antioxidant activity assessed as DPPH radical scavenging activity after 30 mins by microplate reader assay,274.3,0.00010499453153481558,3.9788333198453,Other,c1ccc(CCc2ccccc2)cc1,test
1570,COc1cc2c(ccc3cc(O)cc(OC)c32)cc1O,YKFWCNBTQYCJQV-UHFFFAOYSA-N,CHEMBL509668,10.1016/j.bmc.2009.02.057,Antioxidant activity assessed as DPPH radical scavenging activity after 30 mins by microplate reader assay,270.3,0.00011616722160562347,3.93491639762551,Other,c1ccc2c(c1)ccc1ccccc12,train
1571,COc1cc(O)cc2c1-c1c(O)cccc1CC2,UZIPEBBTICXJHN-UHFFFAOYSA-N,CHEMBL475652,10.1016/j.bmc.2009.02.057,Antioxidant activity assessed as DPPH radical scavenging activity after 30 mins by microplate reader assay,242.3,0.00026330994634750533,3.57953273541634,Other,c1ccc2c(c1)CCc1ccccc1-2,train
1572,COc1cc(O)c2c(c1)CCc1cc(O)ccc1-2,RDKDIPDDUFMMMT-UHFFFAOYSA-N,CHEMBL254187,10.1016/j.bmc.2009.02.057,Antioxidant activity assessed as DPPH radical scavenging activity after 30 mins by microplate reader assay,242.3,0.0001774659513000412,3.75088495855792,Other,c1ccc2c(c1)CCc1ccccc1-2,train
1573,COc1cc(C=CC=CC(=O)CCc2ccc(O)cc2)ccc1O,VJBQUBGTUNBGDY-UHFFFAOYSA-N,CHEMBL475821,10.1016/j.bmc.2009.02.057,Antioxidant activity assessed as DPPH radical scavenging activity after 30 mins by microplate reader assay,324.4,0.00012330456226880283,3.90902085421116,Other,O=C(C=CC=Cc1ccccc1)CCc1ccccc1,train
1574,CC1=CCCC2C1(C)CCC(C)C2(C)CC1=CC(=O)C=CC1=O,VPRHEJGLNUDEEH-UHFFFAOYSA-N,CHEMBL464645,10.1021/np800318m,Antioxidant activity assessed as DPPH radical scavenging activity 30 min (manual check),312.5,3.209999999999982e-05,4.49349496759513,Terpenoid,O=C1C=CC(=O)C(CC2CCCC3C=CCCC32)=C1,train
1575,CC1=CCCC2C1(C)CCC(C)C2(C)Cc1cc(O)cc(Sc2cccc(C(=O)O)c2)c1O,ZHNWIBRFILHVBA-UHFFFAOYSA-N,CHEMBL584990,10.1021/np800318m,Antioxidant activity assessed as DPPH radical scavenging activity 30 min (manual check),466.6,3.179999999999983e-05,4.49757288001557,Terpenoid,C1=CC2CCCC(Cc3cccc(Sc4ccccc4)c3)C2CC1,train
1576,CC1=CCCC2C1(C)CCC(C)C2(C)Cc1cc(O)cc(Sc2ccccc2CO)c1O,CUIJYOHCRGNTLI-UHFFFAOYSA-N,CHEMBL573585,10.1021/np800318m,Antioxidant activity assessed as DPPH radical scavenging activity 30 min (manual check),452.7,2.5300000000000134e-05,4.59687947882418,Terpenoid,C1=CC2CCCC(Cc3cccc(Sc4ccccc4)c3)C2CC1,train
1577,CC1=CCCC2C(C)(Cc3cc(O)c(Sc4ccccc4CO)cc3O)CCCC12C,ZBGHEHFYLIHYFD-UHFFFAOYSA-N,CHEMBL575633,10.1021/np800318m,Antioxidant activity assessed as DPPH radical scavenging activity 30 min (manual check),438.6,9.0000000000001e-05,4.04575749056067,Terpenoid,C1=CC2CCCC(Cc3ccc(Sc4ccccc4)cc3)C2CC1,test
1578,CC1=CCCC2C1(C)CCC(C)C2(C)Cc1cc(O)cc(SC(C)C(=O)O)c1O,KADIXQAVRLWQEJ-UHFFFAOYSA-N,CHEMBL575634,10.1021/np800318m,Antioxidant activity assessed as DPPH radical scavenging activity 30 min (manual check),418.6,3.460000000000026e-05,4.46092390120722,Terpenoid,C1=CC2CCCC(Cc3ccccc3)C2CC1,train
1579,CC1=CCCC2C1(C)CCC(C)C2(C)Cc1cc(O)c(SC(C)C(=O)O)cc1O,YZEHAXFXYPNXOJ-UHFFFAOYSA-N,CHEMBL576954,10.1021/np800318m,Antioxidant activity assessed as DPPH radical scavenging activity 30 min (manual check),418.6,3.529999999999977e-05,4.45222529461218,Terpenoid,C1=CC2CCCC(Cc3ccccc3)C2CC1,train
1580,CC1=CCCC2C1(C)CCC(C)C2(C)Cc1cc(O)cc(Sc2nc3ccccc3s2)c1O,YPIJUFYXFHJDPD-UHFFFAOYSA-N,CHEMBL574482,10.1021/np800318m,Antioxidant activity assessed as DPPH radical scavenging activity 30 min (manual check),479.7,2.949999999999979e-05,4.53017798402184,Terpenoid,C1=CC2CCCC(Cc3cccc(Sc4nc5ccccc5s4)c3)C2CC1,train
1581,CC1=CCCC2C1(C)CCC(C)C2(C)Cc1cc(O)c(Sc2nc3ccccc3s2)cc1O,VPPOPDFUCZOXCG-UHFFFAOYSA-N,CHEMBL573840,10.1021/np800318m,Antioxidant activity assessed as DPPH radical scavenging activity 30 min (manual check),479.7,3.119999999999978e-05,4.50584540598156,Terpenoid,C1=CC2CCCC(Cc3ccc(Sc4nc5ccccc5s4)cc3)C2CC1,train
1582,CC1=CCCC2C1(C)CCC(C)C2(C)CC1=CC(O)C=C(SC2CCC3(C)C(=CCC4C3CCC3(C)C(C(C)CCCC(C)C)CCC43)C2)C1O,FMQQJLBHYTYJCX-UHFFFAOYSA-N,CHEMBL577466,10.1021/np800318m,Antioxidant activity assessed as DPPH radical scavenging activity 30 min (manual check),717.2,3.140000000000034e-05,4.50307035192678,Terpenoid,C1=CC2CCCC(CC3=CCC=C(SC4CCC5C(=CCC6C7CCCC7CCC56)C4)C3)C2CC1,train
1583,CC1=CCCC2C1(C)CCC(C)C2(C)CC1=CC(O)C(SC2CCC3(C)C(=CCC4C3CCC3(C)C(C(C)CCCC(C)C)CCC43)C2)=CC1O,XMMMNILMVGYFFN-UHFFFAOYSA-N,CHEMBL564202,10.1021/np800318m,Antioxidant activity assessed as DPPH radical scavenging activity 30 min (manual check),717.2,7.13999999999992e-05,4.14630178822383,Terpenoid,C1=CC2CCCC(CC3=CCC(SC4CCC5C(=CCC6C7CCCC7CCC56)C4)=CC3)C2CC1,test
1584,CCCCCCCCCCCCCCCCc1c(C)c(O)cc2c1[nH]c1ccccc12,MAYDSOQWBVKKKW-UHFFFAOYSA-N,CHEMBL1081011,10.1021/np9002178,Antioxidant activity assessed as DPPH radical scavenging activity after 30 mins,421.7,1.0500000000000049e-05,4.97881070093006,Other,c1ccc2c(c1)[nH]c1ccccc12,test
1585,CCCCCCCCC=CCCCCCCCc1c(C)c(O)cc2c1[nH]c1ccccc12,PLBRTTUILORDMU-UHFFFAOYSA-N,CHEMBL1080115,10.1021/np9002178,Antioxidant activity assessed as DPPH radical scavenging activity after 30 mins,433.7,8.70000000000003e-06,5.06048074738138,Other,c1ccc2c(c1)[nH]c1ccccc12,train
1586,C=C1CCCC2C1(C)CCC(C)C2(C)CC1=CC(=O)C(Nc2ccc(O)c(CC3(C)C(C)CCC4(C)C(=C)CCCC43)c2)=CC1=O,UISGGIHVBSCFEW-UHFFFAOYSA-N,CHEMBL1097920,10.1021/np1000285,Antioxidant activity assessed as DPPH radical scavenging activity after 30 mins,623.9,3.500000000000036e-05,4.45593195564972,Terpenoid,C=C1CCCC2C(CC3=CC(=O)C(Nc4cccc(CC5CCCC6C(=C)CCCC56)c4)=CC3=O)CCCC12,train
1587,C=C1CCCC2C1(C)CCC(C)C2(C)CC1=CC(=O)C=C(Nc2ccc(O)c(CC3(C)C(C)CCC4(C)C(=C)CCCC43)c2)C1=O,NBPZGPLJHHQVRR-UHFFFAOYSA-N,CHEMBL1098249,10.1021/np1000285,Antioxidant activity assessed as DPPH radical scavenging activity after 30 mins,623.9,3.500000000000036e-05,4.45593195564972,Terpenoid,C=C1CCCC2C(CC3=CC(=O)C=C(Nc4cccc(CC5CCCC6C(=C)CCCC56)c4)C3=O)CCCC12,train
1588,C=C1CCCC2C1(C)CCC(C)C2(C)Cc1cc(O)ccc1O,FBMAHDGTCDISLJ-UHFFFAOYSA-N,CHEMBL1096605,10.1021/np1000285,Antioxidant activity assessed as DPPH radical scavenging activity after 30 mins,314.5,1.9000000000000035e-05,4.72124639904717,Terpenoid,C=C1CCCC2C(Cc3ccccc3)CCCC12,train
1589,O=S(=O)(O)Oc1cc(O)cc(C=Cc2ccc(O)cc2)c1,DULQFFCIVGYOFH-UHFFFAOYSA-N,CHEMBL1173685,10.1021/jm100274c,Antioxidant activity assessed as DPPH scavenging activity after 30 mins,346.4,0.00021919999999999918,3.65915945018767,Stilbene,C(=Cc1ccccc1)c1ccccc1,train
1590,COc1cc(O)c2c(c1O)C(=O)C13CC4C(CC1C(C)=O)OC(=O)C4(OC)C(O)=C3C2=O,WMHYXAXGNZAMDO-UHFFFAOYSA-N,CHEMBL1927941,10.1021/np200651e,Antioxidant activity assessed as DPPH radicle scavenging activity after 30 mins by spectrometric analysis,444.4,0.00016500000000000135,3.78251605578609,Terpenoid,O=C1C2=CC3C(=O)OC4CCC2(CC43)C(=O)c2ccccc21,train
1591,COc1cc(CCC(=O)NCCCCNC(=O)CCc2ccc(O)c(OC)c2)ccc1O,OHINCKONHZEPNF-UHFFFAOYSA-N,CHEMBL1950103,10.1021/np200734p,Antioxidant activity assessed as DPPH free radical scavenging activity after 30 mins,444.5,1.1399999999999933e-05,4.94309514866353,Other,O=C(CCc1ccccc1)NCCCCNC(=O)CCc1ccccc1,train
1592,CC(=O)NCCCCN(CCCNC(=O)CCc1ccc(O)cc1)C(=O)CCc1ccc(O)cc1,CTLBDGVEJCSDLM-UHFFFAOYSA-N,CHEMBL1950104,10.1021/np200734p,Antioxidant activity assessed as DPPH free radical scavenging activity after 30 mins,483.6,3.5099999999999694e-05,4.45469288353418,Other,O=C(CCc1ccccc1)NCCCNC(=O)CCc1ccccc1,train
1593,O=C(OC1Cc2c(O)cc(O)cc2OC1c1ccc(O)c(O)c1)c1cc(O)c(O)c(O)c1,LSHVYAFMTMFKBA-UHFFFAOYSA-N,CHEMBL36327,10.1016/j.bmc.2012.02.002,Antioxidant activity assessed as DPPH radical scavenging activity after 30 mins by spectrophotometry,442.4,1.4999999999999943e-06,5.82390874094432,Phenolic acid,O=C(OC1Cc2ccccc2OC1c1ccccc1)c1ccccc1,train
1594,O=C(C=Cc1ccc(O)c(O)c1)OCCc1ccccc1,SWUARLUWKZWEBQ-UHFFFAOYSA-N,CHEMBL319244,10.1016/j.bmc.2013.05.043,Antioxidant activity assessed as DPPH radical scavenging activity after 30 mins,284.3,1.4480431989602856e-05,4.83921848179203,Phenolic acid,O=C(C=Cc1ccccc1)OCCc1ccccc1,train
1595,COc1cc(C(=O)OC2Cc3c(O)cc(O)cc3OC2c2ccc(O)c(O)c2)cc(O)c1O,XGTBMCGGGJLOPS-UHFFFAOYSA-N,CHEMBL158521,10.1016/j.bmc.2012.02.002,Antioxidant activity assessed as DPPH radical scavenging activity after 30 mins by spectrophotometry,456.4,1.0800000000000015e-05,4.96657624451305,Phenolic acid,O=C(OC1Cc2ccccc2OC1c1ccccc1)c1ccccc1,train
1596,O=C(OC1Cc2c(O)cc(O)cc2OC1c1ccc(O)cc1)c1cc(O)c(O)c(O)c1,SDZPYNMXGUHFMZ-UHFFFAOYSA-N,CHEMBL159706,10.1016/j.bmc.2012.02.002,Antioxidant activity assessed as DPPH radical scavenging activity after 30 mins by spectrophotometry,426.4,2.800000000000007e-06,5.55284196865778,Phenolic acid,O=C(OC1Cc2ccccc2OC1c1ccccc1)c1ccccc1,train
1597,O=C(C=Cc1ccc(O)c(O)c1)OCCC1CCCCC1,XJJMXUOCQZQZQY-UHFFFAOYSA-N,CHEMBL2441912,10.1016/j.bmc.2013.08.057,Antioxidant activity assessed as DPPH radical scavenging activity after 30 mins by spectrophotometry,290.4,1.510000000000001e-05,4.82102305270683,Phenolic acid,O=C(C=Cc1ccccc1)OCCC1CCCCC1,train
1598,O=C(C=Cc1ccc(O)cc1)OC1Cc2c(O)cc(O)cc2OC1c1cc(O)c(O)c(O)c1,HKPGWUPXXPIOAN-UHFFFAOYSA-N,CHEMBL1957042,10.1016/j.bmc.2012.02.002,Antioxidant activity assessed as DPPH radical scavenging activity after 30 mins by spectrophotometry,452.4,3.4004705556731754e-05,4.46846098131303,Phenolic acid,O=C(C=Cc1ccccc1)OC1Cc2ccccc2OC1c1ccccc1,train
1599,O=C(Nc1nnc(-c2ccc(O)c(O)c2)s1)C1CCCCC1,LZNWUKBPVIPTIF-UHFFFAOYSA-N,CHEMBL4086399,10.1016/j.bmcl.2017.07.003,Antioxidant activity assessed as DPPH radical scavenging activity after 30 mins in absence of light,355.4,3.7279999999999704e-05,4.42852409631806,Terpenoid,O=C(Nc1nnc(-c2ccccc2)s1)C1CCCCC1,train
1600,CC1OC(OCC2OC(Oc3c(-c4ccc(O)c(O)c4)oc4cc(O)cc(O)c4c3=O)C(OC(=O)C=Cc3ccc(O)cc3)C(O)C2O)C(O)C(OC2OC(CO)C(O)C(O)C2O)C1O,FMFFYFPHHRLGQM-UHFFFAOYSA-N,CHEMBL1957047,10.1016/j.bmc.2012.02.002,Antioxidant activity assessed as DPPH radical scavenging activity after 30 mins by spectrophotometry,918.8,2.20000000000002e-05,4.65757731917779,Flavonoid,O=C(C=Cc1ccccc1)OC1CCC(COC2CC(OC3CCCCO3)CCO2)OC1Oc1c(-c2ccccc2)oc2ccccc2c1=O,train
1601,CC1OC(OCC2OC(Oc3c(-c4ccc(O)c(O)c4)oc4cc(O)cc(O)c4c3=O)C(OC(=O)C=Cc3ccc(O)cc3)C(OC3OCC(O)C(O)C3O)C2O)C(O)C(O)C1O,WJNXAFADOMWGIU-UHFFFAOYSA-N,CHEMBL1957048,10.1016/j.bmc.2012.02.002,Antioxidant activity assessed as DPPH radical scavenging activity after 30 mins by spectrophotometry,888.8,3.189999999999993e-05,4.49620931694282,Flavonoid,O=C(C=Cc1ccccc1)OC1C(OC2CCCCO2)CC(COC2CCCCO2)OC1Oc1c(-c2ccccc2)oc2ccccc2c1=O,train
1602,CC1OC(OCC2OC(Oc3c(-c4ccc(O)c(O)c4)oc4cc(O)cc(O)c4c3=O)C(OC(=O)C=Cc3ccc(O)cc3)C(O)C2O)C(O)C(O)C1O,IJYHCBQZOMHTFY-UHFFFAOYSA-N,CHEMBL1957049,10.1016/j.bmc.2012.02.002,Antioxidant activity assessed as DPPH radical scavenging activity after 30 mins by spectrophotometry,756.7,2.9200000000000127e-05,4.53461714855158,Flavonoid,O=C(C=Cc1ccccc1)OC1CCC(COC2CCCCO2)OC1Oc1c(-c2ccccc2)oc2ccccc2c1=O,test
1603,C=CCc1cc(NC(=O)C23CC4CC(CC(C4)C2)C3)ccc1OCC=C(C)CCC=C(C)CCC=C(C)C,LSTHHVGZXLVVMW-UHFFFAOYSA-N,CHEMBL2087306,10.1016/j.bmc.2012.07.025,Antioxidant activity assessed as inhibition of DPPH radical scavenging activity after 30 mins by spectrophotometry,515.8,0.00011429999999999949,3.94195376960472,Terpenoid,O=C(Nc1ccccc1)C12CC3CC(CC(C3)C1)C2,train
1604,C=CCc1cc(NC(=O)C2CCCCC2)ccc1OCC=C(C)CCC=C(C)CCC=C(C)C,YMILELLWWVLJTD-UHFFFAOYSA-N,CHEMBL2087307,10.1016/j.bmc.2012.07.025,Antioxidant activity assessed as inhibition of DPPH radical scavenging activity after 30 mins by spectrophotometry,463.7,0.0005291000000000038,3.27646223846794,Terpenoid,O=C(Nc1ccccc1)C1CCCCC1,train
1605,C=CCc1cc(NC(=O)C2CCCC2)ccc1OCC=C(C)CCC=C(C)CCC=C(C)C,PTCGPNDWUCONGV-UHFFFAOYSA-N,CHEMBL2087308,10.1016/j.bmc.2012.07.025,Antioxidant activity assessed as inhibition of DPPH radical scavenging activity after 30 mins by spectrophotometry,449.7,0.000461399999999995,3.33592240981493,Terpenoid,O=C(Nc1ccccc1)C1CCCC1,test
1606,C=CCc1cc(NC(=O)C2CCC2)ccc1OCC=C(C)CCC=C(C)CCC=C(C)C,MNZUAUDHMPJMBV-UHFFFAOYSA-N,CHEMBL2087309,10.1016/j.bmc.2012.07.025,Antioxidant activity assessed as inhibition of DPPH radical scavenging activity after 30 mins by spectrophotometry,435.7,0.00013950000000000122,3.85542579239038,Terpenoid,O=C(Nc1ccccc1)C1CCC1,train
1607,C=CCc1cc(NC(=O)C2CC2)ccc1OCC=C(C)CCC=C(C)CCC=C(C)C,VDUYBYABSDNQOO-UHFFFAOYSA-N,CHEMBL2087310,10.1016/j.bmc.2012.07.025,Antioxidant activity assessed as inhibition of DPPH radical scavenging activity after 30 mins by spectrophotometry,421.6,8.899999999999937e-06,5.05060999335509,Terpenoid,O=C(Nc1ccccc1)C1CC1,test
1608,C=CCc1cc(NC(C)=O)ccc1OCC=C(C)CCC=C(C)CCC=C(C)C,IXYOQOMIUFMLJQ-UHFFFAOYSA-N,CHEMBL2087311,10.1016/j.bmc.2012.07.025,Antioxidant activity assessed as inhibition of DPPH radical scavenging activity after 30 mins by spectrophotometry,395.6,0.0002247999999999982,3.64820369310298,Terpenoid,c1ccccc1,train
1609,C=CCc1cc(NC(=O)C23CC4CC(CC(C4)C2)C3)ccc1OCC=C(C)CCC=C(C)C,XFDGURPAHUENRF-UHFFFAOYSA-N,CHEMBL2087312,10.1016/j.bmc.2012.07.025,Antioxidant activity assessed as inhibition of DPPH radical scavenging activity after 30 mins by spectrophotometry,447.7,0.00012079999999999914,3.91793306571489,Terpenoid,O=C(Nc1ccccc1)C12CC3CC(CC(C3)C1)C2,train
1610,C=CCc1cc(NC(=O)C23CC4CC(CC(C4)C2)C3)ccc1OCC=C(C)C,UUEVNXIFAYOYGB-UHFFFAOYSA-N,CHEMBL2087313,10.1016/j.bmc.2012.07.025,Antioxidant activity assessed as inhibition of DPPH radical scavenging activity after 30 mins by spectrophotometry,379.5,0.00010460000000000107,3.98046831546874,Terpenoid,O=C(Nc1ccccc1)C12CC3CC(CC(C3)C1)C2,train
1611,COc1cc(C)c(Oc2cc(C)cc(O)c2O)c(O)c1,JGXPRDVSWGDODG-UHFFFAOYSA-N,CHEMBL2152644,10.1021/np300473h,Antioxidant activity assessed as DPPH free radical scavenging activity after 30 mins,276.3,1.1600000000000038e-05,4.93554201077308,Other,c1ccc(Oc2ccccc2)cc1,train
1612,COc1cc(C)c(Oc2cc(C)cc(OC)c2O)c(O)c1,WIOKWEJDRXNVSH-UHFFFAOYSA-N,CHEMBL2152645,10.1021/np300473h,Antioxidant activity assessed as DPPH free radical scavenging activity after 30 mins,290.3,7.899999999999975e-06,5.10237290870956,Other,c1ccc(Oc2ccccc2)cc1,train
1613,CSc1ccc(-c2[nH]c(=S)[nH]c2-c2ccc(Cl)cc2)cc1,VAXDWOGHSOVRRQ-UHFFFAOYSA-N,CHEMBL2207971,10.1016/j.bmc.2012.09.050,Antioxidant activity of compound assessed as DPPH radical scavenging activity by colorimetric method 30 min (manual check),332.9,2.1199999999999926e-05,4.67366413907125,Other,S=c1[nH]c(-c2ccccc2)c(-c2ccccc2)[nH]1,train
1614,CSc1ccc(-c2[nH]c(=S)[nH]c2-c2ccc(F)cc2)cc1,MRNIVYXKZJASKZ-UHFFFAOYSA-N,CHEMBL2207970,10.1016/j.bmc.2012.09.050,Antioxidant activity of compound assessed as DPPH radical scavenging activity by colorimetric method 30 min (manual check),316.4,4.899999999999962e-05,4.30980391997149,Other,S=c1[nH]c(-c2ccccc2)c(-c2ccccc2)[nH]1,train
1615,COc1ccc(-c2[nH]c(=S)[nH]c2-c2ccc(Cl)cc2)cc1,BQEHYOYOQFMHIH-UHFFFAOYSA-N,CHEMBL2207969,10.1016/j.bmc.2012.09.050,Antioxidant activity of compound assessed as DPPH radical scavenging activity by colorimetric method 30 min (manual check),316.8,1.4000000000000062e-05,4.85387196432176,Other,S=c1[nH]c(-c2ccccc2)c(-c2ccccc2)[nH]1,train
1616,COc1ccc(-c2[nH]c(=S)[nH]c2-c2ccc(F)cc2)cc1,JZJFDAHXCVYYQW-UHFFFAOYSA-N,CHEMBL2207968,10.1016/j.bmc.2012.09.050,Antioxidant activity of compound assessed as DPPH radical scavenging activity by colorimetric method 30 min (manual check),300.4,5.719999999999949e-05,4.24260397120698,Other,S=c1[nH]c(-c2ccccc2)c(-c2ccccc2)[nH]1,train
1617,COc1ccc(-c2[nH]c(=S)[nH]c2-c2ccc(N(C)C)cc2)cc1,ZOMYMLDBKJPGBI-UHFFFAOYSA-N,CHEMBL2207967,10.1016/j.bmc.2012.09.050,Antioxidant activity of compound assessed as DPPH radical scavenging activity by colorimetric method 30 min (manual check),325.4,1.5199999999999909e-05,4.81815641205523,Aromatic amine,S=c1[nH]c(-c2ccccc2)c(-c2ccccc2)[nH]1,train
1618,CN(C)c1ccc(-c2[nH]c(=S)[nH]c2-c2ccc(Cl)cc2)cc1,WXUMTQVZILMOSZ-UHFFFAOYSA-N,CHEMBL2207966,10.1016/j.bmc.2012.09.050,Antioxidant activity of compound assessed as DPPH radical scavenging activity by colorimetric method 30 min (manual check),329.9,1.5899999999999946e-05,4.79860287567955,Aromatic amine,S=c1[nH]c(-c2ccccc2)c(-c2ccccc2)[nH]1,train
1619,CSc1ccc(-c2[nH]c(=S)[nH]c2-c2ccccc2)cc1,CZUBVXJOUNHCQK-UHFFFAOYSA-N,CHEMBL2207965,10.1016/j.bmc.2012.09.050,Antioxidant activity of compound assessed as DPPH radical scavenging activity by colorimetric method 30 min (manual check),298.4,9.0000000000001e-05,4.04575749056067,Other,S=c1[nH]c(-c2ccccc2)c(-c2ccccc2)[nH]1,test
1620,S=c1[nH]c(-c2ccccc2)c(-c2ccc(Cl)cc2)[nH]1,ZYTWLVOCKZACEG-UHFFFAOYSA-N,CHEMBL2207964,10.1016/j.bmc.2012.09.050,Antioxidant activity of compound assessed as DPPH radical scavenging activity by colorimetric method 30 min (manual check),286.8,3.0299999999999676e-05,4.5185573714977,Other,S=c1[nH]c(-c2ccccc2)c(-c2ccccc2)[nH]1,train
1621,COc1ccc(-c2[nH]c(=S)[nH]c2-c2ccccc2)cc1,WJNOVBNHUQBCFF-UHFFFAOYSA-N,CHEMBL2207963,10.1016/j.bmc.2012.09.050,Antioxidant activity of compound assessed as DPPH radical scavenging activity by colorimetric method 30 min (manual check),282.4,8.739999999999932e-05,4.0584885673656,Other,S=c1[nH]c(-c2ccccc2)c(-c2ccccc2)[nH]1,train
1622,S=c1[nH]c(-c2ccc(Cl)cc2)c(-c2ccc(Cl)cc2)[nH]1,JYEPJLSKZAHYCG-UHFFFAOYSA-N,CHEMBL2207975,10.1016/j.bmc.2012.09.050,Antioxidant activity of compound assessed as DPPH radical scavenging activity by colorimetric method 30 min (manual check),321.2,0.00010740000000000075,3.96899571863646,Other,S=c1[nH]c(-c2ccccc2)c(-c2ccccc2)[nH]1,train
1623,Fc1ccc(-c2[nH]c(=S)[nH]c2-c2ccc(F)cc2)cc1,KWFORLMWRZCJOS-UHFFFAOYSA-N,CHEMBL2207974,10.1016/j.bmc.2012.09.050,Antioxidant activity of compound assessed as DPPH radical scavenging activity by colorimetric method 30 min (manual check),288.3,0.00014310000000000123,3.84436036624022,Other,S=c1[nH]c(-c2ccccc2)c(-c2ccccc2)[nH]1,train
1624,COc1ccc(-c2nc(S)[nH]c2-c2ccc(OC)cc2)cc1,NZKLDYYRLVFZCE-UHFFFAOYSA-N,CHEMBL342031,10.1016/j.bmc.2012.09.050,Antioxidant activity of compound assessed as DPPH radical scavenging activity by colorimetric method 30 min (manual check),312.4,1.549999999999995e-05,4.80966830182971,Other,c1ccc(-c2nc[nH]c2-c2ccccc2)cc1,train
1625,S=c1[nH]c(-c2ccccc2)c(-c2ccccc2)[nH]1,GMTAWLUJHGIUPU-UHFFFAOYSA-N,CHEMBL2207973,10.1016/j.bmc.2012.09.050,Antioxidant activity of compound assessed as DPPH radical scavenging activity by colorimetric method 30 min (manual check),252.3,4.919999999999993e-05,4.30803489723264,Other,S=c1[nH]c(-c2ccccc2)c(-c2ccccc2)[nH]1,train
1626,COc1cc2c(c(OC)c1O)C(c1ccc(O)c(O)c1)C(C(=O)NCCc1ccc(O)cc1)C(C(=O)NCCc1ccc(O)cc1)=C2,UBINQRYXHNHCBT-UHFFFAOYSA-N,CHEMBL2337115,10.1021/np300655y,Antioxidant activity assessed as DPPH radical scavenging activity after 30 mins,640.7,4.649999999999958e-05,4.33254704711005,Other,O=C(NCCc1ccccc1)C1=Cc2ccccc2C(c2ccccc2)C1C(=O)NCCc1ccccc1,train
1627,COc1cc(C=CC(=O)NCC(O)c2ccc(O)cc2)ccc1O,VJSCHQMOTSXAKB-UHFFFAOYSA-N,CHEMBL2337114,10.1021/np300655y,Antioxidant activity assessed as DPPH radical scavenging activity after 30 mins,329.4,6.119999999999983e-05,4.21324857785444,Other,O=C(C=Cc1ccccc1)NCCc1ccccc1,train
1628,COc1ccc(C=CC(=O)NCC(O)c2ccc(O)cc2)cc1O,YMUNILWOTSCYLI-UHFFFAOYSA-N,CHEMBL2036084,10.1021/np300655y,Antioxidant activity assessed as DPPH radical scavenging activity after 30 mins,329.4,6.239999999999944e-05,4.20481541031758,Other,O=C(C=Cc1ccccc1)NCCc1ccccc1,train
1629,O=C(CCc1ccc(O)c(O)c1)NCCc1ccc(O)cc1,RIYORZPRGANLCW-UHFFFAOYSA-N,CHEMBL208465,10.1021/np300655y,Antioxidant activity assessed as DPPH radical scavenging activity after 30 mins,301.3,6.119999999999983e-05,4.21324857785444,Other,O=C(CCc1ccccc1)NCCc1ccccc1,test
1630,O=C(C=Cc1ccc(O)c(O)c1)NCCc1ccc(O)cc1,VSHUQLRHTJOKTA-UHFFFAOYSA-N,CHEMBL206646,10.1021/np300655y,Antioxidant activity assessed as DPPH radical scavenging activity after 30 mins,299.3,4.759999999999965e-05,4.32239304727951,Other,O=C(C=Cc1ccccc1)NCCc1ccccc1,train
1631,COc1ccc(C=CC(=O)NCCc2ccc(O)cc2)cc1O,YVJONNCAHSDDLZ-UHFFFAOYSA-N,CHEMBL2337116,10.1021/np300655y,Antioxidant activity assessed as DPPH radical scavenging activity after 30 mins,313.4,6.76999999999993e-05,4.16941133131486,Other,O=C(C=Cc1ccccc1)NCCc1ccccc1,train
1632,O=C(C=Cc1ccc(O)cc1)NCCc1ccc(O)cc1,RXGUTQNKCXHALN-UHFFFAOYSA-N,CHEMBL64286,10.1021/np300655y,Antioxidant activity assessed as DPPH radical scavenging activity after 30 mins,283.3,6.35000000000007e-05,4.19722627470802,Other,O=C(C=Cc1ccccc1)NCCc1ccccc1,train
1633,COc1cc2c(c(OC)c1O)C(c1ccc(O)c(O)c1)C(C(=O)NCCc1ccc(O)cc1)C(C(=O)NCCCCNC(C)=O)=C2,GJSJUEUKMKVQLE-UHFFFAOYSA-N,CHEMBL2337117,10.1021/np300655y,Antioxidant activity assessed as DPPH radical scavenging activity after 30 mins,633.7,6.700000000000048e-05,4.17392519729917,Other,O=C(NCCc1ccccc1)C1C=Cc2ccccc2C1c1ccccc1,test
1634,COc1cc(C=C(C(=O)NCCCCNC(C)=O)c2cc(O)c(O)cc2CCC(=O)NCCc2ccc(O)cc2)ccc1O,WZTWRBBZCZLFSH-UHFFFAOYSA-N,CHEMBL2337118,10.1021/np300655y,Antioxidant activity assessed as DPPH radical scavenging activity after 30 mins,605.7,6.519999999999993e-05,4.18575240426808,Stilbene,O=C(CCc1ccccc1C=Cc1ccccc1)NCCc1ccccc1,train
1635,COc1cc(C=C(C(=O)NCCCCNC(C)=O)c2cc(O)c(O)cc2CCC(=O)NCCc2ccc(O)cc2)cc(OC)c1O,HJDHQNBCJWHUOS-UHFFFAOYSA-N,CHEMBL2337119,10.1021/np300655y,Antioxidant activity assessed as DPPH radical scavenging activity after 30 mins,635.7,6.469999999999989e-05,4.1890957193313,Stilbene,O=C(CCc1ccccc1C=Cc1ccccc1)NCCc1ccccc1,train
1636,COc1cc(C=C(C(=O)NCCc2ccc(O)cc2)c2cc(O)c(O)cc2CCC(=O)NCCc2ccc(O)cc2)cc(OC)c1O,VASQGZWVOIBRRE-UHFFFAOYSA-N,CHEMBL2337120,10.1021/np300655y,Antioxidant activity assessed as DPPH radical scavenging activity after 30 mins,642.7,5.710000000000025e-05,4.24336389175415,Stilbene,O=C(CCc1ccccc1C(=Cc1ccccc1)C(=O)NCCc1ccccc1)NCCc1ccccc1,train
1637,O=C(Nc1nnc(-c2ccc(O)c(O)c2)s1)c1ccccc1,YXXBKJCOAZAWIX-UHFFFAOYSA-N,CHEMBL4065101,10.1016/j.bmcl.2017.07.003,Antioxidant activity assessed as DPPH radical scavenging activity after 30 mins in absence of light,331.4,2.3389999999999842e-05,4.63096977819085,Aromatic amine,O=C(Nc1nnc(-c2ccccc2)s1)c1ccccc1,train
1638,O=C(Nc1nnc(-c2cccc(O)c2O)s1)C1CCCCC1,KJKDFMUTLIFNJY-UHFFFAOYSA-N,CHEMBL4100861,10.1016/j.bmcl.2017.07.003,Antioxidant activity assessed as DPPH radical scavenging activity after 30 mins in absence of light,319.4,1.9879999999999772e-05,4.70158361993871,Terpenoid,O=C(Nc1nnc(-c2ccccc2)s1)C1CCCCC1,train
1639,O=C(Nc1nnc(-c2cccc(O)c2O)s1)c1ccccc1,PVABSKPKPZZLNP-UHFFFAOYSA-N,CHEMBL4096485,10.1016/j.bmcl.2017.07.003,Antioxidant activity assessed as DPPH radical scavenging activity after 30 mins in absence of light,313.3,2.2279999999999936e-05,4.65208481349831,Aromatic amine,O=C(Nc1nnc(-c2ccccc2)s1)c1ccccc1,train
1640,O=C1NC(=O)C(=Cc2cccc(Cl)c2)S1,DTXPSQFSJWKKSG-UHFFFAOYSA-N,CHEMBL495398,10.1016/j.bmc.2013.01.029,Antioxidant activity assessed as DPPH free radical scavenging activity after 30 mins,239.7,3.224864413850641e-05,4.49148854011533,Other,O=C1NC(=O)C(=Cc2ccccc2)S1,train
1641,Fc1cccc(Cc2nnc3sc(-c4ccoc4)nn23)c1,FOOHHCUOYWOPNH-UHFFFAOYSA-N,CHEMBL2375480,10.1016/j.ejmech.2013.01.060,Antioxidant activity of the compound assessed as DPPH radical scavenging activity after 30 mins by spectrophotometry,300.3,3.153999999999973e-05,4.50113831100712,Other,c1ccc(Cc2nnc3sc(-c4ccoc4)nn23)cc1,train
1642,COc1cccc(Cc2nnc3sc(-c4ccc(Cl)cc4)nn23)c1,IEQJBZMOOQZZMI-UHFFFAOYSA-N,CHEMBL2377879,10.1016/j.ejmech.2013.01.060,Antioxidant activity of the compound assessed as DPPH radical scavenging activity after 30 mins by spectrophotometry,356.8,9.039999999999934e-06,5.04383156952464,Other,c1ccc(Cc2nnc3sc(-c4ccccc4)nn23)cc1,test
1643,CCOC(=O)C(CC(=O)c1cccc2c1C(=O)c1ccccc1C2=O)=NNC(=S)Nc1ccc(C)cc1,ABFBBIWKGKZQTE-UHFFFAOYSA-N,CHEMBL2393476,10.1016/j.ejmech.2013.03.071,Antioxidant activity assessed as DPPH radical scavenging activity after 30 mins by spectrophotometric analysis,513.6,4.1000000000000414e-05,4.38721614328026,Quinone,O=C(CC=NNC(=S)Nc1ccccc1)c1cccc2c1C(=O)c1ccccc1C2=O,train
1644,CCOC(=O)C(CC(=O)c1cccc2c1C(=O)c1ccccc1C2=O)=NNC(=S)NCc1cccnc1,UWYAUHDZMZYQJL-UHFFFAOYSA-N,CHEMBL2393474,10.1016/j.ejmech.2013.03.071,Antioxidant activity assessed as DPPH radical scavenging activity after 30 mins by spectrophotometric analysis,514.6,4.6899999999999676e-05,4.32882715728492,Quinone,O=C(CC=NNC(=S)NCc1cccnc1)c1cccc2c1C(=O)c1ccccc1C2=O,test
1645,CCOC(=O)C(CC(=O)c1cccc2c1C(=O)c1ccccc1C2=O)=NNC(=S)NCc1cccs1,WORAIHBYMMWYPW-UHFFFAOYSA-N,CHEMBL2393473,10.1016/j.ejmech.2013.03.071,Antioxidant activity assessed as DPPH radical scavenging activity after 30 mins by spectrophotometric analysis,519.6,6.649999999999931e-05,4.1771783546969,Quinone,O=C(CC=NNC(=S)NCc1cccs1)c1cccc2c1C(=O)c1ccccc1C2=O,train
1646,CCOC(=O)C(CC(=O)c1cccc2c1C(=O)c1ccccc1C2=O)=NNC(=S)NCc1ccco1,VJHDMKDHYTXWRG-UHFFFAOYSA-N,CHEMBL2393472,10.1016/j.ejmech.2013.03.071,Antioxidant activity assessed as DPPH radical scavenging activity after 30 mins by spectrophotometric analysis,503.5,3.579999999999965e-05,4.44611697335613,Quinone,O=C(CC=NNC(=S)NCc1ccco1)c1cccc2c1C(=O)c1ccccc1C2=O,train
1647,O=c1oc2cc(OC3OC(CO)C(O)C(O)C3O)c3c(c2c2c(O)c(O)c(O)cc12)OC(c1ccc(O)cc1)C3,BNHQQRPAHBTLKE-UHFFFAOYSA-N,CHEMBL3109431,10.1021/np400720y,Antioxidant activity of the compound assessed as DPPH free radical scavenging activity after 30 mins,556.5,0.0004117790669764522,3.38533573476434,Coumarin,O=c1oc2cc(OC3CCCCO3)c3c(c2c2ccccc12)OC(c1ccccc1)C3,train
1648,CCCCCCNC(=S)NN=C(CC(=O)c1cccc2c1C(=O)c1ccccc1C2=O)C(=O)OCC,ZYTCWTHTYARZSZ-UHFFFAOYSA-N,CHEMBL2393470,10.1016/j.ejmech.2013.03.071,Antioxidant activity assessed as DPPH radical scavenging activity after 30 mins by spectrophotometric analysis,507.6,2.609999999999994e-05,4.58335949266172,Quinone,O=C1c2ccccc2C(=O)c2ccccc21,train
1649,CCCCNC(=S)NN=C(CC(=O)c1cccc2c1C(=O)c1ccccc1C2=O)C(=O)OCC,UTMOSSVFAWFNHK-UHFFFAOYSA-N,CHEMBL2393469,10.1016/j.ejmech.2013.03.071,Antioxidant activity assessed as DPPH radical scavenging activity after 30 mins by spectrophotometric analysis,479.6,2.5799999999999994e-05,4.58838029403677,Quinone,O=C1c2ccccc2C(=O)c2ccccc21,train
1650,CCOC(=O)C(CC(=O)c1cccc2c1C(=O)c1ccccc1C2=O)=NNC(N)=S,IDIKVOPOIKOTDB-UHFFFAOYSA-N,CHEMBL2393468,10.1016/j.ejmech.2013.03.071,Antioxidant activity assessed as DPPH radical scavenging activity after 30 mins by spectrophotometric analysis,423.5,2.0499999999999787e-05,4.68824613894425,Quinone,O=C1c2ccccc2C(=O)c2ccccc21,train
1651,CN(CCc1ccccc1)S(=O)(=O)C=Cc1ccc(O)c(O)c1,SWKRFPNPRZJQAP-UHFFFAOYSA-N,CHEMBL2414573,10.1016/j.bmc.2013.05.043,Antioxidant activity assessed as DPPH radical scavenging activity after 30 mins,333.4,6.80000000000006e-06,5.16749108729376,Other,O=S(=O)(C=Cc1ccccc1)NCCc1ccccc1,train
1652,O=S(=O)(C=Cc1ccc(O)c(O)c1)NCCc1ccc(Cl)cc1,FZOOOCJWEHZXKQ-UHFFFAOYSA-N,CHEMBL2414572,10.1016/j.bmc.2013.05.043,Antioxidant activity assessed as DPPH radical scavenging activity after 30 mins,353.8,8.299999999999929e-06,5.08092190762393,Other,O=S(=O)(C=Cc1ccccc1)NCCc1ccccc1,train
1653,COc1ccc(CNS(=O)(=O)C=Cc2ccc(O)c(O)c2)cc1,BKXNNBSQSVMOLR-UHFFFAOYSA-N,CHEMBL2414571,10.1016/j.bmc.2013.05.043,Antioxidant activity assessed as DPPH radical scavenging activity after 30 mins,335.4,1.1199999999999962e-05,4.95078197732982,Other,O=S(=O)(C=Cc1ccccc1)NCc1ccccc1,train
1654,Cc1ccc(CNS(=O)(=O)C=Cc2ccc(O)c(O)c2)cc1,BVKYTSLAWRDWJO-UHFFFAOYSA-N,CHEMBL2414570,10.1016/j.bmc.2013.05.043,Antioxidant activity assessed as DPPH radical scavenging activity after 30 mins,319.4,1.0700000000000003e-05,4.97061622231479,Other,O=S(=O)(C=Cc1ccccc1)NCc1ccccc1,train
1655,O=S(=O)(C=Cc1ccc(O)c(O)c1)NCc1ccc(F)cc1,CMEQZQKGBJJBEX-UHFFFAOYSA-N,CHEMBL2414569,10.1016/j.bmc.2013.05.043,Antioxidant activity assessed as DPPH radical scavenging activity after 30 mins,323.3,8.299999999999929e-06,5.08092190762393,Other,O=S(=O)(C=Cc1ccccc1)NCc1ccccc1,train
1656,O=S(=O)(C=Cc1ccc(O)c(O)c1)NCc1ccc(C(F)(F)F)cc1,KHGBVFXCRKXKQP-UHFFFAOYSA-N,CHEMBL2414568,10.1016/j.bmc.2013.05.043,Antioxidant activity assessed as DPPH radical scavenging activity after 30 mins,373.4,7.200000000000023e-06,5.14266750356873,Other,O=S(=O)(C=Cc1ccccc1)NCc1ccccc1,train
1657,O=S(=O)(C=Cc1ccc(O)c(O)c1)NCc1ccc(Cl)cc1,BFVSOXVGGWXYFE-UHFFFAOYSA-N,CHEMBL2414567,10.1016/j.bmc.2013.05.043,Antioxidant activity assessed as DPPH radical scavenging activity after 30 mins,339.8,7.799999999999991e-06,5.10790539730952,Other,O=S(=O)(C=Cc1ccccc1)NCc1ccccc1,train
1658,O=S(=O)(C=Cc1ccc(O)c(O)c1)NCCCCc1ccccc1,LTFZFSRATHQEQR-UHFFFAOYSA-N,CHEMBL2414566,10.1016/j.bmc.2013.05.043,Antioxidant activity assessed as DPPH radical scavenging activity after 30 mins,347.4,8.299999999999929e-06,5.08092190762393,Other,O=S(=O)(C=Cc1ccccc1)NCCCCc1ccccc1,train
1659,O=S(=O)(C=Cc1ccc(O)c(O)c1)NCCCc1ccccc1,NDTFSJXIKLDCSV-UHFFFAOYSA-N,CHEMBL2414565,10.1016/j.bmc.2013.05.043,Antioxidant activity assessed as DPPH radical scavenging activity after 30 mins,333.4,7.000000000000045e-06,5.15490195998574,Other,O=S(=O)(C=Cc1ccccc1)NCCCc1ccccc1,train
1660,O=S(=O)(C=Cc1ccc(O)c(O)c1)NCCc1ccccc1,YYXFMSNAQMMMDW-UHFFFAOYSA-N,CHEMBL2414564,10.1016/j.bmc.2013.05.043,Antioxidant activity assessed as DPPH radical scavenging activity after 30 mins,319.4,9.099999999999932e-06,5.04095860767891,Other,O=S(=O)(C=Cc1ccccc1)NCCc1ccccc1,train
1661,O=S(=O)(C=Cc1ccc(O)c(O)c1)NCc1ccccc1,WMAHYSAKGZMURI-UHFFFAOYSA-N,CHEMBL2413094,10.1016/j.bmc.2013.05.043,Antioxidant activity assessed as DPPH radical scavenging activity after 30 mins,305.4,1.0099999999999949e-05,4.99567862621736,Other,O=S(=O)(C=Cc1ccccc1)NCc1ccccc1,train
1662,O=C(C=Cc1ccc(O)c(O)c1)NCCc1ccccc1,QOWABIXYAFJMQE-UHFFFAOYSA-N,CHEMBL67498,10.1016/j.bmc.2013.08.057,Antioxidant activity assessed as DPPH radical scavenging activity after 30 mins by spectrophotometry,283.3,1.3800000000000098e-05,4.86012091359876,Other,O=C(C=Cc1ccccc1)NCCc1ccccc1,train
1663,O=C(C=Cc1ccc(O)c(O)c1)OCCc1cccc2ccccc12,VFBDUQDKOJTRNI-UHFFFAOYSA-N,CHEMBL133491,10.1016/j.bmc.2013.08.057,Antioxidant activity assessed as DPPH radical scavenging activity after 30 mins by spectrophotometry,334.4,1.319999999999999e-05,4.87942606879415,Phenolic acid,O=C(C=Cc1ccccc1)OCCc1cccc2ccccc12,train
1664,O=C(C=Cc1ccc(O)c(O)c1)OCC(c1ccccc1)c1ccccc1,GINSOIBBVRVZOP-UHFFFAOYSA-N,CHEMBL2441917,10.1016/j.bmc.2013.08.057,Antioxidant activity assessed as DPPH radical scavenging activity after 30 mins by spectrophotometry,360.4,1.8499999999999847e-05,4.73282827159699,Phenolic acid,O=C(C=Cc1ccccc1)OCC(c1ccccc1)c1ccccc1,train
1665,O=C(C=Cc1ccc(O)c(O)c1)OCCc1ccc([N+](=O)[O-])cc1,HRZJERNTYSSDIX-UHFFFAOYSA-N,CHEMBL2441916,10.1016/j.bmc.2013.08.057,Antioxidant activity assessed as DPPH radical scavenging activity after 30 mins by spectrophotometry,329.3,1.539999999999989e-05,4.81247927916354,Phenolic acid,O=C(C=Cc1ccccc1)OCCc1ccccc1,train
1666,COc1ccc(CCOC(=O)C=Cc2ccc(O)c(O)c2)cc1,RWHGBSSOMBBXCJ-UHFFFAOYSA-N,CHEMBL2441915,10.1016/j.bmc.2013.08.057,Antioxidant activity assessed as DPPH radical scavenging activity after 30 mins by spectrophotometry,314.3,1.7400000000000027e-05,4.7594507517174,Phenolic acid,O=C(C=Cc1ccccc1)OCCc1ccccc1,train
1667,Cc1ccc(CCOC(=O)C=Cc2ccc(O)c(O)c2)cc1,VHELPFGUSXOBJK-UHFFFAOYSA-N,CHEMBL2441914,10.1016/j.bmc.2013.08.057,Antioxidant activity assessed as DPPH radical scavenging activity after 30 mins by spectrophotometry,298.3,1.1300000000000005e-05,4.94692155651658,Phenolic acid,O=C(C=Cc1ccccc1)OCCc1ccccc1,train
1668,O=C(C=Cc1ccc(O)c(O)c1)OCCc1ccc(F)cc1,LKSSBNKQWHOUQV-UHFFFAOYSA-N,CHEMBL2441913,10.1016/j.bmc.2013.08.057,Antioxidant activity assessed as DPPH radical scavenging activity after 30 mins by spectrophotometry,302.3,1.2800000000000038e-05,4.89279003035213,Phenolic acid,O=C(C=Cc1ccccc1)OCCc1ccccc1,train
1669,O=C(C=Cc1ccc(O)c(O)c1)OCCCc1ccccc1,RUTDTHOYUUOTNF-UHFFFAOYSA-N,CHEMBL131982,10.1016/j.bmc.2013.08.057,Antioxidant activity assessed as DPPH radical scavenging activity after 30 mins by spectrophotometry,298.3,1.1899999999999983e-05,4.92445303860747,Phenolic acid,O=C(C=Cc1ccccc1)OCCCc1ccccc1,train
1670,O=C(C=Cc1ccc(O)c(O)c1)OCc1ccccc1,WWVKQTNONPWVEL-UHFFFAOYSA-N,CHEMBL133714,10.1016/j.bmc.2013.08.057,Antioxidant activity assessed as DPPH radical scavenging activity after 30 mins by spectrophotometry,270.3,1.530000000000005e-05,4.8153085691824,Phenolic acid,O=C(C=Cc1ccccc1)OCc1ccccc1,train
1671,O=C(C=Cc1ccc(O)c(O)c1)Oc1ccccc1,LDBPIZIYTBIRPM-UHFFFAOYSA-N,CHEMBL471973,10.1016/j.bmc.2013.08.057,Antioxidant activity assessed as DPPH radical scavenging activity after 30 mins by spectrophotometry,256.3,1.2500000000000097e-05,4.90308998699194,Phenolic acid,O=C(C=Cc1ccccc1)Oc1ccccc1,train
1672,C=C(C)CCOC(=O)C=Cc1ccc(O)c(O)c1,APFXJJMDUXKKAG-UHFFFAOYSA-N,CHEMBL2441911,10.1016/j.bmc.2013.08.057,Antioxidant activity assessed as DPPH radical scavenging activity after 30 mins by spectrophotometry,248.3,9.500000000000055e-06,5.02227639471115,Phenolic acid,c1ccccc1,train
1673,CC(C)CCOC(=O)C=Cc1ccc(O)c(O)c1,ARDWPGKUNNUACS-UHFFFAOYSA-N,CHEMBL490372,10.1016/j.bmc.2013.08.057,Antioxidant activity assessed as DPPH radical scavenging activity after 30 mins by spectrophotometry,250.3,2.3799999999999874e-05,4.62342304294349,Phenolic acid,c1ccccc1,train
1674,CCCCOC(=O)C=Cc1ccc(O)c(O)c1,DBBCBZIFZYILRL-UHFFFAOYSA-N,CHEMBL29489,10.1016/j.bmc.2013.08.057,Antioxidant activity assessed as DPPH radical scavenging activity after 30 mins by spectrophotometry,236.3,1.2599999999999912e-05,4.89962945488244,Phenolic acid,c1ccccc1,train
1675,CC(C)OC(=O)C=Cc1ccc(O)c(O)c1,HUBVPNVELDTWJF-UHFFFAOYSA-N,CHEMBL481890,10.1016/j.bmc.2013.08.057,Antioxidant activity assessed as DPPH radical scavenging activity after 30 mins by spectrophotometry,222.2,1.3000000000000086e-05,4.88605664769316,Phenolic acid,c1ccccc1,test
1676,CCCOC(=O)C=Cc1ccc(O)c(O)c1,BPJXSLLUNRTWHM-UHFFFAOYSA-N,CHEMBL17362,10.1016/j.bmc.2013.08.057,Antioxidant activity assessed as DPPH radical scavenging activity after 30 mins by spectrophotometry,222.2,1.4200000000000123e-05,4.84771165561694,Phenolic acid,c1ccccc1,train
1677,COC(=O)C=Cc1ccc(O)c(O)c1,OCNYGKNIVPVPPX-UHFFFAOYSA-N,CHEMBL17001,10.1016/j.bmc.2013.08.057,Antioxidant activity assessed as DPPH radical scavenging activity after 30 mins by spectrophotometry,194.2,2.1300000000000104e-05,4.67162039656126,Phenolic acid,c1ccccc1,train
1678,O=C(NC(=S)Nc1ncccn1)c1ccccc1,UKAFILNIAQIJLH-UHFFFAOYSA-N,CHEMBL3087541,10.1016/j.ejmech.2013.10.012,Antioxidant activity assessed as DPPH free radical scavenging activity after 30 mins,258.3,0.00027600000000000145,3.55909091793478,Aromatic amine,O=C(NC(=S)Nc1ncccn1)c1ccccc1,test
1679,CCCCc1ccc(NC(=S)NC(=O)c2ccccc2)cc1,AGYLZLXOQHNGFJ-UHFFFAOYSA-N,CHEMBL3087557,10.1016/j.ejmech.2013.10.012,Antioxidant activity assessed as DPPH free radical scavenging activity after 30 mins,312.4,0.0006760000000000062,3.17005330405836,Aromatic amine,O=C(NC(=S)Nc1ccccc1)c1ccccc1,train
1680,O=C(NC(=S)Nc1ccc(C(F)(F)F)cc1)c1ccccc1,NCVFSEWBZJRTPZ-UHFFFAOYSA-N,CHEMBL3087556,10.1016/j.ejmech.2013.10.012,Antioxidant activity assessed as DPPH free radical scavenging activity after 30 mins,324.3,0.00011399999999999933,3.94309514866353,Aromatic amine,O=C(NC(=S)Nc1ccccc1)c1ccccc1,test
1681,COc1cccc(NC(=S)NC(=O)c2ccccc2)c1,IGLCIYHMAOZULA-UHFFFAOYSA-N,CHEMBL3087554,10.1016/j.ejmech.2013.10.012,Antioxidant activity assessed as DPPH free radical scavenging activity after 30 mins,286.4,0.0008050000000000029,3.09420411963213,Aromatic amine,O=C(NC(=S)Nc1ccccc1)c1ccccc1,train
1682,Cc1ccc(NC(=S)NC(=O)c2ccccc2)cc1,KZULWIHHNWYETK-UHFFFAOYSA-N,CHEMBL3087553,10.1016/j.ejmech.2013.10.012,Antioxidant activity assessed as DPPH free radical scavenging activity after 30 mins,270.4,2.3300000000000045e-05,4.63264407897398,Aromatic amine,O=C(NC(=S)Nc1ccccc1)c1ccccc1,train
1683,O=C(NC(=S)Nc1cc(Cl)cc(Cl)c1)c1ccccc1,OVJLLNJDEXZVSC-UHFFFAOYSA-N,CHEMBL3087549,10.1016/j.ejmech.2013.10.012,Antioxidant activity assessed as DPPH free radical scavenging activity after 30 mins,325.2,2.700000000000014e-05,4.56863623584101,Aromatic amine,O=C(NC(=S)Nc1ccccc1)c1ccccc1,train
1684,O=C(NC(=S)Nc1ccc(Cl)c(Cl)c1)c1ccccc1,OUYWANSYAWDBTC-UHFFFAOYSA-N,CHEMBL3087548,10.1016/j.ejmech.2013.10.012,Antioxidant activity assessed as DPPH free radical scavenging activity after 30 mins,325.2,7.000000000000044e-05,4.15490195998574,Aromatic amine,O=C(NC(=S)Nc1ccccc1)c1ccccc1,train
1685,O=C(NC(=S)Nc1cc(Cl)ccc1Cl)c1ccccc1,DEWHSBUUMWHCGU-UHFFFAOYSA-N,CHEMBL2236349,10.1016/j.ejmech.2013.10.012,Antioxidant activity assessed as DPPH free radical scavenging activity after 30 mins,325.2,3.0700000000000224e-05,4.51286162452281,Aromatic amine,O=C(NC(=S)Nc1ccccc1)c1ccccc1,train
1686,O=C(NC(=S)Nc1ccc(Cl)cc1Cl)c1ccccc1,FYWRYPAXASOPOP-UHFFFAOYSA-N,CHEMBL3087546,10.1016/j.ejmech.2013.10.012,Antioxidant activity assessed as DPPH free radical scavenging activity after 30 mins,325.2,0.00024000000000000215,3.61978875828839,Aromatic amine,O=C(NC(=S)Nc1ccccc1)c1ccccc1,train
1687,O=C(NC(=S)Nc1cccc(Cl)c1Cl)c1ccccc1,RKTZKVKYRBHOFG-UHFFFAOYSA-N,CHEMBL3087545,10.1016/j.ejmech.2013.10.012,Antioxidant activity assessed as DPPH free radical scavenging activity after 30 mins,325.2,2.949999999999979e-05,4.53017798402184,Aromatic amine,O=C(NC(=S)Nc1ccccc1)c1ccccc1,train
1688,O=C(NC(=S)Nc1ccc(Cl)cc1)c1ccccc1,IZEIGTLVMJBUQC-UHFFFAOYSA-N,CHEMBL1450561,10.1016/j.ejmech.2013.10.012,Antioxidant activity assessed as DPPH free radical scavenging activity after 30 mins,290.8,0.0002650000000000014,3.57675412606319,Aromatic amine,O=C(NC(=S)Nc1ccccc1)c1ccccc1,train
1689,O=C(NC(=S)Nc1ccccc1)c1ccccc1,GVHZQIIMGRLFMX-UHFFFAOYSA-N,CHEMBL1834362,10.1016/j.ejmech.2013.10.012,Antioxidant activity assessed as DPPH free radical scavenging activity after 30 mins,256.3,0.0007689999999999983,3.11407366019857,Aromatic amine,O=C(NC(=S)Nc1ccccc1)c1ccccc1,train
1690,CC(=O)NC(CSc1ccc(C(N)=O)c2c1Nc1c(C(N)=O)cc(C(=O)c3ccccc3)cc1N2C)C(=O)O,ZSWYLEPUUBUTJS-UHFFFAOYSA-N,CHEMBL3109425,10.1021/np400952d,Antioxidant activity assessed as DPPH radical scavenging activity 30 min (manual check),547.6,1.9600000000000175e-05,4.70774392864352,Aromatic amine,O=C(c1ccccc1)c1ccc2c(c1)Nc1ccccc1N2,train
1691,CN1c2cccc(C(N)=O)c2Nc2c(C(=O)c3ccccc3)ccc(C(N)=O)c21,LYHOSEPTWGRSRB-UHFFFAOYSA-N,CHEMBL3109428,10.1021/np400952d,Antioxidant activity assessed as DPPH radical scavenging activity 30 min (manual check),386.4,3.460000000000026e-05,4.46092390120722,Aromatic amine,O=C(c1ccccc1)c1cccc2c1Nc1ccccc1N2,train
1692,CN1c2cc(C=O)cc(C(=O)O)c2Nc2cccc(C(N)=O)c21,GUKUCMIJKFLKKJ-UHFFFAOYSA-N,CHEMBL3109427,10.1021/np400952d,Antioxidant activity assessed as DPPH radical scavenging activity 30 min (manual check),311.3,1.879999999999999e-05,4.72584215073632,Aromatic amine,c1ccc2c(c1)Nc1ccccc1N2,train
1693,CN1c2cc(C(=O)c3ccccc3)cc(C(=O)O)c2Nc2cccc(C(N)=O)c21,SSAJHBRDLPTZLZ-UHFFFAOYSA-N,CHEMBL3109426,10.1021/np400952d,Antioxidant activity assessed as DPPH radical scavenging activity 30 min (manual check),387.4,8.399999999999972e-06,5.07572071393812,Aromatic amine,O=C(c1ccccc1)c1ccc2c(c1)Nc1ccccc1N2,train
1694,S=c1oc(-c2ccc3c(c2)OCCO3)nn1CNc1ccccc1,RFWIMZYZLODVMG-UHFFFAOYSA-N,CHEMBL2435558,10.1016/j.bmc.2013.08.002,Antioxidant activity assessed as DPPH free radical scavenging activity after 30 mins by spectrophotometric analysis,341.4,3.263000000000037e-05,4.48638292621212,Aromatic amine,S=c1oc(-c2ccc3c(c2)OCCO3)nn1CNc1ccccc1,train
1695,S=c1oc(-c2ccc3c(c2)OCCO3)nn1CNC1CCCCC1,YYURDIUXGRMNDO-UHFFFAOYSA-N,CHEMBL2435585,10.1016/j.bmc.2013.08.002,Antioxidant activity assessed as DPPH free radical scavenging activity after 30 mins by spectrophotometric analysis,347.4,9.440000000000015e-05,4.02502800570193,Other,S=c1oc(-c2ccc3c(c2)OCCO3)nn1CNC1CCCCC1,train
1696,O=C1C(O)=C(O)C(=O)C(O)=C1O,DGQOCLATAPFASR-UHFFFAOYSA-N,CHEMBL1329029,10.1021/jf011108g,Antioxidant activity assessed as DPPH free radical scavenging activity after 30 min by TLC autographic assay,172.1,9.370000000000036e-06,5.02826040911222,Quinone,O=C1C=CC(=O)C=C1,train
1697,CC(=O)c1ccc2c(c1O)CC(C1(C)CO1)O2,UAVACTVIORNYBH-UHFFFAOYSA-N,CHEMBL2271141,10.1021/jf011108g,Antioxidant activity assessed as DPPH free radical scavenging activity after 30 min by TLC autographic assay,234.3,3.059999999999998e-05,4.51427857351842,Other,c1ccc2c(c1)CC(C1CO1)O2,train
1698,C=C(C)C1Cc2c(ccc(C(C)=O)c2O)O1,NGFZSKZFASBMBR-UHFFFAOYSA-N,CHEMBL2271142,10.1021/jf011108g,Antioxidant activity assessed as DPPH free radical scavenging activity after 30 min by TLC autographic assay,218.3,5.320000000000023e-05,4.27408836770495,Other,c1ccc2c(c1)CCO2,train
1699,CC(=O)c1ccc2c(c1)CC(C1(C)CO1)O2,GZARMOBQFMOKEQ-UHFFFAOYSA-N,CHEMBL2271144,10.1021/jf011108g,Antioxidant activity assessed as DPPH free radical scavenging activity after 30 min by TLC autographic assay,218.3,6.259999999999999e-05,4.20342566678957,Other,c1ccc2c(c1)CC(C1CO1)O2,train
1700,O=c1c(O)c(-c2ccccc2)oc2cc(O)cc(O)c12,VCCRNZQBSJXYJD-UHFFFAOYSA-N,CHEMBL309490,10.1016/j.ejmech.2014.04.002,Antioxidant activity assessed as DPPH radical scavenging activity after 30 mins,270.2,4.219096965210945e-05,4.37478049334954,Flavonoid,O=c1cc(-c2ccccc2)oc2ccccc12,train
1701,O=c1c(O)c(-c2ccc(O)c(O)c2)oc2cc(O)ccc12,XHEFDIBZLJXQHF-UHFFFAOYSA-N,CHEMBL31574,10.1016/j.ejmech.2014.04.002,Antioxidant activity assessed as DPPH radical scavenging activity after 30 mins,286.2,3.235499650594014e-05,4.49005864274182,Flavonoid,O=c1cc(-c2ccccc2)oc2ccccc12,train
1702,O=S(=O)(C=Cc1ccc(O)c(O)c1)Cc1ccccc1,ACKIBSNQJXTTPE-UHFFFAOYSA-N,CHEMBL3259964,10.1021/jm500258v,Antioxidant activity assessed as DPPH free radical scavenging effect after 30 mins by spectrophotometric analysis,290.3,8.100000000000012e-06,5.09151498112135,Other,O=S(=O)(C=Cc1ccccc1)Cc1ccccc1,train
1703,O=S(=O)(C=Cc1ccc(O)c(O)c1)CCc1ccccc1,FDORRDQRBHRNIT-UHFFFAOYSA-N,CHEMBL3259965,10.1021/jm500258v,Antioxidant activity assessed as DPPH free radical scavenging effect after 30 mins by spectrophotometric analysis,304.4,1.0500000000000049e-05,4.97881070093006,Other,O=S(=O)(C=Cc1ccccc1)CCc1ccccc1,train
1704,O=S(=O)(C=Cc1ccc(O)c(O)c1)CCCc1ccccc1,HOFPAXCTYSZKBT-UHFFFAOYSA-N,CHEMBL3259966,10.1021/jm500258v,Antioxidant activity assessed as DPPH free radical scavenging effect after 30 mins by spectrophotometric analysis,318.4,9.899999999999995e-06,5.00436480540245,Other,O=S(=O)(C=Cc1ccccc1)CCCc1ccccc1,train
1705,O=S(=O)(C=Cc1ccc(O)c(O)c1)CCCCc1ccccc1,QJDUGOIULSJWST-UHFFFAOYSA-N,CHEMBL3259967,10.1021/jm500258v,Antioxidant activity assessed as DPPH free radical scavenging effect after 30 mins by spectrophotometric analysis,332.4,1.720000000000003e-05,4.76447155309245,Other,O=S(=O)(C=Cc1ccccc1)CCCCc1ccccc1,test
1706,O=S(=O)(C=Cc1ccc(O)c(O)c1)Cc1ccc(Cl)cc1,MEQQWYFEAJGXQV-UHFFFAOYSA-N,CHEMBL3259968,10.1021/jm500258v,Antioxidant activity assessed as DPPH free radical scavenging effect after 30 mins by spectrophotometric analysis,324.8,8.800000000000028e-06,5.05551732784983,Other,O=S(=O)(C=Cc1ccccc1)Cc1ccccc1,train
1707,CC(C)(C)c1ccc(CS(=O)(=O)C=Cc2ccc(O)c(O)c2)cc1,MRRQWXOIIXEPBR-UHFFFAOYSA-N,CHEMBL3259969,10.1021/jm500258v,Antioxidant activity assessed as DPPH free radical scavenging effect after 30 mins by spectrophotometric analysis,346.4,9.500000000000055e-06,5.02227639471115,Other,O=S(=O)(C=Cc1ccccc1)Cc1ccccc1,train
1708,O=S(=O)(C=Cc1ccc(O)c(O)c1)Cc1ccc(C(F)(F)F)cc1,BNKVWMMTKPSBBO-UHFFFAOYSA-N,CHEMBL3259970,10.1021/jm500258v,Antioxidant activity assessed as DPPH free radical scavenging effect after 30 mins by spectrophotometric analysis,358.3,5.800000000000042e-06,5.23657200643706,Other,O=S(=O)(C=Cc1ccccc1)Cc1ccccc1,train
1709,COc1ccc(CS(=O)(=O)C=Cc2ccc(O)c(O)c2)cc1,MHJXZBKJBVGXFH-UHFFFAOYSA-N,CHEMBL3259971,10.1021/jm500258v,Antioxidant activity assessed as DPPH free radical scavenging effect after 30 mins by spectrophotometric analysis,320.4,9.099999999999932e-06,5.04095860767891,Other,O=S(=O)(C=Cc1ccccc1)Cc1ccccc1,train
1710,O=S(C=Cc1ccc(O)c(O)c1)Cc1ccccc1,OMRSMXKKEUZTSL-UHFFFAOYSA-N,CHEMBL3259972,10.1021/jm500258v,Antioxidant activity assessed as DPPH free radical scavenging effect after 30 mins by spectrophotometric analysis,274.3,1.4700000000000132e-05,4.83268266525182,Other,O=S(C=Cc1ccccc1)Cc1ccccc1,train
1711,O=S(C=Cc1ccc(O)c(O)c1)CCc1ccccc1,FBAYELUQECYPAN-UHFFFAOYSA-N,CHEMBL3259973,10.1021/jm500258v,Antioxidant activity assessed as DPPH free radical scavenging effect after 30 mins by spectrophotometric analysis,288.4,1.1600000000000038e-05,4.93554201077308,Other,O=S(C=Cc1ccccc1)CCc1ccccc1,train
1712,O=S(C=Cc1ccc(O)c(O)c1)CCCc1ccccc1,RSGRALUGUPVZEX-UHFFFAOYSA-N,CHEMBL3259974,10.1021/jm500258v,Antioxidant activity assessed as DPPH free radical scavenging effect after 30 mins by spectrophotometric analysis,302.4,1.4400000000000018e-05,4.84163750790475,Other,O=S(C=Cc1ccccc1)CCCc1ccccc1,test
1713,O=S(C=Cc1ccc(O)c(O)c1)CCCCc1ccccc1,FLMAEIMNFOVVIL-UHFFFAOYSA-N,CHEMBL3259975,10.1021/jm500258v,Antioxidant activity assessed as DPPH free radical scavenging effect after 30 mins by spectrophotometric analysis,316.4,1.619999999999996e-05,4.79048498545737,Other,O=S(C=Cc1ccccc1)CCCCc1ccccc1,train
1714,O=S(C=Cc1ccc(O)c(O)c1)Cc1ccc(Cl)cc1,MCURAGAWMOVGIJ-UHFFFAOYSA-N,CHEMBL3259976,10.1021/jm500258v,Antioxidant activity assessed as DPPH free radical scavenging effect after 30 mins by spectrophotometric analysis,308.8,8.100000000000012e-06,5.09151498112135,Other,O=S(C=Cc1ccccc1)Cc1ccccc1,train
1715,CC(C)(C)c1ccc(CS(=O)C=Cc2ccc(O)c(O)c2)cc1,TXRTVIJENMZEJY-UHFFFAOYSA-N,CHEMBL3259977,10.1021/jm500258v,Antioxidant activity assessed as DPPH free radical scavenging effect after 30 mins by spectrophotometric analysis,330.4,9.899999999999995e-06,5.00436480540245,Other,O=S(C=Cc1ccccc1)Cc1ccccc1,train
1716,O=S(C=Cc1ccc(O)c(O)c1)Cc1ccc(C(F)(F)F)cc1,DBUVUORMXHCMTJ-UHFFFAOYSA-N,CHEMBL3259978,10.1021/jm500258v,Antioxidant activity assessed as DPPH free radical scavenging effect after 30 mins by spectrophotometric analysis,342.3,7.799999999999991e-06,5.10790539730952,Other,O=S(C=Cc1ccccc1)Cc1ccccc1,test
1717,COc1ccc(CS(=O)C=Cc2ccc(O)c(O)c2)cc1,UGCGKVSOQWVLEM-UHFFFAOYSA-N,CHEMBL3259979,10.1021/jm500258v,Antioxidant activity assessed as DPPH free radical scavenging effect after 30 mins by spectrophotometric analysis,304.4,1.1499999999999956e-05,4.93930215964639,Other,O=S(C=Cc1ccccc1)Cc1ccccc1,train
1718,O=c1cc(-c2ccccc2)oc2cccc(O)c12,IYBLVRRCNVHZQJ-UHFFFAOYSA-N,CHEMBL16807,10.1016/j.ejmech.2014.04.054,Antioxidant activity assessed as DPPH radical scavenging activity after 30 mins,238.2,9.991603694374393e-05,4.00036480009025,Flavonoid,O=c1cc(-c2ccccc2)oc2ccccc12,train
1719,O=c1cc(-c2ccccc2)oc2ccc(O)cc12,GPZYYYGYCRFPBU-UHFFFAOYSA-N,CHEMBL138649,10.1016/j.ejmech.2014.04.054,Antioxidant activity assessed as DPPH radical scavenging activity after 30 mins,238.2,9.277917716204832e-05,4.03254948346165,Flavonoid,O=c1cc(-c2ccccc2)oc2ccccc12,train
1720,O=c1cc(-c2ccccc2)oc2cc(O)ccc12,MQGPSCMMNJKMHQ-UHFFFAOYSA-N,CHEMBL276915,10.1016/j.ejmech.2014.04.054,Antioxidant activity assessed as DPPH radical scavenging activity after 30 mins,238.2,0.00010159529806884907,3.99312639116633,Flavonoid,O=c1cc(-c2ccccc2)oc2ccccc12,train
1721,O=c1cc(-c2ccccc2)oc2cc(O)cc(O)c12,RTIXKCRFFJGDFG-UHFFFAOYSA-N,CHEMBL117,10.1016/j.ejmech.2014.04.054,Antioxidant activity assessed as DPPH radical scavenging activity after 30 mins,254.2,8.025177025963825e-05,4.09554537879209,Flavonoid,O=c1cc(-c2ccccc2)oc2ccccc12,train
1722,CCOC(OCC)c1ccc(C=C2CCCC(=Cc3ccc(C(OCC)OCC)cc3)C2=O)cc1,UJOCWYJFYFOBLR-UHFFFAOYSA-N,CHEMBL3289924,10.1016/j.ejmech.2014.06.034,Antioxidant activity assessed as DPPH free radical scavenging activity 30 min (manual check),478.6,2.012e-05,4.69637202361611,Other,O=C1C(=Cc2ccccc2)CCCC1=Cc1ccccc1,train
1723,CCOC(OCC)c1ccc(C=C2COCC(=Cc3ccc(C(OCC)OCC)cc3)C2=O)cc1,NIKCPSATYGTTMA-UHFFFAOYSA-N,CHEMBL3289925,10.1016/j.ejmech.2014.06.034,Antioxidant activity assessed as DPPH free radical scavenging activity 30 min (manual check),480.6,2.9300000000000038e-05,4.53313237964589,Other,O=C1C(=Cc2ccccc2)COCC1=Cc1ccccc1,train
1724,CCOC(OCC)c1ccc(C=C2CNCC(=Cc3ccc(C(OCC)OCC)cc3)C2=O)cc1,DDAUUFHOQWDQAE-UHFFFAOYSA-N,CHEMBL3289926,10.1016/j.ejmech.2014.06.034,Antioxidant activity assessed as DPPH free radical scavenging activity 30 min (manual check),479.6,1.9289999999999803e-05,4.71466777235612,Other,O=C1C(=Cc2ccccc2)CNCC1=Cc1ccccc1,train
1725,CCOC(OCC)c1ccc(C=C2CN(C)CC(=Cc3ccc(C(OCC)OCC)cc3)C2=O)cc1,SYSVLGHQDUURRS-UHFFFAOYSA-N,CHEMBL3289927,10.1016/j.ejmech.2014.06.034,Antioxidant activity assessed as DPPH free radical scavenging activity 30 min (manual check),493.6,2.0400000000000062e-05,4.6903698325741,Other,O=C1C(=Cc2ccccc2)CNCC1=Cc1ccccc1,train
1726,CCOC(OCC)c1ccc(C=C2CN(Cc3ccccc3)CC(=Cc3ccc(C(OCC)OCC)cc3)C2=O)cc1,NWYPJHLABDEGAV-UHFFFAOYSA-N,CHEMBL3289928,10.1016/j.ejmech.2014.06.034,Antioxidant activity assessed as DPPH free radical scavenging activity 30 min (manual check),569.7,2.8220000000000062e-05,4.54944299058167,Other,O=C1C(=Cc2ccccc2)CN(Cc2ccccc2)CC1=Cc1ccccc1,train
1727,CCOC(OCC)c1ccc(C=C2Cc3ccccc3C2=O)cc1,LNSBOWGBLGUITB-UHFFFAOYSA-N,CHEMBL3289931,10.1016/j.ejmech.2014.06.034,Antioxidant activity assessed as DPPH free radical scavenging activity 30 min (manual check),322.4,3.7220000000000135e-05,4.42922363120525,Other,O=C1C(=Cc2ccccc2)Cc2ccccc21,train
1728,CCOC(OCC)c1ccc(C=C2CCc3ccccc3C2=O)cc1,WXMIPXTYWLFKOL-UHFFFAOYSA-N,CHEMBL3289932,10.1016/j.ejmech.2014.06.034,Antioxidant activity assessed as DPPH free radical scavenging activity 30 min (manual check),336.4,3.9450000000000105e-05,4.40395299245456,Other,O=C1C(=Cc2ccccc2)CCc2ccccc21,train
1729,CN(C)c1ccc(C=C2CCCC(=Cc3ccc(N(C)C)cc3[N+](=O)[O-])C2=O)c([N+](=O)[O-])c1,RMXPZACONAODOR-UHFFFAOYSA-N,CHEMBL3289934,10.1016/j.ejmech.2014.06.034,Antioxidant activity assessed as DPPH free radical scavenging activity 30 min (manual check),450.5,3.24599999999998e-05,4.48865148450979,Aromatic amine,O=C1C(=Cc2ccccc2)CCCC1=Cc1ccccc1,train
1730,CN(C)c1ccc(C=C2COCC(=Cc3ccc(N(C)C)cc3[N+](=O)[O-])C2=O)c([N+](=O)[O-])c1,MBVQFYXELMNIPW-UHFFFAOYSA-N,CHEMBL3289935,10.1016/j.ejmech.2014.06.034,Antioxidant activity assessed as DPPH free radical scavenging activity 30 min (manual check),452.5,2.9220000000000144e-05,4.53431978840172,Aromatic amine,O=C1C(=Cc2ccccc2)COCC1=Cc1ccccc1,train
1731,CN(C)c1ccc(C=C2CNCC(=Cc3ccc(N(C)C)cc3[N+](=O)[O-])C2=O)c([N+](=O)[O-])c1,VAIHSXCXCCBTNV-UHFFFAOYSA-N,CHEMBL3289936,10.1016/j.ejmech.2014.06.034,Antioxidant activity assessed as DPPH free radical scavenging activity 30 min (manual check),451.5,2.5669999999999817e-05,4.59057413132856,Aromatic amine,O=C1C(=Cc2ccccc2)CNCC1=Cc1ccccc1,train
1732,CN1CC(=Cc2ccc(N(C)C)cc2[N+](=O)[O-])C(=O)C(=Cc2ccc(N(C)C)cc2[N+](=O)[O-])C1,YLFXZYOUOHNWMF-UHFFFAOYSA-N,CHEMBL3289937,10.1016/j.ejmech.2014.06.034,Antioxidant activity assessed as DPPH free radical scavenging activity 30 min (manual check),465.5,1.839000000000012e-05,4.73541827076192,Aromatic amine,O=C1C(=Cc2ccccc2)CNCC1=Cc1ccccc1,train
1733,CN(C)c1ccc(C=C2CCC(=Cc3ccc(N(C)C)cc3[N+](=O)[O-])C2=O)c([N+](=O)[O-])c1,GYFZOMCNOOGJCR-UHFFFAOYSA-N,CHEMBL3289940,10.1016/j.ejmech.2014.06.034,Antioxidant activity assessed as DPPH free radical scavenging activity 30 min (manual check),436.5,4.776999999999962e-05,4.32084475871665,Aromatic amine,O=C1C(=Cc2ccccc2)CCC1=Cc1ccccc1,train
1734,CN(C)c1ccc(C=C2CCc3ccccc3C2=O)c([N+](=O)[O-])c1,RYPZHRBSAAITNL-UHFFFAOYSA-N,CHEMBL3289942,10.1016/j.ejmech.2014.06.034,Antioxidant activity assessed as DPPH free radical scavenging activity 30 min (manual check),322.4,2.299000000000003e-05,4.63846102873072,Aromatic amine,O=C1C(=Cc2ccccc2)CCc2ccccc21,train
1735,CN(C)c1ccc(C=CC(=O)C2CCc3ccccc3C2=O)cc1,VXDFQSUSRRNODC-UHFFFAOYSA-N,CHEMBL3289943,10.1016/j.ejmech.2014.06.034,Antioxidant activity assessed as DPPH free radical scavenging activity 30 min (manual check),319.4,4.9100000000000224e-05,4.30891850787703,Aromatic amine,O=C(C=Cc1ccccc1)C1CCc2ccccc2C1=O,train
1736,O=C1C(=Cc2ccc(N3CCCC3)cc2)CCCC1=Cc1ccc(N2CCCC2)cc1,INJMMAFRGOWBGT-UHFFFAOYSA-N,CHEMBL3290187,10.1016/j.ejmech.2014.06.034,Antioxidant activity assessed as DPPH free radical scavenging activity 30 min (manual check),412.6,3.128999999999976e-05,4.50459443685381,Aromatic amine,O=C1C(=Cc2ccc(N3CCCC3)cc2)CCCC1=Cc1ccc(N2CCCC2)cc1,train
1737,O=C1C(=Cc2ccc(N3CCCC3)cc2)CNCC1=Cc1ccc(N2CCCC2)cc1,STCSLEWFMHPGFM-UHFFFAOYSA-N,CHEMBL3290189,10.1016/j.ejmech.2014.06.034,Antioxidant activity assessed as DPPH free radical scavenging activity 30 min (manual check),413.6,2.6940000000000183e-05,4.56960240861303,Aromatic amine,O=C1C(=Cc2ccc(N3CCCC3)cc2)CNCC1=Cc1ccc(N2CCCC2)cc1,train
1738,CN1CC(=Cc2ccc(N3CCCC3)cc2)C(=O)C(=Cc2ccc(N3CCCC3)cc2)C1,CWMMOMIPYCYUPM-UHFFFAOYSA-N,CHEMBL3290190,10.1016/j.ejmech.2014.06.034,Antioxidant activity assessed as DPPH free radical scavenging activity 30 min (manual check),427.6,4.3279999999999735e-05,4.36371274790149,Aromatic amine,O=C1C(=Cc2ccc(N3CCCC3)cc2)CNCC1=Cc1ccc(N2CCCC2)cc1,train
1739,O=C1C(=Cc2ccc(N3CCCC3)cc2)CCc2ccccc21,GGSXQHJWBQDVDD-UHFFFAOYSA-N,CHEMBL3290195,10.1016/j.ejmech.2014.06.034,Antioxidant activity assessed as DPPH free radical scavenging activity 30 min (manual check),303.4,2.9220000000000144e-05,4.53431978840172,Aromatic amine,O=C1C(=Cc2ccc(N3CCCC3)cc2)CCc2ccccc21,test
1740,O=C(C=Cc1ccc(N2CCCC2)cc1)C1CCc2ccccc2C1=O,VOHSVUDQDVZBAO-UHFFFAOYSA-N,CHEMBL3290196,10.1016/j.ejmech.2014.06.034,Antioxidant activity assessed as DPPH free radical scavenging activity 30 min (manual check),345.4,2.786999999999976e-05,4.5548630312867,Aromatic amine,O=C(C=Cc1ccc(N2CCCC2)cc1)C1CCc2ccccc2C1=O,train
1741,O=C1c2c3c(cc(O)c2C(O)C2OC12)-c1ccc(O)c2c(O)ccc-3c12,RLHKEOHNFCOKDH-UHFFFAOYSA-N,CHEMBL3358089,10.1021/np500522z,Antioxidant activity assessed as DPPH radical scavenging activity incubated for 30 mins,348.3,3.099999999999984e-06,5.50863830616573,Other,O=C1c2c(ccc3c2-c2cccc4cccc-3c24)CC2OC12,test
1742,O=C1c2c3c(cc(O)c2C(O)C(O)C1Cl)-c1ccc(O)c2c(O)ccc-3c12,AMQOBMMZEFKRQQ-UHFFFAOYSA-N,CHEMBL3358088,10.1021/np500522z,Antioxidant activity assessed as DPPH radical scavenging activity incubated for 30 mins,384.8,3.6000000000000257e-06,5.44369749923271,Other,O=C1CCCc2ccc3c(c21)-c1cccc2cccc-3c12,train
1743,CC(C)c1ccc2c(c1)C(=O)CC1C(C)(CNC(=O)c3cc(O)c(O)c(O)c3)CCCC21C,SXGFKSSDVZVGDY-UHFFFAOYSA-N,CHEMBL3343788,10.1016/j.ejmech.2014.10.023,Antioxidant activity assessed as DPPH radical scavenging activity 30 min (manual check),451.6,4.428697962798927e-06,5.35372393758895,Terpenoid,O=C(NCC1CCCC2c3ccccc3C(=O)CC12)c1ccccc1,train
1744,COc1cc(C(=O)OC2OC3COC(=O)c4cc(O)c(O)c(O)c4-c4c(cc(O)c(O)c4O)C(=O)OC3C(OC(=O)c3cc(O)c(O)c(O)c3)C2O)cc(O)c1O,WIRRDXIIMLNVGJ-UHFFFAOYSA-N,CHEMBL3581890,10.1021/np500953e,Antioxidant activity assessed as DPPH radical-scavenging activity incubated for 30 mins by spectrophotometry,800.6,5.88999999999998e-06,5.2298847052129,Phenolic acid,O=C(OC1CC(OC(=O)c2ccccc2)C2OC(=O)c3ccccc3-c3ccccc3C(=O)OCC2O1)c1ccccc1,train
1745,O=c1cc(-c2ccccc2)oc2c(O)c(O)ccc12,COCYGNDCWFKTMF-UHFFFAOYSA-N,CHEMBL75267,10.1016/j.bmc.2016.09.006,Antioxidant activity assessed as DPPH free radical scavenging activity after 30 mins incubation in dark by UV-Vis spectrophotometric analysis,254.2,1.549999999999995e-05,4.80966830182971,Flavonoid,O=c1cc(-c2ccccc2)oc2ccccc12,test
1746,Oc1ccc2c(=S)cc(-c3ccc(Cl)cc3)oc2c1O,UWFJMASUXYAUJU-UHFFFAOYSA-N,CHEMBL3934395,10.1016/j.bmc.2016.09.006,Antioxidant activity assessed as DPPH free radical scavenging activity after 30 mins incubation in dark by UV-Vis spectrophotometric analysis,304.8,1.1039999999999993e-05,4.95703092660682,Other,S=c1cc(-c2ccccc2)oc2ccccc12,train
1747,COc1ccc(C(C)=O)c(O)c1,UILPJVPSNHJFIK-UHFFFAOYSA-N,CHEMBL1079227,10.1016/j.bmcl.2016.09.060,Antioxidant activity assessed as DPPH radical scavenging activity incubated for 30 mins in dark,166.2,0.042799999999999803,1.36855623098683,Other,c1ccccc1,train
1748,COc1cc(O)c(C(C)=O)cc1Br,KFFNBIVASILHIH-UHFFFAOYSA-N,CHEMBL3975217,10.1016/j.bmcl.2016.09.060,Antioxidant activity assessed as DPPH radical scavenging activity incubated for 30 mins in dark,245.1,0.041800000000000455,1.37882371822496,Other,c1ccccc1,train
1749,CCOc1cc(OC)c(Br)cc1C(C)=O,CVRKCIVXGKFBRF-UHFFFAOYSA-N,CHEMBL3904351,10.1016/j.bmcl.2016.09.060,Antioxidant activity assessed as DPPH radical scavenging activity incubated for 30 mins in dark,273.1,0.046799999999999564,1.32975414692588,Other,c1ccccc1,train
1750,CCCCOc1cc(OC)c(Br)cc1C(C)=O,XGQWDFOJNHWSMS-UHFFFAOYSA-N,CHEMBL3961547,10.1016/j.bmcl.2016.09.060,Antioxidant activity assessed as DPPH radical scavenging activity incubated for 30 mins in dark,301.2,0.042299999999999775,1.37365963262496,Other,c1ccccc1,train
1751,CCCCCCOc1cc(OC)c(Br)cc1C(C)=O,SHRVVQBVJXHFLP-UHFFFAOYSA-N,CHEMBL3891162,10.1016/j.bmcl.2016.09.060,Antioxidant activity assessed as DPPH radical scavenging activity incubated for 30 mins in dark,329.2,0.04239999999999974,1.37263414340727,Other,c1ccccc1,train
1752,CCCCCCCCOc1cc(OC)c(Br)cc1C(C)=O,LQXRGOZPMXPWRU-UHFFFAOYSA-N,CHEMBL3976602,10.1016/j.bmcl.2016.09.060,Antioxidant activity assessed as DPPH radical scavenging activity incubated for 30 mins in dark,357.3,0.03900000000000007,1.4089353929735,Other,c1ccccc1,train
1753,CCCCCCCCCCOc1cc(OC)c(Br)cc1C(C)=O,YYTRAIGVJLABNO-UHFFFAOYSA-N,CHEMBL3947335,10.1016/j.bmcl.2016.09.060,Antioxidant activity assessed as DPPH radical scavenging activity incubated for 30 mins in dark,385.3,0.03509999999999968,1.45469288353418,Other,c1ccccc1,train
1754,CCCCCCCCCCCCOc1cc(OC)c(Br)cc1C(C)=O,MQOSPDDJNHPKRW-UHFFFAOYSA-N,CHEMBL3948407,10.1016/j.bmcl.2016.09.060,Antioxidant activity assessed as DPPH radical scavenging activity incubated for 30 mins in dark,413.4,0.029499999999999804,1.53017798402184,Other,c1ccccc1,train
1755,CCCCCCCCCCCCCCOc1cc(OC)c(Br)cc1C(C)=O,YYARVLBCFUWUNF-UHFFFAOYSA-N,CHEMBL3920608,10.1016/j.bmcl.2016.09.060,Antioxidant activity assessed as DPPH radical scavenging activity incubated for 30 mins in dark,441.5,0.01610000000000001,1.79317412396815,Other,c1ccccc1,test
1756,CCCCCCCCCCCCCCCCOc1cc(OC)c(Br)cc1C(C)=O,MMODDVIMRXNXBC-UHFFFAOYSA-N,CHEMBL3957083,10.1016/j.bmcl.2016.09.060,Antioxidant activity assessed as DPPH radical scavenging activity incubated for 30 mins in dark,469.5,0.006500000000000068,2.18708664335714,Other,c1ccccc1,test
1757,CCOc1cc(OC)ccc1C(C)=O,BFIAYGHABUVBDH-UHFFFAOYSA-N,CHEMBL3929511,10.1016/j.bmcl.2016.09.060,Antioxidant activity assessed as DPPH radical scavenging activity incubated for 30 mins in dark,194.2,0.03959999999999979,1.40230481407449,Other,c1ccccc1,test
1758,CCCCOc1cc(OC)ccc1C(C)=O,PHXKNFGHYDNWNB-UHFFFAOYSA-N,CHEMBL3964738,10.1016/j.bmcl.2016.09.060,Antioxidant activity assessed as DPPH radical scavenging activity incubated for 30 mins in dark,222.3,0.043300000000000456,1.36351210364663,Other,c1ccccc1,train
1759,CCCCCCOc1cc(OC)ccc1C(C)=O,RRXWCHMSHWNZTB-UHFFFAOYSA-N,CHEMBL3975650,10.1016/j.bmcl.2016.09.060,Antioxidant activity assessed as DPPH radical scavenging activity incubated for 30 mins in dark,250.3,0.0426000000000001,1.37059040089728,Other,c1ccccc1,train
1760,CCCCCCCCOc1cc(OC)ccc1C(C)=O,PXPJHPNTXXQXAW-UHFFFAOYSA-N,CHEMBL3913194,10.1016/j.bmcl.2016.09.060,Antioxidant activity assessed as DPPH radical scavenging activity incubated for 30 mins in dark,278.4,0.039999999999999786,1.39794000867204,Other,c1ccccc1,train
1761,CCCCCCCCCCOc1cc(OC)ccc1C(C)=O,WYRQSFIZFYONKH-UHFFFAOYSA-N,CHEMBL3941187,10.1016/j.bmcl.2016.09.060,Antioxidant activity assessed as DPPH radical scavenging activity incubated for 30 mins in dark,306.4,0.04009999999999978,1.39685562737982,Other,c1ccccc1,train
1762,CCCCCCCCCCCCOc1cc(OC)ccc1C(C)=O,DBLAWUQBPXNJNT-UHFFFAOYSA-N,CHEMBL3922196,10.1016/j.bmcl.2016.09.060,Antioxidant activity assessed as DPPH radical scavenging activity incubated for 30 mins in dark,334.5,0.03739999999999999,1.42712839779952,Other,c1ccccc1,train
1763,CCCCCCCCCCCCCCOc1cc(OC)ccc1C(C)=O,OJAHOSAOOWNGTA-UHFFFAOYSA-N,CHEMBL3949943,10.1016/j.bmcl.2016.09.060,Antioxidant activity assessed as DPPH radical scavenging activity incubated for 30 mins in dark,362.6,0.04360000000000041,1.36051351073141,Other,c1ccccc1,train
1764,CCCCCCCCCCCCCCCCOc1cc(OC)ccc1C(C)=O,VCUGMUPDPDDRKF-UHFFFAOYSA-N,CHEMBL3895269,10.1016/j.bmcl.2016.09.060,Antioxidant activity assessed as DPPH radical scavenging activity incubated for 30 mins in dark,390.6,0.03939999999999962,1.40450377817443,Other,c1ccccc1,train
1765,COc1cc(C=CC(=O)NCCCCCCNc2c3c(nc4ccccc24)CCCC3)cc(OC)c1O,FNEGRPYNMCMCTH-UHFFFAOYSA-N,CHEMBL4216066,10.1016/j.ejmech.2018.01.028,Antioxidant activity assessed as inhibition of DPPH radical generation after 30 mins,503.6,8.580000000000084e-05,4.06651271215129,Other,O=C(C=Cc1ccccc1)NCCCCCCNc1c2c(nc3ccccc13)CCCC2,train
1766,Cc1ccc2[nH]c3c(c2c1)CCC1(C2c4ccccc4-c4nc5ccccc5nc42)NC(=O)C(C#N)=C31,RCBSZEKIDJELBW-UHFFFAOYSA-N,CHEMBL4205061,10.1016/j.ejmech.2018.03.056,Antioxidant activity assessed as DPPH radical scavenging activity incubated under dark condition for 30 mins,479.5,8.823774765380566e-05,4.05434558617539,Other,O=C1C=C2c3[nH]c4ccccc4c3CCC2(C2c3ccccc3-c3nc4ccccc4nc32)N1,test
1767,Cc1cccc2c3c([nH]c12)C1=C(C#N)C(=O)NC1(C1c2ccccc2-c2nc4ccccc4nc21)CC3,IBELYMKETBKMMO-UHFFFAOYSA-N,CHEMBL4204565,10.1016/j.ejmech.2018.03.056,Antioxidant activity assessed as DPPH radical scavenging activity incubated under dark condition for 30 mins,479.5,7.078206465067702e-05,4.15007677352503,Other,O=C1C=C2c3[nH]c4ccccc4c3CCC2(C2c3ccccc3-c3nc4ccccc4nc32)N1,train
1768,Cc1cc2nc3c(nc2cc1C)C(C12CCc4c([nH]c5c(C)cccc45)C1=C(C#N)C(=O)N2)c1ccccc1-3,HRZGYHMHWMSRCU-UHFFFAOYSA-N,CHEMBL4207950,10.1016/j.ejmech.2018.03.056,Antioxidant activity assessed as DPPH radical scavenging activity incubated under dark condition for 30 mins,507.6,2.7876280535854897e-05,4.55476517356236,Other,O=C1C=C2c3[nH]c4ccccc4c3CCC2(C2c3ccccc3-c3nc4ccccc4nc32)N1,train
1769,Cc1ccc2c3c([nH]c2c1)C1=C(C#N)C(=O)NC1(C1c2ccccc2-c2nc4ccccc4nc21)CC3,GDQYGOWANCTVTH-UHFFFAOYSA-N,CHEMBL4212849,10.1016/j.ejmech.2018.03.056,Antioxidant activity assessed as DPPH radical scavenging activity incubated under dark condition for 30 mins,479.5,5.826903023983303e-05,4.23456220972852,Other,O=C1C=C2c3[nH]c4ccccc4c3CCC2(C2c3ccccc3-c3nc4ccccc4nc32)N1,train
1770,N#CC1=C2c3[nH]c4ccc(Cl)cc4c3CCC2(C2c3ccccc3-c3nc4ccccc4nc32)NC1=O,HXQRLDNODFOIHK-UHFFFAOYSA-N,CHEMBL4216162,10.1016/j.ejmech.2018.03.056,Antioxidant activity assessed as DPPH radical scavenging activity incubated under dark condition for 30 mins,500.0,3.697999999999965e-05,4.43203309317685,Other,O=C1C=C2c3[nH]c4ccccc4c3CCC2(C2c3ccccc3-c3nc4ccccc4nc32)N1,train
1771,Cc1ccc2c3c([nH]c2c1)C1=C(C#N)C(=O)NC1(C1c2ccccc2-c2nc4cc(C)c(C)cc4nc21)CC3,GYJHRAVHEFCSIX-UHFFFAOYSA-N,CHEMBL4211197,10.1016/j.ejmech.2018.03.056,Antioxidant activity assessed as DPPH radical scavenging activity incubated under dark condition for 30 mins,507.6,7.888100866824199e-05,4.10302754461539,Other,O=C1C=C2c3[nH]c4ccccc4c3CCC2(C2c3ccccc3-c3nc4ccccc4nc32)N1,train
1772,Cc1ccc2c3c([nH]c2c1)C1=C(C#N)C(=O)NC1(C1C(=O)c2cccc4cccc1c24)CC3,QBEFZHRIDMPJJN-UHFFFAOYSA-N,CHEMBL4211709,10.1016/j.ejmech.2018.03.056,Antioxidant activity assessed as DPPH radical scavenging activity incubated under dark condition for 30 mins,429.5,6.577415599534404e-05,4.1819447160118,Other,O=C1C=C2c3[nH]c4ccccc4c3CCC2(C2C(=O)c3cccc4cccc2c34)N1,train
1773,Cc1ccc2[nH]c3c(c2c1)CCC1(C2C(=O)Nc4ccccc42)NC(=O)C(C#N)=C31,CZPQVCFKYUKISP-UHFFFAOYSA-N,CHEMBL4208291,10.1016/j.ejmech.2018.03.056,Antioxidant activity assessed as DPPH radical scavenging activity incubated under dark condition for 30 mins,394.4,0.00010631338742393397,3.97341204386561,Aromatic amine,O=C1C=C2c3[nH]c4ccccc4c3CCC2(C2C(=O)Nc3ccccc32)N1,train
1774,Cc1cccc2c3c([nH]c12)C1=C(C#N)C(=O)NC1(C1C(=O)Nc2ccccc21)CC3,KVOWLZQJANGHNM-UHFFFAOYSA-N,CHEMBL4203432,10.1016/j.ejmech.2018.03.056,Antioxidant activity assessed as DPPH radical scavenging activity incubated under dark condition for 30 mins,394.4,7.332657200811365e-05,4.13473861764668,Aromatic amine,O=C1C=C2c3[nH]c4ccccc4c3CCC2(C2C(=O)Nc3ccccc32)N1,train
1775,Cc1ccc2c3c([nH]c2c1)C1=C(C#N)C(=O)NC1(C1C(=O)Nc2ccccc21)CC3,QQMRCJOBMPZEOB-UHFFFAOYSA-N,CHEMBL4215632,10.1016/j.ejmech.2018.03.056,Antioxidant activity assessed as DPPH radical scavenging activity incubated under dark condition for 30 mins,394.4,3.542089249492915e-05,4.45074050015499,Aromatic amine,O=C1C=C2c3[nH]c4ccccc4c3CCC2(C2C(=O)Nc3ccccc32)N1,train
1776,N#CC1=C2c3[nH]c4ccc(Cl)cc4c3CCC2(C2C(=O)Nc3ccccc32)NC1=O,GDLCAEYLXPCKEP-UHFFFAOYSA-N,CHEMBL4215200,10.1016/j.ejmech.2018.03.056,Antioxidant activity assessed as DPPH radical scavenging activity incubated under dark condition for 30 mins,414.9,6.637744034707128e-05,4.17797949890807,Aromatic amine,O=C1C=C2c3[nH]c4ccccc4c3CCC2(C2C(=O)Nc3ccccc32)N1,train
1777,Cc1ccc2c3c([nH]c2c1)C1=C(C#N)C(=O)NC1(C1C(=O)Nc2ccc(Cl)cc21)CC3,LGGSHHWHOCXFHT-UHFFFAOYSA-N,CHEMBL4210270,10.1016/j.ejmech.2018.03.056,Antioxidant activity assessed as DPPH radical scavenging activity incubated under dark condition for 30 mins,428.9,3.247843320121236e-05,4.48840492981511,Aromatic amine,O=C1C=C2c3[nH]c4ccccc4c3CCC2(C2C(=O)Nc3ccccc32)N1,train
1778,O=C(O)c1cc(O)c(O)c(O)c1,LNTHITQWFMADLM-UHFFFAOYSA-N,CHEMBL288114,10.1021/np0495985,Antioxidant activity assessed as DPPH radical scavenging activity after 30 mins,170.1,1.794498153213784e-05,4.74605698427946,Phenolic acid,c1ccccc1,train
1779,COc1cccc(C=NN=C2c3cc(I)ccc3-n3c2nc2ccccc2c3=O)c1O,KEEFYZXVICRMPB-UHFFFAOYSA-N,CHEMBL4067885,10.1016/j.bmcl.2017.08.064,Antioxidant activity assessed as DPPH radical scavenging activity incubated for 30 mins under dark condition by UV-vis spectrophotometric method,522.3,1.0899999999999914e-05,4.96257350205938,Other,O=c1c2ccccc2nc2n1-c1ccccc1C2=NN=Cc1ccccc1,train
1780,COc1cccc(C=NN=C2c3cc(Cl)ccc3-n3c2nc2ccccc2c3=O)c1O,XGRNKRRGYFMSAP-UHFFFAOYSA-N,CHEMBL4089095,10.1016/j.bmcl.2017.08.064,Antioxidant activity assessed as DPPH radical scavenging activity incubated for 30 mins under dark condition by UV-vis spectrophotometric method,430.9,2.22099999999998e-05,4.65345144145153,Other,O=c1c2ccccc2nc2n1-c1ccccc1C2=NN=Cc1ccccc1,train
1781,COc1cccc(C=NN=C2c3cc(F)ccc3-n3c2nc2ccccc2c3=O)c1O,WCVSOTLARWVDQC-UHFFFAOYSA-N,CHEMBL4105478,10.1016/j.bmcl.2017.08.064,Antioxidant activity assessed as DPPH radical scavenging activity incubated for 30 mins under dark condition by UV-vis spectrophotometric method,414.4,2.1069999999999993e-05,4.6763354643919,Other,O=c1c2ccccc2nc2n1-c1ccccc1C2=NN=Cc1ccccc1,train
1782,CC(C=C(O)c1ccccc1)=NN=C1c2cc(-c3ccc(C(=O)O)cc3)ccc2-n2c1nc1ccccc1c2=O,VCWPZYMCKXXUHT-UHFFFAOYSA-N,CHEMBL4081229,10.1016/j.bmcl.2017.08.064,Antioxidant activity assessed as DPPH radical scavenging activity incubated for 30 mins under dark condition by UV-vis spectrophotometric method,526.6,5.020000000000004e-06,5.29929628285498,Other,O=c1c2ccccc2nc2n1-c1ccc(-c3ccccc3)cc1C2=NN=CC=Cc1ccccc1,train
1783,CC(C=C(O)c1ccccc1)=NN=C1c2cc(-c3ccncc3)ccc2-n2c1nc1ccccc1c2=O,XQRSEKCZXWWWMV-UHFFFAOYSA-N,CHEMBL4086629,10.1016/j.bmcl.2017.08.064,Antioxidant activity assessed as DPPH radical scavenging activity incubated for 30 mins under dark condition by UV-vis spectrophotometric method,483.5,6.230000000000008e-06,5.20551195334083,Other,O=c1c2ccccc2nc2n1-c1ccc(-c3ccncc3)cc1C2=NN=CC=Cc1ccccc1,train
1784,CC(C=C(O)c1ccccc1)=NN=C1c2cc([N+](=O)[O-])ccc2-n2c1nc1ccccc1c2=O,FRQOZOAAXGKNAV-UHFFFAOYSA-N,CHEMBL4104522,10.1016/j.bmcl.2017.08.064,Antioxidant activity assessed as DPPH radical scavenging activity incubated for 30 mins under dark condition by UV-vis spectrophotometric method,451.4,2.9709999999999744e-05,4.52709734819634,Aromatic amine,O=c1c2ccccc2nc2n1-c1ccccc1C2=NN=CC=Cc1ccccc1,train
1785,CC(C=C(O)c1ccccc1)=NN=C1c2cc(I)ccc2-n2c1nc1ccccc1c2=O,IFTGXKLJUIYTKS-UHFFFAOYSA-N,CHEMBL4078775,10.1016/j.bmcl.2017.08.064,Antioxidant activity assessed as DPPH radical scavenging activity incubated for 30 mins under dark condition by UV-vis spectrophotometric method,532.3,1.1600000000000038e-05,4.93554201077308,Other,O=c1c2ccccc2nc2n1-c1ccccc1C2=NN=CC=Cc1ccccc1,train
1786,CC(C=C(O)c1ccccc1)=NN=C1c2cc(Cl)ccc2-n2c1nc1ccccc1c2=O,QXPFUPSHEFJCDA-UHFFFAOYSA-N,CHEMBL4096801,10.1016/j.bmcl.2017.08.064,Antioxidant activity assessed as DPPH radical scavenging activity incubated for 30 mins under dark condition by UV-vis spectrophotometric method,440.9,1.2450000000000152e-05,4.90483064856824,Other,O=c1c2ccccc2nc2n1-c1ccccc1C2=NN=CC=Cc1ccccc1,train
1787,CC(C=C(O)c1ccccc1)=NN=C1c2cc(F)ccc2-n2c1nc1ccccc1c2=O,ZDSLBIGNWMDNEX-UHFFFAOYSA-N,CHEMBL4061424,10.1016/j.bmcl.2017.08.064,Antioxidant activity assessed as DPPH radical scavenging activity incubated for 30 mins under dark condition by UV-vis spectrophotometric method,424.4,2.0140000000000044e-05,4.6959405337824,Other,O=c1c2ccccc2nc2n1-c1ccccc1C2=NN=CC=Cc1ccccc1,train
1788,NN=C1c2cc(-c3ccc(C(=O)O)cc3)ccc2-n2c1nc1ccccc1c2=O,MKAGEYSRWZVPRA-UHFFFAOYSA-N,CHEMBL4084016,10.1016/j.bmcl.2017.08.064,Antioxidant activity assessed as DPPH radical scavenging activity incubated for 30 mins under dark condition by UV-vis spectrophotometric method,382.4,2.1959999999999803e-05,4.65836766422195,Other,N=C1c2cc(-c3ccccc3)ccc2-n2c1nc1ccccc1c2=O,train
1789,NN=C1c2cc(-c3ccncc3)ccc2-n2c1nc1ccccc1c2=O,ZHMKBOWOTRPOAQ-UHFFFAOYSA-N,CHEMBL4075761,10.1016/j.bmcl.2017.08.064,Antioxidant activity assessed as DPPH radical scavenging activity incubated for 30 mins under dark condition by UV-vis spectrophotometric method,339.4,1.1230000000000058e-05,4.94962024373854,Other,N=C1c2cc(-c3ccncc3)ccc2-n2c1nc1ccccc1c2=O,train
1790,NN=C1c2cc([N+](=O)[O-])ccc2-n2c1nc1ccccc1c2=O,ZLXUKSQTCVVGSX-UHFFFAOYSA-N,CHEMBL4104308,10.1016/j.bmcl.2017.08.064,Antioxidant activity assessed as DPPH radical scavenging activity incubated for 30 mins under dark condition by UV-vis spectrophotometric method,307.3,2.731999999999971e-05,4.56351930499051,Aromatic amine,N=C1c2ccccc2-n2c1nc1ccccc1c2=O,train
1791,NN=C1c2cc(I)ccc2-n2c1nc1ccccc1c2=O,QIXATEHRBLEFTK-UHFFFAOYSA-N,CHEMBL4095916,10.1016/j.bmcl.2017.08.064,Antioxidant activity assessed as DPPH radical scavenging activity incubated for 30 mins under dark condition by UV-vis spectrophotometric method,388.2,2.487000000000025e-05,4.60432421473006,Other,N=C1c2ccccc2-n2c1nc1ccccc1c2=O,train
1792,NN=C1c2cc(Cl)ccc2-n2c1nc1ccccc1c2=O,JBLPZICKZROWPR-UHFFFAOYSA-N,CHEMBL4099948,10.1016/j.bmcl.2017.08.064,Antioxidant activity assessed as DPPH radical scavenging activity incubated for 30 mins under dark condition by UV-vis spectrophotometric method,296.7,1.9870000000000242e-05,4.70180213289018,Other,N=C1c2ccccc2-n2c1nc1ccccc1c2=O,train
1793,NN=C1c2cc(F)ccc2-n2c1nc1ccccc1c2=O,YKOACCCWCCHXDJ-UHFFFAOYSA-N,CHEMBL4094387,10.1016/j.bmcl.2017.08.064,Antioxidant activity assessed as DPPH radical scavenging activity incubated for 30 mins under dark condition by UV-vis spectrophotometric method,280.3,1.6449999999999885e-05,4.78383409771401,Other,N=C1c2ccccc2-n2c1nc1ccccc1c2=O,train
1794,COc1cccc(C=NN=C2c3cc([N+](=O)[O-])ccc3-n3c2nc2ccccc2c3=O)c1O,NFSHZNGEMGNNGT-UHFFFAOYSA-N,CHEMBL4061993,10.1016/j.bmcl.2017.08.064,Antioxidant activity assessed as DPPH radical scavenging activity incubated for 30 mins under dark condition by UV-vis spectrophotometric method,441.4,2.867999999999986e-05,4.54242085300424,Aromatic amine,O=c1c2ccccc2nc2n1-c1ccccc1C2=NN=Cc1ccccc1,test
1795,COc1cccc(C=NN=C2c3cc(-c4ccncc4)ccc3-n3c2nc2ccccc2c3=O)c1O,ZEXOHFGGCGCTKW-UHFFFAOYSA-N,CHEMBL4090032,10.1016/j.bmcl.2017.08.064,Antioxidant activity assessed as DPPH radical scavenging activity incubated for 30 mins under dark condition by UV-vis spectrophotometric method,473.5,4.980000000000031e-06,5.30277065724028,Other,O=c1c2ccccc2nc2n1-c1ccc(-c3ccncc3)cc1C2=NN=Cc1ccccc1,train
1796,COc1cccc(C=NN=C2c3cc(-c4ccc(C(=O)O)cc4)ccc3-n3c2nc2ccccc2c3=O)c1O,FLVKXKNYNSHUBP-UHFFFAOYSA-N,CHEMBL4092166,10.1016/j.bmcl.2017.08.064,Antioxidant activity assessed as DPPH radical scavenging activity incubated for 30 mins under dark condition by UV-vis spectrophotometric method,516.5,5.31000000000001e-06,5.27490547891853,Other,O=c1c2ccccc2nc2n1-c1ccc(-c3ccccc3)cc1C2=NN=Cc1ccccc1,train
1797,O=C(C=Cc1ccc(O)c(O)c1)CC(=O)C=Cc1cccc(O)c1O,AFGLHTQOTOOPJH-UHFFFAOYSA-N,CHEMBL4562928,10.1016/j.bmcl.2019.06.052,Antioxidant activity assessed as DPPH radical scavenging activity measured after 30 mins,340.3,1.9000000000000035e-05,4.72124639904717,Other,O=C(C=Cc1ccccc1)CC(=O)C=Cc1ccccc1,train
1798,O=C(C=Cc1cccc(O)c1O)CC(=O)C=Cc1cccc(O)c1O,YOZHKBYVSIDBNR-UHFFFAOYSA-N,CHEMBL4465224,10.1016/j.bmcl.2019.06.052,Antioxidant activity assessed as DPPH radical scavenging activity measured after 30 mins,340.3,2.9999999999999828e-05,4.52287874528034,Other,O=C(C=Cc1ccccc1)CC(=O)C=Cc1ccccc1,train
1799,O=C(C=Cc1ccccc1O)CC(=O)C=Cc1cccc(O)c1O,CHNONZNEDFCHAZ-UHFFFAOYSA-N,CHEMBL4465205,10.1016/j.bmcl.2019.06.052,Antioxidant activity assessed as DPPH radical scavenging activity measured after 30 mins,324.3,2.2999999999999868e-05,4.63827216398241,Other,O=C(C=Cc1ccccc1)CC(=O)C=Cc1ccccc1,train
1800,O=C(C=Cc1cccc(O)c1)CC(=O)C=Cc1cccc(O)c1O,ZDHNMAJPARHPNL-UHFFFAOYSA-N,CHEMBL4561007,10.1016/j.bmcl.2019.06.052,Antioxidant activity assessed as DPPH radical scavenging activity measured after 30 mins,324.3,2.9000000000000268e-05,4.53760200210104,Other,O=C(C=Cc1ccccc1)CC(=O)C=Cc1ccccc1,train
1801,O=C(C=Cc1ccc(O)cc1)CC(=O)C=Cc1cccc(O)c1O,FGDCILUXKFVTBQ-UHFFFAOYSA-N,CHEMBL4540886,10.1016/j.bmcl.2019.06.052,Antioxidant activity assessed as DPPH radical scavenging activity measured after 30 mins,324.3,2.700000000000014e-05,4.56863623584101,Other,O=C(C=Cc1ccccc1)CC(=O)C=Cc1ccccc1,train
1802,O=C(C=Cc1ccc(O)c(O)c1)CC(=O)C=Cc1cc(O)ccc1O,FCYMWPDDKHQNBR-UHFFFAOYSA-N,CHEMBL4536281,10.1016/j.bmcl.2019.06.052,Antioxidant activity assessed as DPPH radical scavenging activity measured after 30 mins,340.3,5.999999999999954e-05,4.22184874961636,Other,O=C(C=Cc1ccccc1)CC(=O)C=Cc1ccccc1,train
1803,O=C(C=Cc1cc(O)ccc1O)CC(=O)C=Cc1cccc(O)c1O,QFAITWIMGGFLHB-UHFFFAOYSA-N,CHEMBL4438864,10.1016/j.bmcl.2019.06.052,Antioxidant activity assessed as DPPH radical scavenging activity measured after 30 mins,340.3,2.700000000000014e-05,4.56863623584101,Other,O=C(C=Cc1ccccc1)CC(=O)C=Cc1ccccc1,test
1804,O=C(C=Cc1ccccc1O)CC(=O)C=Cc1cc(O)ccc1O,BMRBBTGITOBHAS-UHFFFAOYSA-N,CHEMBL4460553,10.1016/j.bmcl.2019.06.052,Antioxidant activity assessed as DPPH radical scavenging activity measured after 30 mins,324.3,4.800000000000034e-05,4.31875876262441,Other,O=C(C=Cc1ccccc1)CC(=O)C=Cc1ccccc1,train
1805,O=C(C=Cc1cccc(O)c1)CC(=O)C=Cc1cc(O)ccc1O,TZDHOTPVURCYKT-UHFFFAOYSA-N,CHEMBL4446261,10.1016/j.bmcl.2019.06.052,Antioxidant activity assessed as DPPH radical scavenging activity measured after 30 mins,324.3,8.800000000000028e-05,4.05551732784983,Other,O=C(C=Cc1ccccc1)CC(=O)C=Cc1ccccc1,train
1806,O=C(C=Cc1ccc(O)cc1)CC(=O)C=Cc1cc(O)ccc1O,ZIEXFCKKKXSBTB-UHFFFAOYSA-N,CHEMBL3672403,10.1016/j.bmcl.2019.06.052,Antioxidant activity assessed as DPPH radical scavenging activity measured after 30 mins,324.3,4.1000000000000414e-05,4.38721614328026,Other,O=C(C=Cc1ccccc1)CC(=O)C=Cc1ccccc1,train
1807,O=C(C=Cc1cc(O)ccc1O)CC(=O)C=Cc1cc(O)ccc1O,RHHJHTFKHNESCD-UHFFFAOYSA-N,CHEMBL4442693,10.1016/j.bmcl.2019.06.052,Antioxidant activity assessed as DPPH radical scavenging activity measured after 30 mins,340.3,5.699999999999977e-05,4.24412514432751,Other,O=C(C=Cc1ccccc1)CC(=O)C=Cc1ccccc1,train
1808,O=C(C=Cc1ccc(O)c(O)c1)C=Cc1ccccc1O,JTMVXBFXLLYQHC-UHFFFAOYSA-N,CHEMBL4573289,10.1016/j.bmcl.2019.06.052,Antioxidant activity assessed as DPPH radical scavenging activity measured after 30 mins,282.3,6.199999999999943e-05,4.20760831050175,Other,O=C(C=Cc1ccccc1)C=Cc1ccccc1,test
1809,O=C(C=Cc1cccc(O)c1)C=Cc1ccc(O)c(O)c1,JZRBKTFEAIYVMG-UHFFFAOYSA-N,CHEMBL4587853,10.1016/j.bmcl.2019.06.052,Antioxidant activity assessed as DPPH radical scavenging activity measured after 30 mins,282.3,7.100000000000075e-05,4.14874165128092,Other,O=C(C=Cc1ccccc1)C=Cc1ccccc1,train
1810,O=C(C=Cc1ccc(O)cc1)C=Cc1ccc(O)c(O)c1,OUQGDMSWBLNOHG-UHFFFAOYSA-N,CHEMBL4525599,10.1016/j.bmcl.2019.06.052,Antioxidant activity assessed as DPPH radical scavenging activity measured after 30 mins,282.3,2.4000000000000214e-05,4.61978875828839,Other,O=C(C=Cc1ccccc1)C=Cc1ccccc1,train
1811,O=C(C=Cc1ccc(O)c(O)c1)C=Cc1cc(O)ccc1O,DWUZOYGWYXUWEJ-UHFFFAOYSA-N,CHEMBL4447188,10.1016/j.bmcl.2019.06.052,Antioxidant activity assessed as DPPH radical scavenging activity measured after 30 mins,298.3,2.5000000000000147e-05,4.60205999132796,Other,O=C(C=Cc1ccccc1)C=Cc1ccccc1,train
1812,O=C(C=Cc1ccccc1O)C=Cc1cccc(O)c1O,UMJGATRMZQXIPU-UHFFFAOYSA-N,CHEMBL4550028,10.1016/j.bmcl.2019.06.052,Antioxidant activity assessed as DPPH radical scavenging activity measured after 30 mins,282.3,9.899999999999994e-05,4.00436480540245,Other,O=C(C=Cc1ccccc1)C=Cc1ccccc1,train
1813,O=C(C=Cc1cccc(O)c1)C=Cc1cccc(O)c1O,HMJNXLZFJFAKDA-UHFFFAOYSA-N,CHEMBL4582302,10.1016/j.bmcl.2019.06.052,Antioxidant activity assessed as DPPH radical scavenging activity measured after 30 mins,282.3,4.800000000000034e-05,4.31875876262441,Other,O=C(C=Cc1ccccc1)C=Cc1ccccc1,train
1814,O=C(C=Cc1ccc(O)cc1)C=Cc1cccc(O)c1O,CTYLSCRRAAHPLM-UHFFFAOYSA-N,CHEMBL4438975,10.1016/j.bmcl.2019.06.052,Antioxidant activity assessed as DPPH radical scavenging activity measured after 30 mins,282.3,3.9999999999999766e-05,4.39794000867204,Other,O=C(C=Cc1ccccc1)C=Cc1ccccc1,train
1815,O=C(C=Cc1cc(O)ccc1O)C=Cc1cccc(O)c1O,KNRKBHUYDACFCL-UHFFFAOYSA-N,CHEMBL4575348,10.1016/j.bmcl.2019.06.052,Antioxidant activity assessed as DPPH radical scavenging activity measured after 30 mins,298.3,1.3000000000000086e-05,4.88605664769316,Other,O=C(C=Cc1ccccc1)C=Cc1ccccc1,train
1816,O=C(C=Cc1ccccc1O)CC(=O)c1ccc(O)c(O)c1,BUENSFFIZVNBSY-UHFFFAOYSA-N,CHEMBL4451204,10.1016/j.bmcl.2019.06.052,Antioxidant activity assessed as DPPH radical scavenging activity measured after 30 mins,298.3,1.6000000000000206e-05,4.79588001734407,Other,O=C(C=Cc1ccccc1)CC(=O)c1ccccc1,train
1817,O=C(C=Cc1cccc(O)c1)CC(=O)c1ccc(O)c(O)c1,YUMKOSYXIDXOSW-UHFFFAOYSA-N,CHEMBL4460460,10.1016/j.bmcl.2019.06.052,Antioxidant activity assessed as DPPH radical scavenging activity measured after 30 mins,298.3,1e-05,5.0,Other,O=C(C=Cc1ccccc1)CC(=O)c1ccccc1,train
1818,O=C(C=Cc1cc(O)ccc1O)CC(=O)c1ccc(O)c(O)c1,DMLITXFEBGJODT-UHFFFAOYSA-N,CHEMBL4586524,10.1016/j.bmcl.2019.06.052,Antioxidant activity assessed as DPPH radical scavenging activity measured after 30 mins,314.3,8.200000000000068e-05,4.08618614761628,Other,O=C(C=Cc1ccccc1)CC(=O)c1ccccc1,test
1819,O=C(C=Cc1cc(O)ccc1O)CC(=O)c1cccc(O)c1O,IJYIXNLSLNXJIB-UHFFFAOYSA-N,CHEMBL4551077,10.1016/j.bmcl.2019.06.052,Antioxidant activity assessed as DPPH radical scavenging activity measured after 30 mins,314.3,2.800000000000007e-05,4.55284196865778,Other,O=C(C=Cc1ccccc1)CC(=O)c1ccccc1,train
1820,O=C(C=Cc1cccc(O)c1O)c1cc(O)ccc1O,OYOQVJBZVPIRHT-UHFFFAOYSA-N,CHEMBL4551547,10.1016/j.bmcl.2019.06.052,Antioxidant activity assessed as DPPH radical scavenging activity measured after 30 mins,272.3,4.800000000000034e-05,4.31875876262441,Other,O=C(C=Cc1ccccc1)c1ccccc1,train
1821,O=C(C=Cc1ccc(O)c(O)c1)c1cc(O)ccc1O,PFOGPGPNRKORCH-UHFFFAOYSA-N,CHEMBL125800,10.1016/j.bmcl.2019.06.052,Antioxidant activity assessed as DPPH radical scavenging activity measured after 30 mins,272.3,3.900000000000011e-05,4.4089353929735,Other,O=C(C=Cc1ccccc1)c1ccccc1,train
1822,CCOC(=O)c1cc2ccc(OCc3cn(Cc4ccc([N+](=O)[O-])cc4)nn3)cc2oc1=O,DILNHTWAOXZBAD-UHFFFAOYSA-N,CHEMBL4574693,10.1016/j.ejmech.2019.01.060,Antioxidant activity assessed as DPPH radical scavenging activity measured after 30 mins by spectrophotometric method,450.4,3.330373001776185e-05,4.47750712278761,Coumarin,O=c1ccc2ccc(OCc3cn(Cc4ccccc4)nn3)cc2o1,train
1823,O=C(C=Cc1ccc(O)c(O)c1)OC1C(CO)OC(Oc2cc(O)c3c(=O)cc(-c4ccc(O)c(O)c4)oc3c2)C(O)C1O,YWFKRPGNXQGHPZ-UHFFFAOYSA-N,CHEMBL4590166,10.1021/acs.jnatprod.8b00948,Antioxidant activity assessed as DPPH radical scavenging activity incubated for 30 mins by UV-spectrophotometric method,610.5,6.89000000000006e-05,4.16178077809237,Flavonoid,O=C(C=Cc1ccccc1)OC1CCC(Oc2ccc3c(=O)cc(-c4ccccc4)oc3c2)OC1,train
1824,CCC(CC)CNc1ccc(O)c(CNc2cccc(OC(=O)N(C)CC)c2)c1,MAMWXUJCYLBRCL-UHFFFAOYSA-N,CHEMBL4455322,10.1016/j.ejmech.2019.04.060,Antioxidant activity assessed as DPPH free radical scavenging activity after 30 mins incubation in dark by UV-Visible spectrophotometric analysis,399.5,2.6489999999999928e-05,4.57691804170277,Aromatic amine,c1ccc(CNc2ccccc2)cc1,train
1825,CCC(CC)CNc1ccc(O)c(CNCCc2cccc(OC(=O)N(C)CC)c2)c1,DKBQZLFKMZPJBP-UHFFFAOYSA-N,CHEMBL4462197,10.1016/j.ejmech.2019.04.060,Antioxidant activity assessed as DPPH free radical scavenging activity after 30 mins incubation in dark by UV-Visible spectrophotometric analysis,427.6,2.869000000000013e-05,4.542269451754,Aromatic amine,c1ccc(CCNCc2ccccc2)cc1,train
1826,CCOC(=O)C(C)NC(=O)C=Cc1ccc(O)c(OC)c1,VVUNXJIEKZPCSL-UHFFFAOYSA-N,CHEMBL4470933,10.1016/j.bmc.2019.05.031,Antioxidant activity assessed as DPPH free radical scavenging activity incubated for 30 mins in dark condition by spectrophotometric analysis,293.3,4.639999999999988e-05,4.33348201944512,Other,c1ccccc1,train
1827,CCOC(=O)C(CC(C)C)NC(=O)C=Cc1ccc(O)c(OC)c1,AAZBRVWBUQCWFV-UHFFFAOYSA-N,CHEMBL4443617,10.1016/j.bmc.2019.05.031,Antioxidant activity assessed as DPPH free radical scavenging activity incubated for 30 mins in dark condition by spectrophotometric analysis,335.4,5.609999999999986e-05,4.25103713874384,Other,c1ccccc1,train
1828,CCOC(=O)C(C)NC(=O)C=Cc1ccc(OC(C)=O)c(OC)c1,IZVWLUAGJAFCBF-UHFFFAOYSA-N,CHEMBL4565460,10.1016/j.bmc.2019.05.031,Antioxidant activity assessed as DPPH free radical scavenging activity incubated for 30 mins in dark condition by spectrophotometric analysis,335.4,0.0004820000000000005,3.31695296176115,Other,c1ccccc1,train
1829,CCOC(=O)C(C)NC(=O)C=Cc1ccc(O)c(O)c1,QPGZONQANMASPK-UHFFFAOYSA-N,CHEMBL4465924,10.1016/j.bmc.2019.05.031,Antioxidant activity assessed as DPPH free radical scavenging activity incubated for 30 mins in dark condition by spectrophotometric analysis,279.3,2.9699999999999814e-05,4.52724355068279,Other,c1ccccc1,train
1830,CCOC(=O)C(NC(=O)C=Cc1ccc(O)c(O)c1)C(C)C,ZQXWAEJWMAPRLW-UHFFFAOYSA-N,CHEMBL4468018,10.1016/j.bmc.2019.05.031,Antioxidant activity assessed as DPPH free radical scavenging activity incubated for 30 mins in dark condition by spectrophotometric analysis,307.3,1.9600000000000175e-05,4.70774392864352,Other,c1ccccc1,test
1831,CCOC(=O)C(CC(C)C)NC(=O)C=Cc1ccc(O)c(O)c1,FADSYJBYJILDDT-UHFFFAOYSA-N,CHEMBL4590796,10.1016/j.bmc.2019.05.031,Antioxidant activity assessed as DPPH free radical scavenging activity incubated for 30 mins in dark condition by spectrophotometric analysis,321.4,2.8599999999999804e-05,4.54363396687096,Other,c1ccccc1,test
1832,CCOC(=O)C(NC(=O)C=Cc1ccc(O)c(O)c1)C(C)CC,HVPJIFMATYEQCZ-UHFFFAOYSA-N,CHEMBL4474219,10.1016/j.bmc.2019.05.031,Antioxidant activity assessed as DPPH free radical scavenging activity incubated for 30 mins in dark condition by spectrophotometric analysis,321.4,4.350000000000023e-05,4.36151074304536,Other,c1ccccc1,train
1833,COC(=O)c1cc(O)c(O)c(O)c1,FBSFWRHWHYMIOG-UHFFFAOYSA-N,CHEMBL65675,10.1016/j.bmcl.2011.10.073,Antioxidant activity assessed as DPPH free radical scavenging activity after 30 mins,184.1,3.5394900920271694e-05,4.45105929903903,Phenolic acid,c1ccccc1,train
1834,COc1ccc(C2SCC(=O)N2c2ccc3nc(Cc4ccc(O)cc4)c(=O)[nH]c3c2)cc1,FBLOKNMHQGBVGY-UHFFFAOYSA-N,CHEMBL4571630,10.1016/j.ejmech.2019.07.043,Antioxidant activity assessed as DPPH radical scavenging activity after 30 mins under dark condition,459.5,1.9600000000000175e-05,4.70774392864352,Aromatic amine,O=C1CSC(c2ccccc2)N1c1ccc2nc(Cc3ccccc3)c(=O)[nH]c2c1,test
1835,O=C(O)C=Cc1ccc(O)c(O)c1,QAIPRVGONGVQAS-UHFFFAOYSA-N,CHEMBL145,10.1016/j.bmcl.2013.04.081,Antioxidant activity assessed as DPPH free radical scavenging activity after 30 mins by spectrophotometric analysis 30 min (manual check),180.2,2.0211151130416904e-05,4.69440895044556,Phenolic acid,c1ccccc1,train
1836,O=C(C=Cc1cc(O)ccc1O)OCCc1ccccc1,OQKRMXDGEFRBAJ-UHFFFAOYSA-N,CHEMBL131678,10.1016/j.ejmech.2019.06.060,Antioxidant activity assessed as DPPH radical scavenging activity incubated for 30 mins under dark condition,284.3,1.6409999999999875e-05,4.78489141894691,Other,O=C(C=Cc1ccccc1)OCCc1ccccc1,train
1837,O=C(C=Cc1cc(O)ccc1O)CCc1ccccc1,ZAAMCRCSDBCHED-UHFFFAOYSA-N,CHEMBL4579523,10.1016/j.ejmech.2019.06.060,Antioxidant activity assessed as DPPH radical scavenging activity incubated for 30 mins under dark condition,268.3,1.5039999999999873e-05,4.82275216374438,Other,O=C(C=Cc1ccccc1)CCc1ccccc1,train
1838,O=C(OCCc1ccccc1)c1cc(O)ccc1O,IGGGINYTBTWPHC-UHFFFAOYSA-N,CHEMBL4515200,10.1016/j.ejmech.2019.06.060,Antioxidant activity assessed as DPPH radical scavenging activity incubated for 30 mins under dark condition,258.3,1.7330000000000117e-05,4.76120143728608,Phenolic acid,O=C(OCCc1ccccc1)c1ccccc1,train
1839,CCOC(=O)C1(C(=O)OCC)Cc2cc(OCc3ccccc3)cc(OCc3ccccc3)c2C=N1,JRHVQQCFGAZSLR-UHFFFAOYSA-N,CHEMBL4483393,10.1016/j.bmc.2016.08.054,Antioxidant activity assessed as DPPH free radical scavenging activity 30 min (manual check),487.6,0.001,3.0,Other,C1=NCCc2cc(OCc3ccccc3)cc(OCc3ccccc3)c21,train
1840,COc1cc(-c2nnc(C3CCc4cc(F)ccc4O3)o2)cc(OC)c1OC,SLLHWDGFKKKCAV-UHFFFAOYSA-N,CHEMBL4635249,10.1016/j.bmcl.2020.127136,Antioxidant activity assessed as DPPH radical scavenging activity 30 min (manual check),386.4,4.319000000000013e-05,4.3646167959525,Other,c1ccc(-c2nnc(C3CCc4ccccc4O3)o2)cc1,train
1841,O=c1cc(-c2nnc(C3CCc4cc(F)ccc4O3)o2)oc2ccc(F)cc12,ISLHZOUHXQTLQQ-UHFFFAOYSA-N,CHEMBL4649143,10.1016/j.bmcl.2020.127136,Antioxidant activity assessed as DPPH radical scavenging activity 30 min (manual check),382.3,3.491000000000009e-05,4.45705015118582,Coumarin,O=c1cc(-c2nnc(C3CCc4ccccc4O3)o2)oc2ccccc12,train
1842,Fc1ccc2c(c1)CCC(c1nnc(C3CCc4cc(F)ccc4O3)o1)O2,SUQYXKHAJWBLRF-UHFFFAOYSA-N,CHEMBL4649083,10.1016/j.bmcl.2020.127136,Antioxidant activity assessed as DPPH radical scavenging activity 30 min (manual check),370.4,2.899000000000019e-05,4.537751784645,Other,c1ccc2c(c1)CCC(c1nnc(C3CCc4ccccc4O3)o1)O2,train
1843,Fc1ccc2c(c1)CCC(c1nnc(-c3cc(F)c(F)c(F)c3F)o1)O2,RVMOAVZBGBFMMX-UHFFFAOYSA-N,CHEMBL4635243,10.1016/j.bmcl.2020.127136,Antioxidant activity assessed as DPPH radical scavenging activity 30 min (manual check),368.3,2.899000000000019e-05,4.537751784645,Other,c1ccc(-c2nnc(C3CCc4ccccc4O3)o2)cc1,train
1844,Fc1ccc2c(c1)CCC(c1nnc(-c3cn(Cc4c(F)cccc4F)nn3)o1)O2,DSSBCUWCMRYKAZ-UHFFFAOYSA-N,CHEMBL4635402,10.1016/j.bmcl.2020.127136,Antioxidant activity assessed as DPPH radical scavenging activity 30 min (manual check),413.4,2.3069999999999818e-05,4.63695240547891,Other,c1ccc(Cn2cc(-c3nnc(C4CCc5ccccc5O4)o3)nn2)cc1,train
1845,O=[N+]([O-])c1ccc(-c2nnc(C3CCc4cc(F)ccc4O3)o2)cc1,YZRYUMMODQEVGD-UHFFFAOYSA-N,CHEMBL4636886,10.1016/j.bmcl.2020.127136,Antioxidant activity assessed as DPPH radical scavenging activity 30 min (manual check),341.3,2.869000000000013e-05,4.542269451754,Aromatic amine,c1ccc(-c2nnc(C3CCc4ccccc4O3)o2)cc1,train
1846,Fc1ccc2c(c1)CCC(c1nnc(-c3ccccc3)o1)O2,LOPMHVFBCQSPHL-UHFFFAOYSA-N,CHEMBL4634363,10.1016/j.bmcl.2020.127136,Antioxidant activity assessed as DPPH radical scavenging activity 30 min (manual check),296.3,2.869000000000013e-05,4.542269451754,Other,c1ccc(-c2nnc(C3CCc4ccccc4O3)o2)cc1,train
1847,Fc1ccc2c(c1)CCC(c1nnc(-c3ccc(Cl)cc3)o1)O2,FHEYNJSXUXGGRM-UHFFFAOYSA-N,CHEMBL4634183,10.1016/j.bmcl.2020.127136,Antioxidant activity assessed as DPPH radical scavenging activity 30 min (manual check),330.7,1.7150000000000044e-05,4.76573587562121,Other,c1ccc(-c2nnc(C3CCc4ccccc4O3)o2)cc1,train
1848,Fc1ccc2c(c1)CCC(c1nnc(-c3ccccc3Cl)o1)O2,RZGVZXLTXNCIJN-UHFFFAOYSA-N,CHEMBL4649640,10.1016/j.bmcl.2020.127136,Antioxidant activity assessed as DPPH radical scavenging activity 30 min (manual check),330.7,4.0819999999999884e-05,4.38912699961995,Other,c1ccc(-c2nnc(C3CCc4ccccc4O3)o2)cc1,train
1849,Fc1ccc2c(c1)CCC(c1nnc(-c3cccc(Cl)c3)o1)O2,JFAKHHWQXYJBDS-UHFFFAOYSA-N,CHEMBL4637647,10.1016/j.bmcl.2020.127136,Antioxidant activity assessed as DPPH radical scavenging activity 30 min (manual check),330.7,2.3069999999999818e-05,4.63695240547891,Other,c1ccc(-c2nnc(C3CCc4ccccc4O3)o2)cc1,train
1850,Fc1ccc2c(c1)CCC(c1nnc(-c3cnccn3)o1)O2,JAZPQLVKQOMQRG-UHFFFAOYSA-N,CHEMBL4638315,10.1016/j.bmcl.2020.127136,Antioxidant activity assessed as DPPH radical scavenging activity 30 min (manual check),298.3,7.336999999999927e-05,4.13448148092523,Other,c1ccc2c(c1)CCC(c1nnc(-c3cnccn3)o1)O2,train
1851,Nc1ccc(-c2nnc(C3CCc4cc(F)ccc4O3)o2)cc1,AZEPDQFOOIGITN-UHFFFAOYSA-N,CHEMBL4647975,10.1016/j.bmcl.2020.127136,Antioxidant activity assessed as DPPH radical scavenging activity 30 min (manual check),311.3,3.491000000000009e-05,4.45705015118582,Aromatic amine,c1ccc(-c2nnc(C3CCc4ccccc4O3)o2)cc1,train
1852,O=Cc1cc(Br)c(O)c(Br)c1,SXRHGLQCOLNZPT-UHFFFAOYSA-N,CHEMBL254956,10.1021/np070281p,DPPH radical scavenging activity 30 min (manual check),279.9,3.579999999999965e-05,4.44611697335613,Other,c1ccccc1,train
1853,O=Cc1cc(O)c(O)c(Br)c1,GVSGSHGXUXLQNS-UHFFFAOYSA-N,CHEMBL401368,10.1021/np070281p,DPPH radical scavenging activity 30 min (manual check),217.0,2.029999999999986e-05,4.69250396208679,Other,c1ccccc1,train
1854,COC1Oc2c(O)c(Br)cc3c2-c2c1cc(Br)c(O)c2OC3OC,IBOLQTVCOMGQKN-UHFFFAOYSA-N,CHEMBL253320,10.1021/np070281p,DPPH radical scavenging activity 30 min (manual check),460.1,1.510000000000001e-05,4.82102305270683,Other,c1cc2c3c(c1)OCc1cccc(c1-3)OC2,test
1855,Oc1cc2c(c(Br)c1O)COCc1cc(O)c(O)c(Br)c1-2,ZRGSUBOWCSFYON-UHFFFAOYSA-N,CHEMBL256287,10.1021/np070281p,DPPH radical scavenging activity 30 min (manual check),418.0,8.100000000000012e-06,5.09151498112135,Other,c1ccc2c(c1)COCc1ccccc1-2,test
1856,Oc1cc2c(c(Br)c1O)-c1c(cc(Br)c(O)c1O)CC2,SSPNVSUGGPBPEK-UHFFFAOYSA-N,CHEMBL403304,10.1021/np070281p,DPPH radical scavenging activity 30 min (manual check),402.0,6.100000000000039e-06,5.21467016498923,Other,c1ccc2c(c1)CCc1ccccc1-2,train
1857,Oc1cc2c(cc1O)-c1c(cc(Br)c(O)c1O)CC2,UODFQZPQJAMFEV-UHFFFAOYSA-N,CHEMBL256289,10.1021/np070281p,DPPH radical scavenging activity 30 min (manual check),323.1,6.80000000000006e-06,5.16749108729376,Other,c1ccc2c(c1)CCc1ccccc1-2,train
1858,O=C1CCCN1Cc1c(Br)c(O)c(O)c(Br)c1Br,VZZUKOXTBHFIKN-UHFFFAOYSA-N,CHEMBL228908,10.1021/np070061b,DPPH radical scavenging activity 30 min (manual check),443.9,1.8499999999999847e-05,4.73282827159699,Other,O=C1CCCN1Cc1ccccc1,train
1859,O=Cc1c(Br)c(O)c(O)c(Br)c1Br,KZJVMYOEIYAKSP-UHFFFAOYSA-N,CHEMBL374606,10.1021/np070061b,DPPH radical scavenging activity 30 min (manual check),374.8,2.4700000000000258e-05,4.60730304674033,Other,c1ccccc1,train
1860,Cc1c(Br)c(O)c(O)c(Br)c1Br,KMNDTYWRUVCTHV-UHFFFAOYSA-N,CHEMBL228478,10.1021/np070061b,DPPH radical scavenging activity 30 min (manual check),360.8,1.4000000000000062e-05,4.85387196432176,Other,c1ccccc1,train
1861,COCc1c(Br)c(O)c(O)c(Br)c1Br,DDCGTIAYZULVGZ-UHFFFAOYSA-N,CHEMBL228855,10.1021/np070061b,DPPH radical scavenging activity 30 min (manual check),390.9,1.549999999999995e-05,4.80966830182971,Other,c1ccccc1,train
1862,Oc1c(O)c(Br)c(COCc2c(Br)c(O)c(O)c(Br)c2Br)c(Br)c1Br,BRLKFLGNILMDCZ-UHFFFAOYSA-N,CHEMBL228430,10.1021/np070061b,DPPH radical scavenging activity 30 min (manual check),735.6,8.49999999999995e-06,5.07058107428571,Other,c1ccc(COCc2ccccc2)cc1,train
1863,Oc1c(O)c(Br)c(Cc2c(Br)c(O)c(O)c(Br)c2Br)c(Br)c1Br,AMKNSMNMEAMKDN-UHFFFAOYSA-N,CHEMBL374829,10.1021/np070061b,DPPH radical scavenging activity 30 min (manual check),705.6,8.100000000000012e-06,5.09151498112135,Other,c1ccc(Cc2ccccc2)cc1,test
1864,CS(=O)(=O)Cc1c(Br)c(O)c(O)c(Br)c1Br,UQYHDNQXPJKICE-UHFFFAOYSA-N,CHEMBL228910,10.1021/np070061b,DPPH radical scavenging activity 30 min (manual check),438.9,2.4000000000000214e-05,4.61978875828839,Other,c1ccccc1,train
1865,COCc1c(Br)c(O)c(O)c(Br)c1Cc1c(Br)c(O)c(O)c(Br)c1Br,RDFIGQFCAYWQNC-UHFFFAOYSA-N,CHEMBL228909,10.1021/np070061b,DPPH radical scavenging activity 30 min (manual check),670.8,1.0500000000000049e-05,4.97881070093006,Other,c1ccc(Cc2ccccc2)cc1,test
1866,Oc1c(O)c(Br)c(CCc2c(Br)c(O)c(O)c(Br)c2Br)c(Br)c1Br,BZEYCLLGAOYHSK-UHFFFAOYSA-N,CHEMBL387516,10.1021/np070061b,DPPH radical scavenging activity 30 min (manual check),719.6,1.0200000000000051e-05,4.99139982823808,Other,c1ccc(CCc2ccccc2)cc1,train
1867,C=CC(C)(C)c1[nH]c2ccc(CC(O)C(C)(C)Cl)cc2c1C=C1NC(=O)C(C)NC1=O,DKFVASQTSIAAEU-UHFFFAOYSA-N,CHEMBL400169,10.1021/np070208z,DPPH radical scavenging activity 30 min (manual check),444.0,7.899999999999975e-05,4.10237290870956,Other,O=C1CNC(=O)C(=Cc2c[nH]c3ccccc23)N1,train
1868,C=CC(C)(C)c1[nH]c2ccccc2c1C=c1[nH]c(=O)c(=C)[nH]c1=O,GVVVEKSVCAGUTP-UHFFFAOYSA-N,CHEMBL268796,10.1021/np070208z,DPPH radical scavenging activity 30 min (manual check),321.4,6.500000000000069e-05,4.18708664335714,Other,C=c1[nH]c(=O)c(=Cc2c[nH]c3ccccc23)[nH]c1=O,train
1869,C=CC(C)(C)c1[nH]c2ccc(CC=C(C)C)cc2c1C=c1[nH]c(=O)c(=C)[nH]c1=O,YXEBXGSIECYEQC-UHFFFAOYSA-N,CHEMBL249458,10.1021/np070208z,DPPH radical scavenging activity 30 min (manual check),389.5,5.999999999999954e-05,4.22184874961636,Other,C=c1[nH]c(=O)c(=Cc2c[nH]c3ccccc23)[nH]c1=O,train
1870,C=CC(C)(C)c1[nH]c2c(CC=C(C)C)cc(CC=C(C)C)cc2c1C=c1[nH]c(=O)c(=C)[nH]c1=O,VSBQPALPNZDMGB-UHFFFAOYSA-N,CHEMBL251475,10.1021/np070208z,DPPH radical scavenging activity 30 min (manual check),457.6,4.300000000000032e-05,4.36653154442041,Other,C=c1[nH]c(=O)c(=Cc2c[nH]c3ccccc23)[nH]c1=O,train
1871,C=CC(C)(C)c1[nH]c2ccc(CC=C(C)C)c(CC=C(C)C)c2c1C=c1[nH]c(=O)c(=C)[nH]c1=O,HPZFXKBNCMYWKJ-UHFFFAOYSA-N,CHEMBL251474,10.1021/np070208z,DPPH radical scavenging activity 30 min (manual check),457.6,5.100000000000046e-05,4.29242982390206,Other,C=c1[nH]c(=O)c(=Cc2c[nH]c3ccccc23)[nH]c1=O,train
1872,C=CC(C)(C)c1[nH]c2ccccc2c1CC1NC(=O)C(C)NC1=O,LVPZJIGICMPWFH-UHFFFAOYSA-N,CHEMBL249258,10.1021/np070208z,DPPH radical scavenging activity 30 min (manual check),325.4,0.0010030000000000045,2.99869906697958,Other,O=C1CNC(=O)C(Cc2c[nH]c3ccccc23)N1,train
1873,C=CC(C)(C)c1[nH]c2ccc(CC=C(C)C)cc2c1CC1NC(=O)C(C)NC1=O,WXGWEFVOPYZZTA-UHFFFAOYSA-N,CHEMBL400852,10.1021/np070208z,DPPH radical scavenging activity 30 min (manual check),393.5,0.0009120000000000081,3.04000516167158,Other,O=C1CNC(=O)C(Cc2c[nH]c3ccccc23)N1,test
1874,C=CC(C)(C)c1[nH]c2c(CC=C(C)C)cccc2c1CC1NC(=O)C(C)NC1=O,QNQMVKRHUCFRIY-UHFFFAOYSA-N,CHEMBL249257,10.1021/np070208z,DPPH radical scavenging activity 30 min (manual check),393.5,0.0008990000000000027,3.04624030826677,Other,O=C1CNC(=O)C(Cc2c[nH]c3ccccc23)N1,train
1875,C=CC(C)(C)c1[nH]c2c(CC=C(C)C)cc(CC=C(C)C)cc2c1CC1NC(=O)C(C)NC1=O,DIKMWTRJIZQJMY-UHFFFAOYSA-N,CHEMBL251450,10.1021/np070208z,DPPH radical scavenging activity 30 min (manual check),461.7,0.0005689999999999984,3.24488773360493,Other,O=C1CNC(=O)C(Cc2c[nH]c3ccccc23)N1,train
1876,C=CC(C)(C)c1[nH]c2ccccc2c1C=C1NC(=O)C(C)NC1=O,MYRPIYZIAHOECW-UHFFFAOYSA-N,CHEMBL400768,10.1021/np070208z,DPPH radical scavenging activity 30 min (manual check),323.4,0.00010299999999999943,3.98716277529483,Other,O=C1CNC(=O)C(=Cc2c[nH]c3ccccc23)N1,train
1877,C=CC(C)(C)c1[nH]c2ccc(CC=C(C)C)cc2c1C=C1NC(=O)C(C)NC1=O,ZHKHUDVCZTVZPU-UHFFFAOYSA-N,CHEMBL250697,10.1021/np070208z,DPPH radical scavenging activity 30 min (manual check),391.5,9.800000000000126e-05,4.0087739243075,Other,O=C1CNC(=O)C(=Cc2c[nH]c3ccccc23)N1,train
1878,C=CC(C)(C)c1[nH]c2ccc(CC(O)C(C)(C)O)cc2c1C=C1NC(=O)C(C)NC1=O,ICDCJXUIMDWCFI-UHFFFAOYSA-N,CHEMBL251228,10.1021/np070208z,DPPH radical scavenging activity 30 min (manual check),425.5,7.899999999999975e-05,4.10237290870956,Other,O=C1CNC(=O)C(=Cc2c[nH]c3ccccc23)N1,train
1879,C=CC(C)(C)c1[nH]c2ccc(CC=C(C)C)c(CC=C(C)C)c2c1CC1NC(=O)C(C)NC1=O,XYEWKBJTXXXGRB-UHFFFAOYSA-N,CHEMBL400767,10.1021/np070208z,DPPH radical scavenging activity 30 min (manual check),461.7,0.0006230000000000008,3.20551195334083,Other,O=C1CNC(=O)C(Cc2c[nH]c3ccccc23)N1,train
1880,C=CC(C)(C)c1[nH]c2cc3c(cc2c1C=C1NC(=O)C(C)NC1=O)CC(C(C)(C)O)OC3(C)C,QFJACXSXSZHCNW-UHFFFAOYSA-N,CHEMBL251227,10.1021/np070208z,DPPH radical scavenging activity 30 min (manual check),465.6,8.899999999999937e-05,4.05060999335509,Other,O=C1CNC(=O)C(=Cc2c[nH]c3cc4c(cc23)CCOC4)N1,train
1881,C=CC(C)(C)c1[nH]c2ccc(CC=C(C)C)cc2c1C=C1NC(=O)C(=O)NC1=O,DNBYIRPIGWYFFR-UHFFFAOYSA-N,CHEMBL251226,10.1021/np070208z,DPPH radical scavenging activity 30 min (manual check),391.5,0.00010200000000000062,3.99139982823808,Other,O=C1NC(=O)C(=Cc2c[nH]c3ccccc23)NC1=O,train
1882,C=CC(C)(C)c1[nH]c2ccc(CC=C(C)C)cc2c1C=C1NC(=O)C(C)(OC)NC1=O,XXJNZGPUCVMTGE-UHFFFAOYSA-N,CHEMBL400171,10.1021/np070208z,DPPH radical scavenging activity 30 min (manual check),421.5,7.899999999999975e-05,4.10237290870956,Other,O=C1CNC(=O)C(=Cc2c[nH]c3ccccc23)N1,train
1883,C=CC(C)(C)c1[nH]c2ccccc2c1C=C1NC(=O)C(C)(OC)NC1=O,AULFXBHXEZPTRY-UHFFFAOYSA-N,CHEMBL251052,10.1021/np070208z,DPPH radical scavenging activity 30 min (manual check),353.4,9.899999999999994e-05,4.00436480540245,Other,O=C1CNC(=O)C(=Cc2c[nH]c3ccccc23)N1,train
1884,C=CC(C)(C)c1[nH]c2c(CC=C(C)C)cccc2c1C=C1NC(=O)C(C)NC1=O,CVRBXJYAJQNPNW-UHFFFAOYSA-N,CHEMBL251051,10.1021/np070208z,DPPH radical scavenging activity 30 min (manual check),391.5,8.600000000000048e-05,4.06550154875643,Other,O=C1CNC(=O)C(=Cc2c[nH]c3ccccc23)N1,train
1885,C=CC(C)(C)c1[nH]c2c(CC(O)C(C)(C)Cl)cccc2c1C=C1NC(=O)C(C)NC1=O,SWHCYCASBVNUBW-UHFFFAOYSA-N,CHEMBL251050,10.1021/np070208z,DPPH radical scavenging activity 30 min (manual check),444.0,7.69999999999996e-05,4.11350927482752,Other,O=C1CNC(=O)C(=Cc2c[nH]c3ccccc23)N1,train
1886,C=CC(C)(C)c1[nH]c2ccc(CC(=O)C(C)C)cc2c1C=C1NC(=O)C(C)NC1=O,JYKCLUQGJQCYCI-UHFFFAOYSA-N,CHEMBL400170,10.1021/np070208z,DPPH radical scavenging activity 30 min (manual check),407.5,7.899999999999975e-05,4.10237290870956,Other,O=C1CNC(=O)C(=Cc2c[nH]c3ccccc23)N1,train
1887,C=CC(C)(C)c1[nH]c2ccc(CC3OC(C)(C)OC3(C)C)cc2c1C=C1NC(=O)C(C)NC1=O,OCPAKGPFBHKSHC-UHFFFAOYSA-N,CHEMBL250875,10.1021/np070208z,DPPH radical scavenging activity 30 min (manual check),465.6,8.800000000000028e-05,4.05551732784983,Other,O=C1CNC(=O)C(=Cc2c[nH]c3ccc(CC4COCO4)cc23)N1,train
1888,C=CC(C)(C)c1[nH]c2ccc(CC(O)C(=C)C)cc2c1C=C1NC(=O)C(C)NC1=O,SEQDZBXCPJTKIR-UHFFFAOYSA-N,CHEMBL250874,10.1021/np070208z,DPPH radical scavenging activity 30 min (manual check),407.5,7.500000000000001e-05,4.1249387366083,Other,O=C1CNC(=O)C(=Cc2c[nH]c3ccccc23)N1,train
1889,C=CC(C)(C)c1[nH]c2ccc(CC(Cl)C(C)(C)O)cc2c1C=C1NC(=O)C(C)NC1=O,VIKMWNKSZYUXNW-UHFFFAOYSA-N,CHEMBL250873,10.1021/np070208z,DPPH radical scavenging activity 30 min (manual check),444.0,9.700000000000107e-05,4.01322826573375,Other,O=C1CNC(=O)C(=Cc2c[nH]c3ccccc23)N1,test
1890,Oc1ccc(O)c(COCc2cc(O)cc(Cl)c2O)c1,UFCVCBAKLKAAMC-UHFFFAOYSA-N,CHEMBL257555,10.1021/np070421v,DPPH radical scavenging activity 30 min (manual check),296.7,4.300000000000032e-06,5.36653154442041,Other,c1ccc(COCc2ccccc2)cc1,train
1891,COCc1cc(O)ccc1O,JTWJYCAMRHQJDE-UHFFFAOYSA-N,CHEMBL256084,10.1021/np070421v,DPPH radical scavenging activity 30 min (manual check),154.2,9.800000000000126e-06,5.0087739243075,Other,c1ccccc1,test
1892,COCc1cc(O)cc(Cl)c1O,IOIPLIMWDHKVPG-UHFFFAOYSA-N,CHEMBL255444,10.1021/np070421v,DPPH radical scavenging activity 30 min (manual check),188.6,8.49999999999995e-06,5.07058107428571,Other,c1ccccc1,train
1893,COCc1cc(O)c(Cc2cc(O)c(Cc3cc(O)ccc3O)cc2O)cc1O,WMFZCOHRHOJWON-UHFFFAOYSA-N,CHEMBL256568,10.1021/np070421v,DPPH radical scavenging activity 30 min (manual check),398.4,2.600000000000012e-06,5.58502665202918,Other,c1ccc(Cc2ccc(Cc3ccccc3)cc2)cc1,train
1894,COCc1cc(O)c(Cc2cc(O)ccc2O)cc1O,MFQGMLGUVGXVOO-UHFFFAOYSA-N,CHEMBL255495,10.1021/np070421v,DPPH radical scavenging activity 30 min (manual check),276.3,6.29999999999998e-06,5.20065945054642,Other,c1ccc(Cc2ccccc2)cc1,train
1895,OCc1cc(O)c(Cc2cc(O)ccc2O)c(Cl)c1O,XFDMVSJEBALKES-UHFFFAOYSA-N,CHEMBL258424,10.1021/np070421v,DPPH radical scavenging activity 30 min (manual check),296.7,4.100000000000041e-06,5.38721614328026,Other,c1ccc(Cc2ccccc2)cc1,train
1896,OCc1c(O)c(Cl)cc(O)c1Cc1cc(O)ccc1O,MOJQIPGXOWLFII-UHFFFAOYSA-N,CHEMBL402565,10.1021/np070421v,DPPH radical scavenging activity 30 min (manual check),296.7,4.100000000000041e-06,5.38721614328026,Other,c1ccc(Cc2ccccc2)cc1,train
1897,OCc1cc(OCc2cc(O)ccc2O)ccc1O,ZFWUTOCTSAZAKK-UHFFFAOYSA-N,CHEMBL256964,10.1021/np070421v,DPPH radical scavenging activity 30 min (manual check),262.3,6.199999999999943e-06,5.20760831050175,Other,c1ccc(COc2ccccc2)cc1,train
1898,OCc1cc(OCc2cc(O)ccc2O)cc(Cl)c1O,WTDORBLYOHYLPZ-UHFFFAOYSA-N,CHEMBL402538,10.1021/np070421v,DPPH radical scavenging activity 30 min (manual check),296.7,4.400000000000022e-06,5.35654732351381,Other,c1ccc(COc2ccccc2)cc1,train
1899,Oc1ccc(O)c(COCc2cc(O)ccc2O)c1,GVXQAQDFTPTJMX-UHFFFAOYSA-N,CHEMBL254548,10.1021/np070421v,DPPH radical scavenging activity 30 min (manual check),262.3,4.599999999999955e-06,5.33724216831843,Other,c1ccc(COCc2ccccc2)cc1,train
1900,COC(=O)Cc1c(O)cc(O)cc1OC(=O)c1ccc(O)c(O)c1,LFLJQGHNYLKTBB-UHFFFAOYSA-N,CHEMBL495849,10.1021/np0600999,Antiradical activity assessed as DPPH radical scavenging activity 30 min (manual check),334.3,5.140000000000049e-05,4.28903688100472,Phenolic acid,O=C(Oc1ccccc1)c1ccccc1,train
1901,O=C(O)Cc1c(O)cc(O)cc1OC(=O)c1ccc(O)c(O)c1,YTJJRAWFHJBAMT-UHFFFAOYSA-N,CHEMBL521876,10.1021/np0600999,Antiradical activity assessed as DPPH radical scavenging activity 30 min (manual check),320.3,6.180000000000063e-05,4.20901152491118,Phenolic acid,O=C(Oc1ccccc1)c1ccccc1,train
1902,COc1cc(C=CC=O)ccc1O,DKZBBWMURDFHNE-UHFFFAOYSA-N,CHEMBL242529,10.1016/j.bmc.2007.03.077,DPPH radical scavenging activity 30 min (manual check),178.2,6.459999999999936e-05,4.18976748200492,Other,c1ccccc1,train
1903,COc1cc(C=CC(=O)c2c(O)c3ccccc3oc2=O)ccc1O,LQZHHEFLZZQRNA-UHFFFAOYSA-N,CHEMBL242326,10.1016/j.bmc.2007.03.077,DPPH radical scavenging activity 30 min (manual check),338.3,5.250000000000034e-05,4.27984069659404,Coumarin,O=C(C=Cc1ccccc1)c1cc2ccccc2oc1=O,train
1904,COc1cc(C=CC(=O)c2ccc(OC)c(F)c2)ccc1O,YYAIFDXWRNNHAW-UHFFFAOYSA-N,CHEMBL243623,10.1016/j.bmc.2007.03.077,DPPH radical scavenging activity 30 min (manual check),302.3,5.250000000000034e-05,4.27984069659404,Other,O=C(C=Cc1ccccc1)c1ccccc1,train
1905,COc1cc(C=CC(=O)c2cc(F)c(F)c(F)c2)ccc1O,HLKRDVFDXZNZGE-UHFFFAOYSA-N,CHEMBL243621,10.1016/j.bmc.2007.03.077,DPPH radical scavenging activity 30 min (manual check),308.3,5.320000000000023e-05,4.27408836770495,Other,O=C(C=Cc1ccccc1)c1ccccc1,train
1906,COc1cc(C=CC(=O)c2ccc(C(F)(F)F)cc2)ccc1O,PHEJLYYGQOGWRY-UHFFFAOYSA-N,CHEMBL243400,10.1016/j.bmc.2007.03.077,DPPH radical scavenging activity 30 min (manual check),322.3,4.380000000000002e-05,4.3585258894959,Other,O=C(C=Cc1ccccc1)c1ccccc1,train
1907,COc1cc(C=CC(=O)c2ccc3c(c2)OCO3)ccc1O,HZBLJZNQIGZHMZ-UHFFFAOYSA-N,CHEMBL430187,10.1016/j.bmc.2007.03.077,DPPH radical scavenging activity 30 min (manual check),298.3,4.599999999999955e-05,4.33724216831843,Other,O=C(C=Cc1ccccc1)c1ccc2c(c1)OCO2,train
1908,O=C(OCCc1ccc(O)cc1)c1cc(O)c(O)c(O)c1,WSPSAXWXELZFQI-UHFFFAOYSA-N,CHEMBL147069,10.1016/j.bmcl.2007.07.032,DPPH radical scavenging activity after 30 mins,290.3,7.519999999999967e-06,5.12378215940836,Phenolic acid,O=C(OCCc1ccccc1)c1ccccc1,train
1909,O=C(OCCc1ccccc1O)c1cc(O)c(O)c(O)c1,BFCLPURLRKZMCC-UHFFFAOYSA-N,CHEMBL399354,10.1016/j.bmcl.2007.07.032,DPPH radical scavenging activity after 30 mins,290.3,8.30999999999998e-06,5.08039897621589,Phenolic acid,O=C(OCCc1ccccc1)c1ccccc1,train
1910,O=C(OCCc1cccc(O)c1)c1cc(O)c(O)c(O)c1,VXELBUJPXRMMLF-UHFFFAOYSA-N,CHEMBL246622,10.1016/j.bmcl.2007.07.032,DPPH radical scavenging activity after 30 mins,290.3,7.780000000000025e-06,5.10902040301031,Phenolic acid,O=C(OCCc1ccccc1)c1ccccc1,train
