split,compound_index,partition
stratified,1292,train
stratified,1460,train
stratified,1872,train
stratified,1060,train
stratified,131,train
stratified,1717,train
stratified,1187,train
stratified,659,train
stratified,580,train
stratified,1255,train
stratified,109,train
stratified,1045,train
stratified,1836,train
stratified,47,train
stratified,546,train
stratified,747,train
stratified,156,train
stratified,1175,train
stratified,1902,train
stratified,431,train
stratified,1059,train
stratified,879,train
stratified,441,train
stratified,583,train
stratified,193,train
stratified,278,train
stratified,1242,train
stratified,1790,train
stratified,963,train
stratified,1302,train
stratified,504,train
stratified,1113,train
stratified,272,train
stratified,358,train
stratified,616,train
stratified,385,train
stratified,881,train
stratified,1841,train
stratified,305,train
stratified,1726,train
stratified,1622,train
stratified,307,train
stratified,965,train
stratified,664,train
stratified,209,train
stratified,1817,train
stratified,1662,train
stratified,1223,train
stratified,1040,train
stratified,1470,train
stratified,1209,train
stratified,523,train
stratified,1373,train
stratified,1032,train
stratified,1152,train
stratified,1900,train
stratified,374,train
stratified,1746,train
stratified,1849,train
stratified,1385,train
stratified,1405,train
stratified,933,train
stratified,736,train
stratified,1083,train
stratified,654,train
stratified,337,train
stratified,200,train
stratified,59,train
stratified,787,train
stratified,1702,train
stratified,926,train
stratified,1820,train
stratified,260,train
stratified,168,train
stratified,1132,train
stratified,1070,train
stratified,1076,train
stratified,1248,train
stratified,574,train
stratified,1199,train
stratified,1606,train
stratified,1084,train
stratified,1725,train
stratified,1839,train
stratified,624,train
stratified,1194,train
stratified,670,train
stratified,1761,train
stratified,1649,train
stratified,503,train
stratified,957,train
stratified,1139,train
stratified,60,train
stratified,144,train
stratified,1354,train
stratified,1208,train
stratified,1514,train
stratified,1671,train
stratified,1566,train
stratified,1182,train
stratified,1362,train
stratified,1052,train
stratified,717,train
stratified,26,train
stratified,1727,train
stratified,1157,train
stratified,1773,train
stratified,1069,train
stratified,1720,train
stratified,226,train
stratified,1753,train
stratified,458,train
stratified,1743,train
stratified,1336,train
stratified,1413,train
stratified,489,train
stratified,774,train
stratified,1826,train
stratified,1304,train
stratified,1759,train
stratified,1611,train
stratified,1877,train
stratified,1134,train
stratified,506,train
stratified,395,train
stratified,1168,train
stratified,1447,train
stratified,1180,train
stratified,932,train
stratified,631,train
stratified,810,train
stratified,230,train
stratified,1771,train
stratified,1453,train
stratified,1564,train
stratified,1798,train
stratified,1286,train
stratified,858,train
stratified,1632,train
stratified,1252,train
stratified,1667,train
stratified,284,train
stratified,259,train
stratified,914,train
stratified,405,train
stratified,609,train
stratified,1617,train
stratified,630,train
stratified,1850,train
stratified,945,train
stratified,645,train
stratified,153,train
stratified,1816,train
stratified,593,train
stratified,341,train
stratified,1323,train
stratified,1561,train
stratified,1179,train
stratified,910,train
stratified,195,train
stratified,509,train
stratified,715,train
stratified,967,train
stratified,1589,train
stratified,1490,train
stratified,1142,train
stratified,246,train
stratified,1523,train
stratified,1508,train
stratified,705,train
stratified,1342,train
stratified,543,train
stratified,1442,train
stratified,121,train
stratified,1703,train
stratified,544,train
stratified,976,train
stratified,1259,train
stratified,710,train
stratified,1330,train
stratified,1015,train
stratified,92,train
stratified,1363,train
stratified,31,train
stratified,108,train
stratified,1030,train
stratified,1034,train
stratified,1020,train
stratified,1758,train
stratified,1381,train
stratified,1723,train
stratified,1343,train
stratified,873,train
stratified,682,train
stratified,677,train
stratified,135,train
stratified,1543,train
stratified,292,train
stratified,612,train
stratified,205,train
stratified,472,train
stratified,1382,train
stratified,1869,train
stratified,1239,train
stratified,824,train
stratified,150,train
stratified,369,train
stratified,367,train
stratified,518,train
stratified,58,train
stratified,1474,train
stratified,1221,train
stratified,497,train
stratified,364,train
stratified,1600,train
stratified,961,train
stratified,1858,train
stratified,1345,train
stratified,1526,train
stratified,1357,train
stratified,1824,train
stratified,1406,train
stratified,1482,train
stratified,1115,train
stratified,701,train
stratified,146,train
stratified,1281,train
stratified,684,train
stratified,1670,train
stratified,931,train
stratified,1026,train
stratified,1878,train
stratified,84,train
stratified,1305,train
stratified,821,train
stratified,854,train
stratified,185,train
stratified,846,train
stratified,1775,train
stratified,699,train
stratified,56,train
stratified,1055,train
stratified,1171,train
stratified,1066,train
stratified,368,train
stratified,15,train
stratified,1539,train
stratified,294,train
stratified,604,train
stratified,1027,train
stratified,1829,train
stratified,566,train
stratified,213,train
stratified,334,train
stratified,777,train
stratified,1218,train
stratified,1225,train
stratified,1417,train
stratified,1748,train
stratified,1095,train
stratified,519,train
stratified,930,train
stratified,136,train
stratified,814,train
stratified,147,train
stratified,555,train
stratified,1333,train
stratified,338,train
stratified,468,train
stratified,1722,train
stratified,327,train
stratified,1521,train
stratified,1303,train
stratified,1809,train
stratified,1862,train
stratified,1408,train
stratified,781,train
stratified,845,train
stratified,649,train
stratified,795,train
stratified,582,train
stratified,1270,train
stratified,899,train
stratified,971,train
stratified,265,train
stratified,505,train
stratified,1332,train
stratified,955,train
stratified,455,train
stratified,171,train
stratified,401,train
stratified,37,train
stratified,85,train
stratified,1520,train
stratified,1711,train
stratified,973,train
stratified,871,train
stratified,924,train
stratified,975,train
stratified,1867,train
stratified,1691,train
stratified,707,train
stratified,820,train
stratified,1458,train
stratified,1721,train
stratified,587,train
stratified,1328,train
stratified,52,train
stratified,1806,train
stratified,855,train
stratified,856,train
stratified,408,train
stratified,1864,train
stratified,77,train
stratified,1774,train
stratified,761,train
stratified,1101,train
stratified,745,train
stratified,890,train
stratified,1906,train
stratified,1588,train
stratified,853,train
stratified,1390,train
stratified,1422,train
stratified,882,train
stratified,1404,train
stratified,1676,train
stratified,347,train
stratified,1103,train
stratified,1003,train
stratified,167,train
stratified,671,train
stratified,531,train
stratified,1886,train
stratified,1890,train
stratified,538,train
stratified,1284,train
stratified,1661,train
stratified,1,train
stratified,1476,train
stratified,269,train
stratified,1271,train
stratified,1628,train
stratified,902,train
stratified,256,train
stratified,164,train
stratified,43,train
stratified,1534,train
stratified,1261,train
stratified,1844,train
stratified,1592,train
stratified,1479,train
stratified,951,train
stratified,1017,train
stratified,1156,train
stratified,850,train
stratified,35,train
stratified,1782,train
stratified,1896,train
stratified,589,train
stratified,530,train
stratified,1615,train
stratified,366,train
stratified,573,train
stratified,1827,train
stratified,1507,train
stratified,561,train
stratified,225,train
stratified,1897,train
stratified,557,train
stratified,1499,train
stratified,1108,train
stratified,834,train
stratified,802,train
stratified,1574,train
stratified,570,train
stratified,1687,train
stratified,1308,train
stratified,779,train
stratified,813,train
stratified,1778,train
stratified,1334,train
stratified,409,train
stratified,12,train
stratified,1127,train
stratified,578,train
stratified,1732,train
stratified,1004,train
stratified,163,train
stratified,1276,train
stratified,251,train
stratified,1547,train
stratified,1445,train
stratified,948,train
stratified,38,train
stratified,547,train
stratified,1807,train
stratified,1273,train
stratified,537,train
stratified,1049,train
stratified,835,train
stratified,262,train
stratified,1185,train
stratified,808,train
stratified,526,train
stratified,1513,train
stratified,1634,train
stratified,1784,train
stratified,920,train
stratified,1170,train
stratified,935,train
stratified,351,train
stratified,798,train
stratified,755,train
stratified,1799,train
stratified,331,train
stratified,552,train
stratified,769,train
stratified,157,train
stratified,491,train
stratified,487,train
stratified,1000,train
stratified,396,train
stratified,1763,train
stratified,800,train
stratified,559,train
stratified,1267,train
stratified,610,train
stratified,866,train
stratified,861,train
stratified,1140,train
stratified,289,train
stratified,972,train
stratified,348,train
stratified,1465,train
stratified,1740,train
stratified,373,train
stratified,375,train
stratified,1356,train
stratified,515,train
stratified,1570,train
stratified,1376,train
stratified,811,train
stratified,299,train
stratified,1099,train
stratified,799,train
stratified,1682,train
stratified,1206,train
stratified,718,train
stratified,685,train
stratified,363,train
stratified,1805,train
stratified,1439,train
stratified,1599,train
stratified,876,train
stratified,1379,train
stratified,968,train
stratified,11,train
stratified,989,train
stratified,692,train
stratified,240,train
stratified,105,train
stratified,569,train
stratified,415,train
stratified,1630,train
stratified,403,train
stratified,258,train
stratified,528,train
stratified,132,train
stratified,1733,train
stratified,1882,train
stratified,473,train
stratified,102,train
stratified,72,train
stratified,176,train
stratified,1063,train
stratified,1364,train
stratified,119,train
stratified,1777,train
stratified,907,train
stratified,1866,train
stratified,1189,train
stratified,1870,train
stratified,1105,train
stratified,1051,train
stratified,1555,train
stratified,1310,train
stratified,943,train
stratified,490,train
stratified,1578,train
stratified,346,train
stratified,615,train
stratified,1885,train
stratified,362,train
stratified,21,train
stratified,1459,train
stratified,778,train
stratified,261,train
stratified,1322,train
stratified,1598,train
stratified,936,train
stratified,780,train
stratified,596,train
stratified,1710,train
stratified,332,train
stratified,1838,train
stratified,1613,train
stratified,1688,train
stratified,1012,train
stratified,182,train
stratified,763,train
stratified,796,train
stratified,1879,train
stratified,1365,train
stratified,1407,train
stratified,628,train
stratified,1731,train
stratified,1400,train
stratified,807,train
stratified,527,train
stratified,248,train
stratified,564,train
stratified,1464,train
stratified,737,train
stratified,500,train
stratified,893,train
stratified,1344,train
stratified,812,train
stratified,939,train
stratified,1146,train
stratified,733,train
stratified,981,train
stratified,1161,train
stratified,514,train
stratified,643,train
stratified,308,train
stratified,1396,train
stratified,959,train
stratified,1815,train
stratified,215,train
stratified,672,train
stratified,1785,train
stratified,23,train
stratified,6,train
stratified,1549,train
stratified,1684,train
stratified,1754,train
stratified,376,train
stratified,1135,train
stratified,762,train
stratified,1046,train
stratified,1812,train
stratified,372,train
stratified,22,train
stratified,675,train
stratified,1491,train
stratified,1251,train
stratified,1010,train
stratified,1229,train
stratified,1529,train
stratified,572,train
stratified,1747,train
stratified,1031,train
stratified,1518,train
stratified,243,train
stratified,1552,train
stratified,993,train
stratified,1145,train
stratified,296,train
stratified,1312,train
stratified,143,train
stratified,1791,train
stratified,418,train
stratified,1198,train
stratified,50,train
stratified,321,train
stratified,553,train
stratified,662,train
stratified,315,train
stratified,1533,train
stratified,343,train
stratified,309,train
stratified,1768,train
stratified,1279,train
stratified,223,train
stratified,905,train
stratified,1123,train
stratified,542,train
stratified,1563,train
stratified,739,train
stratified,874,train
stratified,1133,train
stratified,563,train
stratified,867,train
stratified,1690,train
stratified,391,train
stratified,536,train
stratified,1636,train
stratified,293,train
stratified,1293,train
stratified,1673,train
stratified,1383,train
stratified,847,train
stratified,731,train
stratified,1832,train
stratified,916,train
stratified,1616,train
stratified,1558,train
stratified,436,train
stratified,1573,train
stratified,706,train
stratified,1409,train
stratified,1275,train
stratified,333,train
stratified,207,train
stratified,1620,train
stratified,844,train
stratified,461,train
stratified,1151,train
stratified,1149,train
stratified,478,train
stratified,116,train
stratified,1730,train
stratified,41,train
stratified,918,train
stratified,453,train
stratified,1810,train
stratified,598,train
stratified,1246,train
stratified,647,train
stratified,349,train
stratified,1141,train
stratified,712,train
stratified,803,train
stratified,1511,train
stratified,1317,train
stratified,1554,train
stratified,1884,train
stratified,1432,train
stratified,271,train
stratified,1403,train
stratified,1449,train
stratified,983,train
stratified,927,train
stratified,1035,train
stratified,184,train
stratified,1290,train
stratified,389,train
stratified,1349,train
stratified,1395,train
stratified,232,train
stratified,1415,train
stratified,71,train
stratified,210,train
stratified,456,train
stratified,539,train
stratified,1167,train
stratified,1298,train
stratified,535,train
stratified,40,train
stratified,174,train
stratified,1484,train
stratified,1542,train
stratified,443,train
stratified,1236,train
stratified,1800,train
stratified,378,train
stratified,1348,train
stratified,627,train
stratified,953,train
stratified,1077,train
stratified,1368,train
stratified,1779,train
stratified,419,train
stratified,1212,train
stratified,652,train
stratified,626,train
stratified,1714,train
stratified,621,train
stratified,99,train
stratified,306,train
stratified,1576,train
stratified,663,train
stratified,1654,train
stratified,1352,train
stratified,964,train
stratified,1489,train
stratified,925,train
stratified,990,train
stratified,909,train
stratified,1117,train
stratified,350,train
stratified,1392,train
stratified,469,train
stratified,776,train
stratified,181,train
stratified,894,train
stratified,1418,train
stratified,470,train
stratified,1708,train
stratified,220,train
stratified,550,train
stratified,1786,train
stratified,1086,train
stratified,393,train
stratified,1006,train
stratified,467,train
stratified,1041,train
stratified,827,train
stratified,1359,train
stratified,579,train
stratified,1833,train
stratified,513,train
stratified,1111,train
stratified,1068,train
stratified,1219,train
stratified,1618,train
stratified,1797,train
stratified,17,train
stratified,318,train
stratified,25,train
stratified,919,train
stratified,1263,train
stratified,1043,train
stratified,998,train
stratified,1306,train
stratified,479,train
stratified,459,train
stratified,700,train
stratified,44,train
stratified,1614,train
stratified,1235,train
stratified,848,train
stratified,986,train
stratified,1575,train
stratified,434,train
stratified,1109,train
stratified,897,train
stratified,691,train
stratified,1475,train
stratified,1683,train
stratified,1546,train
stratified,1188,train
stratified,1792,train
stratified,1537,train
stratified,1093,train
stratified,340,train
stratified,822,train
stratified,1625,train
stratified,1540,train
stratified,1596,train
stratified,1205,train
stratified,1375,train
stratified,970,train
stratified,1144,train
stratified,1224,train
stratified,314,train
stratified,3,train
stratified,1467,train
stratified,1871,train
stratified,1638,train
stratified,432,train
stratified,1269,train
stratified,145,train
stratified,1823,train
stratified,406,train
stratified,285,train
stratified,1289,train
stratified,1197,train
stratified,1846,train
stratified,1169,train
stratified,1378,train
stratified,625,train
stratified,398,train
stratified,520,train
stratified,127,train
stratified,1783,train
stratified,928,train
stratified,51,train
stratified,32,train
stratified,1200,train
stratified,1121,train
stratified,65,train
stratified,161,train
stratified,1909,train
stratified,187,train
stratified,1311,train
stratified,128,train
stratified,1016,train
stratified,522,train
stratified,1674,train
stratified,126,train
stratified,760,train
stratified,666,train
stratified,840,train
stratified,1767,train
stratified,64,train
stratified,173,train
stratified,606,train
stratified,865,train
stratified,805,train
stratified,359,train
stratified,887,train
stratified,1309,train
stratified,320,train
stratified,512,train
stratified,1699,train
stratified,39,train
stratified,268,train
stratified,1868,train
stratified,311,train
stratified,63,train
stratified,1473,train
stratified,1477,train
stratified,1580,train
stratified,1535,train
stratified,1483,train
stratified,1192,train
stratified,996,train
stratified,529,train
stratified,753,train
stratified,1621,train
stratified,1457,train
stratified,585,train
stratified,929,train
stratified,416,train
stratified,169,train
stratified,1190,train
stratified,1249,train
stratified,729,train
stratified,601,train
stratified,381,train
stratified,740,train
stratified,67,train
stratified,1158,train
stratified,1172,train
stratified,125,train
stratified,1666,train
stratified,1295,train
stratified,728,train
stratified,923,train
stratified,1627,train
stratified,1544,train
stratified,1503,train
stratified,1789,train
stratified,698,train
stratified,1556,train
stratified,1560,train
stratified,1326,train
stratified,74,train
stratified,1338,train
stratified,295,train
stratified,678,train
stratified,877,train
stratified,198,train
stratified,234,train
stratified,1075,train
stratified,222,train
stratified,1486,train
stratified,96,train
stratified,1696,train
stratified,86,train
stratified,768,train
stratified,1802,train
stratified,1685,train
stratified,138,train
stratified,1431,train
stratified,474,train
stratified,1096,train
stratified,633,train
stratified,922,train
stratified,1701,train
stratified,70,train
stratified,1528,train
stratified,49,train
stratified,1527,train
stratified,1704,train
stratified,1582,train
stratified,782,train
stratified,1567,train
stratified,655,train
stratified,789,train
stratified,1847,train
stratified,941,train
stratified,235,train
stratified,1227,train
stratified,950,train
stratified,1036,train
stratified,1355,train
stratified,1265,train
stratified,424,train
stratified,360,train
stratified,713,train
stratified,1853,train
stratified,1184,train
stratified,640,train
stratified,1272,train
stratified,1258,train
stratified,1876,train
stratified,991,train
stratified,1626,train
stratified,83,train
stratified,639,train
stratified,1765,train
stratified,1131,train
stratified,462,train
stratified,19,train
stratified,1532,train
stratified,756,train
stratified,1591,train
stratified,227,train
stratified,646,train
stratified,1553,train
stratified,819,train
stratified,1056,train
stratified,29,train
stratified,1462,train
stratified,1888,train
stratified,600,train
stratified,328,train
stratified,253,train
stratified,154,train
stratified,438,train
stratified,584,train
stratified,1693,train
stratified,370,train
stratified,310,train
stratified,1664,train
stratified,1191,train
stratified,1597,train
stratified,635,train
stratified,1207,train
stratified,592,train
stratified,1314,train
stratified,641,train
stratified,317,train
stratified,254,train
stratified,1821,train
stratified,852,train
stratified,1024,train
stratified,650,train
stratified,9,train
stratified,608,train
stratified,912,train
stratified,554,train
stratified,992,train
stratified,1751,train
stratified,1585,train
stratified,199,train
stratified,1216,train
stratified,681,train
stratified,857,train
stratified,170,train
stratified,1325,train
stratified,1590,train
stratified,1399,train
stratified,1603,train
stratified,1496,train
stratified,1057,train
stratified,1410,train
stratified,886,train
stratified,400,train
stratified,130,train
stratified,33,train
stratified,20,train
stratified,179,train
stratified,508,train
stratified,267,train
stratified,1609,train
stratified,1655,train
stratified,1795,train
stratified,1604,train
stratified,1455,train
stratified,1125,train
stratified,224,train
stratified,286,train
stratified,974,train
stratified,1321,train
stratified,687,train
stratified,1898,train
stratified,1788,train
stratified,1692,train
stratified,1128,train
stratified,1082,train
stratified,597,train
stratified,934,train
stratified,1110,train
stratified,1106,train
stratified,482,train
stratified,399,train
stratified,1550,train
stratified,1427,train
stratified,1050,train
stratified,567,train
stratified,1324,train
stratified,1090,train
stratified,297,train
stratified,449,train
stratified,1738,train
stratified,214,train
stratified,1071,train
stratified,1299,train
stratified,1361,train
stratified,493,train
stratified,1074,train
stratified,892,train
stratified,279,train
stratified,752,train
stratified,524,train
stratified,823,train
stratified,42,train
stratified,516,train
stratified,551,train
stratified,196,train
stratified,1339,train
stratified,94,train
stratified,190,train
stratified,1186,train
stratified,1813,train
stratified,123,train
stratified,726,train
stratified,1402,train
stratified,1318,train
stratified,1254,train
stratified,1781,train
stratified,1643,train
stratified,772,train
stratified,696,train
stratified,1652,train
stratified,440,train
stratified,450,train
stratified,1340,train
stratified,629,train
stratified,1819,train
stratified,978,train
stratified,342,train
stratified,1441,train
stratified,757,train
stratified,660,train
stratified,1695,train
stratified,421,train
stratified,263,train
stratified,1492,train
stratified,463,train
stratified,875,train
stratified,1907,train
stratified,217,train
stratified,89,train
stratified,1327,train
stratified,611,train
stratified,1825,train
stratified,203,train
stratified,1737,train
stratified,868,train
stratified,721,train
stratified,623,train
stratified,999,train
stratified,452,train
stratified,68,train
stratified,420,train
stratified,98,train
stratified,1266,train
stratified,1315,train
stratified,1505,train
stratified,942,train
stratified,1686,train
stratified,326,train
stratified,1910,train
stratified,101,train
stratified,1874,train
stratified,511,train
stratified,219,train
stratified,1264,train
stratified,815,train
stratified,1494,train
stratified,1648,train
stratified,1517,train
stratified,1663,train
stratified,1232,train
stratified,361,train
stratified,442,train
stratified,620,train
stratified,958,train
stratified,1370,train
stratified,1098,train
stratified,1715,train
stratified,95,train
stratified,141,train
stratified,1697,train
stratified,1244,train
stratified,1531,train
stratified,1150,train
stratified,870,train
stratified,979,train
stratified,1495,train
stratified,702,train
stratified,1822,train
stratified,324,train
stratified,1681,train
stratified,746,train
stratified,904,train
stratified,541,train
stratified,1177,train
stratified,863,train
stratified,903,train
stratified,1247,train
stratified,313,train
stratified,14,train
stratified,869,train
stratified,1593,train
stratified,425,train
stratified,499,train
stratified,329,train
stratified,784,train
stratified,1762,train
stratified,444,train
stratified,1842,train
stratified,247,train
stratified,93,train
stratified,1387,train
stratified,97,train
stratified,1706,train
stratified,913,train
stratified,283,train
stratified,1501,train
stratified,1698,train
stratified,1728,train
stratified,211,train
stratified,1713,train
stratified,818,train
stratified,921,train
stratified,1735,train
stratified,379,train
stratified,1001,train
stratified,888,train
stratified,730,train
stratified,775,train
stratified,88,train
stratified,1851,train
stratified,1287,train
stratified,1665,train
stratified,355,train
stratified,66,train
stratified,790,train
stratified,1372,train
stratified,949,train
stratified,839,train
stratified,1062,train
stratified,1557,train
stratified,475,train
stratified,1689,train
stratified,735,train
stratified,669,train
stratified,107,train
stratified,277,train
stratified,382,train
stratified,709,train
stratified,1389,train
stratified,1669,train
stratified,394,train
stratified,82,train
stratified,1845,train
stratified,806,train
stratified,765,train
stratified,1278,train
stratified,428,train
stratified,1214,train
stratified,1804,train
stratified,1848,train
stratified,613,train
stratified,1612,train
stratified,849,train
stratified,1234,train
stratified,773,train
stratified,697,train
stratified,510,train
stratified,1525,train
stratified,323,train
stratified,994,train
stratified,91,train
stratified,1313,train
stratified,1159,train
stratified,1571,train
stratified,1769,train
stratified,100,train
stratified,1202,train
stratified,61,train
stratified,618,train
stratified,1801,train
stratified,212,train
stratified,54,train
stratified,1419,train
stratified,488,train
stratified,1452,train
stratified,480,train
stratified,944,train
stratified,694,train
stratified,1228,train
stratified,1268,train
stratified,770,train
stratified,1165,train
stratified,57,train
stratified,1166,train
stratified,111,train
stratified,809,train
stratified,1048,train
stratified,27,train
stratified,838,train
stratified,447,train
stratified,53,train
stratified,477,train
stratified,1657,train
stratified,1220,train
stratified,1285,train
stratified,1545,train
stratified,304,train
stratified,1250,train
stratified,767,train
stratified,836,train
stratified,568,train
stratified,1260,train
stratified,16,train
stratified,637,train
stratified,1903,train
stratified,73,train
stratified,1023,train
stratified,274,train
stratified,984,train
stratified,413,train
stratified,1512,train
stratified,495,train
stratified,1516,train
stratified,1677,train
stratified,1042,train
stratified,940,train
stratified,1660,train
stratified,1653,train
stratified,1893,train
stratified,426,train
stratified,1752,train
stratified,189,train
stratified,644,train
stratified,1301,train
stratified,525,train
stratified,1008,train
stratified,62,train
stratified,683,train
stratified,889,train
stratified,1347,train
stratified,1092,train
stratified,1021,train
stratified,952,train
stratified,336,train
stratified,1581,train
stratified,439,train
stratified,380,train
stratified,1380,train
stratified,748,train
stratified,1793,train
stratified,759,train
stratified,642,train
stratified,1729,train
stratified,1901,train
stratified,1559,train
stratified,651,train
stratified,837,train
stratified,149,train
stratified,241,train
stratified,1426,train
stratified,270,train
stratified,734,train
stratified,180,train
stratified,484,train
stratified,862,train
stratified,1114,train
stratified,1081,train
stratified,860,train
stratified,45,train
stratified,252,train
stratified,725,train
stratified,956,train
stratified,1088,train
stratified,1079,train
stratified,166,train
stratified,233,train
stratified,1776,train
stratified,1433,train
stratified,280,train
stratified,1587,train
stratified,1504,train
stratified,1374,train
stratified,117,train
stratified,1078,train
stratified,1282,train
stratified,238,train
stratified,1371,train
stratified,1029,train
stratified,1213,train
stratified,239,train
stratified,1025,train
stratified,1256,train
stratified,1764,train
stratified,797,train
stratified,1211,train
stratified,1905,train
stratified,422,train
stratified,689,train
stratified,714,train
stratified,1480,train
stratified,501,train
stratified,828,train
stratified,1438,train
stratified,1033,train
stratified,1335,train
stratified,1478,train
stratified,1536,train
stratified,695,train
stratified,188,train
stratified,1058,train
stratified,911,train
stratified,742,train
stratified,192,train
stratified,743,train
stratified,831,train
stratified,985,train
stratified,1608,train
stratified,1245,train
stratified,1635,train
stratified,1707,train
stratified,175,train
stratified,191,train
stratified,290,train
stratified,1461,train
stratified,465,train
stratified,352,train
stratified,139,train
stratified,250,train
stratified,1022,train
stratified,1386,train
stratified,1215,train
stratified,1104,train
stratified,1624,train
stratified,1222,train
stratified,303,train
stratified,134,train
stratified,1450,train
stratified,151,train
stratified,1014,train
stratified,120,train
stratified,1857,train
stratified,833,train
stratified,1038,train
stratified,1288,train
stratified,1658,train
stratified,1351,train
stratified,1659,train
stratified,884,train
stratified,208,train
stratified,1019,train
stratified,891,train
stratified,1002,train
stratified,1904,train
stratified,880,train
stratified,750,train
stratified,216,train
stratified,36,train
stratified,842,train
stratified,832,train
stratified,1210,train
stratified,1463,train
stratified,594,train
stratified,1881,train
stratified,186,train
stratified,319,train
stratified,1080,train
stratified,1126,train
stratified,997,train
stratified,599,train
stratified,133,train
stratified,602,train
stratified,1204,train
stratified,28,train
stratified,301,train
stratified,851,train
stratified,1466,train
stratified,532,train
stratified,1860,train
stratified,357,train
stratified,1073,train
stratified,302,train
stratified,1412,train
stratified,1411,train
stratified,1421,train
stratified,1420,train
stratified,720,train
stratified,1155,train
stratified,1497,train
stratified,817,train
stratified,1647,train
stratified,1672,train
stratified,786,train
stratified,365,train
stratified,982,train
stratified,1749,train
stratified,322,train
stratified,1163,train
stratified,300,train
stratified,1044,train
stratified,1424,train
stratified,591,train
stratified,1119,train
stratified,1138,train
stratified,218,train
stratified,1551,train
stratified,895,train
stratified,483,train
stratified,197,train
stratified,995,train
stratified,1018,train
stratified,906,train
stratified,178,train
stratified,577,train
stratified,345,train
stratified,1908,train
stratified,1173,train
stratified,390,train
stratified,1297,train
stratified,1861,train
stratified,908,train
stratified,402,train
stratified,1500,train
stratified,1294,train
stratified,614,train
stratified,325,train
stratified,10,train
stratified,1524,train
stratified,1238,train
stratified,900,train
stratified,1122,train
stratified,103,train
stratified,686,train
stratified,1240,train
stratified,1541,train
stratified,1253,train
stratified,901,train
stratified,481,train
stratified,1843,train
stratified,1880,train
stratified,533,train
stratified,104,train
stratified,1307,train
stratified,429,train
stratified,194,train
stratified,826,train
stratified,792,train
stratified,1488,train
stratified,617,train
stratified,1237,train
stratified,785,train
stratified,1668,train
stratified,1750,train
stratified,1164,train
stratified,1594,train
stratified,575,train
stratified,1130,train
stratified,1899,train
stratified,1257,train
stratified,1147,train
stratified,1734,train
stratified,1397,train
stratified,448,train
stratified,1367,train
stratified,183,train
stratified,202,train
stratified,634,train
stratified,674,train
stratified,165,train
stratified,412,train
stratified,1233,train
stratified,1835,train
stratified,1487,train
stratified,558,train
stratified,688,train
stratified,898,train
stratified,1369,train
stratified,1579,train
stratified,1346,train
stratified,703,train
stratified,356,train
stratified,1437,train
stratified,727,train
stratified,55,train
stratified,1572,train
stratified,1772,train
stratified,1770,train
stratified,344,train
stratified,1366,train
stratified,298,train
stratified,1005,train
stratified,668,train
stratified,228,train
stratified,1894,train
stratified,1700,train
stratified,24,train
stratified,1840,train
stratified,423,train
stratified,560,train
stratified,81,train
stratified,636,train
stratified,1623,train
stratified,1296,train
stratified,915,train
stratified,607,train
stratified,69,train
stratified,1610,train
stratified,1883,train
stratified,1548,train
stratified,407,train
stratified,1277,train
stratified,1586,train
stratified,4,train
stratified,291,train
stratified,657,train
stratified,1852,train
stratified,288,train
stratified,1391,train
stratified,1485,train
stratified,1183,train
stratified,1262,train
stratified,281,train
stratified,1446,train
stratified,969,train
stratified,78,train
stratified,1656,train
stratified,741,train
stratified,242,train
stratified,1811,train
stratified,1174,train
stratified,977,train
stratified,1828,train
stratified,1162,train
stratified,1203,train
stratified,30,train
stratified,723,train
stratified,13,train
stratified,764,train
stratified,112,train
stratified,1039,train
stratified,1856,train
stratified,1291,train
stratified,1425,train
stratified,1895,train
stratified,1430,train
stratified,771,train
stratified,1646,train
stratified,1506,train
stratified,1718,train
stratified,237,train
stratified,622,train
stratified,87,train
stratified,1780,train
stratified,1116,train
stratified,492,train
stratified,137,train
stratified,1388,train
stratified,1650,train
stratified,257,train
stratified,632,train
stratified,276,train
stratified,1796,train
stratified,661,train
stratified,316,train
stratified,754,train
stratified,1143,train
stratified,1230,train
stratified,1193,train
stratified,1331,train
stratified,1744,train
stratified,386,train
stratified,793,train
stratified,1091,train
stratified,1337,train
stratified,987,train
stratified,1679,train
stratified,1595,train
stratified,383,train
stratified,1640,train
stratified,312,train
stratified,201,train
stratified,245,train
stratified,548,train
stratified,1724,train
stratified,1160,train
stratified,896,train
stratified,371,train
stratified,236,train
stratified,864,train
stratified,1089,train
stratified,1472,train
stratified,1072,train
stratified,1859,train
stratified,282,train
stratified,816,train
stratified,751,train
stratified,1274,train
stratified,1498,train
stratified,494,train
stratified,962,train
stratified,603,train
stratified,275,train
stratified,354,train
stratified,1451,train
stratified,1448,train
stratified,1469,train
stratified,1760,train
stratified,673,train
stratified,457,train
stratified,1013,train
stratified,451,train
stratified,1875,train
stratified,18,train
stratified,521,train
stratified,90,train
stratified,122,train
stratified,804,train
stratified,158,train
stratified,1316,train
stratified,1639,train
stratified,1300,train
stratified,581,train
stratified,273,train
stratified,988,train
stratified,411,train
stratified,966,train
stratified,619,train
stratified,1502,train
stratified,534,train
stratified,1519,train
stratified,1887,train
stratified,878,train
stratified,883,train
stratified,414,train
stratified,335,train
stratified,1137,train
stratified,1377,train
stratified,744,train
stratified,172,train
stratified,1641,train
stratified,517,train
stratified,766,train
stratified,1837,train
stratified,1384,train
stratified,142,train
stratified,917,train
stratified,1097,train
stratified,1067,train
stratified,872,train
stratified,287,train
stratified,1436,train
stratified,1651,train
stratified,1154,train
stratified,464,train
stratified,716,train
stratified,1645,train
stratified,1601,train
stratified,545,train
stratified,1719,train
stratified,1129,train
stratified,0,train
stratified,1694,train
stratified,1054,train
stratified,1814,train
stratified,430,train
stratified,679,train
stratified,404,train
stratified,486,train
stratified,507,train
stratified,954,train
stratified,435,train
stratified,1341,train
stratified,1120,train
stratified,159,train
stratified,1280,train
stratified,1178,train
stratified,549,train
stratified,1892,train
stratified,540,train
stratified,1530,train
stratified,1353,train
stratified,1107,train
stratified,1736,train
stratified,1454,train
stratified,576,train
stratified,1061,train
stratified,162,train
stratified,1148,train
stratified,676,train
stratified,1440,train
stratified,1637,train
stratified,339,train
stratified,704,train
stratified,1631,train
stratified,1742,train
stratified,783,train
stratified,1243,train
stratified,392,train
stratified,106,train
stratified,1562,train
stratified,648,train
stratified,843,train
stratified,946,train
stratified,1053,train
stratified,732,train
stratified,1510,train
stratified,1787,train
stratified,841,train
stratified,749,train
stratified,1456,train
stratified,1709,train
stratified,1675,test
stratified,638,test
stratified,1577,test
stratified,1047,test
stratified,665,test
stratified,1085,test
stratified,1434,test
stratified,152,test
stratified,1633,test
stratified,980,test
stratified,829,test
stratified,1818,test
stratified,1493,test
stratified,1629,test
stratified,433,test
stratified,1064,test
stratified,1065,test
stratified,690,test
stratified,1766,test
stratified,1712,test
stratified,830,test
stratified,1584,test
stratified,427,test
stratified,586,test
stratified,1360,test
stratified,2,test
stratified,1429,test
stratified,1481,test
stratified,502,test
stratified,1414,test
stratified,1329,test
stratified,34,test
stratified,1745,test
stratified,1118,test
stratified,446,test
stratified,1358,test
stratified,1509,test
stratified,1087,test
stratified,1011,test
stratified,960,test
stratified,1471,test
stratified,667,test
stratified,1522,test
stratified,1153,test
stratified,1394,test
stratified,330,test
stratified,859,test
stratified,204,test
stratified,76,test
stratified,498,test
stratified,445,test
stratified,155,test
stratified,115,test
stratified,485,test
stratified,377,test
stratified,1444,test
stratified,562,test
stratified,46,test
stratified,788,test
stratified,229,test
stratified,397,test
stratified,384,test
stratified,1808,test
stratified,206,test
stratified,1094,test
stratified,653,test
stratified,1416,test
stratified,140,test
stratified,719,test
stratified,160,test
stratified,1854,test
stratified,1241,test
stratified,476,test
stratified,571,test
stratified,244,test
stratified,5,test
stratified,129,test
stratified,1755,test
stratified,708,test
stratified,656,test
stratified,79,test
stratified,1716,test
stratified,1468,test
stratified,1350,test
stratified,148,test
stratified,7,test
stratified,1605,test
stratified,471,test
stratified,417,test
stratified,1830,test
stratified,249,test
stratified,496,test
stratified,437,test
stratified,758,test
stratified,794,test
stratified,1393,test
stratified,1602,test
stratified,113,test
stratified,1794,test
stratified,1583,test
stratified,1283,test
stratified,1739,test
stratified,825,test
stratified,1435,test
stratified,1201,test
stratified,590,test
stratified,1181,test
stratified,938,test
stratified,466,test
stratified,724,test
stratified,1009,test
stratified,1873,test
stratified,255,test
stratified,1112,test
stratified,1644,test
stratified,885,test
stratified,801,test
stratified,588,test
stratified,1176,test
stratified,556,test
stratified,231,test
stratified,114,test
stratified,410,test
stratified,1102,test
stratified,791,test
stratified,1831,test
stratified,460,test
stratified,264,test
stratified,1231,test
stratified,1401,test
stratified,388,test
stratified,221,test
stratified,80,test
stratified,1124,test
stratified,387,test
stratified,1565,test
stratified,1226,test
stratified,1678,test
stratified,1007,test
stratified,565,test
stratified,1642,test
stratified,1196,test
stratified,1834,test
stratified,1217,test
stratified,1705,test
stratified,110,test
stratified,48,test
stratified,1680,test
stratified,118,test
stratified,1443,test
stratified,1028,test
stratified,693,test
stratified,1037,test
stratified,947,test
stratified,1319,test
stratified,8,test
stratified,1741,test
stratified,1136,test
stratified,266,test
stratified,1619,test
stratified,1423,test
stratified,1865,test
stratified,738,test
stratified,1891,test
stratified,1538,test
stratified,1803,test
stratified,595,test
stratified,1320,test
stratified,1515,test
stratified,1863,test
stratified,1889,test
stratified,353,test
stratified,454,test
stratified,124,test
stratified,937,test
stratified,658,test
stratified,680,test
stratified,1757,test
stratified,1100,test
stratified,177,test
stratified,722,test
stratified,1756,test
stratified,1195,test
stratified,1568,test
stratified,1398,test
stratified,1569,test
stratified,605,test
stratified,1607,test
stratified,1428,test
stratified,75,test
stratified,1855,test
stratified,711,test
scaffold,0,train
scaffold,1,train
scaffold,2,train
scaffold,3,train
scaffold,4,train
scaffold,5,train
scaffold,6,train
scaffold,7,train
scaffold,8,train
scaffold,9,train
scaffold,10,train
scaffold,11,train
scaffold,12,train
scaffold,13,train
scaffold,14,train
scaffold,15,train
scaffold,16,train
scaffold,17,train
scaffold,18,train
scaffold,19,train
scaffold,20,train
scaffold,21,train
scaffold,22,train
scaffold,23,train
scaffold,24,train
scaffold,25,train
scaffold,26,train
scaffold,27,train
scaffold,28,train
scaffold,29,train
scaffold,30,train
scaffold,31,train
scaffold,32,train
scaffold,33,train
scaffold,34,train
scaffold,35,train
scaffold,36,train
scaffold,37,train
scaffold,38,train
scaffold,39,train
scaffold,40,train
scaffold,41,train
scaffold,42,train
scaffold,43,train
scaffold,44,train
scaffold,45,train
scaffold,46,train
scaffold,47,train
scaffold,48,train
scaffold,49,train
scaffold,50,train
scaffold,51,train
scaffold,52,train
scaffold,53,train
scaffold,54,train
scaffold,55,train
scaffold,56,train
scaffold,57,train
scaffold,58,train
scaffold,59,train
scaffold,60,train
scaffold,61,train
scaffold,62,train
scaffold,63,train
scaffold,64,train
scaffold,65,train
scaffold,66,train
scaffold,67,train
scaffold,68,train
scaffold,69,train
scaffold,70,train
scaffold,71,train
scaffold,72,train
scaffold,73,train
scaffold,74,train
scaffold,75,train
scaffold,76,train
scaffold,77,train
scaffold,78,train
scaffold,80,train
scaffold,81,train
scaffold,82,train
scaffold,83,train
scaffold,84,train
scaffold,85,train
scaffold,86,train
scaffold,87,train
scaffold,88,train
scaffold,89,train
scaffold,90,train
scaffold,91,train
scaffold,92,train
scaffold,93,train
scaffold,94,train
scaffold,95,train
scaffold,96,train
scaffold,97,train
scaffold,98,train
scaffold,99,train
scaffold,100,train
scaffold,101,train
scaffold,102,train
scaffold,103,train
scaffold,104,train
scaffold,105,train
scaffold,106,train
scaffold,107,train
scaffold,108,train
scaffold,112,train
scaffold,113,train
scaffold,114,train
scaffold,115,train
scaffold,116,train
scaffold,117,train
scaffold,118,train
scaffold,119,train
scaffold,120,train
scaffold,121,train
scaffold,122,train
scaffold,123,train
scaffold,124,train
scaffold,127,train
scaffold,128,train
scaffold,130,train
scaffold,131,train
scaffold,132,train
scaffold,133,train
scaffold,134,train
scaffold,135,train
scaffold,136,train
scaffold,137,train
scaffold,138,train
scaffold,139,train
scaffold,140,train
scaffold,143,train
scaffold,144,train
scaffold,145,train
scaffold,146,train
scaffold,147,train
scaffold,148,train
scaffold,149,train
scaffold,150,train
scaffold,151,train
scaffold,152,train
scaffold,153,train
scaffold,154,train
scaffold,155,train
scaffold,156,train
scaffold,157,train
scaffold,158,train
scaffold,159,train
scaffold,160,train
scaffold,161,train
scaffold,162,train
scaffold,163,train
scaffold,164,train
scaffold,165,train
scaffold,166,train
scaffold,167,train
scaffold,168,train
scaffold,169,train
scaffold,170,train
scaffold,171,train
scaffold,172,train
scaffold,173,train
scaffold,174,train
scaffold,175,train
scaffold,176,train
scaffold,177,train
scaffold,178,train
scaffold,180,train
scaffold,181,train
scaffold,182,train
scaffold,183,train
scaffold,184,train
scaffold,185,train
scaffold,186,train
scaffold,187,train
scaffold,188,train
scaffold,189,train
scaffold,190,train
scaffold,191,train
scaffold,192,train
scaffold,193,train
scaffold,194,train
scaffold,195,train
scaffold,196,train
scaffold,197,train
scaffold,198,train
scaffold,199,train
scaffold,200,train
scaffold,201,train
scaffold,202,train
scaffold,204,train
scaffold,205,train
scaffold,206,train
scaffold,207,train
scaffold,208,train
scaffold,209,train
scaffold,210,train
scaffold,211,train
scaffold,212,train
scaffold,213,train
scaffold,214,train
scaffold,215,train
scaffold,216,train
scaffold,217,train
scaffold,218,train
scaffold,219,train
scaffold,220,train
scaffold,221,train
scaffold,222,train
scaffold,223,train
scaffold,224,train
scaffold,225,train
scaffold,226,train
scaffold,227,train
scaffold,228,train
scaffold,229,train
scaffold,230,train
scaffold,231,train
scaffold,232,train
scaffold,233,train
scaffold,234,train
scaffold,235,train
scaffold,236,train
scaffold,237,train
scaffold,238,train
scaffold,239,train
scaffold,240,train
scaffold,241,train
scaffold,242,train
scaffold,243,train
scaffold,244,train
scaffold,245,train
scaffold,246,train
scaffold,247,train
scaffold,248,train
scaffold,249,train
scaffold,250,train
scaffold,251,train
scaffold,253,train
scaffold,255,train
scaffold,256,train
scaffold,257,train
scaffold,258,train
scaffold,259,train
scaffold,260,train
scaffold,261,train
scaffold,262,train
scaffold,266,train
scaffold,267,train
scaffold,272,train
scaffold,276,train
scaffold,280,train
scaffold,281,train
scaffold,282,train
scaffold,283,train
scaffold,284,train
scaffold,285,train
scaffold,286,train
scaffold,287,train
scaffold,288,train
scaffold,289,train
scaffold,290,train
scaffold,291,train
scaffold,292,train
scaffold,293,train
scaffold,294,train
scaffold,295,train
scaffold,296,train
scaffold,297,train
scaffold,298,train
scaffold,299,train
scaffold,300,train
scaffold,301,train
scaffold,302,train
scaffold,303,train
scaffold,304,train
scaffold,305,train
scaffold,306,train
scaffold,308,train
scaffold,309,train
scaffold,310,train
scaffold,311,train
scaffold,312,train
scaffold,313,train
scaffold,314,train
scaffold,315,train
scaffold,316,train
scaffold,317,train
scaffold,318,train
scaffold,319,train
scaffold,320,train
scaffold,321,train
scaffold,322,train
scaffold,323,train
scaffold,324,train
scaffold,325,train
scaffold,326,train
scaffold,327,train
scaffold,328,train
scaffold,329,train
scaffold,330,train
scaffold,331,train
scaffold,332,train
scaffold,334,train
scaffold,336,train
scaffold,337,train
scaffold,338,train
scaffold,339,train
scaffold,340,train
scaffold,341,train
scaffold,342,train
scaffold,343,train
scaffold,344,train
scaffold,345,train
scaffold,346,train
scaffold,347,train
scaffold,348,train
scaffold,349,train
scaffold,350,train
scaffold,351,train
scaffold,352,train
scaffold,353,train
scaffold,354,train
scaffold,355,train
scaffold,356,train
scaffold,357,train
scaffold,358,train
scaffold,359,train
scaffold,360,train
scaffold,361,train
scaffold,362,train
scaffold,363,train
scaffold,364,train
scaffold,365,train
scaffold,366,train
scaffold,367,train
scaffold,368,train
scaffold,369,train
scaffold,370,train
scaffold,371,train
scaffold,372,train
scaffold,373,train
scaffold,374,train
scaffold,375,train
scaffold,376,train
scaffold,377,train
scaffold,378,train
scaffold,379,train
scaffold,380,train
scaffold,381,train
scaffold,382,train
scaffold,383,train
scaffold,384,train
scaffold,386,train
scaffold,388,train
scaffold,390,train
scaffold,392,train
scaffold,393,train
scaffold,394,train
scaffold,395,train
scaffold,396,train
scaffold,398,train
scaffold,399,train
scaffold,400,train
scaffold,401,train
scaffold,402,train
scaffold,404,train
scaffold,405,train
scaffold,406,train
scaffold,407,train
scaffold,408,train
scaffold,409,train
scaffold,410,train
scaffold,411,train
scaffold,412,train
scaffold,413,train
scaffold,414,train
scaffold,415,train
scaffold,416,train
scaffold,417,train
scaffold,419,train
scaffold,421,train
scaffold,422,train
scaffold,423,train
scaffold,424,train
scaffold,425,train
scaffold,426,train
scaffold,427,train
scaffold,428,train
scaffold,429,train
scaffold,430,train
scaffold,431,train
scaffold,433,train
scaffold,435,train
scaffold,436,train
scaffold,437,train
scaffold,438,train
scaffold,439,train
scaffold,440,train
scaffold,441,train
scaffold,442,train
scaffold,444,train
scaffold,445,train
scaffold,446,train
scaffold,447,train
scaffold,448,train
scaffold,449,train
scaffold,450,train
scaffold,451,train
scaffold,452,train
scaffold,453,train
scaffold,454,train
scaffold,455,train
scaffold,456,train
scaffold,457,train
scaffold,458,train
scaffold,459,train
scaffold,460,train
scaffold,461,train
scaffold,462,train
scaffold,463,train
scaffold,464,train
scaffold,465,train
scaffold,466,train
scaffold,467,train
scaffold,468,train
scaffold,469,train
scaffold,470,train
scaffold,471,train
scaffold,472,train
scaffold,473,train
scaffold,474,train
scaffold,475,train
scaffold,476,train
scaffold,477,train
scaffold,478,train
scaffold,480,train
scaffold,481,train
scaffold,482,train
scaffold,483,train
scaffold,484,train
scaffold,485,train
scaffold,486,train
scaffold,487,train
scaffold,488,train
scaffold,489,train
scaffold,491,train
scaffold,492,train
scaffold,494,train
scaffold,495,train
scaffold,496,train
scaffold,497,train
scaffold,498,train
scaffold,499,train
scaffold,500,train
scaffold,501,train
scaffold,502,train
scaffold,503,train
scaffold,504,train
scaffold,505,train
scaffold,506,train
scaffold,507,train
scaffold,508,train
scaffold,509,train
scaffold,510,train
scaffold,511,train
scaffold,513,train
scaffold,514,train
scaffold,515,train
scaffold,516,train
scaffold,517,train
scaffold,518,train
scaffold,519,train
scaffold,520,train
scaffold,521,train
scaffold,522,train
scaffold,523,train
scaffold,524,train
scaffold,525,train
scaffold,526,train
scaffold,527,train
scaffold,528,train
scaffold,529,train
scaffold,530,train
scaffold,531,train
scaffold,532,train
scaffold,533,train
scaffold,534,train
scaffold,535,train
scaffold,536,train
scaffold,537,train
scaffold,538,train
scaffold,539,train
scaffold,540,train
scaffold,541,train
scaffold,542,train
scaffold,543,train
scaffold,544,train
scaffold,545,train
scaffold,546,train
scaffold,547,train
scaffold,548,train
scaffold,549,train
scaffold,550,train
scaffold,551,train
scaffold,552,train
scaffold,553,train
scaffold,554,train
scaffold,555,train
scaffold,556,train
scaffold,557,train
scaffold,558,train
scaffold,559,train
scaffold,560,train
scaffold,561,train
scaffold,562,train
scaffold,563,train
scaffold,564,train
scaffold,565,train
scaffold,566,train
scaffold,567,train
scaffold,568,train
scaffold,569,train
scaffold,570,train
scaffold,571,train
scaffold,572,train
scaffold,573,train
scaffold,574,train
scaffold,575,train
scaffold,576,train
scaffold,577,train
scaffold,578,train
scaffold,580,train
scaffold,581,train
scaffold,582,train
scaffold,583,train
scaffold,584,train
scaffold,585,train
scaffold,586,train
scaffold,588,train
scaffold,589,train
scaffold,591,train
scaffold,592,train
scaffold,594,train
scaffold,595,train
scaffold,596,train
scaffold,598,train
scaffold,599,train
scaffold,600,train
scaffold,601,train
scaffold,602,train
scaffold,603,train
scaffold,604,train
scaffold,605,train
scaffold,606,train
scaffold,607,train
scaffold,608,train
scaffold,609,train
scaffold,610,train
scaffold,611,train
scaffold,612,train
scaffold,613,train
scaffold,614,train
scaffold,615,train
scaffold,616,train
scaffold,617,train
scaffold,618,train
scaffold,619,train
scaffold,620,train
scaffold,621,train
scaffold,622,train
scaffold,623,train
scaffold,624,train
scaffold,625,train
scaffold,628,train
scaffold,629,train
scaffold,630,train
scaffold,631,train
scaffold,634,train
scaffold,635,train
scaffold,637,train
scaffold,638,train
scaffold,639,train
scaffold,641,train
scaffold,642,train
scaffold,643,train
scaffold,644,train
scaffold,645,train
scaffold,646,train
scaffold,648,train
scaffold,649,train
scaffold,650,train
scaffold,651,train
scaffold,652,train
scaffold,654,train
scaffold,655,train
scaffold,656,train
scaffold,657,train
scaffold,659,train
scaffold,660,train
scaffold,661,train
scaffold,662,train
scaffold,663,train
scaffold,664,train
scaffold,665,train
scaffold,666,train
scaffold,667,train
scaffold,668,train
scaffold,669,train
scaffold,670,train
scaffold,671,train
scaffold,672,train
scaffold,673,train
scaffold,674,train
scaffold,675,train
scaffold,676,train
scaffold,677,train
scaffold,678,train
scaffold,679,train
scaffold,681,train
scaffold,682,train
scaffold,683,train
scaffold,684,train
scaffold,685,train
scaffold,686,train
scaffold,687,train
scaffold,688,train
scaffold,689,train
scaffold,690,train
scaffold,691,train
scaffold,692,train
scaffold,693,train
scaffold,694,train
scaffold,695,train
scaffold,696,train
scaffold,697,train
scaffold,698,train
scaffold,699,train
scaffold,700,train
scaffold,701,train
scaffold,702,train
scaffold,703,train
scaffold,704,train
scaffold,705,train
scaffold,706,train
scaffold,707,train
scaffold,708,train
scaffold,709,train
scaffold,710,train
scaffold,712,train
scaffold,713,train
scaffold,715,train
scaffold,716,train
scaffold,717,train
scaffold,718,train
scaffold,719,train
scaffold,720,train
scaffold,721,train
scaffold,722,train
scaffold,723,train
scaffold,724,train
scaffold,725,train
scaffold,726,train
scaffold,727,train
scaffold,728,train
scaffold,729,train
scaffold,730,train
scaffold,731,train
scaffold,732,train
scaffold,733,train
scaffold,734,train
scaffold,735,train
scaffold,736,train
scaffold,737,train
scaffold,738,train
scaffold,739,train
scaffold,740,train
scaffold,742,train
scaffold,743,train
scaffold,744,train
scaffold,745,train
scaffold,746,train
scaffold,747,train
scaffold,748,train
scaffold,750,train
scaffold,751,train
scaffold,752,train
scaffold,753,train
scaffold,754,train
scaffold,756,train
scaffold,757,train
scaffold,758,train
scaffold,759,train
scaffold,760,train
scaffold,761,train
scaffold,763,train
scaffold,764,train
scaffold,765,train
scaffold,766,train
scaffold,767,train
scaffold,768,train
scaffold,769,train
scaffold,770,train
scaffold,771,train
scaffold,772,train
scaffold,773,train
scaffold,774,train
scaffold,775,train
scaffold,776,train
scaffold,777,train
scaffold,778,train
scaffold,779,train
scaffold,780,train
scaffold,781,train
scaffold,782,train
scaffold,783,train
scaffold,784,train
scaffold,785,train
scaffold,786,train
scaffold,788,train
scaffold,789,train
scaffold,790,train
scaffold,791,train
scaffold,792,train
scaffold,793,train
scaffold,794,train
scaffold,795,train
scaffold,796,train
scaffold,797,train
scaffold,799,train
scaffold,800,train
scaffold,801,train
scaffold,804,train
scaffold,805,train
scaffold,809,train
scaffold,810,train
scaffold,811,train
scaffold,812,train
scaffold,813,train
scaffold,814,train
scaffold,816,train
scaffold,817,train
scaffold,818,train
scaffold,819,train
scaffold,820,train
scaffold,821,train
scaffold,822,train
scaffold,823,train
scaffold,825,train
scaffold,826,train
scaffold,828,train
scaffold,829,train
scaffold,830,train
scaffold,831,train
scaffold,832,train
scaffold,833,train
scaffold,834,train
scaffold,836,train
scaffold,838,train
scaffold,839,train
scaffold,840,train
scaffold,841,train
scaffold,842,train
scaffold,844,train
scaffold,845,train
scaffold,846,train
scaffold,847,train
scaffold,848,train
scaffold,849,train
scaffold,850,train
scaffold,852,train
scaffold,854,train
scaffold,855,train
scaffold,856,train
scaffold,857,train
scaffold,858,train
scaffold,859,train
scaffold,860,train
scaffold,861,train
scaffold,862,train
scaffold,863,train
scaffold,864,train
scaffold,865,train
scaffold,866,train
scaffold,867,train
scaffold,868,train
scaffold,869,train
scaffold,870,train
scaffold,871,train
scaffold,872,train
scaffold,873,train
scaffold,874,train
scaffold,875,train
scaffold,876,train
scaffold,877,train
scaffold,878,train
scaffold,879,train
scaffold,880,train
scaffold,881,train
scaffold,882,train
scaffold,883,train
scaffold,884,train
scaffold,885,train
scaffold,886,train
scaffold,887,train
scaffold,889,train
scaffold,890,train
scaffold,891,train
scaffold,892,train
scaffold,893,train
scaffold,894,train
scaffold,895,train
scaffold,896,train
scaffold,897,train
scaffold,898,train
scaffold,899,train
scaffold,900,train
scaffold,902,train
scaffold,903,train
scaffold,904,train
scaffold,905,train
scaffold,907,train
scaffold,908,train
scaffold,909,train
scaffold,910,train
scaffold,911,train
scaffold,912,train
scaffold,913,train
scaffold,914,train
scaffold,915,train
scaffold,916,train
scaffold,920,train
scaffold,921,train
scaffold,922,train
scaffold,923,train
scaffold,924,train
scaffold,925,train
scaffold,926,train
scaffold,927,train
scaffold,928,train
scaffold,929,train
scaffold,930,train
scaffold,932,train
scaffold,933,train
scaffold,934,train
scaffold,935,train
scaffold,936,train
scaffold,937,train
scaffold,938,train
scaffold,939,train
scaffold,942,train
scaffold,943,train
scaffold,944,train
scaffold,945,train
scaffold,946,train
scaffold,947,train
scaffold,948,train
scaffold,949,train
scaffold,950,train
scaffold,952,train
scaffold,953,train
scaffold,954,train
scaffold,955,train
scaffold,956,train
scaffold,957,train
scaffold,958,train
scaffold,959,train
scaffold,960,train
scaffold,961,train
scaffold,962,train
scaffold,963,train
scaffold,964,train
scaffold,965,train
scaffold,966,train
scaffold,968,train
scaffold,969,train
scaffold,970,train
scaffold,971,train
scaffold,973,train
scaffold,974,train
scaffold,975,train
scaffold,976,train
scaffold,977,train
scaffold,978,train
scaffold,979,train
scaffold,980,train
scaffold,981,train
scaffold,982,train
scaffold,983,train
scaffold,984,train
scaffold,985,train
scaffold,986,train
scaffold,987,train
scaffold,989,train
scaffold,991,train
scaffold,992,train
scaffold,994,train
scaffold,995,train
scaffold,996,train
scaffold,997,train
scaffold,998,train
scaffold,999,train
scaffold,1000,train
scaffold,1001,train
scaffold,1003,train
scaffold,1004,train
scaffold,1005,train
scaffold,1007,train
scaffold,1008,train
scaffold,1009,train
scaffold,1010,train
scaffold,1011,train
scaffold,1012,train
scaffold,1013,train
scaffold,1014,train
scaffold,1015,train
scaffold,1016,train
scaffold,1017,train
scaffold,1018,train
scaffold,1019,train
scaffold,1020,train
scaffold,1021,train
scaffold,1022,train
scaffold,1023,train
scaffold,1024,train
scaffold,1025,train
scaffold,1026,train
scaffold,1027,train
scaffold,1028,train
scaffold,1029,train
scaffold,1030,train
scaffold,1032,train
scaffold,1033,train
scaffold,1034,train
scaffold,1035,train
scaffold,1036,train
scaffold,1037,train
scaffold,1038,train
scaffold,1039,train
scaffold,1040,train
scaffold,1041,train
scaffold,1042,train
scaffold,1043,train
scaffold,1044,train
scaffold,1045,train
scaffold,1046,train
scaffold,1047,train
scaffold,1048,train
scaffold,1049,train
scaffold,1050,train
scaffold,1051,train
scaffold,1052,train
scaffold,1055,train
scaffold,1056,train
scaffold,1057,train
scaffold,1058,train
scaffold,1059,train
scaffold,1061,train
scaffold,1062,train
scaffold,1063,train
scaffold,1064,train
scaffold,1065,train
scaffold,1066,train
scaffold,1067,train
scaffold,1068,train
scaffold,1069,train
scaffold,1070,train
scaffold,1071,train
scaffold,1072,train
scaffold,1073,train
scaffold,1074,train
scaffold,1075,train
scaffold,1076,train
scaffold,1077,train
scaffold,1078,train
scaffold,1079,train
scaffold,1080,train
scaffold,1081,train
scaffold,1082,train
scaffold,1083,train
scaffold,1085,train
scaffold,1086,train
scaffold,1087,train
scaffold,1089,train
scaffold,1090,train
scaffold,1091,train
scaffold,1092,train
scaffold,1093,train
scaffold,1094,train
scaffold,1095,train
scaffold,1096,train
scaffold,1097,train
scaffold,1098,train
scaffold,1099,train
scaffold,1100,train
scaffold,1101,train
scaffold,1102,train
scaffold,1104,train
scaffold,1105,train
scaffold,1106,train
scaffold,1107,train
scaffold,1108,train
scaffold,1109,train
scaffold,1110,train
scaffold,1111,train
scaffold,1112,train
scaffold,1113,train
scaffold,1114,train
scaffold,1115,train
scaffold,1116,train
scaffold,1117,train
scaffold,1118,train
scaffold,1119,train
scaffold,1120,train
scaffold,1121,train
scaffold,1122,train
scaffold,1123,train
scaffold,1124,train
scaffold,1126,train
scaffold,1127,train
scaffold,1128,train
scaffold,1129,train
scaffold,1130,train
scaffold,1131,train
scaffold,1132,train
scaffold,1133,train
scaffold,1134,train
scaffold,1135,train
scaffold,1136,train
scaffold,1137,train
scaffold,1138,train
scaffold,1139,train
scaffold,1140,train
scaffold,1141,train
scaffold,1142,train
scaffold,1143,train
scaffold,1144,train
scaffold,1145,train
scaffold,1146,train
scaffold,1147,train
scaffold,1148,train
scaffold,1150,train
scaffold,1151,train
scaffold,1152,train
scaffold,1153,train
scaffold,1154,train
scaffold,1155,train
scaffold,1156,train
scaffold,1157,train
scaffold,1159,train
scaffold,1160,train
scaffold,1161,train
scaffold,1162,train
scaffold,1163,train
scaffold,1164,train
scaffold,1165,train
scaffold,1166,train
scaffold,1167,train
scaffold,1168,train
scaffold,1169,train
scaffold,1170,train
scaffold,1171,train
scaffold,1172,train
scaffold,1173,train
scaffold,1174,train
scaffold,1175,train
scaffold,1176,train
scaffold,1177,train
scaffold,1178,train
scaffold,1179,train
scaffold,1180,train
scaffold,1181,train
scaffold,1182,train
scaffold,1183,train
scaffold,1185,train
scaffold,1186,train
scaffold,1187,train
scaffold,1188,train
scaffold,1189,train
scaffold,1190,train
scaffold,1191,train
scaffold,1192,train
scaffold,1193,train
scaffold,1194,train
scaffold,1195,train
scaffold,1196,train
scaffold,1197,train
scaffold,1198,train
scaffold,1199,train
scaffold,1200,train
scaffold,1202,train
scaffold,1203,train
scaffold,1204,train
scaffold,1205,train
scaffold,1206,train
scaffold,1207,train
scaffold,1208,train
scaffold,1209,train
scaffold,1210,train
scaffold,1211,train
scaffold,1212,train
scaffold,1213,train
scaffold,1214,train
scaffold,1215,train
scaffold,1216,train
scaffold,1217,train
scaffold,1219,train
scaffold,1220,train
scaffold,1221,train
scaffold,1222,train
scaffold,1223,train
scaffold,1224,train
scaffold,1225,train
scaffold,1227,train
scaffold,1228,train
scaffold,1229,train
scaffold,1230,train
scaffold,1231,train
scaffold,1232,train
scaffold,1233,train
scaffold,1234,train
scaffold,1235,train
scaffold,1236,train
scaffold,1237,train
scaffold,1238,train
scaffold,1239,train
scaffold,1240,train
scaffold,1241,train
scaffold,1242,train
scaffold,1243,train
scaffold,1244,train
scaffold,1245,train
scaffold,1246,train
scaffold,1247,train
scaffold,1248,train
scaffold,1249,train
scaffold,1250,train
scaffold,1251,train
scaffold,1252,train
scaffold,1253,train
scaffold,1254,train
scaffold,1255,train
scaffold,1256,train
scaffold,1257,train
scaffold,1258,train
scaffold,1259,train
scaffold,1260,train
scaffold,1261,train
scaffold,1262,train
scaffold,1263,train
scaffold,1264,train
scaffold,1265,train
scaffold,1266,train
scaffold,1267,train
scaffold,1268,train
scaffold,1269,train
scaffold,1270,train
scaffold,1271,train
scaffold,1272,train
scaffold,1273,train
scaffold,1274,train
scaffold,1275,train
scaffold,1276,train
scaffold,1277,train
scaffold,1278,train
scaffold,1279,train
scaffold,1280,train
scaffold,1281,train
scaffold,1282,train
scaffold,1283,train
scaffold,1284,train
scaffold,1285,train
scaffold,1286,train
scaffold,1287,train
scaffold,1288,train
scaffold,1289,train
scaffold,1290,train
scaffold,1291,train
scaffold,1292,train
scaffold,1293,train
scaffold,1294,train
scaffold,1295,train
scaffold,1296,train
scaffold,1297,train
scaffold,1298,train
scaffold,1299,train
scaffold,1300,train
scaffold,1301,train
scaffold,1302,train
scaffold,1303,train
scaffold,1304,train
scaffold,1306,train
scaffold,1307,train
scaffold,1308,train
scaffold,1309,train
scaffold,1310,train
scaffold,1311,train
scaffold,1313,train
scaffold,1314,train
scaffold,1315,train
scaffold,1316,train
scaffold,1317,train
scaffold,1318,train
scaffold,1319,train
scaffold,1320,train
scaffold,1321,train
scaffold,1322,train
scaffold,1323,train
scaffold,1324,train
scaffold,1325,train
scaffold,1326,train
scaffold,1327,train
scaffold,1328,train
scaffold,1330,train
scaffold,1332,train
scaffold,1333,train
scaffold,1334,train
scaffold,1335,train
scaffold,1336,train
scaffold,1337,train
scaffold,1338,train
scaffold,1339,train
scaffold,1340,train
scaffold,1341,train
scaffold,1342,train
scaffold,1343,train
scaffold,1344,train
scaffold,1345,train
scaffold,1346,train
scaffold,1347,train
scaffold,1348,train
scaffold,1349,train
scaffold,1350,train
scaffold,1351,train
scaffold,1352,train
scaffold,1353,train
scaffold,1354,train
scaffold,1355,train
scaffold,1356,train
scaffold,1357,train
scaffold,1358,train
scaffold,1359,train
scaffold,1360,train
scaffold,1361,train
scaffold,1362,train
scaffold,1363,train
scaffold,1364,train
scaffold,1365,train
scaffold,1367,train
scaffold,1368,train
scaffold,1369,train
scaffold,1370,train
scaffold,1371,train
scaffold,1372,train
scaffold,1374,train
scaffold,1376,train
scaffold,1377,train
scaffold,1378,train
scaffold,1379,train
scaffold,1380,train
scaffold,1381,train
scaffold,1382,train
scaffold,1383,train
scaffold,1384,train
scaffold,1385,train
scaffold,1386,train
scaffold,1387,train
scaffold,1388,train
scaffold,1390,train
scaffold,1391,train
scaffold,1392,train
scaffold,1393,train
scaffold,1394,train
scaffold,1395,train
scaffold,1396,train
scaffold,1397,train
scaffold,1398,train
scaffold,1399,train
scaffold,1400,train
scaffold,1401,train
scaffold,1402,train
scaffold,1403,train
scaffold,1404,train
scaffold,1405,train
scaffold,1406,train
scaffold,1408,train
scaffold,1409,train
scaffold,1410,train
scaffold,1411,train
scaffold,1412,train
scaffold,1413,train
scaffold,1415,train
scaffold,1416,train
scaffold,1417,train
scaffold,1418,train
scaffold,1419,train
scaffold,1420,train
scaffold,1421,train
scaffold,1422,train
scaffold,1423,train
scaffold,1424,train
scaffold,1425,train
scaffold,1426,train
scaffold,1430,train
scaffold,1432,train
scaffold,1433,train
scaffold,1434,train
scaffold,1435,train
scaffold,1436,train
scaffold,1437,train
scaffold,1438,train
scaffold,1439,train
scaffold,1440,train
scaffold,1441,train
scaffold,1442,train
scaffold,1443,train
scaffold,1444,train
scaffold,1445,train
scaffold,1446,train
scaffold,1448,train
scaffold,1449,train
scaffold,1451,train
scaffold,1452,train
scaffold,1453,train
scaffold,1454,train
scaffold,1455,train
scaffold,1456,train
scaffold,1457,train
scaffold,1458,train
scaffold,1459,train
scaffold,1460,train
scaffold,1461,train
scaffold,1462,train
scaffold,1464,train
scaffold,1465,train
scaffold,1466,train
scaffold,1467,train
scaffold,1468,train
scaffold,1470,train
scaffold,1471,train
scaffold,1473,train
scaffold,1474,train
scaffold,1475,train
scaffold,1476,train
scaffold,1477,train
scaffold,1478,train
scaffold,1479,train
scaffold,1480,train
scaffold,1481,train
scaffold,1482,train
scaffold,1483,train
scaffold,1484,train
scaffold,1485,train
scaffold,1486,train
scaffold,1487,train
scaffold,1488,train
scaffold,1489,train
scaffold,1490,train
scaffold,1492,train
scaffold,1493,train
scaffold,1494,train
scaffold,1495,train
scaffold,1497,train
scaffold,1498,train
scaffold,1499,train
scaffold,1500,train
scaffold,1502,train
scaffold,1503,train
scaffold,1504,train
scaffold,1505,train
scaffold,1506,train
scaffold,1508,train
scaffold,1509,train
scaffold,1510,train
scaffold,1511,train
scaffold,1512,train
scaffold,1513,train
scaffold,1514,train
scaffold,1515,train
scaffold,1516,train
scaffold,1517,train
scaffold,1518,train
scaffold,1519,train
scaffold,1520,train
scaffold,1521,train
scaffold,1522,train
scaffold,1523,train
scaffold,1524,train
scaffold,1526,train
scaffold,1527,train
scaffold,1528,train
scaffold,1529,train
scaffold,1530,train
scaffold,1531,train
scaffold,1532,train
scaffold,1533,train
scaffold,1534,train
scaffold,1537,train
scaffold,1538,train
scaffold,1539,train
scaffold,1540,train
scaffold,1541,train
scaffold,1542,train
scaffold,1543,train
scaffold,1545,train
scaffold,1546,train
scaffold,1547,train
scaffold,1548,train
scaffold,1550,train
scaffold,1551,train
scaffold,1552,train
scaffold,1553,train
scaffold,1554,train
scaffold,1558,train
scaffold,1560,train
scaffold,1561,train
scaffold,1563,train
scaffold,1565,train
scaffold,1566,train
scaffold,1568,train
scaffold,1569,train
scaffold,1570,train
scaffold,1571,train
scaffold,1572,train
scaffold,1573,train
scaffold,1575,train
scaffold,1576,train
scaffold,1577,train
scaffold,1578,train
scaffold,1579,train
scaffold,1580,train
scaffold,1583,train
scaffold,1584,train
scaffold,1585,train
scaffold,1588,train
scaffold,1589,train
scaffold,1590,train
scaffold,1591,train
scaffold,1593,train
scaffold,1594,train
scaffold,1595,train
scaffold,1596,train
scaffold,1597,train
scaffold,1598,train
scaffold,1599,train
scaffold,1600,train
scaffold,1603,train
scaffold,1606,train
scaffold,1607,train
scaffold,1608,train
scaffold,1609,train
scaffold,1610,train
scaffold,1611,train
scaffold,1612,train
scaffold,1613,train
scaffold,1614,train
scaffold,1615,train
scaffold,1616,train
scaffold,1617,train
scaffold,1618,train
scaffold,1619,train
scaffold,1620,train
scaffold,1621,train
scaffold,1622,train
scaffold,1623,train
scaffold,1624,train
scaffold,1625,train
scaffold,1626,train
scaffold,1627,train
scaffold,1628,train
scaffold,1630,train
scaffold,1631,train
scaffold,1632,train
scaffold,1634,train
scaffold,1635,train
scaffold,1637,train
scaffold,1638,train
scaffold,1639,train
scaffold,1640,train
scaffold,1643,train
scaffold,1646,train
scaffold,1648,train
scaffold,1649,train
scaffold,1650,train
scaffold,1651,train
scaffold,1652,train
scaffold,1653,train
scaffold,1654,train
scaffold,1655,train
scaffold,1656,train
scaffold,1657,train
scaffold,1659,train
scaffold,1660,train
scaffold,1661,train
scaffold,1662,train
scaffold,1665,train
scaffold,1666,train
scaffold,1667,train
scaffold,1668,train
scaffold,1670,train
scaffold,1671,train
scaffold,1672,train
scaffold,1673,train
scaffold,1674,train
scaffold,1675,train
scaffold,1676,train
scaffold,1677,train
scaffold,1678,train
scaffold,1679,train
scaffold,1680,train
scaffold,1681,train
scaffold,1682,train
scaffold,1683,train
scaffold,1684,train
scaffold,1685,train
scaffold,1686,train
scaffold,1687,train
scaffold,1688,train
scaffold,1689,train
scaffold,1690,train
scaffold,1693,train
scaffold,1694,train
scaffold,1695,train
scaffold,1697,train
scaffold,1698,train
scaffold,1699,train
scaffold,1700,train
scaffold,1701,train
scaffold,1702,train
scaffold,1703,train
scaffold,1704,train
scaffold,1706,train
scaffold,1707,train
scaffold,1708,train
scaffold,1709,train
scaffold,1710,train
scaffold,1711,train
scaffold,1712,train
scaffold,1714,train
scaffold,1715,train
scaffold,1716,train
scaffold,1717,train
scaffold,1718,train
scaffold,1719,train
scaffold,1720,train
scaffold,1721,train
scaffold,1722,train
scaffold,1723,train
scaffold,1724,train
scaffold,1725,train
scaffold,1728,train
scaffold,1729,train
scaffold,1730,train
scaffold,1731,train
scaffold,1732,train
scaffold,1733,train
scaffold,1734,train
scaffold,1735,train
scaffold,1737,train
scaffold,1738,train
scaffold,1741,train
scaffold,1744,train
scaffold,1745,train
scaffold,1747,train
scaffold,1748,train
scaffold,1749,train
scaffold,1750,train
scaffold,1751,train
scaffold,1752,train
scaffold,1753,train
scaffold,1754,train
scaffold,1755,train
scaffold,1756,train
scaffold,1757,train
scaffold,1758,train
scaffold,1759,train
scaffold,1760,train
scaffold,1761,train
scaffold,1762,train
scaffold,1763,train
scaffold,1764,train
scaffold,1766,train
scaffold,1767,train
scaffold,1768,train
scaffold,1769,train
scaffold,1770,train
scaffold,1771,train
scaffold,1772,train
scaffold,1773,train
scaffold,1774,train
scaffold,1775,train
scaffold,1776,train
scaffold,1777,train
scaffold,1778,train
scaffold,1779,train
scaffold,1780,train
scaffold,1781,train
scaffold,1783,train
scaffold,1784,train
scaffold,1785,train
scaffold,1786,train
scaffold,1787,train
scaffold,1788,train
scaffold,1789,train
scaffold,1790,train
scaffold,1791,train
scaffold,1792,train
scaffold,1793,train
scaffold,1794,train
scaffold,1795,train
scaffold,1797,train
scaffold,1798,train
scaffold,1799,train
scaffold,1800,train
scaffold,1801,train
scaffold,1802,train
scaffold,1803,train
scaffold,1804,train
scaffold,1805,train
scaffold,1806,train
scaffold,1807,train
scaffold,1808,train
scaffold,1809,train
scaffold,1810,train
scaffold,1811,train
scaffold,1812,train
scaffold,1813,train
scaffold,1814,train
scaffold,1815,train
scaffold,1816,train
scaffold,1817,train
scaffold,1818,train
scaffold,1819,train
scaffold,1820,train
scaffold,1821,train
scaffold,1823,train
scaffold,1824,train
scaffold,1825,train
scaffold,1826,train
scaffold,1827,train
scaffold,1828,train
scaffold,1829,train
scaffold,1830,train
scaffold,1831,train
scaffold,1832,train
scaffold,1833,train
scaffold,1834,train
scaffold,1835,train
scaffold,1836,train
scaffold,1837,train
scaffold,1838,train
scaffold,1839,train
scaffold,1840,train
scaffold,1843,train
scaffold,1845,train
scaffold,1846,train
scaffold,1847,train
scaffold,1848,train
scaffold,1849,train
scaffold,1850,train
scaffold,1851,train
scaffold,1852,train
scaffold,1853,train
scaffold,1855,train
scaffold,1856,train
scaffold,1857,train
scaffold,1859,train
scaffold,1860,train
scaffold,1861,train
scaffold,1862,train
scaffold,1863,train
scaffold,1864,train
scaffold,1865,train
scaffold,1866,train
scaffold,1867,train
scaffold,1868,train
scaffold,1869,train
scaffold,1870,train
scaffold,1871,train
scaffold,1872,train
scaffold,1873,train
scaffold,1874,train
scaffold,1875,train
scaffold,1876,train
scaffold,1877,train
scaffold,1878,train
scaffold,1879,train
scaffold,1880,train
scaffold,1881,train
scaffold,1882,train
scaffold,1883,train
scaffold,1884,train
scaffold,1885,train
scaffold,1886,train
scaffold,1887,train
scaffold,1888,train
scaffold,1889,train
scaffold,1890,train
scaffold,1891,train
scaffold,1892,train
scaffold,1893,train
scaffold,1894,train
scaffold,1895,train
scaffold,1896,train
scaffold,1897,train
scaffold,1898,train
scaffold,1899,train
scaffold,1900,train
scaffold,1901,train
scaffold,1902,train
scaffold,1903,train
scaffold,1904,train
scaffold,1905,train
scaffold,1906,train
scaffold,1908,train
scaffold,1909,train
scaffold,1910,train
scaffold,79,test
scaffold,109,test
scaffold,110,test
scaffold,111,test
scaffold,125,test
scaffold,126,test
scaffold,129,test
scaffold,141,test
scaffold,142,test
scaffold,179,test
scaffold,203,test
scaffold,252,test
scaffold,254,test
scaffold,263,test
scaffold,264,test
scaffold,265,test
scaffold,268,test
scaffold,269,test
scaffold,270,test
scaffold,271,test
scaffold,273,test
scaffold,274,test
scaffold,275,test
scaffold,277,test
scaffold,278,test
scaffold,279,test
scaffold,307,test
scaffold,333,test
scaffold,335,test
scaffold,385,test
scaffold,387,test
scaffold,389,test
scaffold,391,test
scaffold,397,test
scaffold,403,test
scaffold,418,test
scaffold,420,test
scaffold,432,test
scaffold,434,test
scaffold,443,test
scaffold,479,test
scaffold,490,test
scaffold,493,test
scaffold,512,test
scaffold,579,test
scaffold,587,test
scaffold,590,test
scaffold,593,test
scaffold,597,test
scaffold,626,test
scaffold,627,test
scaffold,632,test
scaffold,633,test
scaffold,636,test
scaffold,640,test
scaffold,647,test
scaffold,653,test
scaffold,658,test
scaffold,680,test
scaffold,711,test
scaffold,714,test
scaffold,741,test
scaffold,749,test
scaffold,755,test
scaffold,762,test
scaffold,787,test
scaffold,798,test
scaffold,802,test
scaffold,803,test
scaffold,806,test
scaffold,807,test
scaffold,808,test
scaffold,815,test
scaffold,824,test
scaffold,827,test
scaffold,835,test
scaffold,837,test
scaffold,843,test
scaffold,851,test
scaffold,853,test
scaffold,888,test
scaffold,901,test
scaffold,906,test
scaffold,917,test
scaffold,918,test
scaffold,919,test
scaffold,931,test
scaffold,940,test
scaffold,941,test
scaffold,951,test
scaffold,967,test
scaffold,972,test
scaffold,988,test
scaffold,990,test
scaffold,993,test
scaffold,1002,test
scaffold,1006,test
scaffold,1031,test
scaffold,1053,test
scaffold,1054,test
scaffold,1060,test
scaffold,1084,test
scaffold,1088,test
scaffold,1103,test
scaffold,1125,test
scaffold,1149,test
scaffold,1158,test
scaffold,1184,test
scaffold,1201,test
scaffold,1218,test
scaffold,1226,test
scaffold,1305,test
scaffold,1312,test
scaffold,1329,test
scaffold,1331,test
scaffold,1366,test
scaffold,1373,test
scaffold,1375,test
scaffold,1389,test
scaffold,1407,test
scaffold,1414,test
scaffold,1427,test
scaffold,1428,test
scaffold,1429,test
scaffold,1431,test
scaffold,1447,test
scaffold,1450,test
scaffold,1463,test
scaffold,1469,test
scaffold,1472,test
scaffold,1491,test
scaffold,1496,test
scaffold,1501,test
scaffold,1507,test
scaffold,1525,test
scaffold,1535,test
scaffold,1536,test
scaffold,1544,test
scaffold,1549,test
scaffold,1555,test
scaffold,1556,test
scaffold,1557,test
scaffold,1559,test
scaffold,1562,test
scaffold,1564,test
scaffold,1567,test
scaffold,1574,test
scaffold,1581,test
scaffold,1582,test
scaffold,1586,test
scaffold,1587,test
scaffold,1592,test
scaffold,1601,test
scaffold,1602,test
scaffold,1604,test
scaffold,1605,test
scaffold,1629,test
scaffold,1633,test
scaffold,1636,test
scaffold,1641,test
scaffold,1642,test
scaffold,1644,test
scaffold,1645,test
scaffold,1647,test
scaffold,1658,test
scaffold,1663,test
scaffold,1664,test
scaffold,1669,test
scaffold,1691,test
scaffold,1692,test
scaffold,1696,test
scaffold,1705,test
scaffold,1713,test
scaffold,1726,test
scaffold,1727,test
scaffold,1736,test
scaffold,1739,test
scaffold,1740,test
scaffold,1742,test
scaffold,1743,test
scaffold,1746,test
scaffold,1765,test
scaffold,1782,test
scaffold,1796,test
scaffold,1822,test
scaffold,1841,test
scaffold,1842,test
scaffold,1844,test
scaffold,1854,test
scaffold,1858,test
scaffold,1907,test
cluster,0,train
cluster,1,train
cluster,2,train
cluster,3,train
cluster,4,train
cluster,5,train
cluster,6,train
cluster,7,train
cluster,8,train
cluster,9,train
cluster,10,train
cluster,11,train
cluster,12,train
cluster,13,train
cluster,14,train
cluster,15,train
cluster,16,train
cluster,17,train
cluster,18,train
cluster,19,train
cluster,20,train
cluster,21,train
cluster,22,train
cluster,24,train
cluster,25,train
cluster,26,train
cluster,27,train
cluster,28,train
cluster,29,train
cluster,30,train
cluster,31,train
cluster,32,train
cluster,33,train
cluster,34,train
cluster,35,train
cluster,36,train
cluster,37,train
cluster,38,train
cluster,39,train
cluster,40,train
cluster,42,train
cluster,43,train
cluster,44,train
cluster,45,train
cluster,46,train
cluster,47,train
cluster,48,train
cluster,49,train
cluster,50,train
cluster,52,train
cluster,53,train
cluster,54,train
cluster,56,train
cluster,57,train
cluster,58,train
cluster,59,train
cluster,60,train
cluster,61,train
cluster,62,train
cluster,63,train
cluster,64,train
cluster,65,train
cluster,66,train
cluster,67,train
cluster,68,train
cluster,69,train
cluster,70,train
cluster,71,train
cluster,72,train
cluster,73,train
cluster,74,train
cluster,75,train
cluster,76,train
cluster,77,train
cluster,79,train
cluster,80,train
cluster,81,train
cluster,82,train
cluster,83,train
cluster,84,train
cluster,85,train
cluster,86,train
cluster,87,train
cluster,88,train
cluster,89,train
cluster,90,train
cluster,91,train
cluster,92,train
cluster,93,train
cluster,94,train
cluster,95,train
cluster,96,train
cluster,97,train
cluster,98,train
cluster,99,train
cluster,100,train
cluster,101,train
cluster,102,train
cluster,103,train
cluster,104,train
cluster,105,train
cluster,106,train
cluster,108,train
cluster,109,train
cluster,110,train
cluster,111,train
cluster,112,train
cluster,113,train
cluster,114,train
cluster,115,train
cluster,116,train
cluster,117,train
cluster,119,train
cluster,120,train
cluster,122,train
cluster,123,train
cluster,124,train
cluster,125,train
cluster,127,train
cluster,128,train
cluster,129,train
cluster,130,train
cluster,131,train
cluster,132,train
cluster,133,train
cluster,134,train
cluster,135,train
cluster,136,train
cluster,137,train
cluster,138,train
cluster,139,train
cluster,140,train
cluster,142,train
cluster,143,train
cluster,144,train
cluster,145,train
cluster,146,train
cluster,147,train
cluster,148,train
cluster,149,train
cluster,150,train
cluster,151,train
cluster,152,train
cluster,153,train
cluster,154,train
cluster,155,train
cluster,156,train
cluster,157,train
cluster,158,train
cluster,159,train
cluster,160,train
cluster,161,train
cluster,162,train
cluster,163,train
cluster,164,train
cluster,165,train
cluster,166,train
cluster,167,train
cluster,168,train
cluster,169,train
cluster,170,train
cluster,172,train
cluster,173,train
cluster,174,train
cluster,175,train
cluster,176,train
cluster,177,train
cluster,178,train
cluster,179,train
cluster,180,train
cluster,181,train
cluster,182,train
cluster,183,train
cluster,184,train
cluster,185,train
cluster,186,train
cluster,187,train
cluster,188,train
cluster,189,train
cluster,190,train
cluster,191,train
cluster,192,train
cluster,193,train
cluster,194,train
cluster,195,train
cluster,196,train
cluster,197,train
cluster,198,train
cluster,199,train
cluster,200,train
cluster,201,train
cluster,202,train
cluster,203,train
cluster,204,train
cluster,205,train
cluster,206,train
cluster,207,train
cluster,208,train
cluster,209,train
cluster,210,train
cluster,211,train
cluster,212,train
cluster,213,train
cluster,214,train
cluster,215,train
cluster,216,train
cluster,218,train
cluster,221,train
cluster,222,train
cluster,223,train
cluster,224,train
cluster,226,train
cluster,227,train
cluster,228,train
cluster,229,train
cluster,230,train
cluster,231,train
cluster,232,train
cluster,233,train
cluster,234,train
cluster,235,train
cluster,236,train
cluster,237,train
cluster,239,train
cluster,241,train
cluster,242,train
cluster,243,train
cluster,244,train
cluster,245,train
cluster,246,train
cluster,248,train
cluster,250,train
cluster,251,train
cluster,252,train
cluster,253,train
cluster,254,train
cluster,255,train
cluster,256,train
cluster,257,train
cluster,258,train
cluster,259,train
cluster,260,train
cluster,261,train
cluster,263,train
cluster,264,train
cluster,265,train
cluster,266,train
cluster,267,train
cluster,268,train
cluster,269,train
cluster,270,train
cluster,271,train
cluster,272,train
cluster,273,train
cluster,274,train
cluster,275,train
cluster,276,train
cluster,277,train
cluster,278,train
cluster,280,train
cluster,281,train
cluster,282,train
cluster,283,train
cluster,285,train
cluster,289,train
cluster,291,train
cluster,292,train
cluster,295,train
cluster,297,train
cluster,299,train
cluster,300,train
cluster,301,train
cluster,302,train
cluster,303,train
cluster,304,train
cluster,305,train
cluster,306,train
cluster,307,train
cluster,308,train
cluster,309,train
cluster,310,train
cluster,311,train
cluster,312,train
cluster,313,train
cluster,314,train
cluster,315,train
cluster,316,train
cluster,317,train
cluster,318,train
cluster,319,train
cluster,320,train
cluster,321,train
cluster,322,train
cluster,323,train
cluster,324,train
cluster,325,train
cluster,326,train
cluster,327,train
cluster,328,train
cluster,329,train
cluster,330,train
cluster,331,train
cluster,333,train
cluster,334,train
cluster,335,train
cluster,336,train
cluster,337,train
cluster,338,train
cluster,339,train
cluster,340,train
cluster,341,train
cluster,342,train
cluster,343,train
cluster,344,train
cluster,345,train
cluster,346,train
cluster,347,train
cluster,348,train
cluster,349,train
cluster,350,train
cluster,351,train
cluster,352,train
cluster,353,train
cluster,354,train
cluster,355,train
cluster,357,train
cluster,358,train
cluster,359,train
cluster,360,train
cluster,361,train
cluster,362,train
cluster,363,train
cluster,364,train
cluster,365,train
cluster,366,train
cluster,367,train
cluster,369,train
cluster,370,train
cluster,371,train
cluster,372,train
cluster,373,train
cluster,374,train
cluster,375,train
cluster,376,train
cluster,377,train
cluster,378,train
cluster,379,train
cluster,380,train
cluster,381,train
cluster,382,train
cluster,383,train
cluster,384,train
cluster,385,train
cluster,386,train
cluster,387,train
cluster,388,train
cluster,389,train
cluster,390,train
cluster,391,train
cluster,392,train
cluster,393,train
cluster,394,train
cluster,395,train
cluster,398,train
cluster,399,train
cluster,400,train
cluster,401,train
cluster,402,train
cluster,404,train
cluster,405,train
cluster,406,train
cluster,407,train
cluster,408,train
cluster,410,train
cluster,411,train
cluster,413,train
cluster,414,train
cluster,415,train
cluster,416,train
cluster,417,train
cluster,419,train
cluster,420,train
cluster,422,train
cluster,423,train
cluster,424,train
cluster,425,train
cluster,426,train
cluster,427,train
cluster,428,train
cluster,429,train
cluster,430,train
cluster,431,train
cluster,432,train
cluster,433,train
cluster,435,train
cluster,436,train
cluster,437,train
cluster,440,train
cluster,441,train
cluster,442,train
cluster,446,train
cluster,449,train
cluster,450,train
cluster,451,train
cluster,452,train
cluster,453,train
cluster,454,train
cluster,455,train
cluster,456,train
cluster,457,train
cluster,458,train
cluster,459,train
cluster,460,train
cluster,461,train
cluster,462,train
cluster,464,train
cluster,465,train
cluster,467,train
cluster,468,train
cluster,469,train
cluster,470,train
cluster,471,train
cluster,472,train
cluster,473,train
cluster,474,train
cluster,475,train
cluster,476,train
cluster,477,train
cluster,478,train
cluster,479,train
cluster,480,train
cluster,481,train
cluster,482,train
cluster,483,train
cluster,485,train
cluster,486,train
cluster,487,train
cluster,488,train
cluster,489,train
cluster,490,train
cluster,492,train
cluster,494,train
cluster,495,train
cluster,496,train
cluster,497,train
cluster,498,train
cluster,499,train
cluster,500,train
cluster,501,train
cluster,502,train
cluster,503,train
cluster,504,train
cluster,505,train
cluster,506,train
cluster,507,train
cluster,508,train
cluster,509,train
cluster,510,train
cluster,511,train
cluster,512,train
cluster,513,train
cluster,514,train
cluster,515,train
cluster,516,train
cluster,517,train
cluster,518,train
cluster,519,train
cluster,520,train
cluster,521,train
cluster,522,train
cluster,523,train
cluster,524,train
cluster,525,train
cluster,526,train
cluster,527,train
cluster,528,train
cluster,529,train
cluster,530,train
cluster,531,train
cluster,532,train
cluster,534,train
cluster,535,train
cluster,536,train
cluster,537,train
cluster,538,train
cluster,539,train
cluster,540,train
cluster,541,train
cluster,542,train
cluster,543,train
cluster,544,train
cluster,545,train
cluster,546,train
cluster,547,train
cluster,548,train
cluster,549,train
cluster,551,train
cluster,552,train
cluster,553,train
cluster,554,train
cluster,555,train
cluster,556,train
cluster,557,train
cluster,558,train
cluster,559,train
cluster,560,train
cluster,561,train
cluster,562,train
cluster,563,train
cluster,564,train
cluster,565,train
cluster,566,train
cluster,567,train
cluster,568,train
cluster,569,train
cluster,570,train
cluster,571,train
cluster,572,train
cluster,573,train
cluster,574,train
cluster,575,train
cluster,576,train
cluster,577,train
cluster,578,train
cluster,580,train
cluster,581,train
cluster,582,train
cluster,583,train
cluster,584,train
cluster,585,train
cluster,586,train
cluster,587,train
cluster,588,train
cluster,589,train
cluster,590,train
cluster,591,train
cluster,592,train
cluster,593,train
cluster,594,train
cluster,595,train
cluster,598,train
cluster,599,train
cluster,600,train
cluster,602,train
cluster,604,train
cluster,605,train
cluster,606,train
cluster,607,train
cluster,608,train
cluster,609,train
cluster,610,train
cluster,611,train
cluster,612,train
cluster,613,train
cluster,614,train
cluster,615,train
cluster,616,train
cluster,617,train
cluster,618,train
cluster,619,train
cluster,620,train
cluster,621,train
cluster,622,train
cluster,623,train
cluster,624,train
cluster,625,train
cluster,627,train
cluster,628,train
cluster,629,train
cluster,630,train
cluster,631,train
cluster,632,train
cluster,633,train
cluster,634,train
cluster,635,train
cluster,636,train
cluster,637,train
cluster,638,train
cluster,639,train
cluster,640,train
cluster,641,train
cluster,642,train
cluster,643,train
cluster,644,train
cluster,645,train
cluster,647,train
cluster,648,train
cluster,649,train
cluster,650,train
cluster,651,train
cluster,652,train
cluster,653,train
cluster,654,train
cluster,655,train
cluster,656,train
cluster,657,train
cluster,658,train
cluster,659,train
cluster,660,train
cluster,661,train
cluster,662,train
cluster,663,train
cluster,664,train
cluster,665,train
cluster,667,train
cluster,668,train
cluster,669,train
cluster,670,train
cluster,671,train
cluster,672,train
cluster,673,train
cluster,674,train
cluster,675,train
cluster,676,train
cluster,677,train
cluster,678,train
cluster,679,train
cluster,681,train
cluster,682,train
cluster,683,train
cluster,684,train
cluster,685,train
cluster,686,train
cluster,687,train
cluster,690,train
cluster,691,train
cluster,692,train
cluster,693,train
cluster,694,train
cluster,695,train
cluster,696,train
cluster,697,train
cluster,698,train
cluster,699,train
cluster,700,train
cluster,701,train
cluster,702,train
cluster,703,train
cluster,704,train
cluster,705,train
cluster,706,train
cluster,707,train
cluster,708,train
cluster,710,train
cluster,711,train
cluster,712,train
cluster,713,train
cluster,714,train
cluster,715,train
cluster,716,train
cluster,717,train
cluster,718,train
cluster,719,train
cluster,720,train
cluster,721,train
cluster,722,train
cluster,723,train
cluster,724,train
cluster,725,train
cluster,726,train
cluster,727,train
cluster,728,train
cluster,729,train
cluster,730,train
cluster,731,train
cluster,732,train
cluster,733,train
cluster,734,train
cluster,735,train
cluster,736,train
cluster,737,train
cluster,738,train
cluster,739,train
cluster,740,train
cluster,741,train
cluster,742,train
cluster,743,train
cluster,744,train
cluster,745,train
cluster,746,train
cluster,747,train
cluster,748,train
cluster,749,train
cluster,750,train
cluster,751,train
cluster,752,train
cluster,753,train
cluster,754,train
cluster,755,train
cluster,757,train
cluster,758,train
cluster,759,train
cluster,761,train
cluster,762,train
cluster,763,train
cluster,764,train
cluster,765,train
cluster,766,train
cluster,767,train
cluster,768,train
cluster,769,train
cluster,770,train
cluster,771,train
cluster,772,train
cluster,773,train
cluster,774,train
cluster,775,train
cluster,776,train
cluster,777,train
cluster,778,train
cluster,779,train
cluster,780,train
cluster,781,train
cluster,782,train
cluster,783,train
cluster,784,train
cluster,785,train
cluster,786,train
cluster,787,train
cluster,788,train
cluster,789,train
cluster,790,train
cluster,791,train
cluster,792,train
cluster,793,train
cluster,794,train
cluster,795,train
cluster,796,train
cluster,797,train
cluster,798,train
cluster,799,train
cluster,800,train
cluster,801,train
cluster,803,train
cluster,804,train
cluster,805,train
cluster,806,train
cluster,807,train
cluster,808,train
cluster,809,train
cluster,810,train
cluster,812,train
cluster,813,train
cluster,814,train
cluster,815,train
cluster,818,train
cluster,819,train
cluster,823,train
cluster,825,train
cluster,826,train
cluster,827,train
cluster,828,train
cluster,829,train
cluster,830,train
cluster,831,train
cluster,832,train
cluster,833,train
cluster,834,train
cluster,835,train
cluster,836,train
cluster,837,train
cluster,838,train
cluster,839,train
cluster,840,train
cluster,841,train
cluster,842,train
cluster,844,train
cluster,845,train
cluster,846,train
cluster,847,train
cluster,849,train
cluster,850,train
cluster,851,train
cluster,852,train
cluster,853,train
cluster,855,train
cluster,856,train
cluster,857,train
cluster,858,train
cluster,859,train
cluster,860,train
cluster,861,train
cluster,862,train
cluster,863,train
cluster,864,train
cluster,865,train
cluster,867,train
cluster,868,train
cluster,869,train
cluster,870,train
cluster,871,train
cluster,872,train
cluster,873,train
cluster,874,train
cluster,875,train
cluster,876,train
cluster,877,train
cluster,878,train
cluster,879,train
cluster,880,train
cluster,881,train
cluster,883,train
cluster,884,train
cluster,885,train
cluster,886,train
cluster,887,train
cluster,888,train
cluster,889,train
cluster,890,train
cluster,891,train
cluster,892,train
cluster,893,train
cluster,894,train
cluster,895,train
cluster,897,train
cluster,899,train
cluster,900,train
cluster,901,train
cluster,902,train
cluster,904,train
cluster,905,train
cluster,907,train
cluster,908,train
cluster,909,train
cluster,910,train
cluster,911,train
cluster,912,train
cluster,913,train
cluster,914,train
cluster,915,train
cluster,916,train
cluster,917,train
cluster,918,train
cluster,920,train
cluster,921,train
cluster,922,train
cluster,923,train
cluster,924,train
cluster,925,train
cluster,926,train
cluster,927,train
cluster,928,train
cluster,929,train
cluster,930,train
cluster,931,train
cluster,932,train
cluster,933,train
cluster,934,train
cluster,936,train
cluster,937,train
cluster,938,train
cluster,939,train
cluster,940,train
cluster,941,train
cluster,942,train
cluster,943,train
cluster,944,train
cluster,945,train
cluster,946,train
cluster,947,train
cluster,950,train
cluster,953,train
cluster,954,train
cluster,955,train
cluster,956,train
cluster,957,train
cluster,958,train
cluster,959,train
cluster,960,train
cluster,961,train
cluster,962,train
cluster,963,train
cluster,964,train
cluster,965,train
cluster,966,train
cluster,967,train
cluster,968,train
cluster,969,train
cluster,970,train
cluster,971,train
cluster,972,train
cluster,973,train
cluster,974,train
cluster,975,train
cluster,976,train
cluster,977,train
cluster,978,train
cluster,979,train
cluster,980,train
cluster,981,train
cluster,982,train
cluster,983,train
cluster,984,train
cluster,985,train
cluster,986,train
cluster,987,train
cluster,991,train
cluster,992,train
cluster,993,train
cluster,994,train
cluster,995,train
cluster,996,train
cluster,1001,train
cluster,1002,train
cluster,1003,train
cluster,1005,train
cluster,1006,train
cluster,1007,train
cluster,1008,train
cluster,1010,train
cluster,1011,train
cluster,1012,train
cluster,1013,train
cluster,1014,train
cluster,1015,train
cluster,1016,train
cluster,1017,train
cluster,1018,train
cluster,1019,train
cluster,1020,train
cluster,1021,train
cluster,1022,train
cluster,1023,train
cluster,1024,train
cluster,1025,train
cluster,1026,train
cluster,1029,train
cluster,1030,train
cluster,1031,train
cluster,1032,train
cluster,1033,train
cluster,1034,train
cluster,1035,train
cluster,1036,train
cluster,1037,train
cluster,1038,train
cluster,1039,train
cluster,1040,train
cluster,1041,train
cluster,1042,train
cluster,1043,train
cluster,1044,train
cluster,1045,train
cluster,1046,train
cluster,1047,train
cluster,1048,train
cluster,1049,train
cluster,1051,train
cluster,1052,train
cluster,1053,train
cluster,1054,train
cluster,1055,train
cluster,1056,train
cluster,1058,train
cluster,1059,train
cluster,1060,train
cluster,1061,train
cluster,1062,train
cluster,1063,train
cluster,1064,train
cluster,1065,train
cluster,1066,train
cluster,1067,train
cluster,1068,train
cluster,1069,train
cluster,1070,train
cluster,1071,train
cluster,1072,train
cluster,1074,train
cluster,1075,train
cluster,1076,train
cluster,1077,train
cluster,1078,train
cluster,1079,train
cluster,1080,train
cluster,1081,train
cluster,1082,train
cluster,1083,train
cluster,1085,train
cluster,1086,train
cluster,1087,train
cluster,1088,train
cluster,1089,train
cluster,1093,train
cluster,1094,train
cluster,1095,train
cluster,1096,train
cluster,1097,train
cluster,1098,train
cluster,1099,train
cluster,1100,train
cluster,1101,train
cluster,1102,train
cluster,1103,train
cluster,1104,train
cluster,1105,train
cluster,1107,train
cluster,1108,train
cluster,1109,train
cluster,1110,train
cluster,1111,train
cluster,1112,train
cluster,1113,train
cluster,1114,train
cluster,1115,train
cluster,1118,train
cluster,1119,train
cluster,1121,train
cluster,1123,train
cluster,1124,train
cluster,1125,train
cluster,1126,train
cluster,1128,train
cluster,1129,train
cluster,1130,train
cluster,1131,train
cluster,1132,train
cluster,1133,train
cluster,1134,train
cluster,1135,train
cluster,1136,train
cluster,1137,train
cluster,1138,train
cluster,1139,train
cluster,1140,train
cluster,1141,train
cluster,1142,train
cluster,1143,train
cluster,1144,train
cluster,1145,train
cluster,1146,train
cluster,1147,train
cluster,1148,train
cluster,1149,train
cluster,1150,train
cluster,1151,train
cluster,1152,train
cluster,1153,train
cluster,1154,train
cluster,1155,train
cluster,1156,train
cluster,1157,train
cluster,1158,train
cluster,1159,train
cluster,1160,train
cluster,1161,train
cluster,1162,train
cluster,1163,train
cluster,1164,train
cluster,1165,train
cluster,1166,train
cluster,1167,train
cluster,1168,train
cluster,1169,train
cluster,1170,train
cluster,1171,train
cluster,1172,train
cluster,1173,train
cluster,1174,train
cluster,1175,train
cluster,1176,train
cluster,1177,train
cluster,1178,train
cluster,1179,train
cluster,1180,train
cluster,1181,train
cluster,1182,train
cluster,1183,train
cluster,1184,train
cluster,1185,train
cluster,1186,train
cluster,1187,train
cluster,1188,train
cluster,1189,train
cluster,1190,train
cluster,1191,train
cluster,1192,train
cluster,1193,train
cluster,1194,train
cluster,1195,train
cluster,1196,train
cluster,1197,train
cluster,1198,train
cluster,1199,train
cluster,1200,train
cluster,1201,train
cluster,1202,train
cluster,1203,train
cluster,1204,train
cluster,1205,train
cluster,1206,train
cluster,1207,train
cluster,1208,train
cluster,1209,train
cluster,1210,train
cluster,1211,train
cluster,1212,train
cluster,1213,train
cluster,1214,train
cluster,1215,train
cluster,1216,train
cluster,1217,train
cluster,1218,train
cluster,1219,train
cluster,1220,train
cluster,1221,train
cluster,1222,train
cluster,1223,train
cluster,1224,train
cluster,1225,train
cluster,1226,train
cluster,1227,train
cluster,1228,train
cluster,1229,train
cluster,1230,train
cluster,1231,train
cluster,1232,train
cluster,1233,train
cluster,1234,train
cluster,1235,train
cluster,1236,train
cluster,1237,train
cluster,1238,train
cluster,1239,train
cluster,1240,train
cluster,1241,train
cluster,1242,train
cluster,1243,train
cluster,1244,train
cluster,1245,train
cluster,1246,train
cluster,1247,train
cluster,1248,train
cluster,1249,train
cluster,1250,train
cluster,1251,train
cluster,1252,train
cluster,1253,train
cluster,1254,train
cluster,1255,train
cluster,1256,train
cluster,1257,train
cluster,1258,train
cluster,1259,train
cluster,1260,train
cluster,1261,train
cluster,1262,train
cluster,1263,train
cluster,1264,train
cluster,1265,train
cluster,1266,train
cluster,1267,train
cluster,1268,train
cluster,1269,train
cluster,1270,train
cluster,1271,train
cluster,1272,train
cluster,1273,train
cluster,1274,train
cluster,1275,train
cluster,1276,train
cluster,1277,train
cluster,1278,train
cluster,1279,train
cluster,1280,train
cluster,1281,train
cluster,1282,train
cluster,1283,train
cluster,1284,train
cluster,1285,train
cluster,1286,train
cluster,1287,train
cluster,1288,train
cluster,1289,train
cluster,1290,train
cluster,1291,train
cluster,1292,train
cluster,1293,train
cluster,1294,train
cluster,1295,train
cluster,1296,train
cluster,1297,train
cluster,1298,train
cluster,1299,train
cluster,1300,train
cluster,1301,train
cluster,1302,train
cluster,1303,train
cluster,1304,train
cluster,1305,train
cluster,1306,train
cluster,1308,train
cluster,1309,train
cluster,1310,train
cluster,1311,train
cluster,1312,train
cluster,1313,train
cluster,1314,train
cluster,1315,train
cluster,1316,train
cluster,1317,train
cluster,1318,train
cluster,1319,train
cluster,1320,train
cluster,1321,train
cluster,1322,train
cluster,1323,train
cluster,1325,train
cluster,1326,train
cluster,1327,train
cluster,1328,train
cluster,1329,train
cluster,1330,train
cluster,1331,train
cluster,1332,train
cluster,1333,train
cluster,1334,train
cluster,1335,train
cluster,1336,train
cluster,1337,train
cluster,1338,train
cluster,1339,train
cluster,1340,train
cluster,1341,train
cluster,1342,train
cluster,1343,train
cluster,1344,train
cluster,1345,train
cluster,1346,train
cluster,1347,train
cluster,1348,train
cluster,1349,train
cluster,1350,train
cluster,1352,train
cluster,1353,train
cluster,1354,train
cluster,1355,train
cluster,1356,train
cluster,1357,train
cluster,1358,train
cluster,1359,train
cluster,1360,train
cluster,1361,train
cluster,1362,train
cluster,1363,train
cluster,1364,train
cluster,1365,train
cluster,1366,train
cluster,1367,train
cluster,1368,train
cluster,1369,train
cluster,1370,train
cluster,1372,train
cluster,1373,train
cluster,1374,train
cluster,1376,train
cluster,1379,train
cluster,1380,train
cluster,1384,train
cluster,1385,train
cluster,1386,train
cluster,1387,train
cluster,1389,train
cluster,1390,train
cluster,1391,train
cluster,1392,train
cluster,1393,train
cluster,1394,train
cluster,1395,train
cluster,1396,train
cluster,1397,train
cluster,1398,train
cluster,1399,train
cluster,1400,train
cluster,1401,train
cluster,1402,train
cluster,1403,train
cluster,1404,train
cluster,1405,train
cluster,1407,train
cluster,1408,train
cluster,1409,train
cluster,1410,train
cluster,1411,train
cluster,1412,train
cluster,1413,train
cluster,1414,train
cluster,1415,train
cluster,1416,train
cluster,1417,train
cluster,1418,train
cluster,1419,train
cluster,1420,train
cluster,1421,train
cluster,1422,train
cluster,1423,train
cluster,1424,train
cluster,1425,train
cluster,1426,train
cluster,1427,train
cluster,1428,train
cluster,1429,train
cluster,1430,train
cluster,1431,train
cluster,1432,train
cluster,1433,train
cluster,1434,train
cluster,1435,train
cluster,1436,train
cluster,1437,train
cluster,1438,train
cluster,1439,train
cluster,1440,train
cluster,1441,train
cluster,1442,train
cluster,1443,train
cluster,1444,train
cluster,1445,train
cluster,1446,train
cluster,1447,train
cluster,1448,train
cluster,1449,train
cluster,1450,train
cluster,1451,train
cluster,1452,train
cluster,1453,train
cluster,1454,train
cluster,1455,train
cluster,1456,train
cluster,1457,train
cluster,1458,train
cluster,1459,train
cluster,1461,train
cluster,1462,train
cluster,1463,train
cluster,1464,train
cluster,1465,train
cluster,1467,train
cluster,1468,train
cluster,1469,train
cluster,1470,train
cluster,1471,train
cluster,1472,train
cluster,1473,train
cluster,1474,train
cluster,1475,train
cluster,1476,train
cluster,1477,train
cluster,1478,train
cluster,1479,train
cluster,1480,train
cluster,1481,train
cluster,1482,train
cluster,1483,train
cluster,1484,train
cluster,1485,train
cluster,1486,train
cluster,1487,train
cluster,1488,train
cluster,1489,train
cluster,1490,train
cluster,1492,train
cluster,1493,train
cluster,1494,train
cluster,1495,train
cluster,1496,train
cluster,1497,train
cluster,1498,train
cluster,1500,train
cluster,1502,train
cluster,1503,train
cluster,1504,train
cluster,1505,train
cluster,1506,train
cluster,1507,train
cluster,1508,train
cluster,1509,train
cluster,1510,train
cluster,1511,train
cluster,1512,train
cluster,1514,train
cluster,1516,train
cluster,1517,train
cluster,1518,train
cluster,1519,train
cluster,1520,train
cluster,1521,train
cluster,1523,train
cluster,1524,train
cluster,1525,train
cluster,1527,train
cluster,1528,train
cluster,1529,train
cluster,1530,train
cluster,1531,train
cluster,1532,train
cluster,1533,train
cluster,1534,train
cluster,1538,train
cluster,1539,train
cluster,1540,train
cluster,1544,train
cluster,1546,train
cluster,1547,train
cluster,1548,train
cluster,1549,train
cluster,1552,train
cluster,1555,train
cluster,1557,train
cluster,1558,train
cluster,1560,train
cluster,1561,train
cluster,1563,train
cluster,1568,train
cluster,1569,train
cluster,1572,train
cluster,1575,train
cluster,1576,train
cluster,1578,train
cluster,1579,train
cluster,1580,train
cluster,1581,train
cluster,1582,train
cluster,1583,train
cluster,1584,train
cluster,1585,train
cluster,1586,train
cluster,1587,train
cluster,1588,train
cluster,1589,train
cluster,1593,train
cluster,1594,train
cluster,1595,train
cluster,1596,train
cluster,1598,train
cluster,1599,train
cluster,1600,train
cluster,1601,train
cluster,1602,train
cluster,1603,train
cluster,1604,train
cluster,1605,train
cluster,1606,train
cluster,1607,train
cluster,1608,train
cluster,1609,train
cluster,1610,train
cluster,1611,train
cluster,1612,train
cluster,1613,train
cluster,1614,train
cluster,1615,train
cluster,1616,train
cluster,1617,train
cluster,1618,train
cluster,1619,train
cluster,1620,train
cluster,1621,train
cluster,1622,train
cluster,1623,train
cluster,1624,train
cluster,1626,train
cluster,1628,train
cluster,1629,train
cluster,1630,train
cluster,1631,train
cluster,1632,train
cluster,1633,train
cluster,1634,train
cluster,1635,train
cluster,1636,train
cluster,1637,train
cluster,1638,train
cluster,1639,train
cluster,1643,train
cluster,1644,train
cluster,1645,train
cluster,1646,train
cluster,1648,train
cluster,1649,train
cluster,1650,train
cluster,1651,train
cluster,1652,train
cluster,1653,train
cluster,1654,train
cluster,1655,train
cluster,1656,train
cluster,1657,train
cluster,1658,train
cluster,1659,train
cluster,1660,train
cluster,1661,train
cluster,1662,train
cluster,1663,train
cluster,1664,train
cluster,1665,train
cluster,1666,train
cluster,1667,train
cluster,1668,train
cluster,1669,train
cluster,1670,train
cluster,1671,train
cluster,1672,train
cluster,1673,train
cluster,1674,train
cluster,1675,train
cluster,1676,train
cluster,1677,train
cluster,1678,train
cluster,1679,train
cluster,1680,train
cluster,1681,train
cluster,1682,train
cluster,1683,train
cluster,1684,train
cluster,1685,train
cluster,1686,train
cluster,1687,train
cluster,1688,train
cluster,1689,train
cluster,1691,train
cluster,1692,train
cluster,1693,train
cluster,1694,train
cluster,1695,train
cluster,1698,train
cluster,1700,train
cluster,1701,train
cluster,1702,train
cluster,1703,train
cluster,1704,train
cluster,1705,train
cluster,1706,train
cluster,1707,train
cluster,1708,train
cluster,1709,train
cluster,1710,train
cluster,1711,train
cluster,1712,train
cluster,1713,train
cluster,1714,train
cluster,1715,train
cluster,1716,train
cluster,1717,train
cluster,1718,train
cluster,1720,train
cluster,1721,train
cluster,1722,train
cluster,1723,train
cluster,1724,train
cluster,1725,train
cluster,1726,train
cluster,1727,train
cluster,1728,train
cluster,1729,train
cluster,1730,train
cluster,1731,train
cluster,1732,train
cluster,1733,train
cluster,1734,train
cluster,1735,train
cluster,1736,train
cluster,1737,train
cluster,1738,train
cluster,1739,train
cluster,1740,train
cluster,1741,train
cluster,1742,train
cluster,1743,train
cluster,1745,train
cluster,1749,train
cluster,1750,train
cluster,1751,train
cluster,1752,train
cluster,1753,train
cluster,1754,train
cluster,1755,train
cluster,1756,train
cluster,1757,train
cluster,1758,train
cluster,1759,train
cluster,1760,train
cluster,1761,train
cluster,1762,train
cluster,1763,train
cluster,1764,train
cluster,1765,train
cluster,1766,train
cluster,1767,train
cluster,1768,train
cluster,1769,train
cluster,1770,train
cluster,1771,train
cluster,1772,train
cluster,1773,train
cluster,1774,train
cluster,1775,train
cluster,1776,train
cluster,1777,train
cluster,1778,train
cluster,1779,train
cluster,1780,train
cluster,1781,train
cluster,1782,train
cluster,1783,train
cluster,1784,train
cluster,1785,train
cluster,1786,train
cluster,1787,train
cluster,1788,train
cluster,1789,train
cluster,1790,train
cluster,1791,train
cluster,1792,train
cluster,1793,train
cluster,1794,train
cluster,1795,train
cluster,1796,train
cluster,1797,train
cluster,1798,train
cluster,1799,train
cluster,1800,train
cluster,1801,train
cluster,1802,train
cluster,1803,train
cluster,1804,train
cluster,1805,train
cluster,1806,train
cluster,1807,train
cluster,1808,train
cluster,1809,train
cluster,1810,train
cluster,1811,train
cluster,1812,train
cluster,1813,train
cluster,1814,train
cluster,1815,train
cluster,1816,train
cluster,1817,train
cluster,1818,train
cluster,1819,train
cluster,1820,train
cluster,1821,train
cluster,1823,train
cluster,1824,train
cluster,1825,train
cluster,1826,train
cluster,1827,train
cluster,1828,train
cluster,1829,train
cluster,1830,train
cluster,1831,train
cluster,1832,train
cluster,1833,train
cluster,1835,train
cluster,1836,train
cluster,1837,train
cluster,1838,train
cluster,1840,train
cluster,1841,train
cluster,1842,train
cluster,1843,train
cluster,1844,train
cluster,1845,train
cluster,1846,train
cluster,1847,train
cluster,1848,train
cluster,1849,train
cluster,1850,train
cluster,1851,train
cluster,1852,train
cluster,1853,train
cluster,1855,train
cluster,1856,train
cluster,1857,train
cluster,1861,train
cluster,1862,train
cluster,1863,train
cluster,1865,train
cluster,1866,train
cluster,1867,train
cluster,1869,train
cluster,1870,train
cluster,1871,train
cluster,1872,train
cluster,1873,train
cluster,1874,train
cluster,1875,train
cluster,1876,train
cluster,1877,train
cluster,1878,train
cluster,1879,train
cluster,1881,train
cluster,1882,train
cluster,1884,train
cluster,1886,train
cluster,1887,train
cluster,1888,train
cluster,1889,train
cluster,1890,train
cluster,1891,train
cluster,1892,train
cluster,1893,train
cluster,1894,train
cluster,1895,train
cluster,1896,train
cluster,1897,train
cluster,1898,train
cluster,1899,train
cluster,1900,train
cluster,1901,train
cluster,1902,train
cluster,1903,train
cluster,1904,train
cluster,1905,train
cluster,1906,train
cluster,1907,train
cluster,1908,train
cluster,1909,train
cluster,1910,train
cluster,23,test
cluster,41,test
cluster,51,test
cluster,55,test
cluster,78,test
cluster,107,test
cluster,118,test
cluster,121,test
cluster,126,test
cluster,141,test
cluster,171,test
cluster,217,test
cluster,219,test
cluster,220,test
cluster,225,test
cluster,238,test
cluster,240,test
cluster,247,test
cluster,249,test
cluster,262,test
cluster,279,test
cluster,284,test
cluster,286,test
cluster,287,test
cluster,288,test
cluster,290,test
cluster,293,test
cluster,294,test
cluster,296,test
cluster,298,test
cluster,332,test
cluster,356,test
cluster,368,test
cluster,396,test
cluster,397,test
cluster,403,test
cluster,409,test
cluster,412,test
cluster,418,test
cluster,421,test
cluster,434,test
cluster,438,test
cluster,439,test
cluster,443,test
cluster,444,test
cluster,445,test
cluster,447,test
cluster,448,test
cluster,463,test
cluster,466,test
cluster,484,test
cluster,491,test
cluster,493,test
cluster,533,test
cluster,550,test
cluster,579,test
cluster,596,test
cluster,597,test
cluster,601,test
cluster,603,test
cluster,626,test
cluster,646,test
cluster,666,test
cluster,680,test
cluster,688,test
cluster,689,test
cluster,709,test
cluster,756,test
cluster,760,test
cluster,802,test
cluster,811,test
cluster,816,test
cluster,817,test
cluster,820,test
cluster,821,test
cluster,822,test
cluster,824,test
cluster,843,test
cluster,848,test
cluster,854,test
cluster,866,test
cluster,882,test
cluster,896,test
cluster,898,test
cluster,903,test
cluster,906,test
cluster,919,test
cluster,935,test
cluster,948,test
cluster,949,test
cluster,951,test
cluster,952,test
cluster,988,test
cluster,989,test
cluster,990,test
cluster,997,test
cluster,998,test
cluster,999,test
cluster,1000,test
cluster,1004,test
cluster,1009,test
cluster,1027,test
cluster,1028,test
cluster,1050,test
cluster,1057,test
cluster,1073,test
cluster,1084,test
cluster,1090,test
cluster,1091,test
cluster,1092,test
cluster,1106,test
cluster,1116,test
cluster,1117,test
cluster,1120,test
cluster,1122,test
cluster,1127,test
cluster,1307,test
cluster,1324,test
cluster,1351,test
cluster,1371,test
cluster,1375,test
cluster,1377,test
cluster,1378,test
cluster,1381,test
cluster,1382,test
cluster,1383,test
cluster,1388,test
cluster,1406,test
cluster,1460,test
cluster,1466,test
cluster,1491,test
cluster,1499,test
cluster,1501,test
cluster,1513,test
cluster,1515,test
cluster,1522,test
cluster,1526,test
cluster,1535,test
cluster,1536,test
cluster,1537,test
cluster,1541,test
cluster,1542,test
cluster,1543,test
cluster,1545,test
cluster,1550,test
cluster,1551,test
cluster,1553,test
cluster,1554,test
cluster,1556,test
cluster,1559,test
cluster,1562,test
cluster,1564,test
cluster,1565,test
cluster,1566,test
cluster,1567,test
cluster,1570,test
cluster,1571,test
cluster,1573,test
cluster,1574,test
cluster,1577,test
cluster,1590,test
cluster,1591,test
cluster,1592,test
cluster,1597,test
cluster,1625,test
cluster,1627,test
cluster,1640,test
cluster,1641,test
cluster,1642,test
cluster,1647,test
cluster,1690,test
cluster,1696,test
cluster,1697,test
cluster,1699,test
cluster,1719,test
cluster,1744,test
cluster,1746,test
cluster,1747,test
cluster,1748,test
cluster,1822,test
cluster,1834,test
cluster,1839,test
cluster,1854,test
cluster,1858,test
cluster,1859,test
cluster,1860,test
cluster,1864,test
cluster,1868,test
cluster,1880,test
cluster,1883,test
cluster,1885,test
dissimilarity,1,train
dissimilarity,2,train
dissimilarity,3,train
dissimilarity,4,train
dissimilarity,5,train
dissimilarity,6,train
dissimilarity,7,train
dissimilarity,8,train
dissimilarity,9,train
dissimilarity,10,train
dissimilarity,11,train
dissimilarity,12,train
dissimilarity,13,train
dissimilarity,14,train
dissimilarity,15,train
dissimilarity,16,train
dissimilarity,17,train
dissimilarity,18,train
dissimilarity,19,train
dissimilarity,20,train
dissimilarity,21,train
dissimilarity,22,train
dissimilarity,23,train
dissimilarity,24,train
dissimilarity,25,train
dissimilarity,26,train
dissimilarity,27,train
dissimilarity,28,train
dissimilarity,29,train
dissimilarity,30,train
dissimilarity,31,train
dissimilarity,32,train
dissimilarity,33,train
dissimilarity,34,train
dissimilarity,35,train
dissimilarity,36,train
dissimilarity,37,train
dissimilarity,38,train
dissimilarity,39,train
dissimilarity,40,train
dissimilarity,41,train
dissimilarity,42,train
dissimilarity,43,train
dissimilarity,44,train
dissimilarity,45,train
dissimilarity,46,train
dissimilarity,47,train
dissimilarity,48,train
dissimilarity,49,train
dissimilarity,50,train
dissimilarity,51,train
dissimilarity,52,train
dissimilarity,53,train
dissimilarity,54,train
dissimilarity,55,train
dissimilarity,56,train
dissimilarity,57,train
dissimilarity,58,train
dissimilarity,59,train
dissimilarity,60,train
dissimilarity,61,train
dissimilarity,62,train
dissimilarity,63,train
dissimilarity,64,train
dissimilarity,65,train
dissimilarity,66,train
dissimilarity,67,train
dissimilarity,68,train
dissimilarity,69,train
dissimilarity,70,train
dissimilarity,71,train
dissimilarity,72,train
dissimilarity,73,train
dissimilarity,74,train
dissimilarity,75,train
dissimilarity,76,train
dissimilarity,80,train
dissimilarity,81,train
dissimilarity,82,train
dissimilarity,83,train
dissimilarity,84,train
dissimilarity,85,train
dissimilarity,86,train
dissimilarity,87,train
dissimilarity,88,train
dissimilarity,89,train
dissimilarity,90,train
dissimilarity,91,train
dissimilarity,92,train
dissimilarity,93,train
dissimilarity,94,train
dissimilarity,95,train
dissimilarity,96,train
dissimilarity,97,train
dissimilarity,98,train
dissimilarity,99,train
dissimilarity,100,train
dissimilarity,101,train
dissimilarity,102,train
dissimilarity,103,train
dissimilarity,104,train
dissimilarity,105,train
dissimilarity,106,train
dissimilarity,107,train
dissimilarity,108,train
dissimilarity,109,train
dissimilarity,110,train
dissimilarity,113,train
dissimilarity,114,train
dissimilarity,115,train
dissimilarity,116,train
dissimilarity,117,train
dissimilarity,118,train
dissimilarity,119,train
dissimilarity,120,train
dissimilarity,122,train
dissimilarity,123,train
dissimilarity,124,train
dissimilarity,125,train
dissimilarity,126,train
dissimilarity,127,train
dissimilarity,128,train
dissimilarity,129,train
dissimilarity,130,train
dissimilarity,131,train
dissimilarity,132,train
dissimilarity,133,train
dissimilarity,134,train
dissimilarity,135,train
dissimilarity,136,train
dissimilarity,137,train
dissimilarity,138,train
dissimilarity,139,train
dissimilarity,143,train
dissimilarity,144,train
dissimilarity,145,train
dissimilarity,146,train
dissimilarity,147,train
dissimilarity,148,train
dissimilarity,149,train
dissimilarity,150,train
dissimilarity,151,train
dissimilarity,152,train
dissimilarity,153,train
dissimilarity,154,train
dissimilarity,155,train
dissimilarity,156,train
dissimilarity,157,train
dissimilarity,158,train
dissimilarity,159,train
dissimilarity,160,train
dissimilarity,161,train
dissimilarity,162,train
dissimilarity,163,train
dissimilarity,165,train
dissimilarity,166,train
dissimilarity,167,train
dissimilarity,168,train
dissimilarity,169,train
dissimilarity,170,train
dissimilarity,171,train
dissimilarity,172,train
dissimilarity,173,train
dissimilarity,174,train
dissimilarity,175,train
dissimilarity,176,train
dissimilarity,177,train
dissimilarity,178,train
dissimilarity,179,train
dissimilarity,180,train
dissimilarity,181,train
dissimilarity,182,train
dissimilarity,183,train
dissimilarity,184,train
dissimilarity,185,train
dissimilarity,186,train
dissimilarity,187,train
dissimilarity,188,train
dissimilarity,189,train
dissimilarity,190,train
dissimilarity,191,train
dissimilarity,192,train
dissimilarity,193,train
dissimilarity,194,train
dissimilarity,195,train
dissimilarity,196,train
dissimilarity,197,train
dissimilarity,198,train
dissimilarity,199,train
dissimilarity,200,train
dissimilarity,201,train
dissimilarity,202,train
dissimilarity,203,train
dissimilarity,204,train
dissimilarity,205,train
dissimilarity,206,train
dissimilarity,207,train
dissimilarity,208,train
dissimilarity,209,train
dissimilarity,210,train
dissimilarity,211,train
dissimilarity,212,train
dissimilarity,213,train
dissimilarity,214,train
dissimilarity,215,train
dissimilarity,216,train
dissimilarity,218,train
dissimilarity,220,train
dissimilarity,221,train
dissimilarity,222,train
dissimilarity,223,train
dissimilarity,224,train
dissimilarity,225,train
dissimilarity,226,train
dissimilarity,227,train
dissimilarity,228,train
dissimilarity,229,train
dissimilarity,230,train
dissimilarity,231,train
dissimilarity,232,train
dissimilarity,233,train
dissimilarity,234,train
dissimilarity,235,train
dissimilarity,236,train
dissimilarity,237,train
dissimilarity,238,train
dissimilarity,239,train
dissimilarity,240,train
dissimilarity,241,train
dissimilarity,242,train
dissimilarity,243,train
dissimilarity,244,train
dissimilarity,245,train
dissimilarity,246,train
dissimilarity,248,train
dissimilarity,249,train
dissimilarity,250,train
dissimilarity,251,train
dissimilarity,252,train
dissimilarity,253,train
dissimilarity,255,train
dissimilarity,256,train
dissimilarity,257,train
dissimilarity,258,train
dissimilarity,259,train
dissimilarity,260,train
dissimilarity,261,train
dissimilarity,262,train
dissimilarity,263,train
dissimilarity,264,train
dissimilarity,265,train
dissimilarity,266,train
dissimilarity,267,train
dissimilarity,268,train
dissimilarity,269,train
dissimilarity,270,train
dissimilarity,271,train
dissimilarity,272,train
dissimilarity,273,train
dissimilarity,274,train
dissimilarity,275,train
dissimilarity,276,train
dissimilarity,277,train
dissimilarity,278,train
dissimilarity,281,train
dissimilarity,285,train
dissimilarity,291,train
dissimilarity,292,train
dissimilarity,295,train
dissimilarity,296,train
dissimilarity,297,train
dissimilarity,298,train
dissimilarity,299,train
dissimilarity,300,train
dissimilarity,301,train
dissimilarity,302,train
dissimilarity,303,train
dissimilarity,304,train
dissimilarity,305,train
dissimilarity,306,train
dissimilarity,307,train
dissimilarity,308,train
dissimilarity,309,train
dissimilarity,310,train
dissimilarity,311,train
dissimilarity,312,train
dissimilarity,313,train
dissimilarity,314,train
dissimilarity,315,train
dissimilarity,316,train
dissimilarity,317,train
dissimilarity,318,train
dissimilarity,319,train
dissimilarity,320,train
dissimilarity,321,train
dissimilarity,322,train
dissimilarity,323,train
dissimilarity,324,train
dissimilarity,325,train
dissimilarity,326,train
dissimilarity,327,train
dissimilarity,328,train
dissimilarity,329,train
dissimilarity,330,train
dissimilarity,334,train
dissimilarity,336,train
dissimilarity,337,train
dissimilarity,338,train
dissimilarity,339,train
dissimilarity,340,train
dissimilarity,341,train
dissimilarity,342,train
dissimilarity,343,train
dissimilarity,344,train
dissimilarity,345,train
dissimilarity,346,train
dissimilarity,347,train
dissimilarity,348,train
dissimilarity,349,train
dissimilarity,350,train
dissimilarity,351,train
dissimilarity,352,train
dissimilarity,353,train
dissimilarity,354,train
dissimilarity,355,train
dissimilarity,356,train
dissimilarity,357,train
dissimilarity,358,train
dissimilarity,359,train
dissimilarity,360,train
dissimilarity,361,train
dissimilarity,362,train
dissimilarity,363,train
dissimilarity,364,train
dissimilarity,365,train
dissimilarity,366,train
dissimilarity,367,train
dissimilarity,369,train
dissimilarity,370,train
dissimilarity,371,train
dissimilarity,372,train
dissimilarity,373,train
dissimilarity,374,train
dissimilarity,375,train
dissimilarity,376,train
dissimilarity,377,train
dissimilarity,378,train
dissimilarity,379,train
dissimilarity,380,train
dissimilarity,381,train
dissimilarity,382,train
dissimilarity,383,train
dissimilarity,384,train
dissimilarity,385,train
dissimilarity,386,train
dissimilarity,387,train
dissimilarity,388,train
dissimilarity,389,train
dissimilarity,390,train
dissimilarity,391,train
dissimilarity,392,train
dissimilarity,393,train
dissimilarity,394,train
dissimilarity,395,train
dissimilarity,398,train
dissimilarity,399,train
dissimilarity,400,train
dissimilarity,401,train
dissimilarity,402,train
dissimilarity,404,train
dissimilarity,405,train
dissimilarity,406,train
dissimilarity,407,train
dissimilarity,408,train
dissimilarity,410,train
dissimilarity,411,train
dissimilarity,413,train
dissimilarity,414,train
dissimilarity,415,train
dissimilarity,416,train
dissimilarity,417,train
dissimilarity,419,train
dissimilarity,420,train
dissimilarity,422,train
dissimilarity,423,train
dissimilarity,424,train
dissimilarity,425,train
dissimilarity,426,train
dissimilarity,427,train
dissimilarity,428,train
dissimilarity,429,train
dissimilarity,430,train
dissimilarity,431,train
dissimilarity,433,train
dissimilarity,435,train
dissimilarity,436,train
dissimilarity,437,train
dissimilarity,438,train
dissimilarity,439,train
dissimilarity,440,train
dissimilarity,441,train
dissimilarity,442,train
dissimilarity,446,train
dissimilarity,447,train
dissimilarity,449,train
dissimilarity,450,train
dissimilarity,451,train
dissimilarity,452,train
dissimilarity,453,train
dissimilarity,454,train
dissimilarity,455,train
dissimilarity,456,train
dissimilarity,457,train
dissimilarity,458,train
dissimilarity,459,train
dissimilarity,460,train
dissimilarity,461,train
dissimilarity,462,train
dissimilarity,464,train
dissimilarity,465,train
dissimilarity,466,train
dissimilarity,467,train
dissimilarity,468,train
dissimilarity,469,train
dissimilarity,470,train
dissimilarity,471,train
dissimilarity,472,train
dissimilarity,473,train
dissimilarity,474,train
dissimilarity,475,train
dissimilarity,476,train
dissimilarity,477,train
dissimilarity,478,train
dissimilarity,479,train
dissimilarity,480,train
dissimilarity,482,train
dissimilarity,483,train
dissimilarity,484,train
dissimilarity,485,train
dissimilarity,486,train
dissimilarity,487,train
dissimilarity,488,train
dissimilarity,489,train
dissimilarity,490,train
dissimilarity,491,train
dissimilarity,492,train
dissimilarity,493,train
dissimilarity,494,train
dissimilarity,495,train
dissimilarity,497,train
dissimilarity,498,train
dissimilarity,499,train
dissimilarity,500,train
dissimilarity,501,train
dissimilarity,502,train
dissimilarity,503,train
dissimilarity,504,train
dissimilarity,505,train
dissimilarity,506,train
dissimilarity,507,train
dissimilarity,508,train
dissimilarity,509,train
dissimilarity,510,train
dissimilarity,511,train
dissimilarity,512,train
dissimilarity,513,train
dissimilarity,514,train
dissimilarity,515,train
dissimilarity,516,train
dissimilarity,517,train
dissimilarity,518,train
dissimilarity,519,train
dissimilarity,520,train
dissimilarity,521,train
dissimilarity,522,train
dissimilarity,523,train
dissimilarity,524,train
dissimilarity,525,train
dissimilarity,526,train
dissimilarity,527,train
dissimilarity,528,train
dissimilarity,529,train
dissimilarity,530,train
dissimilarity,531,train
dissimilarity,532,train
dissimilarity,536,train
dissimilarity,537,train
dissimilarity,538,train
dissimilarity,539,train
dissimilarity,540,train
dissimilarity,541,train
dissimilarity,542,train
dissimilarity,543,train
dissimilarity,544,train
dissimilarity,545,train
dissimilarity,546,train
dissimilarity,547,train
dissimilarity,548,train
dissimilarity,549,train
dissimilarity,550,train
dissimilarity,551,train
dissimilarity,552,train
dissimilarity,553,train
dissimilarity,554,train
dissimilarity,555,train
dissimilarity,556,train
dissimilarity,557,train
dissimilarity,558,train
dissimilarity,559,train
dissimilarity,560,train
dissimilarity,561,train
dissimilarity,562,train
dissimilarity,563,train
dissimilarity,564,train
dissimilarity,565,train
dissimilarity,566,train
dissimilarity,567,train
dissimilarity,568,train
dissimilarity,569,train
dissimilarity,570,train
dissimilarity,571,train
dissimilarity,572,train
dissimilarity,573,train
dissimilarity,574,train
dissimilarity,575,train
dissimilarity,576,train
dissimilarity,577,train
dissimilarity,578,train
dissimilarity,580,train
dissimilarity,581,train
dissimilarity,582,train
dissimilarity,583,train
dissimilarity,584,train
dissimilarity,585,train
dissimilarity,586,train
dissimilarity,587,train
dissimilarity,589,train
dissimilarity,590,train
dissimilarity,591,train
dissimilarity,592,train
dissimilarity,593,train
dissimilarity,594,train
dissimilarity,595,train
dissimilarity,597,train
dissimilarity,598,train
dissimilarity,599,train
dissimilarity,600,train
dissimilarity,601,train
dissimilarity,602,train
dissimilarity,604,train
dissimilarity,605,train
dissimilarity,606,train
dissimilarity,607,train
dissimilarity,608,train
dissimilarity,609,train
dissimilarity,610,train
dissimilarity,611,train
dissimilarity,612,train
dissimilarity,613,train
dissimilarity,614,train
dissimilarity,615,train
dissimilarity,616,train
dissimilarity,617,train
dissimilarity,618,train
dissimilarity,619,train
dissimilarity,620,train
dissimilarity,621,train
dissimilarity,622,train
dissimilarity,623,train
dissimilarity,624,train
dissimilarity,625,train
dissimilarity,626,train
dissimilarity,627,train
dissimilarity,628,train
dissimilarity,629,train
dissimilarity,630,train
dissimilarity,631,train
dissimilarity,632,train
dissimilarity,633,train
dissimilarity,634,train
dissimilarity,635,train
dissimilarity,636,train
dissimilarity,637,train
dissimilarity,638,train
dissimilarity,639,train
dissimilarity,640,train
dissimilarity,641,train
dissimilarity,642,train
dissimilarity,644,train
dissimilarity,645,train
dissimilarity,647,train
dissimilarity,648,train
dissimilarity,649,train
dissimilarity,650,train
dissimilarity,651,train
dissimilarity,652,train
dissimilarity,653,train
dissimilarity,654,train
dissimilarity,655,train
dissimilarity,656,train
dissimilarity,657,train
dissimilarity,658,train
dissimilarity,659,train
dissimilarity,660,train
dissimilarity,661,train
dissimilarity,662,train
dissimilarity,663,train
dissimilarity,664,train
dissimilarity,665,train
dissimilarity,666,train
dissimilarity,667,train
dissimilarity,668,train
dissimilarity,669,train
dissimilarity,670,train
dissimilarity,671,train
dissimilarity,672,train
dissimilarity,673,train
dissimilarity,674,train
dissimilarity,675,train
dissimilarity,676,train
dissimilarity,677,train
dissimilarity,678,train
dissimilarity,679,train
dissimilarity,681,train
dissimilarity,682,train
dissimilarity,683,train
dissimilarity,684,train
dissimilarity,685,train
dissimilarity,686,train
dissimilarity,687,train
dissimilarity,688,train
dissimilarity,689,train
dissimilarity,690,train
dissimilarity,691,train
dissimilarity,692,train
dissimilarity,693,train
dissimilarity,694,train
dissimilarity,695,train
dissimilarity,696,train
dissimilarity,697,train
dissimilarity,699,train
dissimilarity,700,train
dissimilarity,701,train
dissimilarity,702,train
dissimilarity,703,train
dissimilarity,704,train
dissimilarity,705,train
dissimilarity,706,train
dissimilarity,707,train
dissimilarity,708,train
dissimilarity,710,train
dissimilarity,711,train
dissimilarity,712,train
dissimilarity,713,train
dissimilarity,714,train
dissimilarity,715,train
dissimilarity,716,train
dissimilarity,717,train
dissimilarity,718,train
dissimilarity,719,train
dissimilarity,720,train
dissimilarity,721,train
dissimilarity,722,train
dissimilarity,723,train
dissimilarity,724,train
dissimilarity,725,train
dissimilarity,726,train
dissimilarity,727,train
dissimilarity,728,train
dissimilarity,729,train
dissimilarity,730,train
dissimilarity,731,train
dissimilarity,732,train
dissimilarity,733,train
dissimilarity,734,train
dissimilarity,735,train
dissimilarity,736,train
dissimilarity,737,train
dissimilarity,738,train
dissimilarity,739,train
dissimilarity,740,train
dissimilarity,741,train
dissimilarity,742,train
dissimilarity,743,train
dissimilarity,744,train
dissimilarity,745,train
dissimilarity,746,train
dissimilarity,747,train
dissimilarity,748,train
dissimilarity,749,train
dissimilarity,750,train
dissimilarity,751,train
dissimilarity,752,train
dissimilarity,753,train
dissimilarity,754,train
dissimilarity,755,train
dissimilarity,756,train
dissimilarity,757,train
dissimilarity,758,train
dissimilarity,759,train
dissimilarity,760,train
dissimilarity,761,train
dissimilarity,762,train
dissimilarity,763,train
dissimilarity,764,train
dissimilarity,765,train
dissimilarity,766,train
dissimilarity,767,train
dissimilarity,768,train
dissimilarity,769,train
dissimilarity,770,train
dissimilarity,771,train
dissimilarity,772,train
dissimilarity,773,train
dissimilarity,774,train
dissimilarity,775,train
dissimilarity,776,train
dissimilarity,777,train
dissimilarity,778,train
dissimilarity,779,train
dissimilarity,780,train
dissimilarity,781,train
dissimilarity,782,train
dissimilarity,783,train
dissimilarity,784,train
dissimilarity,785,train
dissimilarity,786,train
dissimilarity,787,train
dissimilarity,788,train
dissimilarity,789,train
dissimilarity,790,train
dissimilarity,792,train
dissimilarity,793,train
dissimilarity,794,train
dissimilarity,795,train
dissimilarity,796,train
dissimilarity,797,train
dissimilarity,798,train
dissimilarity,799,train
dissimilarity,800,train
dissimilarity,801,train
dissimilarity,803,train
dissimilarity,804,train
dissimilarity,805,train
dissimilarity,806,train
dissimilarity,807,train
dissimilarity,808,train
dissimilarity,809,train
dissimilarity,810,train
dissimilarity,812,train
dissimilarity,813,train
dissimilarity,814,train
dissimilarity,815,train
dissimilarity,818,train
dissimilarity,819,train
dissimilarity,823,train
dissimilarity,825,train
dissimilarity,827,train
dissimilarity,828,train
dissimilarity,829,train
dissimilarity,830,train
dissimilarity,831,train
dissimilarity,832,train
dissimilarity,833,train
dissimilarity,834,train
dissimilarity,836,train
dissimilarity,837,train
dissimilarity,838,train
dissimilarity,839,train
dissimilarity,840,train
dissimilarity,841,train
dissimilarity,842,train
dissimilarity,845,train
dissimilarity,847,train
dissimilarity,848,train
dissimilarity,849,train
dissimilarity,850,train
dissimilarity,851,train
dissimilarity,852,train
dissimilarity,853,train
dissimilarity,855,train
dissimilarity,856,train
dissimilarity,857,train
dissimilarity,858,train
dissimilarity,859,train
dissimilarity,860,train
dissimilarity,861,train
dissimilarity,862,train
dissimilarity,863,train
dissimilarity,864,train
dissimilarity,865,train
dissimilarity,866,train
dissimilarity,867,train
dissimilarity,868,train
dissimilarity,869,train
dissimilarity,870,train
dissimilarity,871,train
dissimilarity,872,train
dissimilarity,873,train
dissimilarity,874,train
dissimilarity,875,train
dissimilarity,876,train
dissimilarity,877,train
dissimilarity,878,train
dissimilarity,879,train
dissimilarity,880,train
dissimilarity,881,train
dissimilarity,882,train
dissimilarity,883,train
dissimilarity,884,train
dissimilarity,885,train
dissimilarity,886,train
dissimilarity,887,train
dissimilarity,888,train
dissimilarity,889,train
dissimilarity,890,train
dissimilarity,891,train
dissimilarity,892,train
dissimilarity,893,train
dissimilarity,894,train
dissimilarity,895,train
dissimilarity,896,train
dissimilarity,897,train
dissimilarity,898,train
dissimilarity,899,train
dissimilarity,900,train
dissimilarity,901,train
dissimilarity,902,train
dissimilarity,903,train
dissimilarity,904,train
dissimilarity,905,train
dissimilarity,907,train
dissimilarity,908,train
dissimilarity,909,train
dissimilarity,910,train
dissimilarity,911,train
dissimilarity,912,train
dissimilarity,913,train
dissimilarity,914,train
dissimilarity,915,train
dissimilarity,916,train
dissimilarity,917,train
dissimilarity,918,train
dissimilarity,920,train
dissimilarity,921,train
dissimilarity,922,train
dissimilarity,923,train
dissimilarity,924,train
dissimilarity,925,train
dissimilarity,926,train
dissimilarity,927,train
dissimilarity,928,train
dissimilarity,929,train
dissimilarity,930,train
dissimilarity,932,train
dissimilarity,933,train
dissimilarity,934,train
dissimilarity,935,train
dissimilarity,936,train
dissimilarity,937,train
dissimilarity,938,train
dissimilarity,939,train
dissimilarity,940,train
dissimilarity,941,train
dissimilarity,942,train
dissimilarity,943,train
dissimilarity,944,train
dissimilarity,945,train
dissimilarity,946,train
dissimilarity,947,train
dissimilarity,950,train
dissimilarity,953,train
dissimilarity,955,train
dissimilarity,956,train
dissimilarity,957,train
dissimilarity,958,train
dissimilarity,959,train
dissimilarity,960,train
dissimilarity,961,train
dissimilarity,962,train
dissimilarity,963,train
dissimilarity,964,train
dissimilarity,965,train
dissimilarity,966,train
dissimilarity,967,train
dissimilarity,968,train
dissimilarity,969,train
dissimilarity,970,train
dissimilarity,971,train
dissimilarity,972,train
dissimilarity,973,train
dissimilarity,974,train
dissimilarity,975,train
dissimilarity,976,train
dissimilarity,977,train
dissimilarity,978,train
dissimilarity,979,train
dissimilarity,980,train
dissimilarity,981,train
dissimilarity,982,train
dissimilarity,983,train
dissimilarity,984,train
dissimilarity,985,train
dissimilarity,986,train
dissimilarity,987,train
dissimilarity,991,train
dissimilarity,992,train
dissimilarity,993,train
dissimilarity,994,train
dissimilarity,995,train
dissimilarity,996,train
dissimilarity,1001,train
dissimilarity,1002,train
dissimilarity,1003,train
dissimilarity,1004,train
dissimilarity,1005,train
dissimilarity,1006,train
dissimilarity,1007,train
dissimilarity,1008,train
dissimilarity,1009,train
dissimilarity,1010,train
dissimilarity,1011,train
dissimilarity,1012,train
dissimilarity,1013,train
dissimilarity,1014,train
dissimilarity,1015,train
dissimilarity,1016,train
dissimilarity,1017,train
dissimilarity,1018,train
dissimilarity,1019,train
dissimilarity,1020,train
dissimilarity,1021,train
dissimilarity,1022,train
dissimilarity,1023,train
dissimilarity,1024,train
dissimilarity,1025,train
dissimilarity,1026,train
dissimilarity,1028,train
dissimilarity,1029,train
dissimilarity,1030,train
dissimilarity,1031,train
dissimilarity,1032,train
dissimilarity,1033,train
dissimilarity,1034,train
dissimilarity,1035,train
dissimilarity,1036,train
dissimilarity,1037,train
dissimilarity,1038,train
dissimilarity,1039,train
dissimilarity,1040,train
dissimilarity,1041,train
dissimilarity,1042,train
dissimilarity,1043,train
dissimilarity,1044,train
dissimilarity,1045,train
dissimilarity,1046,train
dissimilarity,1047,train
dissimilarity,1048,train
dissimilarity,1051,train
dissimilarity,1052,train
dissimilarity,1053,train
dissimilarity,1054,train
dissimilarity,1055,train
dissimilarity,1056,train
dissimilarity,1057,train
dissimilarity,1058,train
dissimilarity,1059,train
dissimilarity,1060,train
dissimilarity,1061,train
dissimilarity,1062,train
dissimilarity,1063,train
dissimilarity,1064,train
dissimilarity,1065,train
dissimilarity,1066,train
dissimilarity,1067,train
dissimilarity,1068,train
dissimilarity,1069,train
dissimilarity,1070,train
dissimilarity,1072,train
dissimilarity,1074,train
dissimilarity,1075,train
dissimilarity,1076,train
dissimilarity,1077,train
dissimilarity,1078,train
dissimilarity,1079,train
dissimilarity,1080,train
dissimilarity,1081,train
dissimilarity,1082,train
dissimilarity,1083,train
dissimilarity,1085,train
dissimilarity,1086,train
dissimilarity,1087,train
dissimilarity,1089,train
dissimilarity,1094,train
dissimilarity,1095,train
dissimilarity,1096,train
dissimilarity,1097,train
dissimilarity,1098,train
dissimilarity,1099,train
dissimilarity,1100,train
dissimilarity,1101,train
dissimilarity,1102,train
dissimilarity,1103,train
dissimilarity,1105,train
dissimilarity,1106,train
dissimilarity,1107,train
dissimilarity,1108,train
dissimilarity,1109,train
dissimilarity,1110,train
dissimilarity,1111,train
dissimilarity,1112,train
dissimilarity,1113,train
dissimilarity,1114,train
dissimilarity,1115,train
dissimilarity,1118,train
dissimilarity,1119,train
dissimilarity,1121,train
dissimilarity,1122,train
dissimilarity,1123,train
dissimilarity,1124,train
dissimilarity,1125,train
dissimilarity,1126,train
dissimilarity,1127,train
dissimilarity,1128,train
dissimilarity,1129,train
dissimilarity,1130,train
dissimilarity,1131,train
dissimilarity,1132,train
dissimilarity,1133,train
dissimilarity,1134,train
dissimilarity,1135,train
dissimilarity,1136,train
dissimilarity,1137,train
dissimilarity,1138,train
dissimilarity,1139,train
dissimilarity,1140,train
dissimilarity,1141,train
dissimilarity,1142,train
dissimilarity,1143,train
dissimilarity,1144,train
dissimilarity,1145,train
dissimilarity,1146,train
dissimilarity,1147,train
dissimilarity,1148,train
dissimilarity,1149,train
dissimilarity,1150,train
dissimilarity,1151,train
dissimilarity,1152,train
dissimilarity,1153,train
dissimilarity,1154,train
dissimilarity,1155,train
dissimilarity,1156,train
dissimilarity,1157,train
dissimilarity,1158,train
dissimilarity,1159,train
dissimilarity,1160,train
dissimilarity,1161,train
dissimilarity,1162,train
dissimilarity,1163,train
dissimilarity,1164,train
dissimilarity,1165,train
dissimilarity,1166,train
dissimilarity,1167,train
dissimilarity,1168,train
dissimilarity,1169,train
dissimilarity,1170,train
dissimilarity,1171,train
dissimilarity,1172,train
dissimilarity,1173,train
dissimilarity,1174,train
dissimilarity,1175,train
dissimilarity,1176,train
dissimilarity,1177,train
dissimilarity,1178,train
dissimilarity,1179,train
dissimilarity,1180,train
dissimilarity,1181,train
dissimilarity,1182,train
dissimilarity,1183,train
dissimilarity,1185,train
dissimilarity,1186,train
dissimilarity,1187,train
dissimilarity,1188,train
dissimilarity,1189,train
dissimilarity,1190,train
dissimilarity,1191,train
dissimilarity,1192,train
dissimilarity,1193,train
dissimilarity,1194,train
dissimilarity,1195,train
dissimilarity,1196,train
dissimilarity,1197,train
dissimilarity,1198,train
dissimilarity,1199,train
dissimilarity,1200,train
dissimilarity,1201,train
dissimilarity,1202,train
dissimilarity,1203,train
dissimilarity,1204,train
dissimilarity,1205,train
dissimilarity,1206,train
dissimilarity,1207,train
dissimilarity,1208,train
dissimilarity,1209,train
dissimilarity,1210,train
dissimilarity,1211,train
dissimilarity,1212,train
dissimilarity,1213,train
dissimilarity,1214,train
dissimilarity,1215,train
dissimilarity,1216,train
dissimilarity,1217,train
dissimilarity,1218,train
dissimilarity,1219,train
dissimilarity,1220,train
dissimilarity,1221,train
dissimilarity,1222,train
dissimilarity,1223,train
dissimilarity,1224,train
dissimilarity,1225,train
dissimilarity,1226,train
dissimilarity,1227,train
dissimilarity,1228,train
dissimilarity,1229,train
dissimilarity,1230,train
dissimilarity,1231,train
dissimilarity,1232,train
dissimilarity,1233,train
dissimilarity,1234,train
dissimilarity,1235,train
dissimilarity,1236,train
dissimilarity,1237,train
dissimilarity,1238,train
dissimilarity,1239,train
dissimilarity,1240,train
dissimilarity,1241,train
dissimilarity,1242,train
dissimilarity,1243,train
dissimilarity,1244,train
dissimilarity,1245,train
dissimilarity,1246,train
dissimilarity,1247,train
dissimilarity,1248,train
dissimilarity,1249,train
dissimilarity,1250,train
dissimilarity,1251,train
dissimilarity,1252,train
dissimilarity,1253,train
dissimilarity,1254,train
dissimilarity,1255,train
dissimilarity,1256,train
dissimilarity,1257,train
dissimilarity,1258,train
dissimilarity,1259,train
dissimilarity,1260,train
dissimilarity,1261,train
dissimilarity,1262,train
dissimilarity,1263,train
dissimilarity,1264,train
dissimilarity,1265,train
dissimilarity,1266,train
dissimilarity,1267,train
dissimilarity,1268,train
dissimilarity,1269,train
dissimilarity,1270,train
dissimilarity,1271,train
dissimilarity,1272,train
dissimilarity,1273,train
dissimilarity,1274,train
dissimilarity,1275,train
dissimilarity,1276,train
dissimilarity,1277,train
dissimilarity,1278,train
dissimilarity,1279,train
dissimilarity,1280,train
dissimilarity,1281,train
dissimilarity,1282,train
dissimilarity,1283,train
dissimilarity,1284,train
dissimilarity,1285,train
dissimilarity,1286,train
dissimilarity,1287,train
dissimilarity,1288,train
dissimilarity,1289,train
dissimilarity,1290,train
dissimilarity,1291,train
dissimilarity,1292,train
dissimilarity,1293,train
dissimilarity,1294,train
dissimilarity,1295,train
dissimilarity,1296,train
dissimilarity,1297,train
dissimilarity,1298,train
dissimilarity,1299,train
dissimilarity,1300,train
dissimilarity,1301,train
dissimilarity,1302,train
dissimilarity,1303,train
dissimilarity,1304,train
dissimilarity,1305,train
dissimilarity,1306,train
dissimilarity,1307,train
dissimilarity,1308,train
dissimilarity,1309,train
dissimilarity,1310,train
dissimilarity,1311,train
dissimilarity,1312,train
dissimilarity,1313,train
dissimilarity,1314,train
dissimilarity,1315,train
dissimilarity,1316,train
dissimilarity,1317,train
dissimilarity,1318,train
dissimilarity,1319,train
dissimilarity,1320,train
dissimilarity,1321,train
dissimilarity,1322,train
dissimilarity,1323,train
dissimilarity,1324,train
dissimilarity,1325,train
dissimilarity,1326,train
dissimilarity,1327,train
dissimilarity,1328,train
dissimilarity,1329,train
dissimilarity,1330,train
dissimilarity,1331,train
dissimilarity,1332,train
dissimilarity,1333,train
dissimilarity,1334,train
dissimilarity,1335,train
dissimilarity,1336,train
dissimilarity,1337,train
dissimilarity,1338,train
dissimilarity,1339,train
dissimilarity,1340,train
dissimilarity,1341,train
dissimilarity,1342,train
dissimilarity,1343,train
dissimilarity,1344,train
dissimilarity,1345,train
dissimilarity,1346,train
dissimilarity,1347,train
dissimilarity,1348,train
dissimilarity,1349,train
dissimilarity,1350,train
dissimilarity,1352,train
dissimilarity,1353,train
dissimilarity,1354,train
dissimilarity,1355,train
dissimilarity,1356,train
dissimilarity,1357,train
dissimilarity,1358,train
dissimilarity,1359,train
dissimilarity,1360,train
dissimilarity,1361,train
dissimilarity,1362,train
dissimilarity,1363,train
dissimilarity,1364,train
dissimilarity,1365,train
dissimilarity,1366,train
dissimilarity,1367,train
dissimilarity,1368,train
dissimilarity,1369,train
dissimilarity,1370,train
dissimilarity,1372,train
dissimilarity,1373,train
dissimilarity,1374,train
dissimilarity,1377,train
dissimilarity,1379,train
dissimilarity,1380,train
dissimilarity,1383,train
dissimilarity,1384,train
dissimilarity,1386,train
dissimilarity,1387,train
dissimilarity,1389,train
dissimilarity,1390,train
dissimilarity,1391,train
dissimilarity,1392,train
dissimilarity,1393,train
dissimilarity,1394,train
dissimilarity,1395,train
dissimilarity,1396,train
dissimilarity,1397,train
dissimilarity,1398,train
dissimilarity,1399,train
dissimilarity,1400,train
dissimilarity,1401,train
dissimilarity,1402,train
dissimilarity,1403,train
dissimilarity,1404,train
dissimilarity,1405,train
dissimilarity,1408,train
dissimilarity,1409,train
dissimilarity,1410,train
dissimilarity,1411,train
dissimilarity,1412,train
dissimilarity,1413,train
dissimilarity,1414,train
dissimilarity,1415,train
dissimilarity,1416,train
dissimilarity,1417,train
dissimilarity,1418,train
dissimilarity,1419,train
dissimilarity,1420,train
dissimilarity,1421,train
dissimilarity,1422,train
dissimilarity,1423,train
dissimilarity,1424,train
dissimilarity,1425,train
dissimilarity,1427,train
dissimilarity,1428,train
dissimilarity,1429,train
dissimilarity,1430,train
dissimilarity,1431,train
dissimilarity,1432,train
dissimilarity,1433,train
dissimilarity,1434,train
dissimilarity,1435,train
dissimilarity,1436,train
dissimilarity,1437,train
dissimilarity,1438,train
dissimilarity,1439,train
dissimilarity,1440,train
dissimilarity,1441,train
dissimilarity,1442,train
dissimilarity,1443,train
dissimilarity,1444,train
dissimilarity,1445,train
dissimilarity,1446,train
dissimilarity,1447,train
dissimilarity,1448,train
dissimilarity,1449,train
dissimilarity,1450,train
dissimilarity,1451,train
dissimilarity,1452,train
dissimilarity,1453,train
dissimilarity,1454,train
dissimilarity,1455,train
dissimilarity,1456,train
dissimilarity,1457,train
dissimilarity,1458,train
dissimilarity,1459,train
dissimilarity,1460,train
dissimilarity,1461,train
dissimilarity,1464,train
dissimilarity,1465,train
dissimilarity,1467,train
dissimilarity,1468,train
dissimilarity,1469,train
dissimilarity,1470,train
dissimilarity,1471,train
dissimilarity,1473,train
dissimilarity,1474,train
dissimilarity,1475,train
dissimilarity,1476,train
dissimilarity,1477,train
dissimilarity,1478,train
dissimilarity,1479,train
dissimilarity,1480,train
dissimilarity,1481,train
dissimilarity,1482,train
dissimilarity,1483,train
dissimilarity,1484,train
dissimilarity,1485,train
dissimilarity,1486,train
dissimilarity,1487,train
dissimilarity,1488,train
dissimilarity,1489,train
dissimilarity,1490,train
dissimilarity,1495,train
dissimilarity,1497,train
dissimilarity,1498,train
dissimilarity,1500,train
dissimilarity,1502,train
dissimilarity,1503,train
dissimilarity,1504,train
dissimilarity,1505,train
dissimilarity,1506,train
dissimilarity,1507,train
dissimilarity,1508,train
dissimilarity,1509,train
dissimilarity,1510,train
dissimilarity,1511,train
dissimilarity,1512,train
dissimilarity,1517,train
dissimilarity,1518,train
dissimilarity,1519,train
dissimilarity,1520,train
dissimilarity,1521,train
dissimilarity,1523,train
dissimilarity,1524,train
dissimilarity,1525,train
dissimilarity,1528,train
dissimilarity,1529,train
dissimilarity,1530,train
dissimilarity,1531,train
dissimilarity,1532,train
dissimilarity,1533,train
dissimilarity,1534,train
dissimilarity,1538,train
dissimilarity,1540,train
dissimilarity,1545,train
dissimilarity,1546,train
dissimilarity,1547,train
dissimilarity,1549,train
dissimilarity,1558,train
dissimilarity,1560,train
dissimilarity,1561,train
dissimilarity,1563,train
dissimilarity,1568,train
dissimilarity,1569,train
dissimilarity,1572,train
dissimilarity,1573,train
dissimilarity,1575,train
dissimilarity,1576,train
dissimilarity,1578,train
dissimilarity,1579,train
dissimilarity,1580,train
dissimilarity,1581,train
dissimilarity,1582,train
dissimilarity,1583,train
dissimilarity,1584,train
dissimilarity,1585,train
dissimilarity,1586,train
dissimilarity,1587,train
dissimilarity,1588,train
dissimilarity,1589,train
dissimilarity,1593,train
dissimilarity,1594,train
dissimilarity,1595,train
dissimilarity,1596,train
dissimilarity,1597,train
dissimilarity,1598,train
dissimilarity,1599,train
dissimilarity,1600,train
dissimilarity,1601,train
dissimilarity,1602,train
dissimilarity,1603,train
dissimilarity,1604,train
dissimilarity,1605,train
dissimilarity,1606,train
dissimilarity,1607,train
dissimilarity,1608,train
dissimilarity,1609,train
dissimilarity,1610,train
dissimilarity,1611,train
dissimilarity,1612,train
dissimilarity,1613,train
dissimilarity,1614,train
dissimilarity,1615,train
dissimilarity,1616,train
dissimilarity,1617,train
dissimilarity,1618,train
dissimilarity,1619,train
dissimilarity,1620,train
dissimilarity,1621,train
dissimilarity,1622,train
dissimilarity,1623,train
dissimilarity,1625,train
dissimilarity,1626,train
dissimilarity,1627,train
dissimilarity,1628,train
dissimilarity,1629,train
dissimilarity,1630,train
dissimilarity,1631,train
dissimilarity,1632,train
dissimilarity,1633,train
dissimilarity,1634,train
dissimilarity,1635,train
dissimilarity,1636,train
dissimilarity,1637,train
dissimilarity,1638,train
dissimilarity,1639,train
dissimilarity,1643,train
dissimilarity,1644,train
dissimilarity,1645,train
dissimilarity,1646,train
dissimilarity,1648,train
dissimilarity,1649,train
dissimilarity,1650,train
dissimilarity,1651,train
dissimilarity,1652,train
dissimilarity,1653,train
dissimilarity,1654,train
dissimilarity,1655,train
dissimilarity,1656,train
dissimilarity,1657,train
dissimilarity,1658,train
dissimilarity,1659,train
dissimilarity,1660,train
dissimilarity,1661,train
dissimilarity,1662,train
dissimilarity,1663,train
dissimilarity,1664,train
dissimilarity,1665,train
dissimilarity,1666,train
dissimilarity,1667,train
dissimilarity,1668,train
dissimilarity,1669,train
dissimilarity,1670,train
dissimilarity,1671,train
dissimilarity,1672,train
dissimilarity,1673,train
dissimilarity,1674,train
dissimilarity,1675,train
dissimilarity,1676,train
dissimilarity,1677,train
dissimilarity,1678,train
dissimilarity,1679,train
dissimilarity,1680,train
dissimilarity,1681,train
dissimilarity,1682,train
dissimilarity,1683,train
dissimilarity,1684,train
dissimilarity,1685,train
dissimilarity,1686,train
dissimilarity,1687,train
dissimilarity,1688,train
dissimilarity,1689,train
dissimilarity,1692,train
dissimilarity,1693,train
dissimilarity,1694,train
dissimilarity,1695,train
dissimilarity,1697,train
dissimilarity,1698,train
dissimilarity,1700,train
dissimilarity,1701,train
dissimilarity,1702,train
dissimilarity,1703,train
dissimilarity,1704,train
dissimilarity,1705,train
dissimilarity,1706,train
dissimilarity,1707,train
dissimilarity,1708,train
dissimilarity,1709,train
dissimilarity,1710,train
dissimilarity,1711,train
dissimilarity,1712,train
dissimilarity,1713,train
dissimilarity,1714,train
dissimilarity,1715,train
dissimilarity,1716,train
dissimilarity,1717,train
dissimilarity,1718,train
dissimilarity,1719,train
dissimilarity,1720,train
dissimilarity,1721,train
dissimilarity,1722,train
dissimilarity,1723,train
dissimilarity,1724,train
dissimilarity,1725,train
dissimilarity,1726,train
dissimilarity,1727,train
dissimilarity,1728,train
dissimilarity,1729,train
dissimilarity,1730,train
dissimilarity,1731,train
dissimilarity,1732,train
dissimilarity,1733,train
dissimilarity,1734,train
dissimilarity,1735,train
dissimilarity,1736,train
dissimilarity,1737,train
dissimilarity,1738,train
dissimilarity,1739,train
dissimilarity,1740,train
dissimilarity,1741,train
dissimilarity,1742,train
dissimilarity,1745,train
dissimilarity,1747,train
dissimilarity,1748,train
dissimilarity,1749,train
dissimilarity,1750,train
dissimilarity,1751,train
dissimilarity,1752,train
dissimilarity,1753,train
dissimilarity,1754,train
dissimilarity,1755,train
dissimilarity,1756,train
dissimilarity,1757,train
dissimilarity,1758,train
dissimilarity,1759,train
dissimilarity,1760,train
dissimilarity,1761,train
dissimilarity,1762,train
dissimilarity,1763,train
dissimilarity,1764,train
dissimilarity,1766,train
dissimilarity,1767,train
dissimilarity,1768,train
dissimilarity,1769,train
dissimilarity,1770,train
dissimilarity,1771,train
dissimilarity,1772,train
dissimilarity,1773,train
dissimilarity,1774,train
dissimilarity,1775,train
dissimilarity,1776,train
dissimilarity,1777,train
dissimilarity,1779,train
dissimilarity,1780,train
dissimilarity,1781,train
dissimilarity,1782,train
dissimilarity,1783,train
dissimilarity,1784,train
dissimilarity,1785,train
dissimilarity,1786,train
dissimilarity,1787,train
dissimilarity,1788,train
dissimilarity,1789,train
dissimilarity,1790,train
dissimilarity,1791,train
dissimilarity,1792,train
dissimilarity,1793,train
dissimilarity,1794,train
dissimilarity,1795,train
dissimilarity,1796,train
dissimilarity,1797,train
dissimilarity,1798,train
dissimilarity,1799,train
dissimilarity,1800,train
dissimilarity,1801,train
dissimilarity,1802,train
dissimilarity,1803,train
dissimilarity,1804,train
dissimilarity,1805,train
dissimilarity,1806,train
dissimilarity,1807,train
dissimilarity,1808,train
dissimilarity,1809,train
dissimilarity,1810,train
dissimilarity,1811,train
dissimilarity,1812,train
dissimilarity,1813,train
dissimilarity,1814,train
dissimilarity,1815,train
dissimilarity,1816,train
dissimilarity,1817,train
dissimilarity,1818,train
dissimilarity,1819,train
dissimilarity,1820,train
dissimilarity,1821,train
dissimilarity,1822,train
dissimilarity,1823,train
dissimilarity,1824,train
dissimilarity,1825,train
dissimilarity,1826,train
dissimilarity,1827,train
dissimilarity,1828,train
dissimilarity,1829,train
dissimilarity,1830,train
dissimilarity,1831,train
dissimilarity,1832,train
dissimilarity,1833,train
dissimilarity,1835,train
dissimilarity,1836,train
dissimilarity,1837,train
dissimilarity,1840,train
dissimilarity,1841,train
dissimilarity,1842,train
dissimilarity,1843,train
dissimilarity,1844,train
dissimilarity,1845,train
dissimilarity,1846,train
dissimilarity,1847,train
dissimilarity,1848,train
dissimilarity,1849,train
dissimilarity,1850,train
dissimilarity,1851,train
dissimilarity,1852,train
dissimilarity,1853,train
dissimilarity,1856,train
dissimilarity,1857,train
dissimilarity,1861,train
dissimilarity,1862,train
dissimilarity,1863,train
dissimilarity,1865,train
dissimilarity,1866,train
dissimilarity,1867,train
dissimilarity,1868,train
dissimilarity,1869,train
dissimilarity,1870,train
dissimilarity,1871,train
dissimilarity,1872,train
dissimilarity,1873,train
dissimilarity,1874,train
dissimilarity,1875,train
dissimilarity,1876,train
dissimilarity,1877,train
dissimilarity,1878,train
dissimilarity,1879,train
dissimilarity,1881,train
dissimilarity,1882,train
dissimilarity,1883,train
dissimilarity,1884,train
dissimilarity,1885,train
dissimilarity,1886,train
dissimilarity,1887,train
dissimilarity,1888,train
dissimilarity,1889,train
dissimilarity,1890,train
dissimilarity,1891,train
dissimilarity,1893,train
dissimilarity,1894,train
dissimilarity,1895,train
dissimilarity,1896,train
dissimilarity,1897,train
dissimilarity,1898,train
dissimilarity,1899,train
dissimilarity,1900,train
dissimilarity,1901,train
dissimilarity,1902,train
dissimilarity,1903,train
dissimilarity,1904,train
dissimilarity,1905,train
dissimilarity,1906,train
dissimilarity,1907,train
dissimilarity,1908,train
dissimilarity,1909,train
dissimilarity,1910,train
dissimilarity,0,test
dissimilarity,77,test
dissimilarity,78,test
dissimilarity,79,test
dissimilarity,111,test
dissimilarity,112,test
dissimilarity,121,test
dissimilarity,140,test
dissimilarity,141,test
dissimilarity,142,test
dissimilarity,164,test
dissimilarity,217,test
dissimilarity,219,test
dissimilarity,247,test
dissimilarity,254,test
dissimilarity,279,test
dissimilarity,280,test
dissimilarity,282,test
dissimilarity,283,test
dissimilarity,284,test
dissimilarity,286,test
dissimilarity,287,test
dissimilarity,288,test
dissimilarity,289,test
dissimilarity,290,test
dissimilarity,293,test
dissimilarity,294,test
dissimilarity,331,test
dissimilarity,332,test
dissimilarity,333,test
dissimilarity,335,test
dissimilarity,368,test
dissimilarity,396,test
dissimilarity,397,test
dissimilarity,403,test
dissimilarity,409,test
dissimilarity,412,test
dissimilarity,418,test
dissimilarity,421,test
dissimilarity,432,test
dissimilarity,434,test
dissimilarity,443,test
dissimilarity,444,test
dissimilarity,445,test
dissimilarity,448,test
dissimilarity,463,test
dissimilarity,481,test
dissimilarity,496,test
dissimilarity,533,test
dissimilarity,534,test
dissimilarity,535,test
dissimilarity,579,test
dissimilarity,588,test
dissimilarity,596,test
dissimilarity,603,test
dissimilarity,643,test
dissimilarity,646,test
dissimilarity,680,test
dissimilarity,698,test
dissimilarity,709,test
dissimilarity,791,test
dissimilarity,802,test
dissimilarity,811,test
dissimilarity,816,test
dissimilarity,817,test
dissimilarity,820,test
dissimilarity,821,test
dissimilarity,822,test
dissimilarity,824,test
dissimilarity,826,test
dissimilarity,835,test
dissimilarity,843,test
dissimilarity,844,test
dissimilarity,846,test
dissimilarity,854,test
dissimilarity,906,test
dissimilarity,919,test
dissimilarity,931,test
dissimilarity,948,test
dissimilarity,949,test
dissimilarity,951,test
dissimilarity,952,test
dissimilarity,954,test
dissimilarity,988,test
dissimilarity,989,test
dissimilarity,990,test
dissimilarity,997,test
dissimilarity,998,test
dissimilarity,999,test
dissimilarity,1000,test
dissimilarity,1027,test
dissimilarity,1049,test
dissimilarity,1050,test
dissimilarity,1071,test
dissimilarity,1073,test
dissimilarity,1084,test
dissimilarity,1088,test
dissimilarity,1090,test
dissimilarity,1091,test
dissimilarity,1092,test
dissimilarity,1093,test
dissimilarity,1104,test
dissimilarity,1116,test
dissimilarity,1117,test
dissimilarity,1120,test
dissimilarity,1184,test
dissimilarity,1351,test
dissimilarity,1371,test
dissimilarity,1375,test
dissimilarity,1376,test
dissimilarity,1378,test
dissimilarity,1381,test
dissimilarity,1382,test
dissimilarity,1385,test
dissimilarity,1388,test
dissimilarity,1406,test
dissimilarity,1407,test
dissimilarity,1426,test
dissimilarity,1462,test
dissimilarity,1463,test
dissimilarity,1466,test
dissimilarity,1472,test
dissimilarity,1491,test
dissimilarity,1492,test
dissimilarity,1493,test
dissimilarity,1494,test
dissimilarity,1496,test
dissimilarity,1499,test
dissimilarity,1501,test
dissimilarity,1513,test
dissimilarity,1514,test
dissimilarity,1515,test
dissimilarity,1516,test
dissimilarity,1522,test
dissimilarity,1526,test
dissimilarity,1527,test
dissimilarity,1535,test
dissimilarity,1536,test
dissimilarity,1537,test
dissimilarity,1539,test
dissimilarity,1541,test
dissimilarity,1542,test
dissimilarity,1543,test
dissimilarity,1544,test
dissimilarity,1548,test
dissimilarity,1550,test
dissimilarity,1551,test
dissimilarity,1552,test
dissimilarity,1553,test
dissimilarity,1554,test
dissimilarity,1555,test
dissimilarity,1556,test
dissimilarity,1557,test
dissimilarity,1559,test
dissimilarity,1562,test
dissimilarity,1564,test
dissimilarity,1565,test
dissimilarity,1566,test
dissimilarity,1567,test
dissimilarity,1570,test
dissimilarity,1571,test
dissimilarity,1574,test
dissimilarity,1577,test
dissimilarity,1590,test
dissimilarity,1591,test
dissimilarity,1592,test
dissimilarity,1624,test
dissimilarity,1640,test
dissimilarity,1641,test
dissimilarity,1642,test
dissimilarity,1647,test
dissimilarity,1690,test
dissimilarity,1691,test
dissimilarity,1696,test
dissimilarity,1699,test
dissimilarity,1743,test
dissimilarity,1744,test
dissimilarity,1746,test
dissimilarity,1765,test
dissimilarity,1778,test
dissimilarity,1834,test
dissimilarity,1838,test
dissimilarity,1839,test
dissimilarity,1854,test
dissimilarity,1855,test
dissimilarity,1858,test
dissimilarity,1859,test
dissimilarity,1860,test
dissimilarity,1864,test
dissimilarity,1880,test
dissimilarity,1892,test
source,1,train
source,2,train
source,3,train
source,4,train
source,5,train
source,6,train
source,7,train
source,8,train
source,9,train
source,10,train
source,11,train
source,12,train
source,13,train
source,14,train
source,15,train
source,16,train
source,17,train
source,18,train
source,19,train
source,20,train
source,21,train
source,22,train
source,24,train
source,25,train
source,26,train
source,27,train
source,28,train
source,29,train
source,30,train
source,31,train
source,32,train
source,33,train
source,34,train
source,35,train
source,36,train
source,37,train
source,38,train
source,39,train
source,40,train
source,41,train
source,42,train
source,43,train
source,44,train
source,45,train
source,46,train
source,47,train
source,48,train
source,49,train
source,50,train
source,51,train
source,52,train
source,53,train
source,54,train
source,55,train
source,56,train
source,57,train
source,58,train
source,59,train
source,60,train
source,61,train
source,62,train
source,63,train
source,64,train
source,65,train
source,66,train
source,67,train
source,68,train
source,69,train
source,70,train
source,71,train
source,72,train
source,73,train
source,74,train
source,75,train
source,76,train
source,77,train
source,78,train
source,79,train
source,80,train
source,81,train
source,82,train
source,83,train
source,84,train
source,85,train
source,86,train
source,87,train
source,88,train
source,89,train
source,90,train
source,91,train
source,92,train
source,93,train
source,94,train
source,95,train
source,96,train
source,97,train
source,98,train
source,99,train
source,100,train
source,101,train
source,102,train
source,103,train
source,104,train
source,105,train
source,106,train
source,107,train
source,108,train
source,109,train
source,110,train
source,111,train
source,112,train
source,113,train
source,114,train
source,115,train
source,116,train
source,117,train
source,118,train
source,119,train
source,120,train
source,121,train
source,122,train
source,123,train
source,124,train
source,125,train
source,126,train
source,127,train
source,128,train
source,129,train
source,130,train
source,131,train
source,132,train
source,133,train
source,134,train
source,135,train
source,136,train
source,137,train
source,138,train
source,139,train
source,140,train
source,141,train
source,142,train
source,143,train
source,144,train
source,145,train
source,146,train
source,147,train
source,148,train
source,149,train
source,150,train
source,151,train
source,152,train
source,153,train
source,154,train
source,155,train
source,156,train
source,157,train
source,158,train
source,159,train
source,160,train
source,161,train
source,162,train
source,163,train
source,164,train
source,165,train
source,166,train
source,167,train
source,168,train
source,169,train
source,170,train
source,171,train
source,172,train
source,173,train
source,174,train
source,175,train
source,176,train
source,177,train
source,178,train
source,179,train
source,180,train
source,181,train
source,182,train
source,183,train
source,184,train
source,185,train
source,186,train
source,187,train
source,188,train
source,189,train
source,190,train
source,191,train
source,192,train
source,193,train
source,194,train
source,195,train
source,196,train
source,197,train
source,198,train
source,199,train
source,200,train
source,201,train
source,202,train
source,203,train
source,204,train
source,205,train
source,206,train
source,207,train
source,208,train
source,209,train
source,210,train
source,211,train
source,212,train
source,213,train
source,214,train
source,215,train
source,216,train
source,217,train
source,218,train
source,219,train
source,220,train
source,221,train
source,222,train
source,223,train
source,224,train
source,225,train
source,226,train
source,227,train
source,228,train
source,229,train
source,230,train
source,231,train
source,232,train
source,233,train
source,234,train
source,235,train
source,236,train
source,237,train
source,238,train
source,239,train
source,240,train
source,241,train
source,242,train
source,243,train
source,244,train
source,245,train
source,246,train
source,247,train
source,248,train
source,249,train
source,250,train
source,251,train
source,252,train
source,253,train
source,255,train
source,256,train
source,257,train
source,258,train
source,259,train
source,260,train
source,261,train
source,262,train
source,263,train
source,264,train
source,265,train
source,266,train
source,267,train
source,268,train
source,269,train
source,270,train
source,271,train
source,272,train
source,273,train
source,274,train
source,275,train
source,276,train
source,277,train
source,278,train
source,279,train
source,280,train
source,284,train
source,285,train
source,286,train
source,287,train
source,288,train
source,289,train
source,290,train
source,291,train
source,292,train
source,293,train
source,294,train
source,295,train
source,296,train
source,297,train
source,298,train
source,299,train
source,300,train
source,301,train
source,302,train
source,303,train
source,304,train
source,305,train
source,306,train
source,307,train
source,308,train
source,309,train
source,310,train
source,311,train
source,312,train
source,313,train
source,314,train
source,315,train
source,316,train
source,317,train
source,318,train
source,319,train
source,320,train
source,321,train
source,322,train
source,323,train
source,324,train
source,325,train
source,326,train
source,327,train
source,328,train
source,329,train
source,330,train
source,334,train
source,335,train
source,336,train
source,337,train
source,338,train
source,339,train
source,340,train
source,341,train
source,342,train
source,343,train
source,344,train
source,345,train
source,346,train
source,347,train
source,348,train
source,349,train
source,350,train
source,351,train
source,354,train
source,355,train
source,356,train
source,357,train
source,358,train
source,359,train
source,360,train
source,361,train
source,362,train
source,363,train
source,364,train
source,365,train
source,366,train
source,367,train
source,368,train
source,369,train
source,372,train
source,373,train
source,374,train
source,375,train
source,376,train
source,377,train
source,378,train
source,379,train
source,380,train
source,381,train
source,382,train
source,383,train
source,384,train
source,385,train
source,386,train
source,387,train
source,388,train
source,389,train
source,390,train
source,391,train
source,392,train
source,393,train
source,394,train
source,395,train
source,396,train
source,397,train
source,398,train
source,399,train
source,400,train
source,401,train
source,402,train
source,403,train
source,404,train
source,405,train
source,406,train
source,407,train
source,408,train
source,410,train
source,411,train
source,412,train
source,413,train
source,414,train
source,415,train
source,416,train
source,417,train
source,418,train
source,419,train
source,420,train
source,421,train
source,422,train
source,423,train
source,424,train
source,425,train
source,426,train
source,427,train
source,428,train
source,429,train
source,430,train
source,431,train
source,432,train
source,433,train
source,434,train
source,435,train
source,436,train
source,437,train
source,438,train
source,439,train
source,449,train
source,450,train
source,451,train
source,452,train
source,453,train
source,454,train
source,455,train
source,456,train
source,457,train
source,458,train
source,459,train
source,460,train
source,461,train
source,462,train
source,463,train
source,464,train
source,466,train
source,467,train
source,468,train
source,469,train
source,473,train
source,474,train
source,475,train
source,476,train
source,477,train
source,478,train
source,479,train
source,480,train
source,482,train
source,483,train
source,484,train
source,485,train
source,486,train
source,487,train
source,488,train
source,489,train
source,490,train
source,491,train
source,492,train
source,493,train
source,494,train
source,495,train
source,497,train
source,498,train
source,499,train
source,500,train
source,501,train
source,502,train
source,503,train
source,504,train
source,505,train
source,506,train
source,507,train
source,508,train
source,509,train
source,510,train
source,511,train
source,512,train
source,513,train
source,514,train
source,515,train
source,516,train
source,517,train
source,518,train
source,519,train
source,520,train
source,521,train
source,522,train
source,523,train
source,524,train
source,525,train
source,526,train
source,527,train
source,528,train
source,529,train
source,530,train
source,531,train
source,532,train
source,533,train
source,534,train
source,535,train
source,536,train
source,537,train
source,538,train
source,539,train
source,540,train
source,541,train
source,542,train
source,543,train
source,544,train
source,545,train
source,546,train
source,547,train
source,548,train
source,549,train
source,550,train
source,551,train
source,552,train
source,553,train
source,554,train
source,555,train
source,556,train
source,557,train
source,558,train
source,559,train
source,560,train
source,561,train
source,562,train
source,563,train
source,564,train
source,565,train
source,566,train
source,567,train
source,568,train
source,569,train
source,570,train
source,571,train
source,572,train
source,573,train
source,574,train
source,575,train
source,576,train
source,578,train
source,580,train
source,581,train
source,582,train
source,583,train
source,584,train
source,585,train
source,586,train
source,587,train
source,588,train
source,589,train
source,590,train
source,591,train
source,592,train
source,593,train
source,594,train
source,595,train
source,596,train
source,597,train
source,598,train
source,599,train
source,600,train
source,601,train
source,602,train
source,603,train
source,604,train
source,605,train
source,606,train
source,607,train
source,608,train
source,609,train
source,610,train
source,611,train
source,612,train
source,613,train
source,614,train
source,615,train
source,616,train
source,617,train
source,618,train
source,619,train
source,620,train
source,621,train
source,622,train
source,623,train
source,624,train
source,625,train
source,626,train
source,627,train
source,628,train
source,629,train
source,630,train
source,631,train
source,632,train
source,633,train
source,634,train
source,635,train
source,636,train
source,637,train
source,638,train
source,639,train
source,640,train
source,641,train
source,642,train
source,643,train
source,644,train
source,645,train
source,646,train
source,647,train
source,648,train
source,649,train
source,650,train
source,651,train
source,652,train
source,653,train
source,654,train
source,655,train
source,656,train
source,657,train
source,658,train
source,659,train
source,660,train
source,661,train
source,662,train
source,663,train
source,664,train
source,665,train
source,666,train
source,667,train
source,668,train
source,669,train
source,670,train
source,671,train
source,672,train
source,673,train
source,674,train
source,675,train
source,676,train
source,677,train
source,678,train
source,679,train
source,680,train
source,681,train
source,682,train
source,683,train
source,684,train
source,685,train
source,686,train
source,687,train
source,688,train
source,689,train
source,690,train
source,691,train
source,692,train
source,693,train
source,694,train
source,695,train
source,696,train
source,697,train
source,698,train
source,699,train
source,700,train
source,701,train
source,702,train
source,703,train
source,704,train
source,709,train
source,710,train
source,711,train
source,712,train
source,713,train
source,714,train
source,715,train
source,716,train
source,717,train
source,718,train
source,719,train
source,720,train
source,721,train
source,722,train
source,723,train
source,724,train
source,725,train
source,726,train
source,727,train
source,728,train
source,729,train
source,730,train
source,731,train
source,732,train
source,733,train
source,734,train
source,735,train
source,736,train
source,737,train
source,738,train
source,739,train
source,740,train
source,741,train
source,742,train
source,743,train
source,744,train
source,745,train
source,746,train
source,747,train
source,748,train
source,749,train
source,750,train
source,751,train
source,752,train
source,753,train
source,754,train
source,755,train
source,760,train
source,761,train
source,762,train
source,763,train
source,764,train
source,765,train
source,766,train
source,767,train
source,768,train
source,769,train
source,770,train
source,771,train
source,772,train
source,773,train
source,774,train
source,775,train
source,776,train
source,777,train
source,778,train
source,779,train
source,780,train
source,781,train
source,782,train
source,783,train
source,784,train
source,785,train
source,786,train
source,787,train
source,788,train
source,789,train
source,790,train
source,791,train
source,792,train
source,793,train
source,794,train
source,795,train
source,796,train
source,797,train
source,798,train
source,799,train
source,800,train
source,801,train
source,802,train
source,803,train
source,808,train
source,809,train
source,810,train
source,811,train
source,812,train
source,813,train
source,814,train
source,815,train
source,816,train
source,817,train
source,818,train
source,819,train
source,820,train
source,823,train
source,824,train
source,826,train
source,827,train
source,828,train
source,829,train
source,830,train
source,831,train
source,832,train
source,833,train
source,834,train
source,835,train
source,836,train
source,837,train
source,838,train
source,839,train
source,840,train
source,841,train
source,842,train
source,843,train
source,845,train
source,847,train
source,849,train
source,850,train
source,852,train
source,853,train
source,854,train
source,855,train
source,856,train
source,857,train
source,858,train
source,859,train
source,860,train
source,861,train
source,862,train
source,863,train
source,864,train
source,865,train
source,866,train
source,867,train
source,868,train
source,869,train
source,870,train
source,871,train
source,872,train
source,873,train
source,874,train
source,875,train
source,876,train
source,877,train
source,878,train
source,879,train
source,880,train
source,881,train
source,882,train
source,883,train
source,884,train
source,885,train
source,886,train
source,889,train
source,890,train
source,891,train
source,892,train
source,893,train
source,894,train
source,895,train
source,896,train
source,897,train
source,898,train
source,899,train
source,900,train
source,901,train
source,902,train
source,903,train
source,904,train
source,907,train
source,908,train
source,909,train
source,910,train
source,911,train
source,912,train
source,913,train
source,914,train
source,915,train
source,916,train
source,920,train
source,921,train
source,922,train
source,923,train
source,924,train
source,925,train
source,926,train
source,927,train
source,928,train
source,929,train
source,930,train
source,934,train
source,935,train
source,936,train
source,937,train
source,938,train
source,939,train
source,940,train
source,941,train
source,942,train
source,943,train
source,944,train
source,945,train
source,946,train
source,952,train
source,953,train
source,954,train
source,955,train
source,956,train
source,957,train
source,958,train
source,959,train
source,960,train
source,961,train
source,962,train
source,963,train
source,964,train
source,965,train
source,966,train
source,967,train
source,968,train
source,969,train
source,970,train
source,971,train
source,972,train
source,973,train
source,974,train
source,975,train
source,976,train
source,977,train
source,978,train
source,979,train
source,980,train
source,981,train
source,982,train
source,983,train
source,984,train
source,985,train
source,986,train
source,987,train
source,988,train
source,989,train
source,990,train
source,991,train
source,992,train
source,993,train
source,994,train
source,995,train
source,996,train
source,997,train
source,998,train
source,1002,train
source,1003,train
source,1005,train
source,1009,train
source,1010,train
source,1011,train
source,1012,train
source,1013,train
source,1014,train
source,1015,train
source,1016,train
source,1017,train
source,1018,train
source,1019,train
source,1020,train
source,1021,train
source,1022,train
source,1023,train
source,1024,train
source,1025,train
source,1026,train
source,1027,train
source,1028,train
source,1029,train
source,1030,train
source,1031,train
source,1032,train
source,1033,train
source,1034,train
source,1035,train
source,1036,train
source,1037,train
source,1038,train
source,1039,train
source,1040,train
source,1041,train
source,1042,train
source,1043,train
source,1044,train
source,1045,train
source,1046,train
source,1047,train
source,1048,train
source,1050,train
source,1051,train
source,1052,train
source,1053,train
source,1054,train
source,1055,train
source,1056,train
source,1057,train
source,1058,train
source,1059,train
source,1060,train
source,1061,train
source,1062,train
source,1063,train
source,1064,train
source,1065,train
source,1066,train
source,1067,train
source,1068,train
source,1069,train
source,1070,train
source,1071,train
source,1072,train
source,1073,train
source,1074,train
source,1075,train
source,1076,train
source,1077,train
source,1078,train
source,1079,train
source,1080,train
source,1081,train
source,1082,train
source,1083,train
source,1084,train
source,1085,train
source,1086,train
source,1087,train
source,1088,train
source,1089,train
source,1090,train
source,1091,train
source,1092,train
source,1094,train
source,1095,train
source,1096,train
source,1097,train
source,1098,train
source,1099,train
source,1100,train
source,1101,train
source,1102,train
source,1103,train
source,1104,train
source,1105,train
source,1106,train
source,1107,train
source,1108,train
source,1109,train
source,1110,train
source,1111,train
source,1112,train
source,1113,train
source,1114,train
source,1115,train
source,1116,train
source,1117,train
source,1118,train
source,1119,train
source,1120,train
source,1121,train
source,1122,train
source,1123,train
source,1124,train
source,1126,train
source,1131,train
source,1132,train
source,1133,train
source,1135,train
source,1136,train
source,1141,train
source,1143,train
source,1152,train
source,1153,train
source,1154,train
source,1155,train
source,1156,train
source,1157,train
source,1158,train
source,1159,train
source,1160,train
source,1161,train
source,1162,train
source,1163,train
source,1164,train
source,1165,train
source,1166,train
source,1167,train
source,1168,train
source,1169,train
source,1170,train
source,1171,train
source,1172,train
source,1173,train
source,1174,train
source,1175,train
source,1176,train
source,1177,train
source,1178,train
source,1179,train
source,1180,train
source,1181,train
source,1182,train
source,1183,train
source,1185,train
source,1186,train
source,1187,train
source,1188,train
source,1189,train
source,1190,train
source,1191,train
source,1192,train
source,1193,train
source,1194,train
source,1195,train
source,1196,train
source,1197,train
source,1198,train
source,1199,train
source,1202,train
source,1203,train
source,1204,train
source,1205,train
source,1206,train
source,1207,train
source,1208,train
source,1209,train
source,1210,train
source,1211,train
source,1212,train
source,1213,train
source,1214,train
source,1215,train
source,1216,train
source,1217,train
source,1218,train
source,1219,train
source,1220,train
source,1221,train
source,1222,train
source,1223,train
source,1224,train
source,1225,train
source,1226,train
source,1227,train
source,1228,train
source,1229,train
source,1232,train
source,1233,train
source,1234,train
source,1235,train
source,1236,train
source,1237,train
source,1238,train
source,1239,train
source,1240,train
source,1241,train
source,1242,train
source,1243,train
source,1244,train
source,1245,train
source,1246,train
source,1247,train
source,1248,train
source,1249,train
source,1250,train
source,1251,train
source,1252,train
source,1253,train
source,1254,train
source,1255,train
source,1256,train
source,1257,train
source,1258,train
source,1259,train
source,1260,train
source,1261,train
source,1262,train
source,1263,train
source,1264,train
source,1265,train
source,1266,train
source,1267,train
source,1268,train
source,1269,train
source,1270,train
source,1271,train
source,1272,train
source,1273,train
source,1274,train
source,1275,train
source,1276,train
source,1277,train
source,1278,train
source,1279,train
source,1280,train
source,1281,train
source,1282,train
source,1283,train
source,1284,train
source,1285,train
source,1286,train
source,1287,train
source,1288,train
source,1289,train
source,1290,train
source,1291,train
source,1292,train
source,1293,train
source,1294,train
source,1295,train
source,1296,train
source,1297,train
source,1298,train
source,1299,train
source,1300,train
source,1301,train
source,1302,train
source,1303,train
source,1304,train
source,1305,train
source,1306,train
source,1307,train
source,1308,train
source,1309,train
source,1310,train
source,1311,train
source,1312,train
source,1313,train
source,1314,train
source,1315,train
source,1316,train
source,1317,train
source,1318,train
source,1319,train
source,1320,train
source,1321,train
source,1325,train
source,1326,train
source,1327,train
source,1328,train
source,1329,train
source,1330,train
source,1331,train
source,1332,train
source,1333,train
source,1334,train
source,1335,train
source,1336,train
source,1337,train
source,1338,train
source,1339,train
source,1340,train
source,1341,train
source,1342,train
source,1343,train
source,1344,train
source,1345,train
source,1346,train
source,1347,train
source,1348,train
source,1349,train
source,1350,train
source,1351,train
source,1352,train
source,1353,train
source,1354,train
source,1355,train
source,1356,train
source,1357,train
source,1358,train
source,1359,train
source,1360,train
source,1361,train
source,1362,train
source,1363,train
source,1364,train
source,1365,train
source,1366,train
source,1367,train
source,1368,train
source,1369,train
source,1370,train
source,1371,train
source,1372,train
source,1373,train
source,1374,train
source,1375,train
source,1376,train
source,1377,train
source,1378,train
source,1379,train
source,1380,train
source,1381,train
source,1382,train
source,1383,train
source,1384,train
source,1385,train
source,1386,train
source,1387,train
source,1388,train
source,1389,train
source,1390,train
source,1391,train
source,1392,train
source,1393,train
source,1394,train
source,1395,train
source,1396,train
source,1397,train
source,1398,train
source,1399,train
source,1400,train
source,1401,train
source,1402,train
source,1403,train
source,1404,train
source,1405,train
source,1406,train
source,1407,train
source,1408,train
source,1409,train
source,1410,train
source,1411,train
source,1412,train
source,1413,train
source,1414,train
source,1415,train
source,1416,train
source,1417,train
source,1418,train
source,1419,train
source,1420,train
source,1421,train
source,1422,train
source,1423,train
source,1424,train
source,1425,train
source,1426,train
source,1427,train
source,1428,train
source,1429,train
source,1430,train
source,1431,train
source,1432,train
source,1433,train
source,1434,train
source,1435,train
source,1436,train
source,1437,train
source,1438,train
source,1439,train
source,1440,train
source,1441,train
source,1442,train
source,1443,train
source,1444,train
source,1445,train
source,1446,train
source,1447,train
source,1448,train
source,1449,train
source,1450,train
source,1451,train
source,1452,train
source,1453,train
source,1454,train
source,1455,train
source,1456,train
source,1457,train
source,1458,train
source,1459,train
source,1460,train
source,1461,train
source,1464,train
source,1465,train
source,1466,train
source,1467,train
source,1468,train
source,1469,train
source,1475,train
source,1476,train
source,1477,train
source,1478,train
source,1479,train
source,1480,train
source,1481,train
source,1482,train
source,1483,train
source,1484,train
source,1485,train
source,1486,train
source,1487,train
source,1488,train
source,1489,train
source,1490,train
source,1495,train
source,1496,train
source,1497,train
source,1498,train
source,1499,train
source,1500,train
source,1502,train
source,1503,train
source,1504,train
source,1505,train
source,1506,train
source,1507,train
source,1508,train
source,1509,train
source,1510,train
source,1511,train
source,1512,train
source,1529,train
source,1530,train
source,1531,train
source,1532,train
source,1533,train
source,1534,train
source,1535,train
source,1536,train
source,1537,train
source,1538,train
source,1541,train
source,1542,train
source,1543,train
source,1544,train
source,1549,train
source,1550,train
source,1551,train
source,1552,train
source,1553,train
source,1554,train
source,1555,train
source,1556,train
source,1557,train
source,1558,train
source,1559,train
source,1565,train
source,1566,train
source,1567,train
source,1568,train
source,1569,train
source,1570,train
source,1571,train
source,1572,train
source,1573,train
source,1574,train
source,1575,train
source,1576,train
source,1577,train
source,1578,train
source,1579,train
source,1580,train
source,1581,train
source,1582,train
source,1583,train
source,1593,train
source,1594,train
source,1595,train
source,1596,train
source,1597,train
source,1598,train
source,1599,train
source,1600,train
source,1601,train
source,1602,train
source,1603,train
source,1604,train
source,1605,train
source,1606,train
source,1607,train
source,1608,train
source,1609,train
source,1610,train
source,1613,train
source,1614,train
source,1615,train
source,1616,train
source,1617,train
source,1618,train
source,1619,train
source,1620,train
source,1621,train
source,1622,train
source,1623,train
source,1624,train
source,1625,train
source,1626,train
source,1627,train
source,1628,train
source,1629,train
source,1630,train
source,1631,train
source,1632,train
source,1633,train
source,1634,train
source,1635,train
source,1636,train
source,1637,train
source,1638,train
source,1639,train
source,1643,train
source,1644,train
source,1645,train
source,1646,train
source,1648,train
source,1649,train
source,1650,train
source,1651,train
source,1652,train
source,1653,train
source,1654,train
source,1655,train
source,1656,train
source,1657,train
source,1658,train
source,1659,train
source,1660,train
source,1661,train
source,1662,train
source,1663,train
source,1664,train
source,1665,train
source,1666,train
source,1667,train
source,1668,train
source,1669,train
source,1670,train
source,1671,train
source,1672,train
source,1673,train
source,1674,train
source,1675,train
source,1676,train
source,1677,train
source,1678,train
source,1679,train
source,1680,train
source,1681,train
source,1682,train
source,1683,train
source,1684,train
source,1685,train
source,1686,train
source,1687,train
source,1688,train
source,1689,train
source,1694,train
source,1695,train
source,1702,train
source,1703,train
source,1704,train
source,1705,train
source,1706,train
source,1707,train
source,1708,train
source,1709,train
source,1710,train
source,1711,train
source,1712,train
source,1713,train
source,1714,train
source,1715,train
source,1716,train
source,1717,train
source,1718,train
source,1719,train
source,1720,train
source,1721,train
source,1722,train
source,1723,train
source,1724,train
source,1725,train
source,1726,train
source,1727,train
source,1728,train
source,1729,train
source,1730,train
source,1731,train
source,1732,train
source,1733,train
source,1734,train
source,1735,train
source,1736,train
source,1737,train
source,1738,train
source,1739,train
source,1740,train
source,1747,train
source,1748,train
source,1749,train
source,1750,train
source,1751,train
source,1752,train
source,1753,train
source,1754,train
source,1755,train
source,1756,train
source,1757,train
source,1758,train
source,1759,train
source,1760,train
source,1761,train
source,1762,train
source,1763,train
source,1764,train
source,1766,train
source,1767,train
source,1768,train
source,1769,train
source,1770,train
source,1771,train
source,1772,train
source,1773,train
source,1774,train
source,1775,train
source,1776,train
source,1777,train
source,1779,train
source,1780,train
source,1781,train
source,1782,train
source,1783,train
source,1784,train
source,1785,train
source,1786,train
source,1787,train
source,1788,train
source,1789,train
source,1790,train
source,1791,train
source,1792,train
source,1793,train
source,1794,train
source,1795,train
source,1796,train
source,1797,train
source,1798,train
source,1799,train
source,1800,train
source,1801,train
source,1802,train
source,1803,train
source,1804,train
source,1805,train
source,1806,train
source,1807,train
source,1808,train
source,1809,train
source,1810,train
source,1811,train
source,1812,train
source,1813,train
source,1814,train
source,1815,train
source,1816,train
source,1817,train
source,1818,train
source,1819,train
source,1820,train
source,1821,train
source,1826,train
source,1827,train
source,1828,train
source,1829,train
source,1830,train
source,1831,train
source,1832,train
source,1833,train
source,1840,train
source,1841,train
source,1842,train
source,1843,train
source,1844,train
source,1845,train
source,1846,train
source,1847,train
source,1848,train
source,1849,train
source,1850,train
source,1851,train
source,1852,train
source,1853,train
source,1854,train
source,1855,train
source,1856,train
source,1857,train
source,1858,train
source,1859,train
source,1860,train
source,1861,train
source,1862,train
source,1863,train
source,1864,train
source,1865,train
source,1866,train
source,1867,train
source,1868,train
source,1869,train
source,1870,train
source,1871,train
source,1872,train
source,1873,train
source,1874,train
source,1875,train
source,1876,train
source,1877,train
source,1878,train
source,1879,train
source,1880,train
source,1881,train
source,1882,train
source,1883,train
source,1884,train
source,1885,train
source,1886,train
source,1887,train
source,1888,train
source,1889,train
source,1890,train
source,1891,train
source,1892,train
source,1893,train
source,1894,train
source,1895,train
source,1896,train
source,1897,train
source,1898,train
source,1899,train
source,1902,train
source,1903,train
source,1904,train
source,1905,train
source,1906,train
source,1907,train
source,0,test
source,23,test
source,254,test
source,281,test
source,282,test
source,283,test
source,331,test
source,332,test
source,333,test
source,352,test
source,353,test
source,370,test
source,371,test
source,409,test
source,440,test
source,441,test
source,442,test
source,443,test
source,444,test
source,445,test
source,446,test
source,447,test
source,448,test
source,465,test
source,470,test
source,471,test
source,472,test
source,481,test
source,496,test
source,577,test
source,579,test
source,705,test
source,706,test
source,707,test
source,708,test
source,756,test
source,757,test
source,758,test
source,759,test
source,804,test
source,805,test
source,806,test
source,807,test
source,821,test
source,822,test
source,825,test
source,844,test
source,846,test
source,848,test
source,851,test
source,887,test
source,888,test
source,905,test
source,906,test
source,917,test
source,918,test
source,919,test
source,931,test
source,932,test
source,933,test
source,947,test
source,948,test
source,949,test
source,950,test
source,951,test
source,999,test
source,1000,test
source,1001,test
source,1004,test
source,1006,test
source,1007,test
source,1008,test
source,1049,test
source,1093,test
source,1125,test
source,1127,test
source,1128,test
source,1129,test
source,1130,test
source,1134,test
source,1137,test
source,1138,test
source,1139,test
source,1140,test
source,1142,test
source,1144,test
source,1145,test
source,1146,test
source,1147,test
source,1148,test
source,1149,test
source,1150,test
source,1151,test
source,1184,test
source,1200,test
source,1201,test
source,1230,test
source,1231,test
source,1322,test
source,1323,test
source,1324,test
source,1462,test
source,1463,test
source,1470,test
source,1471,test
source,1472,test
source,1473,test
source,1474,test
source,1491,test
source,1492,test
source,1493,test
source,1494,test
source,1501,test
source,1513,test
source,1514,test
source,1515,test
source,1516,test
source,1517,test
source,1518,test
source,1519,test
source,1520,test
source,1521,test
source,1522,test
source,1523,test
source,1524,test
source,1525,test
source,1526,test
source,1527,test
source,1528,test
source,1539,test
source,1540,test
source,1545,test
source,1546,test
source,1547,test
source,1548,test
source,1560,test
source,1561,test
source,1562,test
source,1563,test
source,1564,test
source,1584,test
source,1585,test
source,1586,test
source,1587,test
source,1588,test
source,1589,test
source,1590,test
source,1591,test
source,1592,test
source,1611,test
source,1612,test
source,1640,test
source,1641,test
source,1642,test
source,1647,test
source,1690,test
source,1691,test
source,1692,test
source,1693,test
source,1696,test
source,1697,test
source,1698,test
source,1699,test
source,1700,test
source,1701,test
source,1741,test
source,1742,test
source,1743,test
source,1744,test
source,1745,test
source,1746,test
source,1765,test
source,1778,test
source,1822,test
source,1823,test
source,1824,test
source,1825,test
source,1834,test
source,1835,test
source,1836,test
source,1837,test
source,1838,test
source,1839,test
source,1900,test
source,1901,test
source,1908,test
source,1909,test
source,1910,test
