design,partition,compound_index,role
stratified,1,0,train
stratified,1,1,train
stratified,1,2,train
stratified,1,3,train
stratified,1,4,train
stratified,1,5,train
stratified,1,6,train
stratified,1,7,train
stratified,1,8,train
stratified,1,9,train
stratified,1,10,train
stratified,1,11,train
stratified,1,13,train
stratified,1,14,train
stratified,1,16,train
stratified,1,17,train
stratified,1,18,train
stratified,1,19,train
stratified,1,20,train
stratified,1,21,train
stratified,1,22,train
stratified,1,23,train
stratified,1,25,train
stratified,1,26,train
stratified,1,27,train
stratified,1,28,train
stratified,1,29,train
stratified,1,30,train
stratified,1,31,train
stratified,1,32,train
stratified,1,33,train
stratified,1,34,train
stratified,1,35,train
stratified,1,36,train
stratified,1,37,train
stratified,1,38,train
stratified,1,39,train
stratified,1,40,train
stratified,1,41,train
stratified,1,42,train
stratified,1,43,train
stratified,1,44,train
stratified,1,45,train
stratified,1,46,train
stratified,1,47,train
stratified,1,48,train
stratified,1,49,train
stratified,1,50,train
stratified,1,51,train
stratified,1,52,train
stratified,1,53,train
stratified,1,54,train
stratified,1,55,train
stratified,1,56,train
stratified,1,57,train
stratified,1,58,train
stratified,1,59,train
stratified,1,60,train
stratified,1,61,train
stratified,1,62,train
stratified,1,64,train
stratified,1,66,train
stratified,1,67,train
stratified,1,68,train
stratified,1,69,train
stratified,1,70,train
stratified,1,71,train
stratified,1,72,train
stratified,1,75,train
stratified,1,76,train
stratified,1,77,train
stratified,1,78,train
stratified,1,79,train
stratified,1,80,train
stratified,1,81,train
stratified,1,82,train
stratified,1,83,train
stratified,1,84,train
stratified,1,85,train
stratified,1,86,train
stratified,1,87,train
stratified,1,90,train
stratified,1,92,train
stratified,1,93,train
stratified,1,94,train
stratified,1,95,train
stratified,1,96,train
stratified,1,97,train
stratified,1,98,train
stratified,1,99,train
stratified,1,100,train
stratified,1,101,train
stratified,1,102,train
stratified,1,104,train
stratified,1,105,train
stratified,1,106,train
stratified,1,107,train
stratified,1,108,train
stratified,1,109,train
stratified,1,110,train
stratified,1,111,train
stratified,1,112,train
stratified,1,113,train
stratified,1,114,train
stratified,1,115,train
stratified,1,116,train
stratified,1,117,train
stratified,1,118,train
stratified,1,119,train
stratified,1,120,train
stratified,1,121,train
stratified,1,122,train
stratified,1,123,train
stratified,1,124,train
stratified,1,125,train
stratified,1,126,train
stratified,1,127,train
stratified,1,128,train
stratified,1,129,train
stratified,1,130,train
stratified,1,131,train
stratified,1,133,train
stratified,1,134,train
stratified,1,135,train
stratified,1,136,train
stratified,1,137,train
stratified,1,138,train
stratified,1,140,train
stratified,1,141,train
stratified,1,142,train
stratified,1,143,train
stratified,1,144,train
stratified,1,145,train
stratified,1,146,train
stratified,1,147,train
stratified,1,148,train
stratified,1,149,train
stratified,1,150,train
stratified,1,151,train
stratified,1,152,train
stratified,1,153,train
stratified,1,154,train
stratified,1,155,train
stratified,1,156,train
stratified,1,157,train
stratified,1,158,train
stratified,1,159,train
stratified,1,163,train
stratified,1,164,train
stratified,1,165,train
stratified,1,166,train
stratified,1,167,train
stratified,1,168,train
stratified,1,169,train
stratified,1,170,train
stratified,1,171,train
stratified,1,172,train
stratified,1,173,train
stratified,1,174,train
stratified,1,175,train
stratified,1,176,train
stratified,1,177,train
stratified,1,178,train
stratified,1,179,train
stratified,1,180,train
stratified,1,181,train
stratified,1,182,train
stratified,1,183,train
stratified,1,184,train
stratified,1,185,train
stratified,1,186,train
stratified,1,187,train
stratified,1,188,train
stratified,1,189,train
stratified,1,190,train
stratified,1,192,train
stratified,1,193,train
stratified,1,194,train
stratified,1,195,train
stratified,1,197,train
stratified,1,198,train
stratified,1,199,train
stratified,1,201,train
stratified,1,202,train
stratified,1,203,train
stratified,1,204,train
stratified,1,205,train
stratified,1,206,train
stratified,1,208,train
stratified,1,209,train
stratified,1,210,train
stratified,1,211,train
stratified,1,213,train
stratified,1,214,train
stratified,1,215,train
stratified,1,216,train
stratified,1,217,train
stratified,1,218,train
stratified,1,219,train
stratified,1,220,train
stratified,1,221,train
stratified,1,222,train
stratified,1,223,train
stratified,1,225,train
stratified,1,226,train
stratified,1,228,train
stratified,1,229,train
stratified,1,230,train
stratified,1,231,train
stratified,1,232,train
stratified,1,233,train
stratified,1,234,train
stratified,1,236,train
stratified,1,237,train
stratified,1,238,train
stratified,1,239,train
stratified,1,240,train
stratified,1,241,train
stratified,1,242,train
stratified,1,244,train
stratified,1,245,train
stratified,1,246,train
stratified,1,247,train
stratified,1,248,train
stratified,1,249,train
stratified,1,250,train
stratified,1,251,train
stratified,1,252,train
stratified,1,253,train
stratified,1,255,train
stratified,1,256,train
stratified,1,257,train
stratified,1,258,train
stratified,1,259,train
stratified,1,260,train
stratified,1,261,train
stratified,1,262,train
stratified,1,263,train
stratified,1,264,train
stratified,1,265,train
stratified,1,266,train
stratified,1,267,train
stratified,1,268,train
stratified,1,269,train
stratified,1,270,train
stratified,1,271,train
stratified,1,272,train
stratified,1,273,train
stratified,1,274,train
stratified,1,275,train
stratified,1,276,train
stratified,1,277,train
stratified,1,278,train
stratified,1,280,train
stratified,1,281,train
stratified,1,282,train
stratified,1,283,train
stratified,1,285,train
stratified,1,286,train
stratified,1,287,train
stratified,1,288,train
stratified,1,289,train
stratified,1,290,train
stratified,1,291,train
stratified,1,292,train
stratified,1,293,train
stratified,1,294,train
stratified,1,295,train
stratified,1,296,train
stratified,1,297,train
stratified,1,298,train
stratified,1,299,train
stratified,1,300,train
stratified,1,301,train
stratified,1,302,train
stratified,1,303,train
stratified,1,304,train
stratified,1,305,train
stratified,1,306,train
stratified,1,307,train
stratified,1,308,train
stratified,1,309,train
stratified,1,310,train
stratified,1,311,train
stratified,1,312,train
stratified,1,313,train
stratified,1,314,train
stratified,1,315,train
stratified,1,316,train
stratified,1,317,train
stratified,1,318,train
stratified,1,319,train
stratified,1,320,train
stratified,1,321,train
stratified,1,322,train
stratified,1,323,train
stratified,1,324,train
stratified,1,325,train
stratified,1,326,train
stratified,1,327,train
stratified,1,328,train
stratified,1,331,train
stratified,1,332,train
stratified,1,333,train
stratified,1,334,train
stratified,1,335,train
stratified,1,336,train
stratified,1,338,train
stratified,1,339,train
stratified,1,340,train
stratified,1,341,train
stratified,1,343,train
stratified,1,344,train
stratified,1,345,train
stratified,1,346,train
stratified,1,347,train
stratified,1,348,train
stratified,1,349,train
stratified,1,350,train
stratified,1,351,train
stratified,1,352,train
stratified,1,353,train
stratified,1,354,train
stratified,1,355,train
stratified,1,356,train
stratified,1,357,train
stratified,1,358,train
stratified,1,359,train
stratified,1,360,train
stratified,1,361,train
stratified,1,362,train
stratified,1,363,train
stratified,1,364,train
stratified,1,365,train
stratified,1,366,train
stratified,1,367,train
stratified,1,368,train
stratified,1,369,train
stratified,1,370,train
stratified,1,371,train
stratified,1,372,train
stratified,1,373,train
stratified,1,374,train
stratified,1,375,train
stratified,1,376,train
stratified,1,378,train
stratified,1,379,train
stratified,1,380,train
stratified,1,381,train
stratified,1,382,train
stratified,1,383,train
stratified,1,384,train
stratified,1,386,train
stratified,1,387,train
stratified,1,388,train
stratified,1,389,train
stratified,1,390,train
stratified,1,391,train
stratified,1,392,train
stratified,1,393,train
stratified,1,394,train
stratified,1,395,train
stratified,1,396,train
stratified,1,397,train
stratified,1,398,train
stratified,1,399,train
stratified,1,400,train
stratified,1,401,train
stratified,1,402,train
stratified,1,404,train
stratified,1,405,train
stratified,1,406,train
stratified,1,408,train
stratified,1,409,train
stratified,1,410,train
stratified,1,411,train
stratified,1,413,train
stratified,1,414,train
stratified,1,415,train
stratified,1,417,train
stratified,1,418,train
stratified,1,419,train
stratified,1,420,train
stratified,1,421,train
stratified,1,422,train
stratified,1,423,train
stratified,1,424,train
stratified,1,426,train
stratified,1,427,train
stratified,1,428,train
stratified,1,429,train
stratified,1,430,train
stratified,1,431,train
stratified,1,432,train
stratified,1,433,train
stratified,1,434,train
stratified,1,435,train
stratified,1,436,train
stratified,1,437,train
stratified,1,438,train
stratified,1,440,train
stratified,1,441,train
stratified,1,442,train
stratified,1,443,train
stratified,1,444,train
stratified,1,445,train
stratified,1,446,train
stratified,1,447,train
stratified,1,448,train
stratified,1,449,train
stratified,1,450,train
stratified,1,451,train
stratified,1,452,train
stratified,1,454,train
stratified,1,455,train
stratified,1,456,train
stratified,1,457,train
stratified,1,458,train
stratified,1,459,train
stratified,1,460,train
stratified,1,461,train
stratified,1,462,train
stratified,1,463,train
stratified,1,464,train
stratified,1,465,train
stratified,1,466,train
stratified,1,467,train
stratified,1,468,train
stratified,1,469,train
stratified,1,470,train
stratified,1,471,train
stratified,1,472,train
stratified,1,473,train
stratified,1,475,train
stratified,1,477,train
stratified,1,478,train
stratified,1,479,train
stratified,1,480,train
stratified,1,481,train
stratified,1,482,train
stratified,1,484,train
stratified,1,485,train
stratified,1,486,train
stratified,1,488,train
stratified,1,489,train
stratified,1,490,train
stratified,1,491,train
stratified,1,492,train
stratified,1,493,train
stratified,1,494,train
stratified,1,495,train
stratified,1,496,train
stratified,1,497,train
stratified,1,498,train
stratified,1,499,train
stratified,1,501,train
stratified,1,502,train
stratified,1,505,train
stratified,1,506,train
stratified,1,507,train
stratified,1,508,train
stratified,1,509,train
stratified,1,510,train
stratified,1,511,train
stratified,1,512,train
stratified,1,513,train
stratified,1,514,train
stratified,1,516,train
stratified,1,517,train
stratified,1,518,train
stratified,1,519,train
stratified,1,520,train
stratified,1,521,train
stratified,1,522,train
stratified,1,523,train
stratified,1,524,train
stratified,1,526,train
stratified,1,527,train
stratified,1,528,train
stratified,1,529,train
stratified,1,530,train
stratified,1,531,train
stratified,1,532,train
stratified,1,533,train
stratified,1,534,train
stratified,1,536,train
stratified,1,537,train
stratified,1,538,train
stratified,1,539,train
stratified,1,540,train
stratified,1,542,train
stratified,1,543,train
stratified,1,544,train
stratified,1,545,train
stratified,1,546,train
stratified,1,547,train
stratified,1,549,train
stratified,1,551,train
stratified,1,552,train
stratified,1,553,train
stratified,1,555,train
stratified,1,556,train
stratified,1,557,train
stratified,1,558,train
stratified,1,559,train
stratified,1,560,train
stratified,1,561,train
stratified,1,562,train
stratified,1,564,train
stratified,1,565,train
stratified,1,566,train
stratified,1,567,train
stratified,1,568,train
stratified,1,569,train
stratified,1,570,train
stratified,1,571,train
stratified,1,572,train
stratified,1,573,train
stratified,1,575,train
stratified,1,576,train
stratified,1,577,train
stratified,1,578,train
stratified,1,579,train
stratified,1,580,train
stratified,1,581,train
stratified,1,582,train
stratified,1,583,train
stratified,1,584,train
stratified,1,585,train
stratified,1,586,train
stratified,1,587,train
stratified,1,588,train
stratified,1,589,train
stratified,1,590,train
stratified,1,591,train
stratified,1,592,train
stratified,1,594,train
stratified,1,595,train
stratified,1,596,train
stratified,1,597,train
stratified,1,598,train
stratified,1,599,train
stratified,1,600,train
stratified,1,601,train
stratified,1,602,train
stratified,1,603,train
stratified,1,604,train
stratified,1,605,train
stratified,1,606,train
stratified,1,608,train
stratified,1,609,train
stratified,1,610,train
stratified,1,611,train
stratified,1,612,train
stratified,1,613,train
stratified,1,614,train
stratified,1,615,train
stratified,1,616,train
stratified,1,617,train
stratified,1,619,train
stratified,1,620,train
stratified,1,621,train
stratified,1,622,train
stratified,1,623,train
stratified,1,624,train
stratified,1,625,train
stratified,1,626,train
stratified,1,627,train
stratified,1,629,train
stratified,1,630,train
stratified,1,631,train
stratified,1,632,train
stratified,1,633,train
stratified,1,635,train
stratified,1,637,train
stratified,1,638,train
stratified,1,639,train
stratified,1,640,train
stratified,1,642,train
stratified,1,644,train
stratified,1,645,train
stratified,1,646,train
stratified,1,647,train
stratified,1,648,train
stratified,1,649,train
stratified,1,650,train
stratified,1,651,train
stratified,1,652,train
stratified,1,653,train
stratified,1,654,train
stratified,1,656,train
stratified,1,657,train
stratified,1,658,train
stratified,1,659,train
stratified,1,660,train
stratified,1,661,train
stratified,1,662,train
stratified,1,663,train
stratified,1,664,train
stratified,1,665,train
stratified,1,666,train
stratified,1,667,train
stratified,1,668,train
stratified,1,669,train
stratified,1,670,train
stratified,1,671,train
stratified,1,672,train
stratified,1,673,train
stratified,1,674,train
stratified,1,676,train
stratified,1,677,train
stratified,1,678,train
stratified,1,679,train
stratified,1,680,train
stratified,1,681,train
stratified,1,682,train
stratified,1,683,train
stratified,1,684,train
stratified,1,685,train
stratified,1,686,train
stratified,1,687,train
stratified,1,688,train
stratified,1,689,train
stratified,1,690,train
stratified,1,691,train
stratified,1,692,train
stratified,1,693,train
stratified,1,694,train
stratified,1,695,train
stratified,1,696,train
stratified,1,697,train
stratified,1,698,train
stratified,1,699,train
stratified,1,700,train
stratified,1,701,train
stratified,1,702,train
stratified,1,703,train
stratified,1,704,train
stratified,1,705,train
stratified,1,706,train
stratified,1,707,train
stratified,1,708,train
stratified,1,709,train
stratified,1,710,train
stratified,1,711,train
stratified,1,712,train
stratified,1,713,train
stratified,1,714,train
stratified,1,715,train
stratified,1,716,train
stratified,1,717,train
stratified,1,718,train
stratified,1,719,train
stratified,1,721,train
stratified,1,722,train
stratified,1,723,train
stratified,1,724,train
stratified,1,725,train
stratified,1,726,train
stratified,1,728,train
stratified,1,729,train
stratified,1,730,train
stratified,1,731,train
stratified,1,732,train
stratified,1,733,train
stratified,1,734,train
stratified,1,735,train
stratified,1,736,train
stratified,1,737,train
stratified,1,738,train
stratified,1,739,train
stratified,1,740,train
stratified,1,741,train
stratified,1,742,train
stratified,1,743,train
stratified,1,744,train
stratified,1,745,train
stratified,1,746,train
stratified,1,747,train
stratified,1,748,train
stratified,1,751,train
stratified,1,753,train
stratified,1,754,train
stratified,1,755,train
stratified,1,756,train
stratified,1,757,train
stratified,1,758,train
stratified,1,759,train
stratified,1,760,train
stratified,1,761,train
stratified,1,762,train
stratified,1,763,train
stratified,1,764,train
stratified,1,765,train
stratified,1,766,train
stratified,1,767,train
stratified,1,768,train
stratified,1,769,train
stratified,1,770,train
stratified,1,772,train
stratified,1,773,train
stratified,1,774,train
stratified,1,775,train
stratified,1,776,train
stratified,1,777,train
stratified,1,778,train
stratified,1,779,train
stratified,1,780,train
stratified,1,781,train
stratified,1,782,train
stratified,1,783,train
stratified,1,784,train
stratified,1,785,train
stratified,1,786,train
stratified,1,787,train
stratified,1,788,train
stratified,1,789,train
stratified,1,790,train
stratified,1,792,train
stratified,1,793,train
stratified,1,794,train
stratified,1,795,train
stratified,1,796,train
stratified,1,797,train
stratified,1,798,train
stratified,1,800,train
stratified,1,801,train
stratified,1,802,train
stratified,1,804,train
stratified,1,805,train
stratified,1,806,train
stratified,1,807,train
stratified,1,808,train
stratified,1,809,train
stratified,1,810,train
stratified,1,811,train
stratified,1,812,train
stratified,1,813,train
stratified,1,814,train
stratified,1,815,train
stratified,1,816,train
stratified,1,817,train
stratified,1,818,train
stratified,1,820,train
stratified,1,821,train
stratified,1,822,train
stratified,1,823,train
stratified,1,824,train
stratified,1,825,train
stratified,1,826,train
stratified,1,827,train
stratified,1,828,train
stratified,1,829,train
stratified,1,830,train
stratified,1,831,train
stratified,1,833,train
stratified,1,835,train
stratified,1,836,train
stratified,1,837,train
stratified,1,838,train
stratified,1,839,train
stratified,1,840,train
stratified,1,841,train
stratified,1,842,train
stratified,1,843,train
stratified,1,845,train
stratified,1,847,train
stratified,1,848,train
stratified,1,850,train
stratified,1,851,train
stratified,1,852,train
stratified,1,853,train
stratified,1,854,train
stratified,1,856,train
stratified,1,857,train
stratified,1,858,train
stratified,1,859,train
stratified,1,860,train
stratified,1,861,train
stratified,1,862,train
stratified,1,863,train
stratified,1,865,train
stratified,1,866,train
stratified,1,867,train
stratified,1,868,train
stratified,1,869,train
stratified,1,870,train
stratified,1,871,train
stratified,1,872,train
stratified,1,873,train
stratified,1,874,train
stratified,1,875,train
stratified,1,876,train
stratified,1,878,train
stratified,1,879,train
stratified,1,880,train
stratified,1,881,train
stratified,1,882,train
stratified,1,883,train
stratified,1,884,train
stratified,1,885,train
stratified,1,886,train
stratified,1,887,train
stratified,1,888,train
stratified,1,889,train
stratified,1,890,train
stratified,1,891,train
stratified,1,892,train
stratified,1,893,train
stratified,1,894,train
stratified,1,895,train
stratified,1,896,train
stratified,1,897,train
stratified,1,898,train
stratified,1,899,train
stratified,1,900,train
stratified,1,901,train
stratified,1,902,train
stratified,1,903,train
stratified,1,904,train
stratified,1,905,train
stratified,1,906,train
stratified,1,907,train
stratified,1,909,train
stratified,1,910,train
stratified,1,911,train
stratified,1,912,train
stratified,1,913,train
stratified,1,914,train
stratified,1,915,train
stratified,1,916,train
stratified,1,917,train
stratified,1,918,train
stratified,1,920,train
stratified,1,922,train
stratified,1,923,train
stratified,1,924,train
stratified,1,925,train
stratified,1,926,train
stratified,1,929,train
stratified,1,930,train
stratified,1,932,train
stratified,1,933,train
stratified,1,934,train
stratified,1,935,train
stratified,1,936,train
stratified,1,937,train
stratified,1,938,train
stratified,1,939,train
stratified,1,940,train
stratified,1,941,train
stratified,1,942,train
stratified,1,943,train
stratified,1,944,train
stratified,1,945,train
stratified,1,946,train
stratified,1,947,train
stratified,1,948,train
stratified,1,949,train
stratified,1,950,train
stratified,1,951,train
stratified,1,952,train
stratified,1,953,train
stratified,1,954,train
stratified,1,955,train
stratified,1,956,train
stratified,1,957,train
stratified,1,958,train
stratified,1,959,train
stratified,1,960,train
stratified,1,961,train
stratified,1,962,train
stratified,1,963,train
stratified,1,964,train
stratified,1,965,train
stratified,1,966,train
stratified,1,967,train
stratified,1,968,train
stratified,1,969,train
stratified,1,970,train
stratified,1,971,train
stratified,1,972,train
stratified,1,974,train
stratified,1,975,train
stratified,1,976,train
stratified,1,977,train
stratified,1,978,train
stratified,1,979,train
stratified,1,981,train
stratified,1,982,train
stratified,1,983,train
stratified,1,984,train
stratified,1,985,train
stratified,1,986,train
stratified,1,987,train
stratified,1,989,train
stratified,1,990,train
stratified,1,991,train
stratified,1,992,train
stratified,1,993,train
stratified,1,994,train
stratified,1,995,train
stratified,1,996,train
stratified,1,997,train
stratified,1,998,train
stratified,1,999,train
stratified,1,1000,train
stratified,1,1001,train
stratified,1,1002,train
stratified,1,1003,train
stratified,1,1004,train
stratified,1,1006,train
stratified,1,1007,train
stratified,1,1008,train
stratified,1,1009,train
stratified,1,1010,train
stratified,1,1011,train
stratified,1,1012,train
stratified,1,1013,train
stratified,1,1014,train
stratified,1,1015,train
stratified,1,1016,train
stratified,1,1018,train
stratified,1,1019,train
stratified,1,1020,train
stratified,1,1021,train
stratified,1,1022,train
stratified,1,1023,train
stratified,1,1024,train
stratified,1,1025,train
stratified,1,1026,train
stratified,1,1027,train
stratified,1,1028,train
stratified,1,1029,train
stratified,1,1030,train
stratified,1,1031,train
stratified,1,1032,train
stratified,1,1033,train
stratified,1,1034,train
stratified,1,1035,train
stratified,1,1037,train
stratified,1,1038,train
stratified,1,1039,train
stratified,1,1040,train
stratified,1,1041,train
stratified,1,1042,train
stratified,1,1043,train
stratified,1,1045,train
stratified,1,1046,train
stratified,1,1047,train
stratified,1,1048,train
stratified,1,1050,train
stratified,1,1051,train
stratified,1,1052,train
stratified,1,1054,train
stratified,1,1055,train
stratified,1,1056,train
stratified,1,1057,train
stratified,1,1059,train
stratified,1,1060,train
stratified,1,1061,train
stratified,1,1062,train
stratified,1,1063,train
stratified,1,1064,train
stratified,1,1065,train
stratified,1,1066,train
stratified,1,1067,train
stratified,1,1069,train
stratified,1,1070,train
stratified,1,1071,train
stratified,1,1072,train
stratified,1,1073,train
stratified,1,1074,train
stratified,1,1075,train
stratified,1,1076,train
stratified,1,1077,train
stratified,1,1078,train
stratified,1,1079,train
stratified,1,1081,train
stratified,1,1083,train
stratified,1,1084,train
stratified,1,1085,train
stratified,1,1086,train
stratified,1,1087,train
stratified,1,1088,train
stratified,1,1089,train
stratified,1,1090,train
stratified,1,1091,train
stratified,1,1092,train
stratified,1,1093,train
stratified,1,1096,train
stratified,1,1097,train
stratified,1,1098,train
stratified,1,1099,train
stratified,1,1100,train
stratified,1,1101,train
stratified,1,1102,train
stratified,1,1103,train
stratified,1,1104,train
stratified,1,1105,train
stratified,1,1106,train
stratified,1,1107,train
stratified,1,1108,train
stratified,1,1109,train
stratified,1,1111,train
stratified,1,1112,train
stratified,1,1113,train
stratified,1,1114,train
stratified,1,1115,train
stratified,1,1117,train
stratified,1,1118,train
stratified,1,1119,train
stratified,1,1120,train
stratified,1,1121,train
stratified,1,1122,train
stratified,1,1124,train
stratified,1,1125,train
stratified,1,1126,train
stratified,1,1127,train
stratified,1,1129,train
stratified,1,1130,train
stratified,1,1131,train
stratified,1,1132,train
stratified,1,1133,train
stratified,1,1135,train
stratified,1,1136,train
stratified,1,1138,train
stratified,1,1139,train
stratified,1,1140,train
stratified,1,1141,train
stratified,1,1142,train
stratified,1,1143,train
stratified,1,1144,train
stratified,1,1145,train
stratified,1,1146,train
stratified,1,1148,train
stratified,1,1149,train
stratified,1,1150,train
stratified,1,1151,train
stratified,1,1152,train
stratified,1,1153,train
stratified,1,1154,train
stratified,1,1155,train
stratified,1,1156,train
stratified,1,1157,train
stratified,1,1158,train
stratified,1,1159,train
stratified,1,1160,train
stratified,1,1161,train
stratified,1,1162,train
stratified,1,1163,train
stratified,1,1165,train
stratified,1,1166,train
stratified,1,1167,train
stratified,1,1168,train
stratified,1,1169,train
stratified,1,1170,train
stratified,1,1172,train
stratified,1,1173,train
stratified,1,1174,train
stratified,1,1175,train
stratified,1,1176,train
stratified,1,1177,train
stratified,1,1178,train
stratified,1,1179,train
stratified,1,1180,train
stratified,1,1181,train
stratified,1,1182,train
stratified,1,1183,train
stratified,1,1184,train
stratified,1,1185,train
stratified,1,1186,train
stratified,1,1187,train
stratified,1,1188,train
stratified,1,1189,train
stratified,1,1190,train
stratified,1,1191,train
stratified,1,1192,train
stratified,1,1193,train
stratified,1,1194,train
stratified,1,1195,train
stratified,1,1196,train
stratified,1,1197,train
stratified,1,1198,train
stratified,1,1199,train
stratified,1,1200,train
stratified,1,1202,train
stratified,1,1203,train
stratified,1,1204,train
stratified,1,1205,train
stratified,1,1206,train
stratified,1,1207,train
stratified,1,1208,train
stratified,1,1209,train
stratified,1,1210,train
stratified,1,1211,train
stratified,1,1212,train
stratified,1,1213,train
stratified,1,1214,train
stratified,1,1215,train
stratified,1,1216,train
stratified,1,1217,train
stratified,1,1218,train
stratified,1,1219,train
stratified,1,1220,train
stratified,1,1222,train
stratified,1,1223,train
stratified,1,1224,train
stratified,1,1225,train
stratified,1,1226,train
stratified,1,1227,train
stratified,1,1228,train
stratified,1,1229,train
stratified,1,1230,train
stratified,1,1231,train
stratified,1,1232,train
stratified,1,1233,train
stratified,1,1234,train
stratified,1,1235,train
stratified,1,1236,train
stratified,1,1237,train
stratified,1,1238,train
stratified,1,1239,train
stratified,1,1240,train
stratified,1,1241,train
stratified,1,1243,train
stratified,1,1244,train
stratified,1,1245,train
stratified,1,1246,train
stratified,1,1247,train
stratified,1,1248,train
stratified,1,1249,train
stratified,1,1250,train
stratified,1,1251,train
stratified,1,1252,train
stratified,1,1253,train
stratified,1,1254,train
stratified,1,1255,train
stratified,1,1256,train
stratified,1,1257,train
stratified,1,1258,train
stratified,1,1259,train
stratified,1,1260,train
stratified,1,1261,train
stratified,1,1262,train
stratified,1,1263,train
stratified,1,1264,train
stratified,1,1265,train
stratified,1,1266,train
stratified,1,1267,train
stratified,1,1268,train
stratified,1,1269,train
stratified,1,1270,train
stratified,1,1271,train
stratified,1,1272,train
stratified,1,1273,train
stratified,1,1274,train
stratified,1,1275,train
stratified,1,1277,train
stratified,1,1278,train
stratified,1,1279,train
stratified,1,1280,train
stratified,1,1281,train
stratified,1,1282,train
stratified,1,1283,train
stratified,1,1285,train
stratified,1,1286,train
stratified,1,1287,train
stratified,1,1288,train
stratified,1,1289,train
stratified,1,1290,train
stratified,1,1291,train
stratified,1,1292,train
stratified,1,1293,train
stratified,1,1294,train
stratified,1,1295,train
stratified,1,1297,train
stratified,1,1298,train
stratified,1,1299,train
stratified,1,1300,train
stratified,1,1301,train
stratified,1,1302,train
stratified,1,1303,train
stratified,1,1304,train
stratified,1,1305,train
stratified,1,1306,train
stratified,1,1307,train
stratified,1,1309,train
stratified,1,1310,train
stratified,1,1311,train
stratified,1,1312,train
stratified,1,1313,train
stratified,1,1315,train
stratified,1,1316,train
stratified,1,1318,train
stratified,1,1319,train
stratified,1,1321,train
stratified,1,1323,train
stratified,1,1324,train
stratified,1,1325,train
stratified,1,1326,train
stratified,1,1327,train
stratified,1,1328,train
stratified,1,1329,train
stratified,1,1330,train
stratified,1,1331,train
stratified,1,1332,train
stratified,1,1333,train
stratified,1,1334,train
stratified,1,1335,train
stratified,1,1336,train
stratified,1,1337,train
stratified,1,1338,train
stratified,1,1340,train
stratified,1,1341,train
stratified,1,1342,train
stratified,1,1343,train
stratified,1,1346,train
stratified,1,1347,train
stratified,1,1349,train
stratified,1,1351,train
stratified,1,1352,train
stratified,1,1353,train
stratified,1,1354,train
stratified,1,1355,train
stratified,1,1356,train
stratified,1,1357,train
stratified,1,1358,train
stratified,1,1359,train
stratified,1,1360,train
stratified,1,1362,train
stratified,1,1363,train
stratified,1,1364,train
stratified,1,1365,train
stratified,1,1366,train
stratified,1,1367,train
stratified,1,1368,train
stratified,1,1369,train
stratified,1,1370,train
stratified,1,1371,train
stratified,1,1373,train
stratified,1,1374,train
stratified,1,1375,train
stratified,1,1376,train
stratified,1,1377,train
stratified,1,1378,train
stratified,1,1379,train
stratified,1,1380,train
stratified,1,1382,train
stratified,1,1383,train
stratified,1,1384,train
stratified,1,1385,train
stratified,1,1386,train
stratified,1,1387,train
stratified,1,1388,train
stratified,1,1389,train
stratified,1,1390,train
stratified,1,1391,train
stratified,1,1392,train
stratified,1,1393,train
stratified,1,1394,train
stratified,1,1396,train
stratified,1,1397,train
stratified,1,1398,train
stratified,1,1399,train
stratified,1,1400,train
stratified,1,1401,train
stratified,1,1402,train
stratified,1,1403,train
stratified,1,1404,train
stratified,1,1406,train
stratified,1,1407,train
stratified,1,1408,train
stratified,1,1409,train
stratified,1,1410,train
stratified,1,1411,train
stratified,1,1412,train
stratified,1,1413,train
stratified,1,1414,train
stratified,1,1416,train
stratified,1,1417,train
stratified,1,1418,train
stratified,1,1419,train
stratified,1,1420,train
stratified,1,1421,train
stratified,1,1422,train
stratified,1,1423,train
stratified,1,1425,train
stratified,1,1426,train
stratified,1,1427,train
stratified,1,1428,train
stratified,1,1429,train
stratified,1,1430,train
stratified,1,1431,train
stratified,1,1432,train
stratified,1,1433,train
stratified,1,1434,train
stratified,1,1435,train
stratified,1,1436,train
stratified,1,1437,train
stratified,1,1438,train
stratified,1,1439,train
stratified,1,1440,train
stratified,1,1441,train
stratified,1,1442,train
stratified,1,1443,train
stratified,1,1444,train
stratified,1,1447,train
stratified,1,1448,train
stratified,1,1449,train
stratified,1,1450,train
stratified,1,1451,train
stratified,1,1453,train
stratified,1,1454,train
stratified,1,1455,train
stratified,1,1456,train
stratified,1,1457,train
stratified,1,1460,train
stratified,1,1462,train
stratified,1,1463,train
stratified,1,1464,train
stratified,1,1465,train
stratified,1,1466,train
stratified,1,1467,train
stratified,1,1468,train
stratified,1,1469,train
stratified,1,1470,train
stratified,1,1471,train
stratified,1,1472,train
stratified,1,1473,train
stratified,1,1474,train
stratified,1,1475,train
stratified,1,1476,train
stratified,1,1477,train
stratified,1,1478,train
stratified,1,1479,train
stratified,1,1480,train
stratified,1,1482,train
stratified,1,1483,train
stratified,1,1484,train
stratified,1,1485,train
stratified,1,1486,train
stratified,1,1487,train
stratified,1,1488,train
stratified,1,1490,train
stratified,1,1491,train
stratified,1,1492,train
stratified,1,1493,train
stratified,1,1496,train
stratified,1,1498,train
stratified,1,1499,train
stratified,1,1500,train
stratified,1,1501,train
stratified,1,1502,train
stratified,1,1503,train
stratified,1,1504,train
stratified,1,1505,train
stratified,1,1506,train
stratified,1,1508,train
stratified,1,1509,train
stratified,1,1510,train
stratified,1,1511,train
stratified,1,1512,train
stratified,1,1513,train
stratified,1,1514,train
stratified,1,1515,train
stratified,1,1516,train
stratified,1,1517,train
stratified,1,1518,train
stratified,1,1519,train
stratified,1,1520,train
stratified,1,1521,train
stratified,1,1522,train
stratified,1,1523,train
stratified,1,1524,train
stratified,1,1525,train
stratified,1,1526,train
stratified,1,1527,train
stratified,1,1528,train
stratified,1,1529,train
stratified,1,1530,train
stratified,1,1531,train
stratified,1,1532,train
stratified,1,1533,train
stratified,1,1535,train
stratified,1,1537,train
stratified,1,1538,train
stratified,1,1539,train
stratified,1,1540,train
stratified,1,1541,train
stratified,1,1542,train
stratified,1,1543,train
stratified,1,1544,train
stratified,1,1545,train
stratified,1,1546,train
stratified,1,1548,train
stratified,1,1549,train
stratified,1,1550,train
stratified,1,1551,train
stratified,1,1554,train
stratified,1,1556,train
stratified,1,1557,train
stratified,1,1558,train
stratified,1,1559,train
stratified,1,1560,train
stratified,1,1561,train
stratified,1,1562,train
stratified,1,1563,train
stratified,1,1564,train
stratified,1,1565,train
stratified,1,1566,train
stratified,1,1567,train
stratified,1,1568,train
stratified,1,1569,train
stratified,1,1570,train
stratified,1,1572,train
stratified,1,1573,train
stratified,1,1575,train
stratified,1,1576,train
stratified,1,1577,train
stratified,1,1578,train
stratified,1,1580,train
stratified,1,1581,train
stratified,1,1582,train
stratified,1,1583,train
stratified,1,1584,train
stratified,1,1585,train
stratified,1,1586,train
stratified,1,1587,train
stratified,1,1588,train
stratified,1,1589,train
stratified,1,1590,train
stratified,1,1591,train
stratified,1,1592,train
stratified,1,1593,train
stratified,1,1594,train
stratified,1,1595,train
stratified,1,1596,train
stratified,1,1597,train
stratified,1,1598,train
stratified,1,1599,train
stratified,1,1601,train
stratified,1,1602,train
stratified,1,1603,train
stratified,1,1604,train
stratified,1,1605,train
stratified,1,1606,train
stratified,1,1607,train
stratified,1,1608,train
stratified,1,1609,train
stratified,1,1610,train
stratified,1,1611,train
stratified,1,1612,train
stratified,1,1613,train
stratified,1,1614,train
stratified,1,1615,train
stratified,1,1616,train
stratified,1,1617,train
stratified,1,1618,train
stratified,1,1619,train
stratified,1,1620,train
stratified,1,1621,train
stratified,1,1622,train
stratified,1,1624,train
stratified,1,1625,train
stratified,1,1627,train
stratified,1,1628,train
stratified,1,1629,train
stratified,1,1630,train
stratified,1,1631,train
stratified,1,1632,train
stratified,1,1633,train
stratified,1,1635,train
stratified,1,1636,train
stratified,1,1637,train
stratified,1,1638,train
stratified,1,1639,train
stratified,1,1640,train
stratified,1,1641,train
stratified,1,1643,train
stratified,1,1644,train
stratified,1,1645,train
stratified,1,1646,train
stratified,1,1647,train
stratified,1,1648,train
stratified,1,1649,train
stratified,1,1650,train
stratified,1,1651,train
stratified,1,1652,train
stratified,1,1653,train
stratified,1,1654,train
stratified,1,1655,train
stratified,1,1656,train
stratified,1,1657,train
stratified,1,1658,train
stratified,1,1660,train
stratified,1,1661,train
stratified,1,1662,train
stratified,1,1663,train
stratified,1,1664,train
stratified,1,1665,train
stratified,1,1666,train
stratified,1,1667,train
stratified,1,1668,train
stratified,1,1669,train
stratified,1,1670,train
stratified,1,1671,train
stratified,1,1672,train
stratified,1,1673,train
stratified,1,1674,train
stratified,1,1677,train
stratified,1,1678,train
stratified,1,1679,train
stratified,1,1680,train
stratified,1,1681,train
stratified,1,1682,train
stratified,1,1683,train
stratified,1,1684,train
stratified,1,1685,train
stratified,1,1686,train
stratified,1,1687,train
stratified,1,1688,train
stratified,1,1689,train
stratified,1,1690,train
stratified,1,1691,train
stratified,1,1692,train
stratified,1,1693,train
stratified,1,1695,train
stratified,1,1697,train
stratified,1,1698,train
stratified,1,1699,train
stratified,1,1700,train
stratified,1,1701,train
stratified,1,1702,train
stratified,1,1703,train
stratified,1,1704,train
stratified,1,1705,train
stratified,1,1706,train
stratified,1,1707,train
stratified,1,1709,train
stratified,1,1710,train
stratified,1,1711,train
stratified,1,1712,train
stratified,1,1713,train
stratified,1,1714,train
stratified,1,1715,train
stratified,1,1716,train
stratified,1,1717,train
stratified,1,1718,train
stratified,1,1719,train
stratified,1,1720,train
stratified,1,1722,train
stratified,1,1723,train
stratified,1,1724,train
stratified,1,1725,train
stratified,1,1726,train
stratified,1,1727,train
stratified,1,1729,train
stratified,1,1730,train
stratified,1,1731,train
stratified,1,1732,train
stratified,1,1733,train
stratified,1,1734,train
stratified,1,1735,train
stratified,1,1736,train
stratified,1,1737,train
stratified,1,1738,train
stratified,1,1739,train
stratified,1,1740,train
stratified,1,1741,train
stratified,1,1742,train
stratified,1,1745,train
stratified,1,1746,train
stratified,1,1748,train
stratified,1,1749,train
stratified,1,1750,train
stratified,1,1751,train
stratified,1,1752,train
stratified,1,1753,train
stratified,1,1754,train
stratified,1,1755,train
stratified,1,1756,train
stratified,1,1757,train
stratified,1,1758,train
stratified,1,1761,train
stratified,1,1762,train
stratified,1,1764,train
stratified,1,1765,train
stratified,1,1766,train
stratified,1,1767,train
stratified,1,1768,train
stratified,1,1769,train
stratified,1,1770,train
stratified,1,1771,train
stratified,1,1772,train
stratified,1,1773,train
stratified,1,1774,train
stratified,1,1775,train
stratified,1,1776,train
stratified,1,1777,train
stratified,1,1778,train
stratified,1,1779,train
stratified,1,1780,train
stratified,1,1781,train
stratified,1,1782,train
stratified,1,1783,train
stratified,1,1784,train
stratified,1,1785,train
stratified,1,1787,train
stratified,1,1788,train
stratified,1,1789,train
stratified,1,1790,train
stratified,1,1792,train
stratified,1,1793,train
stratified,1,1794,train
stratified,1,1796,train
stratified,1,1797,train
stratified,1,1798,train
stratified,1,1799,train
stratified,1,1801,train
stratified,1,1802,train
stratified,1,1803,train
stratified,1,1804,train
stratified,1,1805,train
stratified,1,1807,train
stratified,1,1808,train
stratified,1,1810,train
stratified,1,1811,train
stratified,1,1812,train
stratified,1,1813,train
stratified,1,1814,train
stratified,1,1815,train
stratified,1,1816,train
stratified,1,1817,train
stratified,1,1820,train
stratified,1,1821,train
stratified,1,1822,train
stratified,1,1823,train
stratified,1,1824,train
stratified,1,1826,train
stratified,1,1828,train
stratified,1,1829,train
stratified,1,1830,train
stratified,1,1831,train
stratified,1,1832,train
stratified,1,1833,train
stratified,1,1834,train
stratified,1,1835,train
stratified,1,1836,train
stratified,1,1837,train
stratified,1,1838,train
stratified,1,1839,train
stratified,1,1840,train
stratified,1,1841,train
stratified,1,1842,train
stratified,1,1843,train
stratified,1,1844,train
stratified,1,1846,train
stratified,1,1847,train
stratified,1,1848,train
stratified,1,1849,train
stratified,1,1850,train
stratified,1,1851,train
stratified,1,1852,train
stratified,1,1853,train
stratified,1,1854,train
stratified,1,1855,train
stratified,1,1856,train
stratified,1,1857,train
stratified,1,1858,train
stratified,1,1859,train
stratified,1,1860,train
stratified,1,1861,train
stratified,1,1863,train
stratified,1,1864,train
stratified,1,1865,train
stratified,1,1866,train
stratified,1,1867,train
stratified,1,1868,train
stratified,1,1869,train
stratified,1,1870,train
stratified,1,1871,train
stratified,1,1872,train
stratified,1,1873,train
stratified,1,1874,train
stratified,1,1875,train
stratified,1,1876,train
stratified,1,1878,train
stratified,1,1879,train
stratified,1,1880,train
stratified,1,1881,train
stratified,1,1882,train
stratified,1,1883,train
stratified,1,1885,train
stratified,1,1886,train
stratified,1,1887,train
stratified,1,1888,train
stratified,1,1889,train
stratified,1,1890,train
stratified,1,1891,train
stratified,1,1892,train
stratified,1,1893,train
stratified,1,1894,train
stratified,1,1895,train
stratified,1,1896,train
stratified,1,1897,train
stratified,1,1898,train
stratified,1,1899,train
stratified,1,1900,train
stratified,1,1901,train
stratified,1,1902,train
stratified,1,1903,train
stratified,1,1904,train
stratified,1,1905,train
stratified,1,1906,train
stratified,1,1907,train
stratified,1,1908,train
stratified,1,1909,train
stratified,1,1910,train
stratified,1,12,test
stratified,1,15,test
stratified,1,24,test
stratified,1,63,test
stratified,1,65,test
stratified,1,73,test
stratified,1,74,test
stratified,1,88,test
stratified,1,89,test
stratified,1,91,test
stratified,1,103,test
stratified,1,132,test
stratified,1,139,test
stratified,1,160,test
stratified,1,161,test
stratified,1,162,test
stratified,1,191,test
stratified,1,196,test
stratified,1,200,test
stratified,1,207,test
stratified,1,212,test
stratified,1,224,test
stratified,1,227,test
stratified,1,235,test
stratified,1,243,test
stratified,1,254,test
stratified,1,279,test
stratified,1,284,test
stratified,1,329,test
stratified,1,330,test
stratified,1,337,test
stratified,1,342,test
stratified,1,377,test
stratified,1,385,test
stratified,1,403,test
stratified,1,407,test
stratified,1,412,test
stratified,1,416,test
stratified,1,425,test
stratified,1,439,test
stratified,1,453,test
stratified,1,474,test
stratified,1,476,test
stratified,1,483,test
stratified,1,487,test
stratified,1,500,test
stratified,1,503,test
stratified,1,504,test
stratified,1,515,test
stratified,1,525,test
stratified,1,535,test
stratified,1,541,test
stratified,1,548,test
stratified,1,550,test
stratified,1,554,test
stratified,1,563,test
stratified,1,574,test
stratified,1,593,test
stratified,1,607,test
stratified,1,618,test
stratified,1,628,test
stratified,1,634,test
stratified,1,636,test
stratified,1,641,test
stratified,1,643,test
stratified,1,655,test
stratified,1,675,test
stratified,1,720,test
stratified,1,727,test
stratified,1,749,test
stratified,1,750,test
stratified,1,752,test
stratified,1,771,test
stratified,1,791,test
stratified,1,799,test
stratified,1,803,test
stratified,1,819,test
stratified,1,832,test
stratified,1,834,test
stratified,1,844,test
stratified,1,846,test
stratified,1,849,test
stratified,1,855,test
stratified,1,864,test
stratified,1,877,test
stratified,1,908,test
stratified,1,919,test
stratified,1,921,test
stratified,1,927,test
stratified,1,928,test
stratified,1,931,test
stratified,1,973,test
stratified,1,980,test
stratified,1,988,test
stratified,1,1005,test
stratified,1,1017,test
stratified,1,1036,test
stratified,1,1044,test
stratified,1,1049,test
stratified,1,1053,test
stratified,1,1058,test
stratified,1,1068,test
stratified,1,1080,test
stratified,1,1082,test
stratified,1,1094,test
stratified,1,1095,test
stratified,1,1110,test
stratified,1,1116,test
stratified,1,1123,test
stratified,1,1128,test
stratified,1,1134,test
stratified,1,1137,test
stratified,1,1147,test
stratified,1,1164,test
stratified,1,1171,test
stratified,1,1201,test
stratified,1,1221,test
stratified,1,1242,test
stratified,1,1276,test
stratified,1,1284,test
stratified,1,1296,test
stratified,1,1308,test
stratified,1,1314,test
stratified,1,1317,test
stratified,1,1320,test
stratified,1,1322,test
stratified,1,1339,test
stratified,1,1344,test
stratified,1,1345,test
stratified,1,1348,test
stratified,1,1350,test
stratified,1,1361,test
stratified,1,1372,test
stratified,1,1381,test
stratified,1,1395,test
stratified,1,1405,test
stratified,1,1415,test
stratified,1,1424,test
stratified,1,1445,test
stratified,1,1446,test
stratified,1,1452,test
stratified,1,1458,test
stratified,1,1459,test
stratified,1,1461,test
stratified,1,1481,test
stratified,1,1489,test
stratified,1,1494,test
stratified,1,1495,test
stratified,1,1497,test
stratified,1,1507,test
stratified,1,1534,test
stratified,1,1536,test
stratified,1,1547,test
stratified,1,1552,test
stratified,1,1553,test
stratified,1,1555,test
stratified,1,1571,test
stratified,1,1574,test
stratified,1,1579,test
stratified,1,1600,test
stratified,1,1623,test
stratified,1,1626,test
stratified,1,1634,test
stratified,1,1642,test
stratified,1,1659,test
stratified,1,1675,test
stratified,1,1676,test
stratified,1,1694,test
stratified,1,1696,test
stratified,1,1708,test
stratified,1,1721,test
stratified,1,1728,test
stratified,1,1743,test
stratified,1,1744,test
stratified,1,1747,test
stratified,1,1759,test
stratified,1,1760,test
stratified,1,1763,test
stratified,1,1786,test
stratified,1,1791,test
stratified,1,1795,test
stratified,1,1800,test
stratified,1,1806,test
stratified,1,1809,test
stratified,1,1818,test
stratified,1,1819,test
stratified,1,1825,test
stratified,1,1827,test
stratified,1,1845,test
stratified,1,1862,test
stratified,1,1877,test
stratified,1,1884,test
stratified,2,0,train
stratified,2,1,train
stratified,2,2,train
stratified,2,3,train
stratified,2,4,train
stratified,2,5,train
stratified,2,6,train
stratified,2,7,train
stratified,2,9,train
stratified,2,11,train
stratified,2,12,train
stratified,2,13,train
stratified,2,14,train
stratified,2,15,train
stratified,2,16,train
stratified,2,17,train
stratified,2,18,train
stratified,2,19,train
stratified,2,20,train
stratified,2,21,train
stratified,2,22,train
stratified,2,23,train
stratified,2,24,train
stratified,2,25,train
stratified,2,26,train
stratified,2,27,train
stratified,2,28,train
stratified,2,29,train
stratified,2,30,train
stratified,2,31,train
stratified,2,32,train
stratified,2,34,train
stratified,2,36,train
stratified,2,37,train
stratified,2,38,train
stratified,2,39,train
stratified,2,40,train
stratified,2,41,train
stratified,2,42,train
stratified,2,43,train
stratified,2,45,train
stratified,2,46,train
stratified,2,47,train
stratified,2,48,train
stratified,2,49,train
stratified,2,50,train
stratified,2,51,train
stratified,2,52,train
stratified,2,53,train
stratified,2,55,train
stratified,2,56,train
stratified,2,57,train
stratified,2,58,train
stratified,2,59,train
stratified,2,60,train
stratified,2,61,train
stratified,2,62,train
stratified,2,63,train
stratified,2,64,train
stratified,2,65,train
stratified,2,66,train
stratified,2,67,train
stratified,2,70,train
stratified,2,71,train
stratified,2,72,train
stratified,2,73,train
stratified,2,74,train
stratified,2,76,train
stratified,2,77,train
stratified,2,78,train
stratified,2,79,train
stratified,2,81,train
stratified,2,82,train
stratified,2,83,train
stratified,2,84,train
stratified,2,85,train
stratified,2,86,train
stratified,2,87,train
stratified,2,88,train
stratified,2,89,train
stratified,2,90,train
stratified,2,91,train
stratified,2,92,train
stratified,2,93,train
stratified,2,94,train
stratified,2,95,train
stratified,2,96,train
stratified,2,97,train
stratified,2,98,train
stratified,2,99,train
stratified,2,100,train
stratified,2,101,train
stratified,2,102,train
stratified,2,103,train
stratified,2,104,train
stratified,2,105,train
stratified,2,106,train
stratified,2,107,train
stratified,2,108,train
stratified,2,109,train
stratified,2,110,train
stratified,2,111,train
stratified,2,112,train
stratified,2,113,train
stratified,2,114,train
stratified,2,115,train
stratified,2,116,train
stratified,2,117,train
stratified,2,118,train
stratified,2,119,train
stratified,2,120,train
stratified,2,121,train
stratified,2,122,train
stratified,2,123,train
stratified,2,124,train
stratified,2,125,train
stratified,2,126,train
stratified,2,127,train
stratified,2,128,train
stratified,2,129,train
stratified,2,130,train
stratified,2,131,train
stratified,2,132,train
stratified,2,133,train
stratified,2,134,train
stratified,2,135,train
stratified,2,136,train
stratified,2,137,train
stratified,2,138,train
stratified,2,139,train
stratified,2,140,train
stratified,2,141,train
stratified,2,143,train
stratified,2,144,train
stratified,2,145,train
stratified,2,146,train
stratified,2,147,train
stratified,2,148,train
stratified,2,150,train
stratified,2,152,train
stratified,2,153,train
stratified,2,155,train
stratified,2,156,train
stratified,2,157,train
stratified,2,158,train
stratified,2,159,train
stratified,2,160,train
stratified,2,161,train
stratified,2,162,train
stratified,2,163,train
stratified,2,164,train
stratified,2,165,train
stratified,2,166,train
stratified,2,167,train
stratified,2,169,train
stratified,2,170,train
stratified,2,171,train
stratified,2,172,train
stratified,2,173,train
stratified,2,175,train
stratified,2,176,train
stratified,2,177,train
stratified,2,178,train
stratified,2,179,train
stratified,2,180,train
stratified,2,181,train
stratified,2,182,train
stratified,2,183,train
stratified,2,184,train
stratified,2,185,train
stratified,2,186,train
stratified,2,187,train
stratified,2,188,train
stratified,2,189,train
stratified,2,190,train
stratified,2,191,train
stratified,2,192,train
stratified,2,193,train
stratified,2,194,train
stratified,2,195,train
stratified,2,196,train
stratified,2,197,train
stratified,2,198,train
stratified,2,199,train
stratified,2,200,train
stratified,2,201,train
stratified,2,202,train
stratified,2,203,train
stratified,2,204,train
stratified,2,205,train
stratified,2,206,train
stratified,2,207,train
stratified,2,208,train
stratified,2,209,train
stratified,2,210,train
stratified,2,211,train
stratified,2,212,train
stratified,2,213,train
stratified,2,214,train
stratified,2,215,train
stratified,2,216,train
stratified,2,217,train
stratified,2,218,train
stratified,2,219,train
stratified,2,220,train
stratified,2,221,train
stratified,2,222,train
stratified,2,223,train
stratified,2,224,train
stratified,2,225,train
stratified,2,226,train
stratified,2,227,train
stratified,2,228,train
stratified,2,229,train
stratified,2,230,train
stratified,2,231,train
stratified,2,232,train
stratified,2,233,train
stratified,2,234,train
stratified,2,235,train
stratified,2,236,train
stratified,2,237,train
stratified,2,241,train
stratified,2,242,train
stratified,2,243,train
stratified,2,244,train
stratified,2,245,train
stratified,2,246,train
stratified,2,248,train
stratified,2,249,train
stratified,2,250,train
stratified,2,251,train
stratified,2,252,train
stratified,2,253,train
stratified,2,254,train
stratified,2,255,train
stratified,2,256,train
stratified,2,257,train
stratified,2,258,train
stratified,2,259,train
stratified,2,260,train
stratified,2,261,train
stratified,2,262,train
stratified,2,263,train
stratified,2,264,train
stratified,2,265,train
stratified,2,266,train
stratified,2,267,train
stratified,2,269,train
stratified,2,270,train
stratified,2,271,train
stratified,2,272,train
stratified,2,273,train
stratified,2,275,train
stratified,2,276,train
stratified,2,278,train
stratified,2,279,train
stratified,2,280,train
stratified,2,282,train
stratified,2,283,train
stratified,2,284,train
stratified,2,285,train
stratified,2,286,train
stratified,2,287,train
stratified,2,288,train
stratified,2,289,train
stratified,2,290,train
stratified,2,291,train
stratified,2,292,train
stratified,2,293,train
stratified,2,295,train
stratified,2,296,train
stratified,2,297,train
stratified,2,298,train
stratified,2,299,train
stratified,2,300,train
stratified,2,301,train
stratified,2,302,train
stratified,2,303,train
stratified,2,304,train
stratified,2,305,train
stratified,2,306,train
stratified,2,307,train
stratified,2,308,train
stratified,2,309,train
stratified,2,310,train
stratified,2,311,train
stratified,2,312,train
stratified,2,313,train
stratified,2,314,train
stratified,2,315,train
stratified,2,316,train
stratified,2,318,train
stratified,2,319,train
stratified,2,320,train
stratified,2,321,train
stratified,2,322,train
stratified,2,323,train
stratified,2,324,train
stratified,2,325,train
stratified,2,326,train
stratified,2,327,train
stratified,2,328,train
stratified,2,329,train
stratified,2,330,train
stratified,2,331,train
stratified,2,332,train
stratified,2,333,train
stratified,2,335,train
stratified,2,336,train
stratified,2,337,train
stratified,2,339,train
stratified,2,340,train
stratified,2,341,train
stratified,2,342,train
stratified,2,343,train
stratified,2,344,train
stratified,2,345,train
stratified,2,347,train
stratified,2,348,train
stratified,2,349,train
stratified,2,350,train
stratified,2,351,train
stratified,2,353,train
stratified,2,354,train
stratified,2,355,train
stratified,2,356,train
stratified,2,357,train
stratified,2,358,train
stratified,2,359,train
stratified,2,360,train
stratified,2,361,train
stratified,2,362,train
stratified,2,363,train
stratified,2,364,train
stratified,2,365,train
stratified,2,366,train
stratified,2,367,train
stratified,2,368,train
stratified,2,369,train
stratified,2,370,train
stratified,2,371,train
stratified,2,372,train
stratified,2,373,train
stratified,2,374,train
stratified,2,375,train
stratified,2,376,train
stratified,2,377,train
stratified,2,379,train
stratified,2,380,train
stratified,2,381,train
stratified,2,382,train
stratified,2,384,train
stratified,2,385,train
stratified,2,386,train
stratified,2,389,train
stratified,2,390,train
stratified,2,391,train
stratified,2,392,train
stratified,2,394,train
stratified,2,395,train
stratified,2,396,train
stratified,2,397,train
stratified,2,398,train
stratified,2,399,train
stratified,2,400,train
stratified,2,401,train
stratified,2,402,train
stratified,2,403,train
stratified,2,404,train
stratified,2,405,train
stratified,2,406,train
stratified,2,407,train
stratified,2,408,train
stratified,2,409,train
stratified,2,410,train
stratified,2,412,train
stratified,2,413,train
stratified,2,414,train
stratified,2,416,train
stratified,2,417,train
stratified,2,418,train
stratified,2,419,train
stratified,2,421,train
stratified,2,422,train
stratified,2,423,train
stratified,2,425,train
stratified,2,426,train
stratified,2,427,train
stratified,2,428,train
stratified,2,429,train
stratified,2,430,train
stratified,2,431,train
stratified,2,432,train
stratified,2,433,train
stratified,2,434,train
stratified,2,435,train
stratified,2,436,train
stratified,2,437,train
stratified,2,438,train
stratified,2,439,train
stratified,2,440,train
stratified,2,441,train
stratified,2,442,train
stratified,2,443,train
stratified,2,446,train
stratified,2,447,train
stratified,2,448,train
stratified,2,449,train
stratified,2,450,train
stratified,2,451,train
stratified,2,452,train
stratified,2,453,train
stratified,2,454,train
stratified,2,455,train
stratified,2,456,train
stratified,2,457,train
stratified,2,458,train
stratified,2,459,train
stratified,2,460,train
stratified,2,461,train
stratified,2,463,train
stratified,2,464,train
stratified,2,465,train
stratified,2,466,train
stratified,2,467,train
stratified,2,469,train
stratified,2,470,train
stratified,2,471,train
stratified,2,472,train
stratified,2,473,train
stratified,2,474,train
stratified,2,476,train
stratified,2,477,train
stratified,2,478,train
stratified,2,479,train
stratified,2,480,train
stratified,2,481,train
stratified,2,482,train
stratified,2,483,train
stratified,2,484,train
stratified,2,485,train
stratified,2,486,train
stratified,2,487,train
stratified,2,488,train
stratified,2,489,train
stratified,2,490,train
stratified,2,491,train
stratified,2,492,train
stratified,2,494,train
stratified,2,495,train
stratified,2,496,train
stratified,2,497,train
stratified,2,498,train
stratified,2,499,train
stratified,2,500,train
stratified,2,502,train
stratified,2,503,train
stratified,2,504,train
stratified,2,505,train
stratified,2,506,train
stratified,2,507,train
stratified,2,508,train
stratified,2,509,train
stratified,2,510,train
stratified,2,511,train
stratified,2,512,train
stratified,2,513,train
stratified,2,515,train
stratified,2,516,train
stratified,2,517,train
stratified,2,518,train
stratified,2,519,train
stratified,2,520,train
stratified,2,521,train
stratified,2,522,train
stratified,2,524,train
stratified,2,525,train
stratified,2,526,train
stratified,2,527,train
stratified,2,528,train
stratified,2,529,train
stratified,2,530,train
stratified,2,531,train
stratified,2,532,train
stratified,2,533,train
stratified,2,534,train
stratified,2,535,train
stratified,2,536,train
stratified,2,537,train
stratified,2,538,train
stratified,2,540,train
stratified,2,541,train
stratified,2,542,train
stratified,2,543,train
stratified,2,544,train
stratified,2,545,train
stratified,2,546,train
stratified,2,547,train
stratified,2,548,train
stratified,2,549,train
stratified,2,550,train
stratified,2,551,train
stratified,2,552,train
stratified,2,553,train
stratified,2,554,train
stratified,2,556,train
stratified,2,557,train
stratified,2,558,train
stratified,2,560,train
stratified,2,561,train
stratified,2,562,train
stratified,2,563,train
stratified,2,564,train
stratified,2,565,train
stratified,2,566,train
stratified,2,567,train
stratified,2,568,train
stratified,2,569,train
stratified,2,571,train
stratified,2,572,train
stratified,2,573,train
stratified,2,574,train
stratified,2,575,train
stratified,2,576,train
stratified,2,577,train
stratified,2,578,train
stratified,2,579,train
stratified,2,580,train
stratified,2,581,train
stratified,2,582,train
stratified,2,583,train
stratified,2,584,train
stratified,2,585,train
stratified,2,586,train
stratified,2,587,train
stratified,2,588,train
stratified,2,591,train
stratified,2,592,train
stratified,2,593,train
stratified,2,594,train
stratified,2,595,train
stratified,2,596,train
stratified,2,597,train
stratified,2,598,train
stratified,2,601,train
stratified,2,602,train
stratified,2,603,train
stratified,2,604,train
stratified,2,605,train
stratified,2,606,train
stratified,2,607,train
stratified,2,608,train
stratified,2,609,train
stratified,2,610,train
stratified,2,612,train
stratified,2,613,train
stratified,2,614,train
stratified,2,615,train
stratified,2,616,train
stratified,2,617,train
stratified,2,618,train
stratified,2,619,train
stratified,2,620,train
stratified,2,621,train
stratified,2,622,train
stratified,2,623,train
stratified,2,624,train
stratified,2,625,train
stratified,2,626,train
stratified,2,627,train
stratified,2,628,train
stratified,2,629,train
stratified,2,631,train
stratified,2,632,train
stratified,2,633,train
stratified,2,634,train
stratified,2,635,train
stratified,2,636,train
stratified,2,637,train
stratified,2,638,train
stratified,2,639,train
stratified,2,640,train
stratified,2,641,train
stratified,2,642,train
stratified,2,643,train
stratified,2,644,train
stratified,2,645,train
stratified,2,646,train
stratified,2,647,train
stratified,2,648,train
stratified,2,649,train
stratified,2,650,train
stratified,2,651,train
stratified,2,652,train
stratified,2,653,train
stratified,2,654,train
stratified,2,655,train
stratified,2,656,train
stratified,2,657,train
stratified,2,658,train
stratified,2,659,train
stratified,2,660,train
stratified,2,661,train
stratified,2,662,train
stratified,2,663,train
stratified,2,664,train
stratified,2,665,train
stratified,2,666,train
stratified,2,667,train
stratified,2,668,train
stratified,2,669,train
stratified,2,670,train
stratified,2,671,train
stratified,2,672,train
stratified,2,673,train
stratified,2,674,train
stratified,2,675,train
stratified,2,676,train
stratified,2,677,train
stratified,2,678,train
stratified,2,679,train
stratified,2,680,train
stratified,2,682,train
stratified,2,683,train
stratified,2,684,train
stratified,2,685,train
stratified,2,686,train
stratified,2,687,train
stratified,2,688,train
stratified,2,689,train
stratified,2,690,train
stratified,2,691,train
stratified,2,692,train
stratified,2,693,train
stratified,2,694,train
stratified,2,695,train
stratified,2,696,train
stratified,2,697,train
stratified,2,699,train
stratified,2,700,train
stratified,2,701,train
stratified,2,702,train
stratified,2,703,train
stratified,2,704,train
stratified,2,705,train
stratified,2,706,train
stratified,2,708,train
stratified,2,709,train
stratified,2,710,train
stratified,2,711,train
stratified,2,712,train
stratified,2,713,train
stratified,2,715,train
stratified,2,716,train
stratified,2,717,train
stratified,2,718,train
stratified,2,719,train
stratified,2,720,train
stratified,2,721,train
stratified,2,722,train
stratified,2,723,train
stratified,2,724,train
stratified,2,725,train
stratified,2,726,train
stratified,2,727,train
stratified,2,728,train
stratified,2,730,train
stratified,2,731,train
stratified,2,732,train
stratified,2,733,train
stratified,2,734,train
stratified,2,736,train
stratified,2,737,train
stratified,2,738,train
stratified,2,740,train
stratified,2,741,train
stratified,2,742,train
stratified,2,743,train
stratified,2,744,train
stratified,2,746,train
stratified,2,747,train
stratified,2,748,train
stratified,2,749,train
stratified,2,750,train
stratified,2,751,train
stratified,2,752,train
stratified,2,753,train
stratified,2,754,train
stratified,2,755,train
stratified,2,756,train
stratified,2,757,train
stratified,2,758,train
stratified,2,759,train
stratified,2,760,train
stratified,2,761,train
stratified,2,762,train
stratified,2,764,train
stratified,2,767,train
stratified,2,768,train
stratified,2,769,train
stratified,2,770,train
stratified,2,771,train
stratified,2,772,train
stratified,2,773,train
stratified,2,774,train
stratified,2,775,train
stratified,2,776,train
stratified,2,777,train
stratified,2,778,train
stratified,2,779,train
stratified,2,781,train
stratified,2,782,train
stratified,2,783,train
stratified,2,784,train
stratified,2,785,train
stratified,2,786,train
stratified,2,788,train
stratified,2,789,train
stratified,2,790,train
stratified,2,791,train
stratified,2,792,train
stratified,2,793,train
stratified,2,794,train
stratified,2,796,train
stratified,2,797,train
stratified,2,798,train
stratified,2,799,train
stratified,2,801,train
stratified,2,802,train
stratified,2,803,train
stratified,2,805,train
stratified,2,806,train
stratified,2,808,train
stratified,2,810,train
stratified,2,812,train
stratified,2,813,train
stratified,2,814,train
stratified,2,815,train
stratified,2,816,train
stratified,2,817,train
stratified,2,818,train
stratified,2,819,train
stratified,2,821,train
stratified,2,822,train
stratified,2,823,train
stratified,2,824,train
stratified,2,825,train
stratified,2,826,train
stratified,2,827,train
stratified,2,828,train
stratified,2,829,train
stratified,2,830,train
stratified,2,832,train
stratified,2,833,train
stratified,2,834,train
stratified,2,835,train
stratified,2,836,train
stratified,2,837,train
stratified,2,838,train
stratified,2,839,train
stratified,2,841,train
stratified,2,843,train
stratified,2,844,train
stratified,2,845,train
stratified,2,846,train
stratified,2,847,train
stratified,2,848,train
stratified,2,849,train
stratified,2,850,train
stratified,2,852,train
stratified,2,853,train
stratified,2,854,train
stratified,2,855,train
stratified,2,856,train
stratified,2,857,train
stratified,2,858,train
stratified,2,859,train
stratified,2,860,train
stratified,2,861,train
stratified,2,863,train
stratified,2,864,train
stratified,2,865,train
stratified,2,866,train
stratified,2,867,train
stratified,2,869,train
stratified,2,870,train
stratified,2,871,train
stratified,2,872,train
stratified,2,873,train
stratified,2,874,train
stratified,2,876,train
stratified,2,877,train
stratified,2,878,train
stratified,2,879,train
stratified,2,881,train
stratified,2,882,train
stratified,2,883,train
stratified,2,884,train
stratified,2,886,train
stratified,2,887,train
stratified,2,888,train
stratified,2,889,train
stratified,2,890,train
stratified,2,891,train
stratified,2,892,train
stratified,2,893,train
stratified,2,894,train
stratified,2,895,train
stratified,2,896,train
stratified,2,897,train
stratified,2,898,train
stratified,2,899,train
stratified,2,900,train
stratified,2,902,train
stratified,2,903,train
stratified,2,905,train
stratified,2,906,train
stratified,2,907,train
stratified,2,908,train
stratified,2,909,train
stratified,2,910,train
stratified,2,911,train
stratified,2,912,train
stratified,2,913,train
stratified,2,914,train
stratified,2,916,train
stratified,2,917,train
stratified,2,918,train
stratified,2,919,train
stratified,2,920,train
stratified,2,921,train
stratified,2,922,train
stratified,2,923,train
stratified,2,924,train
stratified,2,925,train
stratified,2,926,train
stratified,2,927,train
stratified,2,928,train
stratified,2,929,train
stratified,2,930,train
stratified,2,931,train
stratified,2,932,train
stratified,2,933,train
stratified,2,935,train
stratified,2,936,train
stratified,2,937,train
stratified,2,938,train
stratified,2,939,train
stratified,2,940,train
stratified,2,941,train
stratified,2,942,train
stratified,2,943,train
stratified,2,944,train
stratified,2,945,train
stratified,2,946,train
stratified,2,948,train
stratified,2,949,train
stratified,2,950,train
stratified,2,951,train
stratified,2,952,train
stratified,2,953,train
stratified,2,954,train
stratified,2,955,train
stratified,2,957,train
stratified,2,958,train
stratified,2,959,train
stratified,2,961,train
stratified,2,962,train
stratified,2,963,train
stratified,2,965,train
stratified,2,966,train
stratified,2,967,train
stratified,2,968,train
stratified,2,969,train
stratified,2,971,train
stratified,2,972,train
stratified,2,973,train
stratified,2,974,train
stratified,2,975,train
stratified,2,976,train
stratified,2,977,train
stratified,2,978,train
stratified,2,979,train
stratified,2,980,train
stratified,2,981,train
stratified,2,982,train
stratified,2,983,train
stratified,2,984,train
stratified,2,985,train
stratified,2,986,train
stratified,2,987,train
stratified,2,988,train
stratified,2,990,train
stratified,2,991,train
stratified,2,992,train
stratified,2,993,train
stratified,2,994,train
stratified,2,995,train
stratified,2,996,train
stratified,2,997,train
stratified,2,999,train
stratified,2,1000,train
stratified,2,1001,train
stratified,2,1002,train
stratified,2,1003,train
stratified,2,1004,train
stratified,2,1005,train
stratified,2,1007,train
stratified,2,1008,train
stratified,2,1009,train
stratified,2,1010,train
stratified,2,1011,train
stratified,2,1013,train
stratified,2,1014,train
stratified,2,1015,train
stratified,2,1016,train
stratified,2,1017,train
stratified,2,1018,train
stratified,2,1021,train
stratified,2,1022,train
stratified,2,1024,train
stratified,2,1025,train
stratified,2,1027,train
stratified,2,1028,train
stratified,2,1029,train
stratified,2,1030,train
stratified,2,1031,train
stratified,2,1032,train
stratified,2,1034,train
stratified,2,1035,train
stratified,2,1036,train
stratified,2,1037,train
stratified,2,1038,train
stratified,2,1040,train
stratified,2,1041,train
stratified,2,1042,train
stratified,2,1043,train
stratified,2,1044,train
stratified,2,1045,train
stratified,2,1046,train
stratified,2,1047,train
stratified,2,1049,train
stratified,2,1050,train
stratified,2,1052,train
stratified,2,1053,train
stratified,2,1054,train
stratified,2,1055,train
stratified,2,1056,train
stratified,2,1057,train
stratified,2,1058,train
stratified,2,1059,train
stratified,2,1061,train
stratified,2,1062,train
stratified,2,1063,train
stratified,2,1064,train
stratified,2,1065,train
stratified,2,1066,train
stratified,2,1067,train
stratified,2,1068,train
stratified,2,1069,train
stratified,2,1070,train
stratified,2,1071,train
stratified,2,1072,train
stratified,2,1074,train
stratified,2,1075,train
stratified,2,1076,train
stratified,2,1077,train
stratified,2,1078,train
stratified,2,1079,train
stratified,2,1080,train
stratified,2,1082,train
stratified,2,1083,train
stratified,2,1084,train
stratified,2,1085,train
stratified,2,1086,train
stratified,2,1087,train
stratified,2,1088,train
stratified,2,1089,train
stratified,2,1090,train
stratified,2,1091,train
stratified,2,1092,train
stratified,2,1093,train
stratified,2,1094,train
stratified,2,1095,train
stratified,2,1096,train
stratified,2,1097,train
stratified,2,1100,train
stratified,2,1101,train
stratified,2,1102,train
stratified,2,1103,train
stratified,2,1104,train
stratified,2,1105,train
stratified,2,1106,train
stratified,2,1107,train
stratified,2,1108,train
stratified,2,1109,train
stratified,2,1110,train
stratified,2,1111,train
stratified,2,1112,train
stratified,2,1113,train
stratified,2,1114,train
stratified,2,1115,train
stratified,2,1116,train
stratified,2,1117,train
stratified,2,1118,train
stratified,2,1119,train
stratified,2,1120,train
stratified,2,1121,train
stratified,2,1122,train
stratified,2,1123,train
stratified,2,1124,train
stratified,2,1125,train
stratified,2,1126,train
stratified,2,1127,train
stratified,2,1128,train
stratified,2,1129,train
stratified,2,1130,train
stratified,2,1131,train
stratified,2,1132,train
stratified,2,1133,train
stratified,2,1134,train
stratified,2,1135,train
stratified,2,1136,train
stratified,2,1137,train
stratified,2,1138,train
stratified,2,1139,train
stratified,2,1140,train
stratified,2,1141,train
stratified,2,1142,train
stratified,2,1143,train
stratified,2,1144,train
stratified,2,1146,train
stratified,2,1147,train
stratified,2,1148,train
stratified,2,1149,train
stratified,2,1150,train
stratified,2,1151,train
stratified,2,1152,train
stratified,2,1153,train
stratified,2,1154,train
stratified,2,1155,train
stratified,2,1156,train
stratified,2,1158,train
stratified,2,1159,train
stratified,2,1160,train
stratified,2,1161,train
stratified,2,1162,train
stratified,2,1163,train
stratified,2,1164,train
stratified,2,1165,train
stratified,2,1166,train
stratified,2,1167,train
stratified,2,1168,train
stratified,2,1170,train
stratified,2,1171,train
stratified,2,1172,train
stratified,2,1173,train
stratified,2,1174,train
stratified,2,1176,train
stratified,2,1177,train
stratified,2,1178,train
stratified,2,1179,train
stratified,2,1180,train
stratified,2,1182,train
stratified,2,1184,train
stratified,2,1185,train
stratified,2,1186,train
stratified,2,1187,train
stratified,2,1188,train
stratified,2,1189,train
stratified,2,1190,train
stratified,2,1191,train
stratified,2,1192,train
stratified,2,1193,train
stratified,2,1194,train
stratified,2,1195,train
stratified,2,1196,train
stratified,2,1197,train
stratified,2,1198,train
stratified,2,1199,train
stratified,2,1200,train
stratified,2,1201,train
stratified,2,1202,train
stratified,2,1203,train
stratified,2,1204,train
stratified,2,1205,train
stratified,2,1206,train
stratified,2,1207,train
stratified,2,1208,train
stratified,2,1209,train
stratified,2,1210,train
stratified,2,1212,train
stratified,2,1213,train
stratified,2,1214,train
stratified,2,1215,train
stratified,2,1216,train
stratified,2,1217,train
stratified,2,1218,train
stratified,2,1219,train
stratified,2,1220,train
stratified,2,1221,train
stratified,2,1222,train
stratified,2,1223,train
stratified,2,1224,train
stratified,2,1225,train
stratified,2,1226,train
stratified,2,1227,train
stratified,2,1228,train
stratified,2,1229,train
stratified,2,1230,train
stratified,2,1231,train
stratified,2,1232,train
stratified,2,1233,train
stratified,2,1234,train
stratified,2,1235,train
stratified,2,1236,train
stratified,2,1238,train
stratified,2,1239,train
stratified,2,1240,train
stratified,2,1241,train
stratified,2,1242,train
stratified,2,1243,train
stratified,2,1244,train
stratified,2,1245,train
stratified,2,1246,train
stratified,2,1247,train
stratified,2,1248,train
stratified,2,1249,train
stratified,2,1250,train
stratified,2,1251,train
stratified,2,1252,train
stratified,2,1253,train
stratified,2,1254,train
stratified,2,1255,train
stratified,2,1256,train
stratified,2,1258,train
stratified,2,1259,train
stratified,2,1260,train
stratified,2,1261,train
stratified,2,1263,train
stratified,2,1264,train
stratified,2,1265,train
stratified,2,1266,train
stratified,2,1267,train
stratified,2,1268,train
stratified,2,1269,train
stratified,2,1270,train
stratified,2,1271,train
stratified,2,1272,train
stratified,2,1273,train
stratified,2,1275,train
stratified,2,1276,train
stratified,2,1277,train
stratified,2,1278,train
stratified,2,1279,train
stratified,2,1280,train
stratified,2,1281,train
stratified,2,1282,train
stratified,2,1283,train
stratified,2,1284,train
stratified,2,1287,train
stratified,2,1288,train
stratified,2,1289,train
stratified,2,1290,train
stratified,2,1291,train
stratified,2,1292,train
stratified,2,1293,train
stratified,2,1294,train
stratified,2,1295,train
stratified,2,1296,train
stratified,2,1297,train
stratified,2,1299,train
stratified,2,1301,train
stratified,2,1303,train
stratified,2,1304,train
stratified,2,1305,train
stratified,2,1306,train
stratified,2,1307,train
stratified,2,1308,train
stratified,2,1309,train
stratified,2,1310,train
stratified,2,1311,train
stratified,2,1312,train
stratified,2,1313,train
stratified,2,1314,train
stratified,2,1316,train
stratified,2,1317,train
stratified,2,1318,train
stratified,2,1319,train
stratified,2,1320,train
stratified,2,1321,train
stratified,2,1322,train
stratified,2,1323,train
stratified,2,1324,train
stratified,2,1325,train
stratified,2,1327,train
stratified,2,1329,train
stratified,2,1330,train
stratified,2,1331,train
stratified,2,1333,train
stratified,2,1335,train
stratified,2,1336,train
stratified,2,1337,train
stratified,2,1338,train
stratified,2,1339,train
stratified,2,1340,train
stratified,2,1341,train
stratified,2,1342,train
stratified,2,1343,train
stratified,2,1344,train
stratified,2,1345,train
stratified,2,1346,train
stratified,2,1347,train
stratified,2,1348,train
stratified,2,1349,train
stratified,2,1350,train
stratified,2,1351,train
stratified,2,1352,train
stratified,2,1353,train
stratified,2,1354,train
stratified,2,1355,train
stratified,2,1356,train
stratified,2,1359,train
stratified,2,1360,train
stratified,2,1361,train
stratified,2,1362,train
stratified,2,1363,train
stratified,2,1364,train
stratified,2,1365,train
stratified,2,1366,train
stratified,2,1367,train
stratified,2,1368,train
stratified,2,1369,train
stratified,2,1371,train
stratified,2,1372,train
stratified,2,1373,train
stratified,2,1374,train
stratified,2,1375,train
stratified,2,1376,train
stratified,2,1377,train
stratified,2,1378,train
stratified,2,1379,train
stratified,2,1380,train
stratified,2,1381,train
stratified,2,1382,train
stratified,2,1383,train
stratified,2,1384,train
stratified,2,1385,train
stratified,2,1386,train
stratified,2,1387,train
stratified,2,1388,train
stratified,2,1389,train
stratified,2,1390,train
stratified,2,1392,train
stratified,2,1393,train
stratified,2,1394,train
stratified,2,1395,train
stratified,2,1396,train
stratified,2,1398,train
stratified,2,1399,train
stratified,2,1400,train
stratified,2,1401,train
stratified,2,1402,train
stratified,2,1403,train
stratified,2,1404,train
stratified,2,1405,train
stratified,2,1406,train
stratified,2,1407,train
stratified,2,1408,train
stratified,2,1409,train
stratified,2,1410,train
stratified,2,1411,train
stratified,2,1412,train
stratified,2,1413,train
stratified,2,1414,train
stratified,2,1415,train
stratified,2,1416,train
stratified,2,1417,train
stratified,2,1418,train
stratified,2,1420,train
stratified,2,1421,train
stratified,2,1422,train
stratified,2,1423,train
stratified,2,1424,train
stratified,2,1425,train
stratified,2,1426,train
stratified,2,1427,train
stratified,2,1428,train
stratified,2,1429,train
stratified,2,1430,train
stratified,2,1431,train
stratified,2,1432,train
stratified,2,1433,train
stratified,2,1434,train
stratified,2,1435,train
stratified,2,1438,train
stratified,2,1439,train
stratified,2,1440,train
stratified,2,1442,train
stratified,2,1443,train
stratified,2,1445,train
stratified,2,1446,train
stratified,2,1447,train
stratified,2,1448,train
stratified,2,1449,train
stratified,2,1450,train
stratified,2,1451,train
stratified,2,1452,train
stratified,2,1453,train
stratified,2,1454,train
stratified,2,1455,train
stratified,2,1456,train
stratified,2,1458,train
stratified,2,1459,train
stratified,2,1460,train
stratified,2,1461,train
stratified,2,1462,train
stratified,2,1465,train
stratified,2,1466,train
stratified,2,1467,train
stratified,2,1468,train
stratified,2,1469,train
stratified,2,1470,train
stratified,2,1471,train
stratified,2,1473,train
stratified,2,1474,train
stratified,2,1475,train
stratified,2,1476,train
stratified,2,1477,train
stratified,2,1478,train
stratified,2,1479,train
stratified,2,1480,train
stratified,2,1481,train
stratified,2,1482,train
stratified,2,1483,train
stratified,2,1485,train
stratified,2,1486,train
stratified,2,1487,train
stratified,2,1488,train
stratified,2,1489,train
stratified,2,1490,train
stratified,2,1491,train
stratified,2,1492,train
stratified,2,1494,train
stratified,2,1495,train
stratified,2,1496,train
stratified,2,1497,train
stratified,2,1498,train
stratified,2,1499,train
stratified,2,1500,train
stratified,2,1501,train
stratified,2,1502,train
stratified,2,1503,train
stratified,2,1504,train
stratified,2,1505,train
stratified,2,1506,train
stratified,2,1507,train
stratified,2,1509,train
stratified,2,1510,train
stratified,2,1512,train
stratified,2,1513,train
stratified,2,1514,train
stratified,2,1515,train
stratified,2,1516,train
stratified,2,1517,train
stratified,2,1518,train
stratified,2,1520,train
stratified,2,1522,train
stratified,2,1524,train
stratified,2,1525,train
stratified,2,1526,train
stratified,2,1527,train
stratified,2,1528,train
stratified,2,1529,train
stratified,2,1530,train
stratified,2,1531,train
stratified,2,1532,train
stratified,2,1533,train
stratified,2,1534,train
stratified,2,1535,train
stratified,2,1536,train
stratified,2,1537,train
stratified,2,1538,train
stratified,2,1539,train
stratified,2,1540,train
stratified,2,1541,train
stratified,2,1542,train
stratified,2,1543,train
stratified,2,1544,train
stratified,2,1545,train
stratified,2,1546,train
stratified,2,1547,train
stratified,2,1548,train
stratified,2,1549,train
stratified,2,1551,train
stratified,2,1552,train
stratified,2,1553,train
stratified,2,1555,train
stratified,2,1556,train
stratified,2,1557,train
stratified,2,1559,train
stratified,2,1560,train
stratified,2,1561,train
stratified,2,1562,train
stratified,2,1563,train
stratified,2,1564,train
stratified,2,1565,train
stratified,2,1566,train
stratified,2,1567,train
stratified,2,1568,train
stratified,2,1569,train
stratified,2,1570,train
stratified,2,1571,train
stratified,2,1573,train
stratified,2,1574,train
stratified,2,1575,train
stratified,2,1576,train
stratified,2,1578,train
stratified,2,1579,train
stratified,2,1580,train
stratified,2,1581,train
stratified,2,1582,train
stratified,2,1583,train
stratified,2,1584,train
stratified,2,1585,train
stratified,2,1586,train
stratified,2,1587,train
stratified,2,1588,train
stratified,2,1589,train
stratified,2,1590,train
stratified,2,1591,train
stratified,2,1592,train
stratified,2,1593,train
stratified,2,1594,train
stratified,2,1596,train
stratified,2,1597,train
stratified,2,1598,train
stratified,2,1599,train
stratified,2,1600,train
stratified,2,1602,train
stratified,2,1603,train
stratified,2,1604,train
stratified,2,1605,train
stratified,2,1606,train
stratified,2,1607,train
stratified,2,1608,train
stratified,2,1609,train
stratified,2,1610,train
stratified,2,1611,train
stratified,2,1612,train
stratified,2,1613,train
stratified,2,1614,train
stratified,2,1615,train
stratified,2,1616,train
stratified,2,1618,train
stratified,2,1619,train
stratified,2,1620,train
stratified,2,1621,train
stratified,2,1622,train
stratified,2,1623,train
stratified,2,1624,train
stratified,2,1625,train
stratified,2,1626,train
stratified,2,1627,train
stratified,2,1628,train
stratified,2,1630,train
stratified,2,1631,train
stratified,2,1632,train
stratified,2,1633,train
stratified,2,1634,train
stratified,2,1635,train
stratified,2,1636,train
stratified,2,1638,train
stratified,2,1639,train
stratified,2,1640,train
stratified,2,1641,train
stratified,2,1642,train
stratified,2,1643,train
stratified,2,1644,train
stratified,2,1645,train
stratified,2,1646,train
stratified,2,1647,train
stratified,2,1648,train
stratified,2,1649,train
stratified,2,1650,train
stratified,2,1651,train
stratified,2,1652,train
stratified,2,1653,train
stratified,2,1654,train
stratified,2,1655,train
stratified,2,1656,train
stratified,2,1657,train
stratified,2,1658,train
stratified,2,1659,train
stratified,2,1660,train
stratified,2,1661,train
stratified,2,1662,train
stratified,2,1663,train
stratified,2,1664,train
stratified,2,1665,train
stratified,2,1667,train
stratified,2,1668,train
stratified,2,1669,train
stratified,2,1670,train
stratified,2,1671,train
stratified,2,1672,train
stratified,2,1673,train
stratified,2,1674,train
stratified,2,1675,train
stratified,2,1676,train
stratified,2,1677,train
stratified,2,1678,train
stratified,2,1679,train
stratified,2,1681,train
stratified,2,1682,train
stratified,2,1683,train
stratified,2,1685,train
stratified,2,1686,train
stratified,2,1687,train
stratified,2,1688,train
stratified,2,1689,train
stratified,2,1690,train
stratified,2,1691,train
stratified,2,1692,train
stratified,2,1693,train
stratified,2,1694,train
stratified,2,1695,train
stratified,2,1696,train
stratified,2,1697,train
stratified,2,1700,train
stratified,2,1701,train
stratified,2,1702,train
stratified,2,1703,train
stratified,2,1704,train
stratified,2,1705,train
stratified,2,1706,train
stratified,2,1707,train
stratified,2,1708,train
stratified,2,1709,train
stratified,2,1710,train
stratified,2,1711,train
stratified,2,1712,train
stratified,2,1713,train
stratified,2,1714,train
stratified,2,1715,train
stratified,2,1716,train
stratified,2,1717,train
stratified,2,1719,train
stratified,2,1720,train
stratified,2,1721,train
stratified,2,1722,train
stratified,2,1723,train
stratified,2,1724,train
stratified,2,1726,train
stratified,2,1727,train
stratified,2,1728,train
stratified,2,1729,train
stratified,2,1730,train
stratified,2,1731,train
stratified,2,1732,train
stratified,2,1733,train
stratified,2,1734,train
stratified,2,1735,train
stratified,2,1736,train
stratified,2,1739,train
stratified,2,1740,train
stratified,2,1741,train
stratified,2,1742,train
stratified,2,1743,train
stratified,2,1744,train
stratified,2,1745,train
stratified,2,1746,train
stratified,2,1747,train
stratified,2,1748,train
stratified,2,1749,train
stratified,2,1750,train
stratified,2,1751,train
stratified,2,1752,train
stratified,2,1754,train
stratified,2,1755,train
stratified,2,1756,train
stratified,2,1757,train
stratified,2,1759,train
stratified,2,1760,train
stratified,2,1761,train
stratified,2,1762,train
stratified,2,1763,train
stratified,2,1764,train
stratified,2,1765,train
stratified,2,1766,train
stratified,2,1767,train
stratified,2,1768,train
stratified,2,1769,train
stratified,2,1771,train
stratified,2,1772,train
stratified,2,1773,train
stratified,2,1774,train
stratified,2,1775,train
stratified,2,1776,train
stratified,2,1777,train
stratified,2,1778,train
stratified,2,1779,train
stratified,2,1780,train
stratified,2,1781,train
stratified,2,1782,train
stratified,2,1783,train
stratified,2,1784,train
stratified,2,1786,train
stratified,2,1787,train
stratified,2,1788,train
stratified,2,1790,train
stratified,2,1791,train
stratified,2,1792,train
stratified,2,1794,train
stratified,2,1795,train
stratified,2,1796,train
stratified,2,1797,train
stratified,2,1798,train
stratified,2,1800,train
stratified,2,1801,train
stratified,2,1802,train
stratified,2,1803,train
stratified,2,1804,train
stratified,2,1806,train
stratified,2,1807,train
stratified,2,1808,train
stratified,2,1809,train
stratified,2,1810,train
stratified,2,1811,train
stratified,2,1812,train
stratified,2,1813,train
stratified,2,1814,train
stratified,2,1815,train
stratified,2,1816,train
stratified,2,1817,train
stratified,2,1818,train
stratified,2,1819,train
stratified,2,1820,train
stratified,2,1821,train
stratified,2,1822,train
stratified,2,1823,train
stratified,2,1824,train
stratified,2,1825,train
stratified,2,1826,train
stratified,2,1827,train
stratified,2,1828,train
stratified,2,1829,train
stratified,2,1830,train
stratified,2,1831,train
stratified,2,1832,train
stratified,2,1833,train
stratified,2,1834,train
stratified,2,1835,train
stratified,2,1836,train
stratified,2,1837,train
stratified,2,1838,train
stratified,2,1839,train
stratified,2,1840,train
stratified,2,1841,train
stratified,2,1843,train
stratified,2,1844,train
stratified,2,1845,train
stratified,2,1847,train
stratified,2,1848,train
stratified,2,1849,train
stratified,2,1850,train
stratified,2,1852,train
stratified,2,1853,train
stratified,2,1855,train
stratified,2,1856,train
stratified,2,1857,train
stratified,2,1858,train
stratified,2,1859,train
stratified,2,1860,train
stratified,2,1861,train
stratified,2,1862,train
stratified,2,1863,train
stratified,2,1864,train
stratified,2,1865,train
stratified,2,1866,train
stratified,2,1867,train
stratified,2,1868,train
stratified,2,1869,train
stratified,2,1870,train
stratified,2,1871,train
stratified,2,1872,train
stratified,2,1873,train
stratified,2,1874,train
stratified,2,1875,train
stratified,2,1876,train
stratified,2,1877,train
stratified,2,1880,train
stratified,2,1881,train
stratified,2,1882,train
stratified,2,1883,train
stratified,2,1884,train
stratified,2,1886,train
stratified,2,1887,train
stratified,2,1888,train
stratified,2,1889,train
stratified,2,1890,train
stratified,2,1891,train
stratified,2,1893,train
stratified,2,1894,train
stratified,2,1895,train
stratified,2,1896,train
stratified,2,1897,train
stratified,2,1898,train
stratified,2,1899,train
stratified,2,1900,train
stratified,2,1901,train
stratified,2,1903,train
stratified,2,1904,train
stratified,2,1905,train
stratified,2,1906,train
stratified,2,1907,train
stratified,2,1908,train
stratified,2,1909,train
stratified,2,1910,train
stratified,2,8,test
stratified,2,10,test
stratified,2,33,test
stratified,2,35,test
stratified,2,44,test
stratified,2,54,test
stratified,2,68,test
stratified,2,69,test
stratified,2,75,test
stratified,2,80,test
stratified,2,142,test
stratified,2,149,test
stratified,2,151,test
stratified,2,154,test
stratified,2,168,test
stratified,2,174,test
stratified,2,238,test
stratified,2,239,test
stratified,2,240,test
stratified,2,247,test
stratified,2,268,test
stratified,2,274,test
stratified,2,277,test
stratified,2,281,test
stratified,2,294,test
stratified,2,317,test
stratified,2,334,test
stratified,2,338,test
stratified,2,346,test
stratified,2,352,test
stratified,2,378,test
stratified,2,383,test
stratified,2,387,test
stratified,2,388,test
stratified,2,393,test
stratified,2,411,test
stratified,2,415,test
stratified,2,420,test
stratified,2,424,test
stratified,2,444,test
stratified,2,445,test
stratified,2,462,test
stratified,2,468,test
stratified,2,475,test
stratified,2,493,test
stratified,2,501,test
stratified,2,514,test
stratified,2,523,test
stratified,2,539,test
stratified,2,555,test
stratified,2,559,test
stratified,2,570,test
stratified,2,589,test
stratified,2,590,test
stratified,2,599,test
stratified,2,600,test
stratified,2,611,test
stratified,2,630,test
stratified,2,681,test
stratified,2,698,test
stratified,2,707,test
stratified,2,714,test
stratified,2,729,test
stratified,2,735,test
stratified,2,739,test
stratified,2,745,test
stratified,2,763,test
stratified,2,765,test
stratified,2,766,test
stratified,2,780,test
stratified,2,787,test
stratified,2,795,test
stratified,2,800,test
stratified,2,804,test
stratified,2,807,test
stratified,2,809,test
stratified,2,811,test
stratified,2,820,test
stratified,2,831,test
stratified,2,840,test
stratified,2,842,test
stratified,2,851,test
stratified,2,862,test
stratified,2,868,test
stratified,2,875,test
stratified,2,880,test
stratified,2,885,test
stratified,2,901,test
stratified,2,904,test
stratified,2,915,test
stratified,2,934,test
stratified,2,947,test
stratified,2,956,test
stratified,2,960,test
stratified,2,964,test
stratified,2,970,test
stratified,2,989,test
stratified,2,998,test
stratified,2,1006,test
stratified,2,1012,test
stratified,2,1019,test
stratified,2,1020,test
stratified,2,1023,test
stratified,2,1026,test
stratified,2,1033,test
stratified,2,1039,test
stratified,2,1048,test
stratified,2,1051,test
stratified,2,1060,test
stratified,2,1073,test
stratified,2,1081,test
stratified,2,1098,test
stratified,2,1099,test
stratified,2,1145,test
stratified,2,1157,test
stratified,2,1169,test
stratified,2,1175,test
stratified,2,1181,test
stratified,2,1183,test
stratified,2,1211,test
stratified,2,1237,test
stratified,2,1257,test
stratified,2,1262,test
stratified,2,1274,test
stratified,2,1285,test
stratified,2,1286,test
stratified,2,1298,test
stratified,2,1300,test
stratified,2,1302,test
stratified,2,1315,test
stratified,2,1326,test
stratified,2,1328,test
stratified,2,1332,test
stratified,2,1334,test
stratified,2,1357,test
stratified,2,1358,test
stratified,2,1370,test
stratified,2,1391,test
stratified,2,1397,test
stratified,2,1419,test
stratified,2,1436,test
stratified,2,1437,test
stratified,2,1441,test
stratified,2,1444,test
stratified,2,1457,test
stratified,2,1463,test
stratified,2,1464,test
stratified,2,1472,test
stratified,2,1484,test
stratified,2,1493,test
stratified,2,1508,test
stratified,2,1511,test
stratified,2,1519,test
stratified,2,1521,test
stratified,2,1523,test
stratified,2,1550,test
stratified,2,1554,test
stratified,2,1558,test
stratified,2,1572,test
stratified,2,1577,test
stratified,2,1595,test
stratified,2,1601,test
stratified,2,1617,test
stratified,2,1629,test
stratified,2,1637,test
stratified,2,1666,test
stratified,2,1680,test
stratified,2,1684,test
stratified,2,1698,test
stratified,2,1699,test
stratified,2,1718,test
stratified,2,1725,test
stratified,2,1737,test
stratified,2,1738,test
stratified,2,1753,test
stratified,2,1758,test
stratified,2,1770,test
stratified,2,1785,test
stratified,2,1789,test
stratified,2,1793,test
stratified,2,1799,test
stratified,2,1805,test
stratified,2,1842,test
stratified,2,1846,test
stratified,2,1851,test
stratified,2,1854,test
stratified,2,1878,test
stratified,2,1879,test
stratified,2,1885,test
stratified,2,1892,test
stratified,2,1902,test
stratified,3,0,train
stratified,3,1,train
stratified,3,2,train
stratified,3,3,train
stratified,3,4,train
stratified,3,5,train
stratified,3,7,train
stratified,3,8,train
stratified,3,9,train
stratified,3,10,train
stratified,3,11,train
stratified,3,12,train
stratified,3,15,train
stratified,3,16,train
stratified,3,17,train
stratified,3,18,train
stratified,3,19,train
stratified,3,20,train
stratified,3,22,train
stratified,3,23,train
stratified,3,24,train
stratified,3,25,train
stratified,3,26,train
stratified,3,28,train
stratified,3,29,train
stratified,3,30,train
stratified,3,32,train
stratified,3,33,train
stratified,3,34,train
stratified,3,35,train
stratified,3,36,train
stratified,3,37,train
stratified,3,38,train
stratified,3,39,train
stratified,3,40,train
stratified,3,42,train
stratified,3,43,train
stratified,3,44,train
stratified,3,45,train
stratified,3,46,train
stratified,3,48,train
stratified,3,49,train
stratified,3,50,train
stratified,3,51,train
stratified,3,52,train
stratified,3,53,train
stratified,3,54,train
stratified,3,55,train
stratified,3,56,train
stratified,3,58,train
stratified,3,59,train
stratified,3,60,train
stratified,3,61,train
stratified,3,62,train
stratified,3,63,train
stratified,3,64,train
stratified,3,65,train
stratified,3,66,train
stratified,3,67,train
stratified,3,68,train
stratified,3,69,train
stratified,3,70,train
stratified,3,73,train
stratified,3,74,train
stratified,3,75,train
stratified,3,76,train
stratified,3,78,train
stratified,3,79,train
stratified,3,80,train
stratified,3,81,train
stratified,3,82,train
stratified,3,83,train
stratified,3,84,train
stratified,3,85,train
stratified,3,86,train
stratified,3,87,train
stratified,3,88,train
stratified,3,89,train
stratified,3,90,train
stratified,3,91,train
stratified,3,92,train
stratified,3,93,train
stratified,3,94,train
stratified,3,95,train
stratified,3,96,train
stratified,3,98,train
stratified,3,99,train
stratified,3,100,train
stratified,3,101,train
stratified,3,102,train
stratified,3,103,train
stratified,3,104,train
stratified,3,105,train
stratified,3,106,train
stratified,3,107,train
stratified,3,108,train
stratified,3,109,train
stratified,3,110,train
stratified,3,111,train
stratified,3,112,train
stratified,3,115,train
stratified,3,116,train
stratified,3,117,train
stratified,3,118,train
stratified,3,119,train
stratified,3,121,train
stratified,3,123,train
stratified,3,124,train
stratified,3,125,train
stratified,3,126,train
stratified,3,127,train
stratified,3,128,train
stratified,3,129,train
stratified,3,130,train
stratified,3,131,train
stratified,3,132,train
stratified,3,133,train
stratified,3,135,train
stratified,3,137,train
stratified,3,138,train
stratified,3,139,train
stratified,3,140,train
stratified,3,141,train
stratified,3,142,train
stratified,3,144,train
stratified,3,145,train
stratified,3,146,train
stratified,3,147,train
stratified,3,148,train
stratified,3,149,train
stratified,3,150,train
stratified,3,151,train
stratified,3,152,train
stratified,3,153,train
stratified,3,154,train
stratified,3,156,train
stratified,3,157,train
stratified,3,158,train
stratified,3,159,train
stratified,3,160,train
stratified,3,161,train
stratified,3,162,train
stratified,3,163,train
stratified,3,164,train
stratified,3,165,train
stratified,3,166,train
stratified,3,167,train
stratified,3,168,train
stratified,3,169,train
stratified,3,170,train
stratified,3,172,train
stratified,3,174,train
stratified,3,175,train
stratified,3,176,train
stratified,3,177,train
stratified,3,178,train
stratified,3,179,train
stratified,3,180,train
stratified,3,181,train
stratified,3,182,train
stratified,3,183,train
stratified,3,184,train
stratified,3,185,train
stratified,3,186,train
stratified,3,187,train
stratified,3,188,train
stratified,3,189,train
stratified,3,191,train
stratified,3,192,train
stratified,3,193,train
stratified,3,194,train
stratified,3,195,train
stratified,3,196,train
stratified,3,197,train
stratified,3,198,train
stratified,3,199,train
stratified,3,200,train
stratified,3,201,train
stratified,3,203,train
stratified,3,204,train
stratified,3,205,train
stratified,3,206,train
stratified,3,207,train
stratified,3,209,train
stratified,3,210,train
stratified,3,211,train
stratified,3,212,train
stratified,3,213,train
stratified,3,214,train
stratified,3,215,train
stratified,3,216,train
stratified,3,217,train
stratified,3,218,train
stratified,3,219,train
stratified,3,220,train
stratified,3,221,train
stratified,3,222,train
stratified,3,223,train
stratified,3,224,train
stratified,3,225,train
stratified,3,226,train
stratified,3,227,train
stratified,3,228,train
stratified,3,230,train
stratified,3,231,train
stratified,3,232,train
stratified,3,233,train
stratified,3,234,train
stratified,3,235,train
stratified,3,237,train
stratified,3,238,train
stratified,3,239,train
stratified,3,240,train
stratified,3,241,train
stratified,3,242,train
stratified,3,243,train
stratified,3,244,train
stratified,3,245,train
stratified,3,246,train
stratified,3,247,train
stratified,3,248,train
stratified,3,249,train
stratified,3,250,train
stratified,3,251,train
stratified,3,252,train
stratified,3,253,train
stratified,3,254,train
stratified,3,255,train
stratified,3,256,train
stratified,3,257,train
stratified,3,258,train
stratified,3,259,train
stratified,3,260,train
stratified,3,261,train
stratified,3,262,train
stratified,3,263,train
stratified,3,264,train
stratified,3,265,train
stratified,3,266,train
stratified,3,267,train
stratified,3,268,train
stratified,3,269,train
stratified,3,270,train
stratified,3,271,train
stratified,3,272,train
stratified,3,273,train
stratified,3,274,train
stratified,3,275,train
stratified,3,276,train
stratified,3,277,train
stratified,3,278,train
stratified,3,279,train
stratified,3,280,train
stratified,3,281,train
stratified,3,283,train
stratified,3,284,train
stratified,3,286,train
stratified,3,287,train
stratified,3,288,train
stratified,3,289,train
stratified,3,290,train
stratified,3,291,train
stratified,3,292,train
stratified,3,293,train
stratified,3,294,train
stratified,3,295,train
stratified,3,296,train
stratified,3,297,train
stratified,3,298,train
stratified,3,299,train
stratified,3,300,train
stratified,3,301,train
stratified,3,302,train
stratified,3,303,train
stratified,3,304,train
stratified,3,305,train
stratified,3,306,train
stratified,3,307,train
stratified,3,308,train
stratified,3,309,train
stratified,3,310,train
stratified,3,311,train
stratified,3,312,train
stratified,3,313,train
stratified,3,314,train
stratified,3,315,train
stratified,3,316,train
stratified,3,317,train
stratified,3,318,train
stratified,3,319,train
stratified,3,320,train
stratified,3,321,train
stratified,3,322,train
stratified,3,323,train
stratified,3,324,train
stratified,3,325,train
stratified,3,326,train
stratified,3,327,train
stratified,3,328,train
stratified,3,329,train
stratified,3,330,train
stratified,3,331,train
stratified,3,332,train
stratified,3,333,train
stratified,3,334,train
stratified,3,335,train
stratified,3,336,train
stratified,3,337,train
stratified,3,338,train
stratified,3,339,train
stratified,3,340,train
stratified,3,342,train
stratified,3,343,train
stratified,3,344,train
stratified,3,345,train
stratified,3,346,train
stratified,3,348,train
stratified,3,349,train
stratified,3,350,train
stratified,3,351,train
stratified,3,352,train
stratified,3,353,train
stratified,3,354,train
stratified,3,355,train
stratified,3,356,train
stratified,3,357,train
stratified,3,358,train
stratified,3,359,train
stratified,3,360,train
stratified,3,361,train
stratified,3,362,train
stratified,3,363,train
stratified,3,364,train
stratified,3,366,train
stratified,3,367,train
stratified,3,368,train
stratified,3,369,train
stratified,3,370,train
stratified,3,371,train
stratified,3,372,train
stratified,3,373,train
stratified,3,374,train
stratified,3,375,train
stratified,3,376,train
stratified,3,377,train
stratified,3,378,train
stratified,3,379,train
stratified,3,380,train
stratified,3,381,train
stratified,3,382,train
stratified,3,383,train
stratified,3,384,train
stratified,3,385,train
stratified,3,387,train
stratified,3,388,train
stratified,3,389,train
stratified,3,391,train
stratified,3,392,train
stratified,3,393,train
stratified,3,394,train
stratified,3,395,train
stratified,3,396,train
stratified,3,397,train
stratified,3,398,train
stratified,3,399,train
stratified,3,401,train
stratified,3,403,train
stratified,3,404,train
stratified,3,406,train
stratified,3,407,train
stratified,3,408,train
stratified,3,409,train
stratified,3,410,train
stratified,3,411,train
stratified,3,412,train
stratified,3,413,train
stratified,3,414,train
stratified,3,415,train
stratified,3,416,train
stratified,3,417,train
stratified,3,418,train
stratified,3,419,train
stratified,3,420,train
stratified,3,421,train
stratified,3,422,train
stratified,3,424,train
stratified,3,425,train
stratified,3,426,train
stratified,3,428,train
stratified,3,429,train
stratified,3,430,train
stratified,3,431,train
stratified,3,433,train
stratified,3,434,train
stratified,3,435,train
stratified,3,437,train
stratified,3,438,train
stratified,3,439,train
stratified,3,440,train
stratified,3,441,train
stratified,3,442,train
stratified,3,444,train
stratified,3,445,train
stratified,3,447,train
stratified,3,448,train
stratified,3,449,train
stratified,3,450,train
stratified,3,451,train
stratified,3,452,train
stratified,3,453,train
stratified,3,454,train
stratified,3,455,train
stratified,3,456,train
stratified,3,457,train
stratified,3,458,train
stratified,3,459,train
stratified,3,460,train
stratified,3,461,train
stratified,3,462,train
stratified,3,463,train
stratified,3,464,train
stratified,3,465,train
stratified,3,466,train
stratified,3,467,train
stratified,3,468,train
stratified,3,469,train
stratified,3,470,train
stratified,3,471,train
stratified,3,472,train
stratified,3,473,train
stratified,3,474,train
stratified,3,475,train
stratified,3,476,train
stratified,3,478,train
stratified,3,479,train
stratified,3,480,train
stratified,3,481,train
stratified,3,482,train
stratified,3,483,train
stratified,3,484,train
stratified,3,485,train
stratified,3,486,train
stratified,3,487,train
stratified,3,488,train
stratified,3,489,train
stratified,3,490,train
stratified,3,491,train
stratified,3,492,train
stratified,3,493,train
stratified,3,494,train
stratified,3,496,train
stratified,3,497,train
stratified,3,498,train
stratified,3,500,train
stratified,3,501,train
stratified,3,502,train
stratified,3,503,train
stratified,3,504,train
stratified,3,505,train
stratified,3,506,train
stratified,3,507,train
stratified,3,508,train
stratified,3,509,train
stratified,3,510,train
stratified,3,511,train
stratified,3,512,train
stratified,3,513,train
stratified,3,514,train
stratified,3,515,train
stratified,3,516,train
stratified,3,517,train
stratified,3,519,train
stratified,3,520,train
stratified,3,521,train
stratified,3,522,train
stratified,3,523,train
stratified,3,525,train
stratified,3,526,train
stratified,3,527,train
stratified,3,528,train
stratified,3,531,train
stratified,3,532,train
stratified,3,533,train
stratified,3,534,train
stratified,3,535,train
stratified,3,536,train
stratified,3,537,train
stratified,3,539,train
stratified,3,540,train
stratified,3,541,train
stratified,3,542,train
stratified,3,544,train
stratified,3,545,train
stratified,3,546,train
stratified,3,547,train
stratified,3,548,train
stratified,3,549,train
stratified,3,550,train
stratified,3,552,train
stratified,3,553,train
stratified,3,554,train
stratified,3,555,train
stratified,3,556,train
stratified,3,557,train
stratified,3,558,train
stratified,3,559,train
stratified,3,560,train
stratified,3,561,train
stratified,3,562,train
stratified,3,563,train
stratified,3,564,train
stratified,3,565,train
stratified,3,566,train
stratified,3,567,train
stratified,3,568,train
stratified,3,569,train
stratified,3,570,train
stratified,3,571,train
stratified,3,572,train
stratified,3,573,train
stratified,3,574,train
stratified,3,575,train
stratified,3,577,train
stratified,3,579,train
stratified,3,580,train
stratified,3,581,train
stratified,3,582,train
stratified,3,583,train
stratified,3,584,train
stratified,3,585,train
stratified,3,586,train
stratified,3,587,train
stratified,3,588,train
stratified,3,589,train
stratified,3,590,train
stratified,3,591,train
stratified,3,592,train
stratified,3,593,train
stratified,3,595,train
stratified,3,596,train
stratified,3,597,train
stratified,3,599,train
stratified,3,600,train
stratified,3,601,train
stratified,3,602,train
stratified,3,603,train
stratified,3,604,train
stratified,3,605,train
stratified,3,606,train
stratified,3,607,train
stratified,3,608,train
stratified,3,609,train
stratified,3,610,train
stratified,3,611,train
stratified,3,612,train
stratified,3,613,train
stratified,3,615,train
stratified,3,616,train
stratified,3,617,train
stratified,3,618,train
stratified,3,619,train
stratified,3,620,train
stratified,3,621,train
stratified,3,622,train
stratified,3,623,train
stratified,3,624,train
stratified,3,625,train
stratified,3,626,train
stratified,3,627,train
stratified,3,628,train
stratified,3,630,train
stratified,3,631,train
stratified,3,633,train
stratified,3,634,train
stratified,3,636,train
stratified,3,637,train
stratified,3,638,train
stratified,3,639,train
stratified,3,640,train
stratified,3,641,train
stratified,3,642,train
stratified,3,643,train
stratified,3,644,train
stratified,3,645,train
stratified,3,646,train
stratified,3,647,train
stratified,3,648,train
stratified,3,649,train
stratified,3,650,train
stratified,3,652,train
stratified,3,654,train
stratified,3,655,train
stratified,3,657,train
stratified,3,658,train
stratified,3,659,train
stratified,3,660,train
stratified,3,661,train
stratified,3,662,train
stratified,3,663,train
stratified,3,665,train
stratified,3,666,train
stratified,3,668,train
stratified,3,669,train
stratified,3,670,train
stratified,3,672,train
stratified,3,673,train
stratified,3,674,train
stratified,3,675,train
stratified,3,676,train
stratified,3,677,train
stratified,3,678,train
stratified,3,679,train
stratified,3,680,train
stratified,3,681,train
stratified,3,682,train
stratified,3,684,train
stratified,3,685,train
stratified,3,686,train
stratified,3,687,train
stratified,3,689,train
stratified,3,690,train
stratified,3,691,train
stratified,3,692,train
stratified,3,693,train
stratified,3,694,train
stratified,3,695,train
stratified,3,696,train
stratified,3,697,train
stratified,3,698,train
stratified,3,700,train
stratified,3,701,train
stratified,3,702,train
stratified,3,703,train
stratified,3,704,train
stratified,3,705,train
stratified,3,706,train
stratified,3,707,train
stratified,3,708,train
stratified,3,709,train
stratified,3,710,train
stratified,3,711,train
stratified,3,712,train
stratified,3,713,train
stratified,3,714,train
stratified,3,715,train
stratified,3,716,train
stratified,3,717,train
stratified,3,718,train
stratified,3,719,train
stratified,3,720,train
stratified,3,721,train
stratified,3,722,train
stratified,3,723,train
stratified,3,724,train
stratified,3,726,train
stratified,3,727,train
stratified,3,728,train
stratified,3,729,train
stratified,3,731,train
stratified,3,732,train
stratified,3,734,train
stratified,3,735,train
stratified,3,736,train
stratified,3,737,train
stratified,3,738,train
stratified,3,739,train
stratified,3,740,train
stratified,3,741,train
stratified,3,742,train
stratified,3,743,train
stratified,3,744,train
stratified,3,745,train
stratified,3,746,train
stratified,3,747,train
stratified,3,748,train
stratified,3,749,train
stratified,3,750,train
stratified,3,751,train
stratified,3,752,train
stratified,3,753,train
stratified,3,754,train
stratified,3,755,train
stratified,3,756,train
stratified,3,757,train
stratified,3,759,train
stratified,3,762,train
stratified,3,763,train
stratified,3,764,train
stratified,3,765,train
stratified,3,766,train
stratified,3,767,train
stratified,3,768,train
stratified,3,769,train
stratified,3,770,train
stratified,3,771,train
stratified,3,772,train
stratified,3,773,train
stratified,3,775,train
stratified,3,776,train
stratified,3,777,train
stratified,3,779,train
stratified,3,780,train
stratified,3,781,train
stratified,3,782,train
stratified,3,783,train
stratified,3,784,train
stratified,3,785,train
stratified,3,786,train
stratified,3,787,train
stratified,3,788,train
stratified,3,789,train
stratified,3,790,train
stratified,3,791,train
stratified,3,793,train
stratified,3,795,train
stratified,3,796,train
stratified,3,797,train
stratified,3,799,train
stratified,3,800,train
stratified,3,802,train
stratified,3,803,train
stratified,3,804,train
stratified,3,805,train
stratified,3,806,train
stratified,3,807,train
stratified,3,808,train
stratified,3,809,train
stratified,3,810,train
stratified,3,811,train
stratified,3,812,train
stratified,3,813,train
stratified,3,814,train
stratified,3,815,train
stratified,3,816,train
stratified,3,817,train
stratified,3,818,train
stratified,3,819,train
stratified,3,820,train
stratified,3,821,train
stratified,3,822,train
stratified,3,823,train
stratified,3,824,train
stratified,3,825,train
stratified,3,826,train
stratified,3,827,train
stratified,3,828,train
stratified,3,829,train
stratified,3,830,train
stratified,3,831,train
stratified,3,832,train
stratified,3,833,train
stratified,3,834,train
stratified,3,835,train
stratified,3,836,train
stratified,3,837,train
stratified,3,838,train
stratified,3,839,train
stratified,3,840,train
stratified,3,841,train
stratified,3,842,train
stratified,3,843,train
stratified,3,844,train
stratified,3,846,train
stratified,3,847,train
stratified,3,848,train
stratified,3,849,train
stratified,3,850,train
stratified,3,851,train
stratified,3,852,train
stratified,3,853,train
stratified,3,854,train
stratified,3,855,train
stratified,3,856,train
stratified,3,857,train
stratified,3,858,train
stratified,3,859,train
stratified,3,860,train
stratified,3,861,train
stratified,3,862,train
stratified,3,863,train
stratified,3,864,train
stratified,3,865,train
stratified,3,866,train
stratified,3,867,train
stratified,3,868,train
stratified,3,869,train
stratified,3,871,train
stratified,3,873,train
stratified,3,874,train
stratified,3,875,train
stratified,3,877,train
stratified,3,878,train
stratified,3,879,train
stratified,3,880,train
stratified,3,882,train
stratified,3,884,train
stratified,3,885,train
stratified,3,886,train
stratified,3,887,train
stratified,3,889,train
stratified,3,890,train
stratified,3,891,train
stratified,3,892,train
stratified,3,893,train
stratified,3,894,train
stratified,3,895,train
stratified,3,896,train
stratified,3,897,train
stratified,3,899,train
stratified,3,900,train
stratified,3,901,train
stratified,3,902,train
stratified,3,903,train
stratified,3,904,train
stratified,3,905,train
stratified,3,907,train
stratified,3,908,train
stratified,3,909,train
stratified,3,910,train
stratified,3,911,train
stratified,3,912,train
stratified,3,914,train
stratified,3,915,train
stratified,3,916,train
stratified,3,918,train
stratified,3,919,train
stratified,3,920,train
stratified,3,921,train
stratified,3,922,train
stratified,3,923,train
stratified,3,924,train
stratified,3,925,train
stratified,3,926,train
stratified,3,927,train
stratified,3,928,train
stratified,3,929,train
stratified,3,930,train
stratified,3,931,train
stratified,3,932,train
stratified,3,933,train
stratified,3,934,train
stratified,3,935,train
stratified,3,936,train
stratified,3,937,train
stratified,3,938,train
stratified,3,939,train
stratified,3,940,train
stratified,3,941,train
stratified,3,942,train
stratified,3,943,train
stratified,3,944,train
stratified,3,945,train
stratified,3,946,train
stratified,3,947,train
stratified,3,948,train
stratified,3,949,train
stratified,3,950,train
stratified,3,952,train
stratified,3,954,train
stratified,3,956,train
stratified,3,957,train
stratified,3,958,train
stratified,3,960,train
stratified,3,961,train
stratified,3,962,train
stratified,3,964,train
stratified,3,965,train
stratified,3,967,train
stratified,3,968,train
stratified,3,969,train
stratified,3,970,train
stratified,3,972,train
stratified,3,973,train
stratified,3,976,train
stratified,3,977,train
stratified,3,978,train
stratified,3,979,train
stratified,3,980,train
stratified,3,983,train
stratified,3,984,train
stratified,3,985,train
stratified,3,986,train
stratified,3,987,train
stratified,3,988,train
stratified,3,989,train
stratified,3,990,train
stratified,3,992,train
stratified,3,993,train
stratified,3,994,train
stratified,3,995,train
stratified,3,996,train
stratified,3,997,train
stratified,3,998,train
stratified,3,999,train
stratified,3,1000,train
stratified,3,1002,train
stratified,3,1003,train
stratified,3,1004,train
stratified,3,1005,train
stratified,3,1006,train
stratified,3,1007,train
stratified,3,1008,train
stratified,3,1009,train
stratified,3,1010,train
stratified,3,1011,train
stratified,3,1012,train
stratified,3,1013,train
stratified,3,1014,train
stratified,3,1015,train
stratified,3,1017,train
stratified,3,1018,train
stratified,3,1019,train
stratified,3,1020,train
stratified,3,1021,train
stratified,3,1022,train
stratified,3,1023,train
stratified,3,1024,train
stratified,3,1025,train
stratified,3,1026,train
stratified,3,1027,train
stratified,3,1028,train
stratified,3,1029,train
stratified,3,1030,train
stratified,3,1031,train
stratified,3,1032,train
stratified,3,1033,train
stratified,3,1034,train
stratified,3,1035,train
stratified,3,1036,train
stratified,3,1039,train
stratified,3,1040,train
stratified,3,1041,train
stratified,3,1042,train
stratified,3,1043,train
stratified,3,1044,train
stratified,3,1045,train
stratified,3,1046,train
stratified,3,1047,train
stratified,3,1048,train
stratified,3,1049,train
stratified,3,1050,train
stratified,3,1051,train
stratified,3,1052,train
stratified,3,1053,train
stratified,3,1054,train
stratified,3,1055,train
stratified,3,1056,train
stratified,3,1057,train
stratified,3,1058,train
stratified,3,1059,train
stratified,3,1060,train
stratified,3,1062,train
stratified,3,1063,train
stratified,3,1064,train
stratified,3,1065,train
stratified,3,1066,train
stratified,3,1068,train
stratified,3,1069,train
stratified,3,1071,train
stratified,3,1072,train
stratified,3,1073,train
stratified,3,1074,train
stratified,3,1075,train
stratified,3,1076,train
stratified,3,1077,train
stratified,3,1078,train
stratified,3,1079,train
stratified,3,1080,train
stratified,3,1081,train
stratified,3,1082,train
stratified,3,1084,train
stratified,3,1085,train
stratified,3,1086,train
stratified,3,1087,train
stratified,3,1088,train
stratified,3,1089,train
stratified,3,1090,train
stratified,3,1091,train
stratified,3,1092,train
stratified,3,1093,train
stratified,3,1094,train
stratified,3,1095,train
stratified,3,1096,train
stratified,3,1097,train
stratified,3,1098,train
stratified,3,1099,train
stratified,3,1100,train
stratified,3,1101,train
stratified,3,1102,train
stratified,3,1103,train
stratified,3,1104,train
stratified,3,1106,train
stratified,3,1107,train
stratified,3,1108,train
stratified,3,1109,train
stratified,3,1110,train
stratified,3,1111,train
stratified,3,1112,train
stratified,3,1114,train
stratified,3,1116,train
stratified,3,1117,train
stratified,3,1118,train
stratified,3,1119,train
stratified,3,1120,train
stratified,3,1121,train
stratified,3,1122,train
stratified,3,1123,train
stratified,3,1125,train
stratified,3,1126,train
stratified,3,1128,train
stratified,3,1129,train
stratified,3,1130,train
stratified,3,1131,train
stratified,3,1132,train
stratified,3,1133,train
stratified,3,1134,train
stratified,3,1136,train
stratified,3,1137,train
stratified,3,1138,train
stratified,3,1140,train
stratified,3,1141,train
stratified,3,1142,train
stratified,3,1143,train
stratified,3,1144,train
stratified,3,1145,train
stratified,3,1146,train
stratified,3,1147,train
stratified,3,1148,train
stratified,3,1149,train
stratified,3,1150,train
stratified,3,1151,train
stratified,3,1152,train
stratified,3,1153,train
stratified,3,1154,train
stratified,3,1155,train
stratified,3,1156,train
stratified,3,1157,train
stratified,3,1158,train
stratified,3,1159,train
stratified,3,1160,train
stratified,3,1161,train
stratified,3,1162,train
stratified,3,1163,train
stratified,3,1164,train
stratified,3,1165,train
stratified,3,1166,train
stratified,3,1167,train
stratified,3,1168,train
stratified,3,1169,train
stratified,3,1170,train
stratified,3,1171,train
stratified,3,1172,train
stratified,3,1173,train
stratified,3,1174,train
stratified,3,1175,train
stratified,3,1176,train
stratified,3,1178,train
stratified,3,1179,train
stratified,3,1180,train
stratified,3,1181,train
stratified,3,1182,train
stratified,3,1183,train
stratified,3,1184,train
stratified,3,1185,train
stratified,3,1186,train
stratified,3,1187,train
stratified,3,1189,train
stratified,3,1190,train
stratified,3,1191,train
stratified,3,1192,train
stratified,3,1194,train
stratified,3,1195,train
stratified,3,1196,train
stratified,3,1197,train
stratified,3,1199,train
stratified,3,1201,train
stratified,3,1203,train
stratified,3,1204,train
stratified,3,1205,train
stratified,3,1207,train
stratified,3,1208,train
stratified,3,1209,train
stratified,3,1210,train
stratified,3,1211,train
stratified,3,1212,train
stratified,3,1214,train
stratified,3,1216,train
stratified,3,1217,train
stratified,3,1218,train
stratified,3,1219,train
stratified,3,1220,train
stratified,3,1221,train
stratified,3,1222,train
stratified,3,1223,train
stratified,3,1225,train
stratified,3,1226,train
stratified,3,1229,train
stratified,3,1231,train
stratified,3,1232,train
stratified,3,1233,train
stratified,3,1236,train
stratified,3,1237,train
stratified,3,1238,train
stratified,3,1239,train
stratified,3,1240,train
stratified,3,1241,train
stratified,3,1242,train
stratified,3,1243,train
stratified,3,1244,train
stratified,3,1246,train
stratified,3,1247,train
stratified,3,1248,train
stratified,3,1249,train
stratified,3,1250,train
stratified,3,1251,train
stratified,3,1252,train
stratified,3,1253,train
stratified,3,1255,train
stratified,3,1257,train
stratified,3,1258,train
stratified,3,1260,train
stratified,3,1261,train
stratified,3,1262,train
stratified,3,1263,train
stratified,3,1264,train
stratified,3,1265,train
stratified,3,1266,train
stratified,3,1267,train
stratified,3,1268,train
stratified,3,1269,train
stratified,3,1270,train
stratified,3,1271,train
stratified,3,1272,train
stratified,3,1273,train
stratified,3,1274,train
stratified,3,1275,train
stratified,3,1276,train
stratified,3,1277,train
stratified,3,1278,train
stratified,3,1279,train
stratified,3,1280,train
stratified,3,1281,train
stratified,3,1282,train
stratified,3,1283,train
stratified,3,1284,train
stratified,3,1285,train
stratified,3,1286,train
stratified,3,1287,train
stratified,3,1288,train
stratified,3,1289,train
stratified,3,1290,train
stratified,3,1291,train
stratified,3,1292,train
stratified,3,1294,train
stratified,3,1295,train
stratified,3,1296,train
stratified,3,1297,train
stratified,3,1298,train
stratified,3,1299,train
stratified,3,1300,train
stratified,3,1301,train
stratified,3,1302,train
stratified,3,1303,train
stratified,3,1304,train
stratified,3,1305,train
stratified,3,1306,train
stratified,3,1307,train
stratified,3,1308,train
stratified,3,1310,train
stratified,3,1311,train
stratified,3,1312,train
stratified,3,1313,train
stratified,3,1314,train
stratified,3,1315,train
stratified,3,1316,train
stratified,3,1317,train
stratified,3,1318,train
stratified,3,1319,train
stratified,3,1320,train
stratified,3,1322,train
stratified,3,1323,train
stratified,3,1324,train
stratified,3,1325,train
stratified,3,1326,train
stratified,3,1328,train
stratified,3,1329,train
stratified,3,1330,train
stratified,3,1331,train
stratified,3,1332,train
stratified,3,1333,train
stratified,3,1334,train
stratified,3,1335,train
stratified,3,1336,train
stratified,3,1338,train
stratified,3,1339,train
stratified,3,1340,train
stratified,3,1341,train
stratified,3,1342,train
stratified,3,1343,train
stratified,3,1344,train
stratified,3,1345,train
stratified,3,1346,train
stratified,3,1347,train
stratified,3,1348,train
stratified,3,1349,train
stratified,3,1350,train
stratified,3,1351,train
stratified,3,1352,train
stratified,3,1353,train
stratified,3,1354,train
stratified,3,1355,train
stratified,3,1356,train
stratified,3,1357,train
stratified,3,1358,train
stratified,3,1359,train
stratified,3,1360,train
stratified,3,1361,train
stratified,3,1362,train
stratified,3,1363,train
stratified,3,1365,train
stratified,3,1366,train
stratified,3,1367,train
stratified,3,1368,train
stratified,3,1369,train
stratified,3,1370,train
stratified,3,1371,train
stratified,3,1372,train
stratified,3,1373,train
stratified,3,1374,train
stratified,3,1375,train
stratified,3,1376,train
stratified,3,1377,train
stratified,3,1378,train
stratified,3,1379,train
stratified,3,1381,train
stratified,3,1382,train
stratified,3,1383,train
stratified,3,1384,train
stratified,3,1385,train
stratified,3,1386,train
stratified,3,1387,train
stratified,3,1388,train
stratified,3,1389,train
stratified,3,1390,train
stratified,3,1391,train
stratified,3,1392,train
stratified,3,1393,train
stratified,3,1394,train
stratified,3,1395,train
stratified,3,1396,train
stratified,3,1397,train
stratified,3,1398,train
stratified,3,1399,train
stratified,3,1400,train
stratified,3,1401,train
stratified,3,1402,train
stratified,3,1404,train
stratified,3,1405,train
stratified,3,1406,train
stratified,3,1407,train
stratified,3,1408,train
stratified,3,1409,train
stratified,3,1410,train
stratified,3,1411,train
stratified,3,1412,train
stratified,3,1413,train
stratified,3,1414,train
stratified,3,1415,train
stratified,3,1416,train
stratified,3,1417,train
stratified,3,1418,train
stratified,3,1419,train
stratified,3,1420,train
stratified,3,1421,train
stratified,3,1422,train
stratified,3,1423,train
stratified,3,1424,train
stratified,3,1425,train
stratified,3,1426,train
stratified,3,1427,train
stratified,3,1428,train
stratified,3,1429,train
stratified,3,1430,train
stratified,3,1431,train
stratified,3,1432,train
stratified,3,1433,train
stratified,3,1434,train
stratified,3,1435,train
stratified,3,1436,train
stratified,3,1437,train
stratified,3,1438,train
stratified,3,1439,train
stratified,3,1440,train
stratified,3,1441,train
stratified,3,1442,train
stratified,3,1444,train
stratified,3,1445,train
stratified,3,1446,train
stratified,3,1447,train
stratified,3,1448,train
stratified,3,1449,train
stratified,3,1450,train
stratified,3,1451,train
stratified,3,1452,train
stratified,3,1453,train
stratified,3,1454,train
stratified,3,1455,train
stratified,3,1456,train
stratified,3,1457,train
stratified,3,1458,train
stratified,3,1459,train
stratified,3,1460,train
stratified,3,1461,train
stratified,3,1462,train
stratified,3,1463,train
stratified,3,1464,train
stratified,3,1465,train
stratified,3,1467,train
stratified,3,1468,train
stratified,3,1469,train
stratified,3,1470,train
stratified,3,1471,train
stratified,3,1472,train
stratified,3,1473,train
stratified,3,1474,train
stratified,3,1476,train
stratified,3,1477,train
stratified,3,1478,train
stratified,3,1479,train
stratified,3,1481,train
stratified,3,1482,train
stratified,3,1483,train
stratified,3,1484,train
stratified,3,1485,train
stratified,3,1486,train
stratified,3,1487,train
stratified,3,1488,train
stratified,3,1489,train
stratified,3,1490,train
stratified,3,1491,train
stratified,3,1492,train
stratified,3,1493,train
stratified,3,1494,train
stratified,3,1495,train
stratified,3,1496,train
stratified,3,1497,train
stratified,3,1498,train
stratified,3,1499,train
stratified,3,1500,train
stratified,3,1502,train
stratified,3,1503,train
stratified,3,1504,train
stratified,3,1505,train
stratified,3,1506,train
stratified,3,1507,train
stratified,3,1508,train
stratified,3,1509,train
stratified,3,1510,train
stratified,3,1511,train
stratified,3,1512,train
stratified,3,1513,train
stratified,3,1514,train
stratified,3,1515,train
stratified,3,1516,train
stratified,3,1517,train
stratified,3,1518,train
stratified,3,1519,train
stratified,3,1521,train
stratified,3,1522,train
stratified,3,1523,train
stratified,3,1524,train
stratified,3,1525,train
stratified,3,1526,train
stratified,3,1528,train
stratified,3,1529,train
stratified,3,1530,train
stratified,3,1531,train
stratified,3,1532,train
stratified,3,1533,train
stratified,3,1534,train
stratified,3,1536,train
stratified,3,1537,train
stratified,3,1538,train
stratified,3,1539,train
stratified,3,1540,train
stratified,3,1541,train
stratified,3,1542,train
stratified,3,1543,train
stratified,3,1544,train
stratified,3,1545,train
stratified,3,1546,train
stratified,3,1547,train
stratified,3,1548,train
stratified,3,1549,train
stratified,3,1550,train
stratified,3,1551,train
stratified,3,1552,train
stratified,3,1553,train
stratified,3,1554,train
stratified,3,1555,train
stratified,3,1556,train
stratified,3,1558,train
stratified,3,1559,train
stratified,3,1560,train
stratified,3,1561,train
stratified,3,1562,train
stratified,3,1563,train
stratified,3,1564,train
stratified,3,1565,train
stratified,3,1566,train
stratified,3,1567,train
stratified,3,1568,train
stratified,3,1569,train
stratified,3,1570,train
stratified,3,1571,train
stratified,3,1572,train
stratified,3,1573,train
stratified,3,1574,train
stratified,3,1575,train
stratified,3,1576,train
stratified,3,1577,train
stratified,3,1578,train
stratified,3,1579,train
stratified,3,1580,train
stratified,3,1581,train
stratified,3,1582,train
stratified,3,1583,train
stratified,3,1584,train
stratified,3,1586,train
stratified,3,1587,train
stratified,3,1588,train
stratified,3,1589,train
stratified,3,1590,train
stratified,3,1591,train
stratified,3,1592,train
stratified,3,1593,train
stratified,3,1594,train
stratified,3,1595,train
stratified,3,1596,train
stratified,3,1597,train
stratified,3,1598,train
stratified,3,1599,train
stratified,3,1600,train
stratified,3,1601,train
stratified,3,1602,train
stratified,3,1603,train
stratified,3,1604,train
stratified,3,1605,train
stratified,3,1606,train
stratified,3,1607,train
stratified,3,1608,train
stratified,3,1609,train
stratified,3,1610,train
stratified,3,1611,train
stratified,3,1612,train
stratified,3,1613,train
stratified,3,1615,train
stratified,3,1616,train
stratified,3,1617,train
stratified,3,1618,train
stratified,3,1620,train
stratified,3,1621,train
stratified,3,1622,train
stratified,3,1623,train
stratified,3,1624,train
stratified,3,1625,train
stratified,3,1626,train
stratified,3,1627,train
stratified,3,1628,train
stratified,3,1629,train
stratified,3,1630,train
stratified,3,1631,train
stratified,3,1632,train
stratified,3,1633,train
stratified,3,1634,train
stratified,3,1635,train
stratified,3,1636,train
stratified,3,1637,train
stratified,3,1638,train
stratified,3,1639,train
stratified,3,1640,train
stratified,3,1641,train
stratified,3,1642,train
stratified,3,1643,train
stratified,3,1644,train
stratified,3,1645,train
stratified,3,1646,train
stratified,3,1648,train
stratified,3,1649,train
stratified,3,1652,train
stratified,3,1653,train
stratified,3,1654,train
stratified,3,1655,train
stratified,3,1656,train
stratified,3,1657,train
stratified,3,1658,train
stratified,3,1659,train
stratified,3,1660,train
stratified,3,1661,train
stratified,3,1662,train
stratified,3,1663,train
stratified,3,1664,train
stratified,3,1665,train
stratified,3,1666,train
stratified,3,1667,train
stratified,3,1670,train
stratified,3,1671,train
stratified,3,1673,train
stratified,3,1675,train
stratified,3,1676,train
stratified,3,1677,train
stratified,3,1678,train
stratified,3,1679,train
stratified,3,1680,train
stratified,3,1681,train
stratified,3,1682,train
stratified,3,1683,train
stratified,3,1684,train
stratified,3,1685,train
stratified,3,1686,train
stratified,3,1687,train
stratified,3,1688,train
stratified,3,1689,train
stratified,3,1690,train
stratified,3,1691,train
stratified,3,1692,train
stratified,3,1693,train
stratified,3,1694,train
stratified,3,1695,train
stratified,3,1696,train
stratified,3,1697,train
stratified,3,1698,train
stratified,3,1699,train
stratified,3,1700,train
stratified,3,1701,train
stratified,3,1703,train
stratified,3,1704,train
stratified,3,1705,train
stratified,3,1706,train
stratified,3,1707,train
stratified,3,1708,train
stratified,3,1709,train
stratified,3,1710,train
stratified,3,1711,train
stratified,3,1712,train
stratified,3,1713,train
stratified,3,1715,train
stratified,3,1716,train
stratified,3,1717,train
stratified,3,1718,train
stratified,3,1720,train
stratified,3,1721,train
stratified,3,1722,train
stratified,3,1723,train
stratified,3,1724,train
stratified,3,1725,train
stratified,3,1726,train
stratified,3,1728,train
stratified,3,1729,train
stratified,3,1730,train
stratified,3,1732,train
stratified,3,1733,train
stratified,3,1734,train
stratified,3,1735,train
stratified,3,1736,train
stratified,3,1737,train
stratified,3,1738,train
stratified,3,1740,train
stratified,3,1741,train
stratified,3,1742,train
stratified,3,1743,train
stratified,3,1744,train
stratified,3,1745,train
stratified,3,1746,train
stratified,3,1747,train
stratified,3,1749,train
stratified,3,1750,train
stratified,3,1751,train
stratified,3,1752,train
stratified,3,1753,train
stratified,3,1754,train
stratified,3,1756,train
stratified,3,1757,train
stratified,3,1758,train
stratified,3,1759,train
stratified,3,1760,train
stratified,3,1761,train
stratified,3,1762,train
stratified,3,1763,train
stratified,3,1764,train
stratified,3,1765,train
stratified,3,1766,train
stratified,3,1768,train
stratified,3,1769,train
stratified,3,1770,train
stratified,3,1771,train
stratified,3,1772,train
stratified,3,1773,train
stratified,3,1774,train
stratified,3,1776,train
stratified,3,1777,train
stratified,3,1778,train
stratified,3,1779,train
stratified,3,1780,train
stratified,3,1781,train
stratified,3,1782,train
stratified,3,1783,train
stratified,3,1784,train
stratified,3,1785,train
stratified,3,1786,train
stratified,3,1788,train
stratified,3,1789,train
stratified,3,1790,train
stratified,3,1791,train
stratified,3,1793,train
stratified,3,1794,train
stratified,3,1795,train
stratified,3,1796,train
stratified,3,1797,train
stratified,3,1799,train
stratified,3,1800,train
stratified,3,1801,train
stratified,3,1802,train
stratified,3,1803,train
stratified,3,1804,train
stratified,3,1805,train
stratified,3,1806,train
stratified,3,1808,train
stratified,3,1809,train
stratified,3,1811,train
stratified,3,1812,train
stratified,3,1814,train
stratified,3,1815,train
stratified,3,1816,train
stratified,3,1817,train
stratified,3,1818,train
stratified,3,1819,train
stratified,3,1820,train
stratified,3,1821,train
stratified,3,1823,train
stratified,3,1824,train
stratified,3,1825,train
stratified,3,1826,train
stratified,3,1827,train
stratified,3,1828,train
stratified,3,1830,train
stratified,3,1831,train
stratified,3,1832,train
stratified,3,1833,train
stratified,3,1834,train
stratified,3,1835,train
stratified,3,1837,train
stratified,3,1838,train
stratified,3,1839,train
stratified,3,1841,train
stratified,3,1842,train
stratified,3,1843,train
stratified,3,1844,train
stratified,3,1845,train
stratified,3,1846,train
stratified,3,1847,train
stratified,3,1848,train
stratified,3,1849,train
stratified,3,1850,train
stratified,3,1851,train
stratified,3,1852,train
stratified,3,1853,train
stratified,3,1854,train
stratified,3,1855,train
stratified,3,1856,train
stratified,3,1857,train
stratified,3,1858,train
stratified,3,1859,train
stratified,3,1860,train
stratified,3,1861,train
stratified,3,1862,train
stratified,3,1863,train
stratified,3,1864,train
stratified,3,1865,train
stratified,3,1866,train
stratified,3,1867,train
stratified,3,1868,train
stratified,3,1869,train
stratified,3,1871,train
stratified,3,1872,train
stratified,3,1873,train
stratified,3,1874,train
stratified,3,1875,train
stratified,3,1876,train
stratified,3,1877,train
stratified,3,1878,train
stratified,3,1879,train
stratified,3,1880,train
stratified,3,1881,train
stratified,3,1882,train
stratified,3,1883,train
stratified,3,1884,train
stratified,3,1885,train
stratified,3,1886,train
stratified,3,1887,train
stratified,3,1888,train
stratified,3,1889,train
stratified,3,1890,train
stratified,3,1891,train
stratified,3,1892,train
stratified,3,1893,train
stratified,3,1894,train
stratified,3,1895,train
stratified,3,1896,train
stratified,3,1898,train
stratified,3,1900,train
stratified,3,1901,train
stratified,3,1902,train
stratified,3,1903,train
stratified,3,1904,train
stratified,3,1905,train
stratified,3,1906,train
stratified,3,1907,train
stratified,3,1908,train
stratified,3,1910,train
stratified,3,6,test
stratified,3,13,test
stratified,3,14,test
stratified,3,21,test
stratified,3,27,test
stratified,3,31,test
stratified,3,41,test
stratified,3,47,test
stratified,3,57,test
stratified,3,71,test
stratified,3,72,test
stratified,3,77,test
stratified,3,97,test
stratified,3,113,test
stratified,3,114,test
stratified,3,120,test
stratified,3,122,test
stratified,3,134,test
stratified,3,136,test
stratified,3,143,test
stratified,3,155,test
stratified,3,171,test
stratified,3,173,test
stratified,3,190,test
stratified,3,202,test
stratified,3,208,test
stratified,3,229,test
stratified,3,236,test
stratified,3,282,test
stratified,3,285,test
stratified,3,341,test
stratified,3,347,test
stratified,3,365,test
stratified,3,386,test
stratified,3,390,test
stratified,3,400,test
stratified,3,402,test
stratified,3,405,test
stratified,3,423,test
stratified,3,427,test
stratified,3,432,test
stratified,3,436,test
stratified,3,443,test
stratified,3,446,test
stratified,3,477,test
stratified,3,495,test
stratified,3,499,test
stratified,3,518,test
stratified,3,524,test
stratified,3,529,test
stratified,3,530,test
stratified,3,538,test
stratified,3,543,test
stratified,3,551,test
stratified,3,576,test
stratified,3,578,test
stratified,3,594,test
stratified,3,598,test
stratified,3,614,test
stratified,3,629,test
stratified,3,632,test
stratified,3,635,test
stratified,3,651,test
stratified,3,653,test
stratified,3,656,test
stratified,3,664,test
stratified,3,667,test
stratified,3,671,test
stratified,3,683,test
stratified,3,688,test
stratified,3,699,test
stratified,3,725,test
stratified,3,730,test
stratified,3,733,test
stratified,3,758,test
stratified,3,760,test
stratified,3,761,test
stratified,3,774,test
stratified,3,778,test
stratified,3,792,test
stratified,3,794,test
stratified,3,798,test
stratified,3,801,test
stratified,3,845,test
stratified,3,870,test
stratified,3,872,test
stratified,3,876,test
stratified,3,881,test
stratified,3,883,test
stratified,3,888,test
stratified,3,898,test
stratified,3,906,test
stratified,3,913,test
stratified,3,917,test
stratified,3,951,test
stratified,3,953,test
stratified,3,955,test
stratified,3,959,test
stratified,3,963,test
stratified,3,966,test
stratified,3,971,test
stratified,3,974,test
stratified,3,975,test
stratified,3,981,test
stratified,3,982,test
stratified,3,991,test
stratified,3,1001,test
stratified,3,1016,test
stratified,3,1037,test
stratified,3,1038,test
stratified,3,1061,test
stratified,3,1067,test
stratified,3,1070,test
stratified,3,1083,test
stratified,3,1105,test
stratified,3,1113,test
stratified,3,1115,test
stratified,3,1124,test
stratified,3,1127,test
stratified,3,1135,test
stratified,3,1139,test
stratified,3,1177,test
stratified,3,1188,test
stratified,3,1193,test
stratified,3,1198,test
stratified,3,1200,test
stratified,3,1202,test
stratified,3,1206,test
stratified,3,1213,test
stratified,3,1215,test
stratified,3,1224,test
stratified,3,1227,test
stratified,3,1228,test
stratified,3,1230,test
stratified,3,1234,test
stratified,3,1235,test
stratified,3,1245,test
stratified,3,1254,test
stratified,3,1256,test
stratified,3,1259,test
stratified,3,1293,test
stratified,3,1309,test
stratified,3,1321,test
stratified,3,1327,test
stratified,3,1337,test
stratified,3,1364,test
stratified,3,1380,test
stratified,3,1403,test
stratified,3,1443,test
stratified,3,1466,test
stratified,3,1475,test
stratified,3,1480,test
stratified,3,1501,test
stratified,3,1520,test
stratified,3,1527,test
stratified,3,1535,test
stratified,3,1557,test
stratified,3,1585,test
stratified,3,1614,test
stratified,3,1619,test
stratified,3,1647,test
stratified,3,1650,test
stratified,3,1651,test
stratified,3,1668,test
stratified,3,1669,test
stratified,3,1672,test
stratified,3,1674,test
stratified,3,1702,test
stratified,3,1714,test
stratified,3,1719,test
stratified,3,1727,test
stratified,3,1731,test
stratified,3,1739,test
stratified,3,1748,test
stratified,3,1755,test
stratified,3,1767,test
stratified,3,1775,test
stratified,3,1787,test
stratified,3,1792,test
stratified,3,1798,test
stratified,3,1807,test
stratified,3,1810,test
stratified,3,1813,test
stratified,3,1822,test
stratified,3,1829,test
stratified,3,1836,test
stratified,3,1840,test
stratified,3,1870,test
stratified,3,1897,test
stratified,3,1899,test
stratified,3,1909,test
stratified,4,0,train
stratified,4,1,train
stratified,4,2,train
stratified,4,3,train
stratified,4,4,train
stratified,4,5,train
stratified,4,6,train
stratified,4,7,train
stratified,4,8,train
stratified,4,9,train
stratified,4,10,train
stratified,4,11,train
stratified,4,12,train
stratified,4,13,train
stratified,4,14,train
stratified,4,15,train
stratified,4,17,train
stratified,4,18,train
stratified,4,19,train
stratified,4,21,train
stratified,4,22,train
stratified,4,24,train
stratified,4,25,train
stratified,4,27,train
stratified,4,29,train
stratified,4,31,train
stratified,4,32,train
stratified,4,33,train
stratified,4,34,train
stratified,4,35,train
stratified,4,36,train
stratified,4,37,train
stratified,4,38,train
stratified,4,39,train
stratified,4,41,train
stratified,4,42,train
stratified,4,43,train
stratified,4,44,train
stratified,4,45,train
stratified,4,46,train
stratified,4,47,train
stratified,4,49,train
stratified,4,50,train
stratified,4,52,train
stratified,4,53,train
stratified,4,54,train
stratified,4,55,train
stratified,4,56,train
stratified,4,57,train
stratified,4,58,train
stratified,4,59,train
stratified,4,60,train
stratified,4,61,train
stratified,4,62,train
stratified,4,63,train
stratified,4,64,train
stratified,4,65,train
stratified,4,66,train
stratified,4,67,train
stratified,4,68,train
stratified,4,69,train
stratified,4,70,train
stratified,4,71,train
stratified,4,72,train
stratified,4,73,train
stratified,4,74,train
stratified,4,75,train
stratified,4,76,train
stratified,4,77,train
stratified,4,78,train
stratified,4,79,train
stratified,4,80,train
stratified,4,82,train
stratified,4,83,train
stratified,4,84,train
stratified,4,86,train
stratified,4,87,train
stratified,4,88,train
stratified,4,89,train
stratified,4,90,train
stratified,4,91,train
stratified,4,92,train
stratified,4,93,train
stratified,4,94,train
stratified,4,96,train
stratified,4,97,train
stratified,4,98,train
stratified,4,99,train
stratified,4,100,train
stratified,4,101,train
stratified,4,102,train
stratified,4,103,train
stratified,4,104,train
stratified,4,105,train
stratified,4,107,train
stratified,4,108,train
stratified,4,110,train
stratified,4,112,train
stratified,4,113,train
stratified,4,114,train
stratified,4,115,train
stratified,4,116,train
stratified,4,117,train
stratified,4,118,train
stratified,4,119,train
stratified,4,120,train
stratified,4,121,train
stratified,4,122,train
stratified,4,123,train
stratified,4,125,train
stratified,4,126,train
stratified,4,127,train
stratified,4,128,train
stratified,4,129,train
stratified,4,130,train
stratified,4,131,train
stratified,4,132,train
stratified,4,133,train
stratified,4,134,train
stratified,4,135,train
stratified,4,136,train
stratified,4,137,train
stratified,4,139,train
stratified,4,140,train
stratified,4,141,train
stratified,4,142,train
stratified,4,143,train
stratified,4,144,train
stratified,4,145,train
stratified,4,146,train
stratified,4,147,train
stratified,4,148,train
stratified,4,149,train
stratified,4,150,train
stratified,4,151,train
stratified,4,152,train
stratified,4,153,train
stratified,4,154,train
stratified,4,155,train
stratified,4,156,train
stratified,4,157,train
stratified,4,158,train
stratified,4,159,train
stratified,4,160,train
stratified,4,161,train
stratified,4,162,train
stratified,4,163,train
stratified,4,164,train
stratified,4,165,train
stratified,4,166,train
stratified,4,168,train
stratified,4,169,train
stratified,4,170,train
stratified,4,171,train
stratified,4,172,train
stratified,4,173,train
stratified,4,174,train
stratified,4,175,train
stratified,4,177,train
stratified,4,178,train
stratified,4,180,train
stratified,4,181,train
stratified,4,182,train
stratified,4,183,train
stratified,4,184,train
stratified,4,185,train
stratified,4,186,train
stratified,4,187,train
stratified,4,188,train
stratified,4,189,train
stratified,4,190,train
stratified,4,191,train
stratified,4,192,train
stratified,4,193,train
stratified,4,194,train
stratified,4,195,train
stratified,4,196,train
stratified,4,197,train
stratified,4,198,train
stratified,4,199,train
stratified,4,200,train
stratified,4,202,train
stratified,4,203,train
stratified,4,204,train
stratified,4,206,train
stratified,4,207,train
stratified,4,208,train
stratified,4,210,train
stratified,4,211,train
stratified,4,212,train
stratified,4,213,train
stratified,4,214,train
stratified,4,216,train
stratified,4,217,train
stratified,4,218,train
stratified,4,220,train
stratified,4,221,train
stratified,4,222,train
stratified,4,223,train
stratified,4,224,train
stratified,4,225,train
stratified,4,226,train
stratified,4,227,train
stratified,4,228,train
stratified,4,229,train
stratified,4,230,train
stratified,4,231,train
stratified,4,233,train
stratified,4,234,train
stratified,4,235,train
stratified,4,236,train
stratified,4,237,train
stratified,4,238,train
stratified,4,239,train
stratified,4,240,train
stratified,4,241,train
stratified,4,243,train
stratified,4,245,train
stratified,4,246,train
stratified,4,247,train
stratified,4,248,train
stratified,4,250,train
stratified,4,251,train
stratified,4,252,train
stratified,4,253,train
stratified,4,254,train
stratified,4,255,train
stratified,4,256,train
stratified,4,257,train
stratified,4,259,train
stratified,4,260,train
stratified,4,261,train
stratified,4,262,train
stratified,4,263,train
stratified,4,265,train
stratified,4,266,train
stratified,4,268,train
stratified,4,269,train
stratified,4,270,train
stratified,4,271,train
stratified,4,272,train
stratified,4,273,train
stratified,4,274,train
stratified,4,275,train
stratified,4,276,train
stratified,4,277,train
stratified,4,278,train
stratified,4,279,train
stratified,4,280,train
stratified,4,281,train
stratified,4,282,train
stratified,4,283,train
stratified,4,284,train
stratified,4,285,train
stratified,4,286,train
stratified,4,287,train
stratified,4,288,train
stratified,4,289,train
stratified,4,292,train
stratified,4,293,train
stratified,4,294,train
stratified,4,295,train
stratified,4,296,train
stratified,4,297,train
stratified,4,298,train
stratified,4,299,train
stratified,4,300,train
stratified,4,301,train
stratified,4,302,train
stratified,4,303,train
stratified,4,304,train
stratified,4,305,train
stratified,4,306,train
stratified,4,307,train
stratified,4,308,train
stratified,4,309,train
stratified,4,310,train
stratified,4,311,train
stratified,4,312,train
stratified,4,313,train
stratified,4,315,train
stratified,4,317,train
stratified,4,318,train
stratified,4,319,train
stratified,4,320,train
stratified,4,321,train
stratified,4,322,train
stratified,4,323,train
stratified,4,324,train
stratified,4,325,train
stratified,4,326,train
stratified,4,327,train
stratified,4,328,train
stratified,4,329,train
stratified,4,330,train
stratified,4,331,train
stratified,4,332,train
stratified,4,333,train
stratified,4,334,train
stratified,4,335,train
stratified,4,336,train
stratified,4,337,train
stratified,4,338,train
stratified,4,339,train
stratified,4,340,train
stratified,4,341,train
stratified,4,342,train
stratified,4,343,train
stratified,4,344,train
stratified,4,345,train
stratified,4,346,train
stratified,4,347,train
stratified,4,348,train
stratified,4,349,train
stratified,4,350,train
stratified,4,352,train
stratified,4,353,train
stratified,4,354,train
stratified,4,355,train
stratified,4,356,train
stratified,4,358,train
stratified,4,359,train
stratified,4,361,train
stratified,4,362,train
stratified,4,363,train
stratified,4,364,train
stratified,4,365,train
stratified,4,366,train
stratified,4,367,train
stratified,4,368,train
stratified,4,369,train
stratified,4,370,train
stratified,4,371,train
stratified,4,372,train
stratified,4,373,train
stratified,4,374,train
stratified,4,376,train
stratified,4,377,train
stratified,4,378,train
stratified,4,379,train
stratified,4,380,train
stratified,4,382,train
stratified,4,383,train
stratified,4,384,train
stratified,4,385,train
stratified,4,386,train
stratified,4,387,train
stratified,4,388,train
stratified,4,389,train
stratified,4,390,train
stratified,4,392,train
stratified,4,393,train
stratified,4,394,train
stratified,4,395,train
stratified,4,396,train
stratified,4,397,train
stratified,4,398,train
stratified,4,399,train
stratified,4,400,train
stratified,4,401,train
stratified,4,402,train
stratified,4,403,train
stratified,4,404,train
stratified,4,405,train
stratified,4,406,train
stratified,4,407,train
stratified,4,408,train
stratified,4,409,train
stratified,4,410,train
stratified,4,411,train
stratified,4,412,train
stratified,4,413,train
stratified,4,414,train
stratified,4,415,train
stratified,4,416,train
stratified,4,417,train
stratified,4,418,train
stratified,4,419,train
stratified,4,420,train
stratified,4,421,train
stratified,4,422,train
stratified,4,423,train
stratified,4,424,train
stratified,4,425,train
stratified,4,426,train
stratified,4,427,train
stratified,4,429,train
stratified,4,430,train
stratified,4,431,train
stratified,4,432,train
stratified,4,433,train
stratified,4,434,train
stratified,4,435,train
stratified,4,436,train
stratified,4,437,train
stratified,4,438,train
stratified,4,439,train
stratified,4,440,train
stratified,4,441,train
stratified,4,443,train
stratified,4,444,train
stratified,4,445,train
stratified,4,446,train
stratified,4,447,train
stratified,4,449,train
stratified,4,450,train
stratified,4,451,train
stratified,4,452,train
stratified,4,453,train
stratified,4,454,train
stratified,4,455,train
stratified,4,456,train
stratified,4,457,train
stratified,4,458,train
stratified,4,461,train
stratified,4,462,train
stratified,4,463,train
stratified,4,464,train
stratified,4,465,train
stratified,4,467,train
stratified,4,468,train
stratified,4,469,train
stratified,4,470,train
stratified,4,472,train
stratified,4,473,train
stratified,4,474,train
stratified,4,475,train
stratified,4,476,train
stratified,4,477,train
stratified,4,479,train
stratified,4,480,train
stratified,4,481,train
stratified,4,482,train
stratified,4,483,train
stratified,4,484,train
stratified,4,486,train
stratified,4,487,train
stratified,4,488,train
stratified,4,492,train
stratified,4,493,train
stratified,4,495,train
stratified,4,496,train
stratified,4,497,train
stratified,4,498,train
stratified,4,499,train
stratified,4,500,train
stratified,4,501,train
stratified,4,502,train
stratified,4,503,train
stratified,4,504,train
stratified,4,506,train
stratified,4,507,train
stratified,4,508,train
stratified,4,509,train
stratified,4,514,train
stratified,4,515,train
stratified,4,516,train
stratified,4,517,train
stratified,4,518,train
stratified,4,519,train
stratified,4,520,train
stratified,4,521,train
stratified,4,522,train
stratified,4,523,train
stratified,4,524,train
stratified,4,525,train
stratified,4,526,train
stratified,4,527,train
stratified,4,529,train
stratified,4,530,train
stratified,4,531,train
stratified,4,532,train
stratified,4,533,train
stratified,4,534,train
stratified,4,535,train
stratified,4,536,train
stratified,4,537,train
stratified,4,538,train
stratified,4,539,train
stratified,4,540,train
stratified,4,541,train
stratified,4,542,train
stratified,4,543,train
stratified,4,544,train
stratified,4,545,train
stratified,4,546,train
stratified,4,547,train
stratified,4,548,train
stratified,4,549,train
stratified,4,550,train
stratified,4,551,train
stratified,4,552,train
stratified,4,553,train
stratified,4,554,train
stratified,4,555,train
stratified,4,556,train
stratified,4,558,train
stratified,4,559,train
stratified,4,560,train
stratified,4,561,train
stratified,4,562,train
stratified,4,563,train
stratified,4,564,train
stratified,4,566,train
stratified,4,567,train
stratified,4,568,train
stratified,4,569,train
stratified,4,570,train
stratified,4,571,train
stratified,4,574,train
stratified,4,575,train
stratified,4,576,train
stratified,4,577,train
stratified,4,578,train
stratified,4,580,train
stratified,4,581,train
stratified,4,582,train
stratified,4,583,train
stratified,4,584,train
stratified,4,585,train
stratified,4,586,train
stratified,4,587,train
stratified,4,588,train
stratified,4,589,train
stratified,4,590,train
stratified,4,591,train
stratified,4,592,train
stratified,4,593,train
stratified,4,594,train
stratified,4,595,train
stratified,4,596,train
stratified,4,597,train
stratified,4,598,train
stratified,4,599,train
stratified,4,600,train
stratified,4,601,train
stratified,4,602,train
stratified,4,605,train
stratified,4,606,train
stratified,4,607,train
stratified,4,608,train
stratified,4,609,train
stratified,4,610,train
stratified,4,611,train
stratified,4,612,train
stratified,4,613,train
stratified,4,614,train
stratified,4,615,train
stratified,4,616,train
stratified,4,617,train
stratified,4,618,train
stratified,4,619,train
stratified,4,620,train
stratified,4,621,train
stratified,4,622,train
stratified,4,623,train
stratified,4,624,train
stratified,4,625,train
stratified,4,626,train
stratified,4,627,train
stratified,4,628,train
stratified,4,629,train
stratified,4,630,train
stratified,4,631,train
stratified,4,632,train
stratified,4,633,train
stratified,4,634,train
stratified,4,635,train
stratified,4,636,train
stratified,4,641,train
stratified,4,642,train
stratified,4,643,train
stratified,4,646,train
stratified,4,647,train
stratified,4,648,train
stratified,4,649,train
stratified,4,650,train
stratified,4,651,train
stratified,4,653,train
stratified,4,654,train
stratified,4,655,train
stratified,4,656,train
stratified,4,657,train
stratified,4,658,train
stratified,4,659,train
stratified,4,661,train
stratified,4,662,train
stratified,4,664,train
stratified,4,665,train
stratified,4,666,train
stratified,4,667,train
stratified,4,668,train
stratified,4,669,train
stratified,4,670,train
stratified,4,671,train
stratified,4,672,train
stratified,4,673,train
stratified,4,675,train
stratified,4,676,train
stratified,4,677,train
stratified,4,678,train
stratified,4,679,train
stratified,4,680,train
stratified,4,681,train
stratified,4,682,train
stratified,4,683,train
stratified,4,684,train
stratified,4,685,train
stratified,4,686,train
stratified,4,687,train
stratified,4,688,train
stratified,4,689,train
stratified,4,690,train
stratified,4,692,train
stratified,4,693,train
stratified,4,694,train
stratified,4,695,train
stratified,4,696,train
stratified,4,697,train
stratified,4,698,train
stratified,4,699,train
stratified,4,700,train
stratified,4,701,train
stratified,4,702,train
stratified,4,703,train
stratified,4,705,train
stratified,4,706,train
stratified,4,707,train
stratified,4,708,train
stratified,4,709,train
stratified,4,711,train
stratified,4,712,train
stratified,4,713,train
stratified,4,714,train
stratified,4,715,train
stratified,4,716,train
stratified,4,717,train
stratified,4,718,train
stratified,4,720,train
stratified,4,722,train
stratified,4,723,train
stratified,4,724,train
stratified,4,725,train
stratified,4,726,train
stratified,4,727,train
stratified,4,728,train
stratified,4,729,train
stratified,4,730,train
stratified,4,731,train
stratified,4,732,train
stratified,4,733,train
stratified,4,734,train
stratified,4,735,train
stratified,4,736,train
stratified,4,737,train
stratified,4,738,train
stratified,4,739,train
stratified,4,740,train
stratified,4,741,train
stratified,4,742,train
stratified,4,743,train
stratified,4,744,train
stratified,4,745,train
stratified,4,746,train
stratified,4,747,train
stratified,4,748,train
stratified,4,749,train
stratified,4,750,train
stratified,4,751,train
stratified,4,752,train
stratified,4,753,train
stratified,4,754,train
stratified,4,755,train
stratified,4,756,train
stratified,4,757,train
stratified,4,758,train
stratified,4,759,train
stratified,4,760,train
stratified,4,761,train
stratified,4,762,train
stratified,4,763,train
stratified,4,764,train
stratified,4,765,train
stratified,4,766,train
stratified,4,767,train
stratified,4,768,train
stratified,4,769,train
stratified,4,770,train
stratified,4,771,train
stratified,4,772,train
stratified,4,773,train
stratified,4,774,train
stratified,4,775,train
stratified,4,776,train
stratified,4,777,train
stratified,4,778,train
stratified,4,780,train
stratified,4,781,train
stratified,4,782,train
stratified,4,783,train
stratified,4,784,train
stratified,4,785,train
stratified,4,786,train
stratified,4,787,train
stratified,4,788,train
stratified,4,789,train
stratified,4,790,train
stratified,4,791,train
stratified,4,792,train
stratified,4,793,train
stratified,4,794,train
stratified,4,795,train
stratified,4,796,train
stratified,4,797,train
stratified,4,798,train
stratified,4,799,train
stratified,4,800,train
stratified,4,801,train
stratified,4,802,train
stratified,4,803,train
stratified,4,804,train
stratified,4,805,train
stratified,4,806,train
stratified,4,807,train
stratified,4,808,train
stratified,4,809,train
stratified,4,810,train
stratified,4,811,train
stratified,4,812,train
stratified,4,813,train
stratified,4,815,train
stratified,4,817,train
stratified,4,818,train
stratified,4,819,train
stratified,4,820,train
stratified,4,821,train
stratified,4,822,train
stratified,4,823,train
stratified,4,824,train
stratified,4,825,train
stratified,4,826,train
stratified,4,827,train
stratified,4,829,train
stratified,4,830,train
stratified,4,831,train
stratified,4,832,train
stratified,4,833,train
stratified,4,834,train
stratified,4,835,train
stratified,4,837,train
stratified,4,838,train
stratified,4,839,train
stratified,4,840,train
stratified,4,841,train
stratified,4,842,train
stratified,4,843,train
stratified,4,844,train
stratified,4,845,train
stratified,4,846,train
stratified,4,847,train
stratified,4,848,train
stratified,4,849,train
stratified,4,850,train
stratified,4,851,train
stratified,4,852,train
stratified,4,853,train
stratified,4,855,train
stratified,4,856,train
stratified,4,857,train
stratified,4,858,train
stratified,4,859,train
stratified,4,860,train
stratified,4,861,train
stratified,4,862,train
stratified,4,863,train
stratified,4,864,train
stratified,4,866,train
stratified,4,867,train
stratified,4,868,train
stratified,4,869,train
stratified,4,870,train
stratified,4,871,train
stratified,4,872,train
stratified,4,873,train
stratified,4,874,train
stratified,4,875,train
stratified,4,876,train
stratified,4,877,train
stratified,4,878,train
stratified,4,879,train
stratified,4,880,train
stratified,4,881,train
stratified,4,882,train
stratified,4,883,train
stratified,4,884,train
stratified,4,885,train
stratified,4,886,train
stratified,4,887,train
stratified,4,888,train
stratified,4,889,train
stratified,4,891,train
stratified,4,892,train
stratified,4,893,train
stratified,4,894,train
stratified,4,895,train
stratified,4,896,train
stratified,4,897,train
stratified,4,898,train
stratified,4,899,train
stratified,4,900,train
stratified,4,901,train
stratified,4,902,train
stratified,4,904,train
stratified,4,906,train
stratified,4,908,train
stratified,4,910,train
stratified,4,911,train
stratified,4,912,train
stratified,4,913,train
stratified,4,914,train
stratified,4,915,train
stratified,4,916,train
stratified,4,917,train
stratified,4,918,train
stratified,4,919,train
stratified,4,920,train
stratified,4,921,train
stratified,4,922,train
stratified,4,923,train
stratified,4,924,train
stratified,4,925,train
stratified,4,926,train
stratified,4,927,train
stratified,4,928,train
stratified,4,929,train
stratified,4,930,train
stratified,4,931,train
stratified,4,932,train
stratified,4,933,train
stratified,4,934,train
stratified,4,935,train
stratified,4,936,train
stratified,4,937,train
stratified,4,938,train
stratified,4,939,train
stratified,4,940,train
stratified,4,941,train
stratified,4,942,train
stratified,4,944,train
stratified,4,945,train
stratified,4,946,train
stratified,4,947,train
stratified,4,948,train
stratified,4,949,train
stratified,4,951,train
stratified,4,952,train
stratified,4,953,train
stratified,4,954,train
stratified,4,955,train
stratified,4,956,train
stratified,4,957,train
stratified,4,958,train
stratified,4,959,train
stratified,4,960,train
stratified,4,961,train
stratified,4,962,train
stratified,4,963,train
stratified,4,964,train
stratified,4,965,train
stratified,4,966,train
stratified,4,967,train
stratified,4,968,train
stratified,4,969,train
stratified,4,970,train
stratified,4,971,train
stratified,4,972,train
stratified,4,973,train
stratified,4,974,train
stratified,4,975,train
stratified,4,976,train
stratified,4,977,train
stratified,4,978,train
stratified,4,979,train
stratified,4,980,train
stratified,4,981,train
stratified,4,982,train
stratified,4,984,train
stratified,4,985,train
stratified,4,986,train
stratified,4,987,train
stratified,4,988,train
stratified,4,989,train
stratified,4,990,train
stratified,4,991,train
stratified,4,993,train
stratified,4,994,train
stratified,4,995,train
stratified,4,996,train
stratified,4,997,train
stratified,4,998,train
stratified,4,1000,train
stratified,4,1001,train
stratified,4,1002,train
stratified,4,1003,train
stratified,4,1005,train
stratified,4,1006,train
stratified,4,1007,train
stratified,4,1008,train
stratified,4,1009,train
stratified,4,1010,train
stratified,4,1011,train
stratified,4,1012,train
stratified,4,1013,train
stratified,4,1014,train
stratified,4,1015,train
stratified,4,1016,train
stratified,4,1017,train
stratified,4,1018,train
stratified,4,1019,train
stratified,4,1020,train
stratified,4,1022,train
stratified,4,1023,train
stratified,4,1024,train
stratified,4,1025,train
stratified,4,1026,train
stratified,4,1027,train
stratified,4,1028,train
stratified,4,1029,train
stratified,4,1031,train
stratified,4,1032,train
stratified,4,1033,train
stratified,4,1034,train
stratified,4,1035,train
stratified,4,1036,train
stratified,4,1037,train
stratified,4,1038,train
stratified,4,1039,train
stratified,4,1040,train
stratified,4,1041,train
stratified,4,1042,train
stratified,4,1044,train
stratified,4,1045,train
stratified,4,1046,train
stratified,4,1047,train
stratified,4,1048,train
stratified,4,1049,train
stratified,4,1050,train
stratified,4,1051,train
stratified,4,1052,train
stratified,4,1053,train
stratified,4,1054,train
stratified,4,1056,train
stratified,4,1057,train
stratified,4,1058,train
stratified,4,1059,train
stratified,4,1060,train
stratified,4,1061,train
stratified,4,1063,train
stratified,4,1064,train
stratified,4,1065,train
stratified,4,1066,train
stratified,4,1067,train
stratified,4,1068,train
stratified,4,1069,train
stratified,4,1070,train
stratified,4,1071,train
stratified,4,1072,train
stratified,4,1073,train
stratified,4,1074,train
stratified,4,1076,train
stratified,4,1077,train
stratified,4,1078,train
stratified,4,1079,train
stratified,4,1080,train
stratified,4,1081,train
stratified,4,1082,train
stratified,4,1083,train
stratified,4,1084,train
stratified,4,1085,train
stratified,4,1086,train
stratified,4,1087,train
stratified,4,1088,train
stratified,4,1090,train
stratified,4,1091,train
stratified,4,1092,train
stratified,4,1093,train
stratified,4,1094,train
stratified,4,1095,train
stratified,4,1096,train
stratified,4,1097,train
stratified,4,1098,train
stratified,4,1099,train
stratified,4,1100,train
stratified,4,1101,train
stratified,4,1103,train
stratified,4,1104,train
stratified,4,1105,train
stratified,4,1106,train
stratified,4,1110,train
stratified,4,1111,train
stratified,4,1112,train
stratified,4,1113,train
stratified,4,1114,train
stratified,4,1115,train
stratified,4,1116,train
stratified,4,1117,train
stratified,4,1118,train
stratified,4,1120,train
stratified,4,1121,train
stratified,4,1122,train
stratified,4,1123,train
stratified,4,1124,train
stratified,4,1125,train
stratified,4,1126,train
stratified,4,1127,train
stratified,4,1128,train
stratified,4,1129,train
stratified,4,1130,train
stratified,4,1131,train
stratified,4,1132,train
stratified,4,1133,train
stratified,4,1134,train
stratified,4,1135,train
stratified,4,1137,train
stratified,4,1138,train
stratified,4,1139,train
stratified,4,1140,train
stratified,4,1141,train
stratified,4,1142,train
stratified,4,1143,train
stratified,4,1144,train
stratified,4,1145,train
stratified,4,1147,train
stratified,4,1148,train
stratified,4,1149,train
stratified,4,1150,train
stratified,4,1151,train
stratified,4,1152,train
stratified,4,1153,train
stratified,4,1154,train
stratified,4,1155,train
stratified,4,1156,train
stratified,4,1157,train
stratified,4,1158,train
stratified,4,1159,train
stratified,4,1160,train
stratified,4,1161,train
stratified,4,1162,train
stratified,4,1163,train
stratified,4,1164,train
stratified,4,1165,train
stratified,4,1167,train
stratified,4,1168,train
stratified,4,1169,train
stratified,4,1170,train
stratified,4,1171,train
stratified,4,1172,train
stratified,4,1173,train
stratified,4,1174,train
stratified,4,1175,train
stratified,4,1176,train
stratified,4,1177,train
stratified,4,1178,train
stratified,4,1179,train
stratified,4,1180,train
stratified,4,1181,train
stratified,4,1182,train
stratified,4,1183,train
stratified,4,1185,train
stratified,4,1186,train
stratified,4,1187,train
stratified,4,1188,train
stratified,4,1189,train
stratified,4,1190,train
stratified,4,1191,train
stratified,4,1192,train
stratified,4,1193,train
stratified,4,1194,train
stratified,4,1195,train
stratified,4,1196,train
stratified,4,1198,train
stratified,4,1199,train
stratified,4,1200,train
stratified,4,1201,train
stratified,4,1202,train
stratified,4,1203,train
stratified,4,1204,train
stratified,4,1205,train
stratified,4,1206,train
stratified,4,1207,train
stratified,4,1208,train
stratified,4,1209,train
stratified,4,1211,train
stratified,4,1212,train
stratified,4,1213,train
stratified,4,1214,train
stratified,4,1215,train
stratified,4,1216,train
stratified,4,1217,train
stratified,4,1219,train
stratified,4,1220,train
stratified,4,1221,train
stratified,4,1223,train
stratified,4,1224,train
stratified,4,1225,train
stratified,4,1227,train
stratified,4,1228,train
stratified,4,1229,train
stratified,4,1230,train
stratified,4,1231,train
stratified,4,1232,train
stratified,4,1233,train
stratified,4,1234,train
stratified,4,1235,train
stratified,4,1236,train
stratified,4,1237,train
stratified,4,1238,train
stratified,4,1239,train
stratified,4,1240,train
stratified,4,1242,train
stratified,4,1244,train
stratified,4,1245,train
stratified,4,1246,train
stratified,4,1247,train
stratified,4,1248,train
stratified,4,1249,train
stratified,4,1250,train
stratified,4,1251,train
stratified,4,1252,train
stratified,4,1254,train
stratified,4,1255,train
stratified,4,1256,train
stratified,4,1257,train
stratified,4,1258,train
stratified,4,1259,train
stratified,4,1260,train
stratified,4,1261,train
stratified,4,1262,train
stratified,4,1263,train
stratified,4,1265,train
stratified,4,1266,train
stratified,4,1267,train
stratified,4,1268,train
stratified,4,1269,train
stratified,4,1270,train
stratified,4,1271,train
stratified,4,1272,train
stratified,4,1273,train
stratified,4,1274,train
stratified,4,1275,train
stratified,4,1276,train
stratified,4,1277,train
stratified,4,1278,train
stratified,4,1279,train
stratified,4,1280,train
stratified,4,1281,train
stratified,4,1282,train
stratified,4,1284,train
stratified,4,1285,train
stratified,4,1286,train
stratified,4,1287,train
stratified,4,1288,train
stratified,4,1289,train
stratified,4,1290,train
stratified,4,1291,train
stratified,4,1292,train
stratified,4,1293,train
stratified,4,1294,train
stratified,4,1296,train
stratified,4,1297,train
stratified,4,1298,train
stratified,4,1299,train
stratified,4,1300,train
stratified,4,1301,train
stratified,4,1302,train
stratified,4,1303,train
stratified,4,1304,train
stratified,4,1306,train
stratified,4,1307,train
stratified,4,1308,train
stratified,4,1309,train
stratified,4,1310,train
stratified,4,1311,train
stratified,4,1312,train
stratified,4,1313,train
stratified,4,1314,train
stratified,4,1315,train
stratified,4,1317,train
stratified,4,1319,train
stratified,4,1320,train
stratified,4,1321,train
stratified,4,1322,train
stratified,4,1323,train
stratified,4,1324,train
stratified,4,1325,train
stratified,4,1326,train
stratified,4,1327,train
stratified,4,1328,train
stratified,4,1329,train
stratified,4,1330,train
stratified,4,1331,train
stratified,4,1332,train
stratified,4,1334,train
stratified,4,1335,train
stratified,4,1336,train
stratified,4,1337,train
stratified,4,1338,train
stratified,4,1339,train
stratified,4,1340,train
stratified,4,1341,train
stratified,4,1342,train
stratified,4,1343,train
stratified,4,1344,train
stratified,4,1345,train
stratified,4,1347,train
stratified,4,1348,train
stratified,4,1349,train
stratified,4,1350,train
stratified,4,1351,train
stratified,4,1352,train
stratified,4,1355,train
stratified,4,1356,train
stratified,4,1357,train
stratified,4,1358,train
stratified,4,1359,train
stratified,4,1360,train
stratified,4,1361,train
stratified,4,1362,train
stratified,4,1363,train
stratified,4,1364,train
stratified,4,1365,train
stratified,4,1366,train
stratified,4,1367,train
stratified,4,1368,train
stratified,4,1369,train
stratified,4,1370,train
stratified,4,1371,train
stratified,4,1372,train
stratified,4,1373,train
stratified,4,1374,train
stratified,4,1375,train
stratified,4,1376,train
stratified,4,1378,train
stratified,4,1379,train
stratified,4,1380,train
stratified,4,1381,train
stratified,4,1382,train
stratified,4,1383,train
stratified,4,1384,train
stratified,4,1385,train
stratified,4,1386,train
stratified,4,1387,train
stratified,4,1389,train
stratified,4,1391,train
stratified,4,1393,train
stratified,4,1394,train
stratified,4,1395,train
stratified,4,1397,train
stratified,4,1399,train
stratified,4,1401,train
stratified,4,1402,train
stratified,4,1403,train
stratified,4,1404,train
stratified,4,1405,train
stratified,4,1406,train
stratified,4,1407,train
stratified,4,1408,train
stratified,4,1409,train
stratified,4,1410,train
stratified,4,1411,train
stratified,4,1412,train
stratified,4,1413,train
stratified,4,1414,train
stratified,4,1415,train
stratified,4,1416,train
stratified,4,1417,train
stratified,4,1418,train
stratified,4,1419,train
stratified,4,1420,train
stratified,4,1421,train
stratified,4,1422,train
stratified,4,1423,train
stratified,4,1424,train
stratified,4,1425,train
stratified,4,1426,train
stratified,4,1427,train
stratified,4,1429,train
stratified,4,1431,train
stratified,4,1433,train
stratified,4,1435,train
stratified,4,1436,train
stratified,4,1437,train
stratified,4,1438,train
stratified,4,1439,train
stratified,4,1440,train
stratified,4,1441,train
stratified,4,1442,train
stratified,4,1443,train
stratified,4,1444,train
stratified,4,1445,train
stratified,4,1446,train
stratified,4,1447,train
stratified,4,1448,train
stratified,4,1449,train
stratified,4,1451,train
stratified,4,1452,train
stratified,4,1453,train
stratified,4,1454,train
stratified,4,1455,train
stratified,4,1456,train
stratified,4,1457,train
stratified,4,1458,train
stratified,4,1459,train
stratified,4,1460,train
stratified,4,1461,train
stratified,4,1462,train
stratified,4,1463,train
stratified,4,1464,train
stratified,4,1465,train
stratified,4,1466,train
stratified,4,1467,train
stratified,4,1469,train
stratified,4,1470,train
stratified,4,1471,train
stratified,4,1472,train
stratified,4,1473,train
stratified,4,1475,train
stratified,4,1476,train
stratified,4,1477,train
stratified,4,1478,train
stratified,4,1479,train
stratified,4,1480,train
stratified,4,1481,train
stratified,4,1482,train
stratified,4,1483,train
stratified,4,1484,train
stratified,4,1485,train
stratified,4,1486,train
stratified,4,1487,train
stratified,4,1488,train
stratified,4,1489,train
stratified,4,1490,train
stratified,4,1491,train
stratified,4,1492,train
stratified,4,1493,train
stratified,4,1494,train
stratified,4,1495,train
stratified,4,1496,train
stratified,4,1497,train
stratified,4,1498,train
stratified,4,1499,train
stratified,4,1500,train
stratified,4,1501,train
stratified,4,1502,train
stratified,4,1503,train
stratified,4,1504,train
stratified,4,1505,train
stratified,4,1506,train
stratified,4,1507,train
stratified,4,1508,train
stratified,4,1509,train
stratified,4,1510,train
stratified,4,1511,train
stratified,4,1512,train
stratified,4,1513,train
stratified,4,1514,train
stratified,4,1515,train
stratified,4,1516,train
stratified,4,1517,train
stratified,4,1518,train
stratified,4,1519,train
stratified,4,1520,train
stratified,4,1521,train
stratified,4,1522,train
stratified,4,1523,train
stratified,4,1524,train
stratified,4,1525,train
stratified,4,1526,train
stratified,4,1527,train
stratified,4,1528,train
stratified,4,1529,train
stratified,4,1530,train
stratified,4,1531,train
stratified,4,1532,train
stratified,4,1533,train
stratified,4,1534,train
stratified,4,1535,train
stratified,4,1536,train
stratified,4,1537,train
stratified,4,1538,train
stratified,4,1539,train
stratified,4,1540,train
stratified,4,1541,train
stratified,4,1542,train
stratified,4,1543,train
stratified,4,1544,train
stratified,4,1545,train
stratified,4,1546,train
stratified,4,1547,train
stratified,4,1548,train
stratified,4,1549,train
stratified,4,1550,train
stratified,4,1551,train
stratified,4,1552,train
stratified,4,1553,train
stratified,4,1554,train
stratified,4,1555,train
stratified,4,1556,train
stratified,4,1557,train
stratified,4,1558,train
stratified,4,1563,train
stratified,4,1564,train
stratified,4,1566,train
stratified,4,1568,train
stratified,4,1569,train
stratified,4,1570,train
stratified,4,1571,train
stratified,4,1572,train
stratified,4,1574,train
stratified,4,1576,train
stratified,4,1577,train
stratified,4,1578,train
stratified,4,1579,train
stratified,4,1580,train
stratified,4,1581,train
stratified,4,1582,train
stratified,4,1583,train
stratified,4,1584,train
stratified,4,1585,train
stratified,4,1586,train
stratified,4,1587,train
stratified,4,1588,train
stratified,4,1589,train
stratified,4,1592,train
stratified,4,1593,train
stratified,4,1594,train
stratified,4,1595,train
stratified,4,1596,train
stratified,4,1597,train
stratified,4,1598,train
stratified,4,1599,train
stratified,4,1600,train
stratified,4,1601,train
stratified,4,1602,train
stratified,4,1603,train
stratified,4,1604,train
stratified,4,1605,train
stratified,4,1606,train
stratified,4,1607,train
stratified,4,1608,train
stratified,4,1609,train
stratified,4,1611,train
stratified,4,1612,train
stratified,4,1613,train
stratified,4,1614,train
stratified,4,1615,train
stratified,4,1616,train
stratified,4,1617,train
stratified,4,1618,train
stratified,4,1619,train
stratified,4,1620,train
stratified,4,1622,train
stratified,4,1623,train
stratified,4,1624,train
stratified,4,1625,train
stratified,4,1626,train
stratified,4,1627,train
stratified,4,1628,train
stratified,4,1629,train
stratified,4,1630,train
stratified,4,1631,train
stratified,4,1632,train
stratified,4,1633,train
stratified,4,1634,train
stratified,4,1635,train
stratified,4,1636,train
stratified,4,1637,train
stratified,4,1638,train
stratified,4,1639,train
stratified,4,1641,train
stratified,4,1642,train
stratified,4,1644,train
stratified,4,1645,train
stratified,4,1646,train
stratified,4,1647,train
stratified,4,1648,train
stratified,4,1649,train
stratified,4,1650,train
stratified,4,1651,train
stratified,4,1652,train
stratified,4,1653,train
stratified,4,1654,train
stratified,4,1655,train
stratified,4,1656,train
stratified,4,1657,train
stratified,4,1659,train
stratified,4,1660,train
stratified,4,1661,train
stratified,4,1662,train
stratified,4,1663,train
stratified,4,1664,train
stratified,4,1665,train
stratified,4,1666,train
stratified,4,1667,train
stratified,4,1668,train
stratified,4,1669,train
stratified,4,1670,train
stratified,4,1671,train
stratified,4,1672,train
stratified,4,1674,train
stratified,4,1675,train
stratified,4,1676,train
stratified,4,1677,train
stratified,4,1678,train
stratified,4,1679,train
stratified,4,1680,train
stratified,4,1681,train
stratified,4,1684,train
stratified,4,1686,train
stratified,4,1687,train
stratified,4,1688,train
stratified,4,1689,train
stratified,4,1690,train
stratified,4,1691,train
stratified,4,1692,train
stratified,4,1693,train
stratified,4,1694,train
stratified,4,1695,train
stratified,4,1696,train
stratified,4,1697,train
stratified,4,1698,train
stratified,4,1699,train
stratified,4,1700,train
stratified,4,1701,train
stratified,4,1702,train
stratified,4,1703,train
stratified,4,1704,train
stratified,4,1705,train
stratified,4,1707,train
stratified,4,1708,train
stratified,4,1709,train
stratified,4,1710,train
stratified,4,1711,train
stratified,4,1712,train
stratified,4,1713,train
stratified,4,1714,train
stratified,4,1716,train
stratified,4,1717,train
stratified,4,1718,train
stratified,4,1719,train
stratified,4,1721,train
stratified,4,1722,train
stratified,4,1723,train
stratified,4,1724,train
stratified,4,1725,train
stratified,4,1726,train
stratified,4,1727,train
stratified,4,1728,train
stratified,4,1729,train
stratified,4,1730,train
stratified,4,1731,train
stratified,4,1733,train
stratified,4,1734,train
stratified,4,1735,train
stratified,4,1736,train
stratified,4,1737,train
stratified,4,1738,train
stratified,4,1739,train
stratified,4,1741,train
stratified,4,1742,train
stratified,4,1743,train
stratified,4,1744,train
stratified,4,1745,train
stratified,4,1746,train
stratified,4,1747,train
stratified,4,1748,train
stratified,4,1750,train
stratified,4,1751,train
stratified,4,1752,train
stratified,4,1753,train
stratified,4,1754,train
stratified,4,1755,train
stratified,4,1756,train
stratified,4,1757,train
stratified,4,1758,train
stratified,4,1759,train
stratified,4,1760,train
stratified,4,1761,train
stratified,4,1762,train
stratified,4,1763,train
stratified,4,1764,train
stratified,4,1767,train
stratified,4,1768,train
stratified,4,1769,train
stratified,4,1770,train
stratified,4,1771,train
stratified,4,1772,train
stratified,4,1773,train
stratified,4,1774,train
stratified,4,1775,train
stratified,4,1776,train
stratified,4,1777,train
stratified,4,1778,train
stratified,4,1782,train
stratified,4,1783,train
stratified,4,1785,train
stratified,4,1786,train
stratified,4,1787,train
stratified,4,1788,train
stratified,4,1789,train
stratified,4,1790,train
stratified,4,1791,train
stratified,4,1792,train
stratified,4,1793,train
stratified,4,1794,train
stratified,4,1795,train
stratified,4,1796,train
stratified,4,1797,train
stratified,4,1798,train
stratified,4,1799,train
stratified,4,1800,train
stratified,4,1801,train
stratified,4,1802,train
stratified,4,1803,train
stratified,4,1804,train
stratified,4,1805,train
stratified,4,1806,train
stratified,4,1807,train
stratified,4,1808,train
stratified,4,1809,train
stratified,4,1810,train
stratified,4,1811,train
stratified,4,1812,train
stratified,4,1813,train
stratified,4,1814,train
stratified,4,1815,train
stratified,4,1816,train
stratified,4,1817,train
stratified,4,1818,train
stratified,4,1819,train
stratified,4,1820,train
stratified,4,1821,train
stratified,4,1822,train
stratified,4,1823,train
stratified,4,1824,train
stratified,4,1825,train
stratified,4,1827,train
stratified,4,1828,train
stratified,4,1829,train
stratified,4,1830,train
stratified,4,1831,train
stratified,4,1832,train
stratified,4,1833,train
stratified,4,1834,train
stratified,4,1835,train
stratified,4,1836,train
stratified,4,1837,train
stratified,4,1838,train
stratified,4,1840,train
stratified,4,1841,train
stratified,4,1842,train
stratified,4,1844,train
stratified,4,1845,train
stratified,4,1846,train
stratified,4,1847,train
stratified,4,1849,train
stratified,4,1850,train
stratified,4,1851,train
stratified,4,1852,train
stratified,4,1853,train
stratified,4,1854,train
stratified,4,1855,train
stratified,4,1856,train
stratified,4,1857,train
stratified,4,1858,train
stratified,4,1859,train
stratified,4,1860,train
stratified,4,1862,train
stratified,4,1864,train
stratified,4,1866,train
stratified,4,1867,train
stratified,4,1868,train
stratified,4,1869,train
stratified,4,1870,train
stratified,4,1871,train
stratified,4,1872,train
stratified,4,1873,train
stratified,4,1874,train
stratified,4,1875,train
stratified,4,1876,train
stratified,4,1877,train
stratified,4,1878,train
stratified,4,1879,train
stratified,4,1880,train
stratified,4,1881,train
stratified,4,1882,train
stratified,4,1883,train
stratified,4,1884,train
stratified,4,1885,train
stratified,4,1886,train
stratified,4,1888,train
stratified,4,1889,train
stratified,4,1891,train
stratified,4,1892,train
stratified,4,1893,train
stratified,4,1894,train
stratified,4,1895,train
stratified,4,1896,train
stratified,4,1897,train
stratified,4,1898,train
stratified,4,1899,train
stratified,4,1900,train
stratified,4,1901,train
stratified,4,1902,train
stratified,4,1903,train
stratified,4,1905,train
stratified,4,1907,train
stratified,4,1908,train
stratified,4,1909,train
stratified,4,1910,train
stratified,4,16,test
stratified,4,20,test
stratified,4,23,test
stratified,4,26,test
stratified,4,28,test
stratified,4,30,test
stratified,4,40,test
stratified,4,48,test
stratified,4,51,test
stratified,4,81,test
stratified,4,85,test
stratified,4,95,test
stratified,4,106,test
stratified,4,109,test
stratified,4,111,test
stratified,4,124,test
stratified,4,138,test
stratified,4,167,test
stratified,4,176,test
stratified,4,179,test
stratified,4,201,test
stratified,4,205,test
stratified,4,209,test
stratified,4,215,test
stratified,4,219,test
stratified,4,232,test
stratified,4,242,test
stratified,4,244,test
stratified,4,249,test
stratified,4,258,test
stratified,4,264,test
stratified,4,267,test
stratified,4,290,test
stratified,4,291,test
stratified,4,314,test
stratified,4,316,test
stratified,4,351,test
stratified,4,357,test
stratified,4,360,test
stratified,4,375,test
stratified,4,381,test
stratified,4,391,test
stratified,4,428,test
stratified,4,442,test
stratified,4,448,test
stratified,4,459,test
stratified,4,460,test
stratified,4,466,test
stratified,4,471,test
stratified,4,478,test
stratified,4,485,test
stratified,4,489,test
stratified,4,490,test
stratified,4,491,test
stratified,4,494,test
stratified,4,505,test
stratified,4,510,test
stratified,4,511,test
stratified,4,512,test
stratified,4,513,test
stratified,4,528,test
stratified,4,557,test
stratified,4,565,test
stratified,4,572,test
stratified,4,573,test
stratified,4,579,test
stratified,4,603,test
stratified,4,604,test
stratified,4,637,test
stratified,4,638,test
stratified,4,639,test
stratified,4,640,test
stratified,4,644,test
stratified,4,645,test
stratified,4,652,test
stratified,4,660,test
stratified,4,663,test
stratified,4,674,test
stratified,4,691,test
stratified,4,704,test
stratified,4,710,test
stratified,4,719,test
stratified,4,721,test
stratified,4,779,test
stratified,4,814,test
stratified,4,816,test
stratified,4,828,test
stratified,4,836,test
stratified,4,854,test
stratified,4,865,test
stratified,4,890,test
stratified,4,903,test
stratified,4,905,test
stratified,4,907,test
stratified,4,909,test
stratified,4,943,test
stratified,4,950,test
stratified,4,983,test
stratified,4,992,test
stratified,4,999,test
stratified,4,1004,test
stratified,4,1021,test
stratified,4,1030,test
stratified,4,1043,test
stratified,4,1055,test
stratified,4,1062,test
stratified,4,1075,test
stratified,4,1089,test
stratified,4,1102,test
stratified,4,1107,test
stratified,4,1108,test
stratified,4,1109,test
stratified,4,1119,test
stratified,4,1136,test
stratified,4,1146,test
stratified,4,1166,test
stratified,4,1184,test
stratified,4,1197,test
stratified,4,1210,test
stratified,4,1218,test
stratified,4,1222,test
stratified,4,1226,test
stratified,4,1241,test
stratified,4,1243,test
stratified,4,1253,test
stratified,4,1264,test
stratified,4,1283,test
stratified,4,1295,test
stratified,4,1305,test
stratified,4,1316,test
stratified,4,1318,test
stratified,4,1333,test
stratified,4,1346,test
stratified,4,1353,test
stratified,4,1354,test
stratified,4,1377,test
stratified,4,1388,test
stratified,4,1390,test
stratified,4,1392,test
stratified,4,1396,test
stratified,4,1398,test
stratified,4,1400,test
stratified,4,1428,test
stratified,4,1430,test
stratified,4,1432,test
stratified,4,1434,test
stratified,4,1450,test
stratified,4,1468,test
stratified,4,1474,test
stratified,4,1559,test
stratified,4,1560,test
stratified,4,1561,test
stratified,4,1562,test
stratified,4,1565,test
stratified,4,1567,test
stratified,4,1573,test
stratified,4,1575,test
stratified,4,1590,test
stratified,4,1591,test
stratified,4,1610,test
stratified,4,1621,test
stratified,4,1640,test
stratified,4,1643,test
stratified,4,1658,test
stratified,4,1673,test
stratified,4,1682,test
stratified,4,1683,test
stratified,4,1685,test
stratified,4,1706,test
stratified,4,1715,test
stratified,4,1720,test
stratified,4,1732,test
stratified,4,1740,test
stratified,4,1749,test
stratified,4,1765,test
stratified,4,1766,test
stratified,4,1779,test
stratified,4,1780,test
stratified,4,1781,test
stratified,4,1784,test
stratified,4,1826,test
stratified,4,1839,test
stratified,4,1843,test
stratified,4,1848,test
stratified,4,1861,test
stratified,4,1863,test
stratified,4,1865,test
stratified,4,1887,test
stratified,4,1890,test
stratified,4,1904,test
stratified,4,1906,test
stratified,5,0,train
stratified,5,1,train
stratified,5,2,train
stratified,5,3,train
stratified,5,4,train
stratified,5,5,train
stratified,5,6,train
stratified,5,7,train
stratified,5,8,train
stratified,5,9,train
stratified,5,10,train
stratified,5,11,train
stratified,5,12,train
stratified,5,13,train
stratified,5,14,train
stratified,5,15,train
stratified,5,16,train
stratified,5,17,train
stratified,5,18,train
stratified,5,19,train
stratified,5,20,train
stratified,5,21,train
stratified,5,22,train
stratified,5,23,train
stratified,5,24,train
stratified,5,25,train
stratified,5,26,train
stratified,5,27,train
stratified,5,28,train
stratified,5,29,train
stratified,5,30,train
stratified,5,31,train
stratified,5,33,train
stratified,5,35,train
stratified,5,36,train
stratified,5,37,train
stratified,5,38,train
stratified,5,39,train
stratified,5,40,train
stratified,5,41,train
stratified,5,42,train
stratified,5,43,train
stratified,5,44,train
stratified,5,45,train
stratified,5,46,train
stratified,5,47,train
stratified,5,48,train
stratified,5,51,train
stratified,5,53,train
stratified,5,54,train
stratified,5,55,train
stratified,5,56,train
stratified,5,57,train
stratified,5,58,train
stratified,5,59,train
stratified,5,60,train
stratified,5,61,train
stratified,5,62,train
stratified,5,63,train
stratified,5,64,train
stratified,5,65,train
stratified,5,66,train
stratified,5,67,train
stratified,5,68,train
stratified,5,69,train
stratified,5,71,train
stratified,5,72,train
stratified,5,73,train
stratified,5,74,train
stratified,5,75,train
stratified,5,77,train
stratified,5,78,train
stratified,5,79,train
stratified,5,80,train
stratified,5,81,train
stratified,5,82,train
stratified,5,83,train
stratified,5,84,train
stratified,5,85,train
stratified,5,86,train
stratified,5,88,train
stratified,5,89,train
stratified,5,90,train
stratified,5,91,train
stratified,5,92,train
stratified,5,95,train
stratified,5,96,train
stratified,5,97,train
stratified,5,99,train
stratified,5,100,train
stratified,5,101,train
stratified,5,103,train
stratified,5,104,train
stratified,5,105,train
stratified,5,106,train
stratified,5,107,train
stratified,5,108,train
stratified,5,109,train
stratified,5,110,train
stratified,5,111,train
stratified,5,112,train
stratified,5,113,train
stratified,5,114,train
stratified,5,116,train
stratified,5,118,train
stratified,5,119,train
stratified,5,120,train
stratified,5,121,train
stratified,5,122,train
stratified,5,123,train
stratified,5,124,train
stratified,5,125,train
stratified,5,126,train
stratified,5,127,train
stratified,5,128,train
stratified,5,129,train
stratified,5,130,train
stratified,5,131,train
stratified,5,132,train
stratified,5,133,train
stratified,5,134,train
stratified,5,135,train
stratified,5,136,train
stratified,5,137,train
stratified,5,138,train
stratified,5,139,train
stratified,5,140,train
stratified,5,141,train
stratified,5,142,train
stratified,5,143,train
stratified,5,144,train
stratified,5,145,train
stratified,5,146,train
stratified,5,147,train
stratified,5,149,train
stratified,5,150,train
stratified,5,151,train
stratified,5,152,train
stratified,5,153,train
stratified,5,154,train
stratified,5,155,train
stratified,5,156,train
stratified,5,157,train
stratified,5,158,train
stratified,5,159,train
stratified,5,160,train
stratified,5,161,train
stratified,5,162,train
stratified,5,163,train
stratified,5,164,train
stratified,5,165,train
stratified,5,166,train
stratified,5,167,train
stratified,5,168,train
stratified,5,169,train
stratified,5,170,train
stratified,5,171,train
stratified,5,172,train
stratified,5,173,train
stratified,5,174,train
stratified,5,175,train
stratified,5,176,train
stratified,5,177,train
stratified,5,178,train
stratified,5,179,train
stratified,5,180,train
stratified,5,181,train
stratified,5,182,train
stratified,5,183,train
stratified,5,184,train
stratified,5,185,train
stratified,5,187,train
stratified,5,188,train
stratified,5,190,train
stratified,5,191,train
stratified,5,192,train
stratified,5,193,train
stratified,5,195,train
stratified,5,196,train
stratified,5,197,train
stratified,5,199,train
stratified,5,200,train
stratified,5,201,train
stratified,5,202,train
stratified,5,203,train
stratified,5,205,train
stratified,5,206,train
stratified,5,207,train
stratified,5,208,train
stratified,5,209,train
stratified,5,210,train
stratified,5,212,train
stratified,5,213,train
stratified,5,214,train
stratified,5,215,train
stratified,5,217,train
stratified,5,218,train
stratified,5,219,train
stratified,5,220,train
stratified,5,221,train
stratified,5,222,train
stratified,5,224,train
stratified,5,225,train
stratified,5,227,train
stratified,5,228,train
stratified,5,229,train
stratified,5,230,train
stratified,5,231,train
stratified,5,232,train
stratified,5,233,train
stratified,5,234,train
stratified,5,235,train
stratified,5,236,train
stratified,5,238,train
stratified,5,239,train
stratified,5,240,train
stratified,5,241,train
stratified,5,242,train
stratified,5,243,train
stratified,5,244,train
stratified,5,245,train
stratified,5,246,train
stratified,5,247,train
stratified,5,248,train
stratified,5,249,train
stratified,5,250,train
stratified,5,252,train
stratified,5,253,train
stratified,5,254,train
stratified,5,256,train
stratified,5,257,train
stratified,5,258,train
stratified,5,259,train
stratified,5,260,train
stratified,5,261,train
stratified,5,263,train
stratified,5,264,train
stratified,5,267,train
stratified,5,268,train
stratified,5,269,train
stratified,5,270,train
stratified,5,272,train
stratified,5,273,train
stratified,5,274,train
stratified,5,275,train
stratified,5,276,train
stratified,5,277,train
stratified,5,279,train
stratified,5,280,train
stratified,5,281,train
stratified,5,282,train
stratified,5,284,train
stratified,5,285,train
stratified,5,286,train
stratified,5,288,train
stratified,5,289,train
stratified,5,290,train
stratified,5,291,train
stratified,5,292,train
stratified,5,293,train
stratified,5,294,train
stratified,5,295,train
stratified,5,296,train
stratified,5,297,train
stratified,5,298,train
stratified,5,299,train
stratified,5,301,train
stratified,5,302,train
stratified,5,303,train
stratified,5,306,train
stratified,5,308,train
stratified,5,309,train
stratified,5,310,train
stratified,5,311,train
stratified,5,312,train
stratified,5,313,train
stratified,5,314,train
stratified,5,315,train
stratified,5,316,train
stratified,5,317,train
stratified,5,318,train
stratified,5,319,train
stratified,5,320,train
stratified,5,321,train
stratified,5,322,train
stratified,5,323,train
stratified,5,325,train
stratified,5,326,train
stratified,5,327,train
stratified,5,328,train
stratified,5,329,train
stratified,5,330,train
stratified,5,331,train
stratified,5,332,train
stratified,5,333,train
stratified,5,334,train
stratified,5,335,train
stratified,5,336,train
stratified,5,337,train
stratified,5,338,train
stratified,5,339,train
stratified,5,340,train
stratified,5,341,train
stratified,5,342,train
stratified,5,343,train
stratified,5,344,train
stratified,5,346,train
stratified,5,347,train
stratified,5,348,train
stratified,5,349,train
stratified,5,350,train
stratified,5,351,train
stratified,5,352,train
stratified,5,353,train
stratified,5,354,train
stratified,5,355,train
stratified,5,356,train
stratified,5,357,train
stratified,5,358,train
stratified,5,359,train
stratified,5,360,train
stratified,5,361,train
stratified,5,362,train
stratified,5,363,train
stratified,5,365,train
stratified,5,366,train
stratified,5,367,train
stratified,5,368,train
stratified,5,369,train
stratified,5,370,train
stratified,5,371,train
stratified,5,372,train
stratified,5,373,train
stratified,5,374,train
stratified,5,375,train
stratified,5,376,train
stratified,5,377,train
stratified,5,378,train
stratified,5,379,train
stratified,5,380,train
stratified,5,381,train
stratified,5,383,train
stratified,5,384,train
stratified,5,385,train
stratified,5,386,train
stratified,5,387,train
stratified,5,388,train
stratified,5,389,train
stratified,5,390,train
stratified,5,391,train
stratified,5,392,train
stratified,5,393,train
stratified,5,394,train
stratified,5,395,train
stratified,5,396,train
stratified,5,397,train
stratified,5,398,train
stratified,5,400,train
stratified,5,401,train
stratified,5,402,train
stratified,5,403,train
stratified,5,404,train
stratified,5,405,train
stratified,5,406,train
stratified,5,407,train
stratified,5,408,train
stratified,5,409,train
stratified,5,410,train
stratified,5,411,train
stratified,5,412,train
stratified,5,414,train
stratified,5,415,train
stratified,5,416,train
stratified,5,417,train
stratified,5,418,train
stratified,5,419,train
stratified,5,420,train
stratified,5,421,train
stratified,5,422,train
stratified,5,423,train
stratified,5,424,train
stratified,5,425,train
stratified,5,426,train
stratified,5,427,train
stratified,5,428,train
stratified,5,429,train
stratified,5,430,train
stratified,5,431,train
stratified,5,432,train
stratified,5,433,train
stratified,5,435,train
stratified,5,436,train
stratified,5,437,train
stratified,5,438,train
stratified,5,439,train
stratified,5,440,train
stratified,5,441,train
stratified,5,442,train
stratified,5,443,train
stratified,5,444,train
stratified,5,445,train
stratified,5,446,train
stratified,5,447,train
stratified,5,448,train
stratified,5,450,train
stratified,5,453,train
stratified,5,455,train
stratified,5,456,train
stratified,5,457,train
stratified,5,458,train
stratified,5,459,train
stratified,5,460,train
stratified,5,461,train
stratified,5,462,train
stratified,5,463,train
stratified,5,464,train
stratified,5,465,train
stratified,5,466,train
stratified,5,467,train
stratified,5,468,train
stratified,5,469,train
stratified,5,470,train
stratified,5,471,train
stratified,5,472,train
stratified,5,473,train
stratified,5,474,train
stratified,5,475,train
stratified,5,476,train
stratified,5,477,train
stratified,5,478,train
stratified,5,479,train
stratified,5,480,train
stratified,5,482,train
stratified,5,483,train
stratified,5,485,train
stratified,5,486,train
stratified,5,487,train
stratified,5,488,train
stratified,5,489,train
stratified,5,490,train
stratified,5,491,train
stratified,5,492,train
stratified,5,493,train
stratified,5,494,train
stratified,5,495,train
stratified,5,496,train
stratified,5,498,train
stratified,5,499,train
stratified,5,500,train
stratified,5,501,train
stratified,5,502,train
stratified,5,503,train
stratified,5,504,train
stratified,5,505,train
stratified,5,506,train
stratified,5,507,train
stratified,5,508,train
stratified,5,509,train
stratified,5,510,train
stratified,5,511,train
stratified,5,512,train
stratified,5,513,train
stratified,5,514,train
stratified,5,515,train
stratified,5,516,train
stratified,5,517,train
stratified,5,518,train
stratified,5,519,train
stratified,5,520,train
stratified,5,521,train
stratified,5,522,train
stratified,5,523,train
stratified,5,524,train
stratified,5,525,train
stratified,5,526,train
stratified,5,527,train
stratified,5,528,train
stratified,5,529,train
stratified,5,530,train
stratified,5,531,train
stratified,5,532,train
stratified,5,533,train
stratified,5,534,train
stratified,5,535,train
stratified,5,536,train
stratified,5,537,train
stratified,5,538,train
stratified,5,539,train
stratified,5,540,train
stratified,5,541,train
stratified,5,542,train
stratified,5,543,train
stratified,5,544,train
stratified,5,545,train
stratified,5,546,train
stratified,5,547,train
stratified,5,548,train
stratified,5,550,train
stratified,5,551,train
stratified,5,552,train
stratified,5,553,train
stratified,5,554,train
stratified,5,555,train
stratified,5,556,train
stratified,5,557,train
stratified,5,559,train
stratified,5,560,train
stratified,5,561,train
stratified,5,563,train
stratified,5,564,train
stratified,5,565,train
stratified,5,567,train
stratified,5,568,train
stratified,5,569,train
stratified,5,570,train
stratified,5,571,train
stratified,5,572,train
stratified,5,573,train
stratified,5,574,train
stratified,5,575,train
stratified,5,576,train
stratified,5,577,train
stratified,5,578,train
stratified,5,579,train
stratified,5,581,train
stratified,5,582,train
stratified,5,583,train
stratified,5,584,train
stratified,5,585,train
stratified,5,586,train
stratified,5,587,train
stratified,5,588,train
stratified,5,589,train
stratified,5,590,train
stratified,5,591,train
stratified,5,592,train
stratified,5,593,train
stratified,5,594,train
stratified,5,595,train
stratified,5,596,train
stratified,5,597,train
stratified,5,598,train
stratified,5,599,train
stratified,5,600,train
stratified,5,601,train
stratified,5,602,train
stratified,5,603,train
stratified,5,604,train
stratified,5,605,train
stratified,5,606,train
stratified,5,607,train
stratified,5,608,train
stratified,5,609,train
stratified,5,610,train
stratified,5,611,train
stratified,5,612,train
stratified,5,614,train
stratified,5,615,train
stratified,5,616,train
stratified,5,617,train
stratified,5,618,train
stratified,5,619,train
stratified,5,620,train
stratified,5,621,train
stratified,5,624,train
stratified,5,626,train
stratified,5,628,train
stratified,5,629,train
stratified,5,630,train
stratified,5,631,train
stratified,5,632,train
stratified,5,633,train
stratified,5,634,train
stratified,5,635,train
stratified,5,636,train
stratified,5,637,train
stratified,5,638,train
stratified,5,639,train
stratified,5,640,train
stratified,5,641,train
stratified,5,642,train
stratified,5,643,train
stratified,5,644,train
stratified,5,645,train
stratified,5,646,train
stratified,5,648,train
stratified,5,649,train
stratified,5,651,train
stratified,5,652,train
stratified,5,653,train
stratified,5,654,train
stratified,5,655,train
stratified,5,656,train
stratified,5,657,train
stratified,5,658,train
stratified,5,659,train
stratified,5,660,train
stratified,5,661,train
stratified,5,662,train
stratified,5,663,train
stratified,5,664,train
stratified,5,665,train
stratified,5,666,train
stratified,5,667,train
stratified,5,668,train
stratified,5,669,train
stratified,5,671,train
stratified,5,673,train
stratified,5,674,train
stratified,5,675,train
stratified,5,676,train
stratified,5,677,train
stratified,5,678,train
stratified,5,679,train
stratified,5,680,train
stratified,5,681,train
stratified,5,683,train
stratified,5,684,train
stratified,5,685,train
stratified,5,686,train
stratified,5,687,train
stratified,5,688,train
stratified,5,689,train
stratified,5,690,train
stratified,5,691,train
stratified,5,692,train
stratified,5,694,train
stratified,5,695,train
stratified,5,696,train
stratified,5,697,train
stratified,5,698,train
stratified,5,699,train
stratified,5,700,train
stratified,5,701,train
stratified,5,702,train
stratified,5,703,train
stratified,5,704,train
stratified,5,705,train
stratified,5,706,train
stratified,5,707,train
stratified,5,708,train
stratified,5,710,train
stratified,5,711,train
stratified,5,713,train
stratified,5,714,train
stratified,5,715,train
stratified,5,716,train
stratified,5,717,train
stratified,5,718,train
stratified,5,719,train
stratified,5,720,train
stratified,5,721,train
stratified,5,722,train
stratified,5,723,train
stratified,5,724,train
stratified,5,725,train
stratified,5,727,train
stratified,5,729,train
stratified,5,730,train
stratified,5,731,train
stratified,5,732,train
stratified,5,733,train
stratified,5,735,train
stratified,5,736,train
stratified,5,738,train
stratified,5,739,train
stratified,5,741,train
stratified,5,742,train
stratified,5,743,train
stratified,5,744,train
stratified,5,745,train
stratified,5,748,train
stratified,5,749,train
stratified,5,750,train
stratified,5,751,train
stratified,5,752,train
stratified,5,753,train
stratified,5,755,train
stratified,5,756,train
stratified,5,757,train
stratified,5,758,train
stratified,5,759,train
stratified,5,760,train
stratified,5,761,train
stratified,5,762,train
stratified,5,763,train
stratified,5,765,train
stratified,5,766,train
stratified,5,767,train
stratified,5,769,train
stratified,5,770,train
stratified,5,771,train
stratified,5,772,train
stratified,5,773,train
stratified,5,774,train
stratified,5,775,train
stratified,5,776,train
stratified,5,777,train
stratified,5,778,train
stratified,5,779,train
stratified,5,780,train
stratified,5,781,train
stratified,5,782,train
stratified,5,783,train
stratified,5,785,train
stratified,5,786,train
stratified,5,787,train
stratified,5,790,train
stratified,5,791,train
stratified,5,792,train
stratified,5,793,train
stratified,5,794,train
stratified,5,795,train
stratified,5,796,train
stratified,5,798,train
stratified,5,799,train
stratified,5,800,train
stratified,5,801,train
stratified,5,802,train
stratified,5,803,train
stratified,5,804,train
stratified,5,805,train
stratified,5,806,train
stratified,5,807,train
stratified,5,808,train
stratified,5,809,train
stratified,5,811,train
stratified,5,812,train
stratified,5,813,train
stratified,5,814,train
stratified,5,815,train
stratified,5,816,train
stratified,5,817,train
stratified,5,818,train
stratified,5,819,train
stratified,5,820,train
stratified,5,821,train
stratified,5,823,train
stratified,5,824,train
stratified,5,825,train
stratified,5,826,train
stratified,5,827,train
stratified,5,828,train
stratified,5,830,train
stratified,5,831,train
stratified,5,832,train
stratified,5,833,train
stratified,5,834,train
stratified,5,835,train
stratified,5,836,train
stratified,5,837,train
stratified,5,838,train
stratified,5,839,train
stratified,5,840,train
stratified,5,842,train
stratified,5,844,train
stratified,5,845,train
stratified,5,846,train
stratified,5,847,train
stratified,5,849,train
stratified,5,850,train
stratified,5,851,train
stratified,5,852,train
stratified,5,853,train
stratified,5,854,train
stratified,5,855,train
stratified,5,856,train
stratified,5,857,train
stratified,5,859,train
stratified,5,860,train
stratified,5,861,train
stratified,5,862,train
stratified,5,863,train
stratified,5,864,train
stratified,5,865,train
stratified,5,866,train
stratified,5,867,train
stratified,5,868,train
stratified,5,869,train
stratified,5,870,train
stratified,5,871,train
stratified,5,872,train
stratified,5,873,train
stratified,5,874,train
stratified,5,875,train
stratified,5,876,train
stratified,5,877,train
stratified,5,878,train
stratified,5,879,train
stratified,5,880,train
stratified,5,881,train
stratified,5,882,train
stratified,5,883,train
stratified,5,884,train
stratified,5,885,train
stratified,5,886,train
stratified,5,887,train
stratified,5,888,train
stratified,5,889,train
stratified,5,890,train
stratified,5,891,train
stratified,5,892,train
stratified,5,893,train
stratified,5,894,train
stratified,5,896,train
stratified,5,898,train
stratified,5,899,train
stratified,5,900,train
stratified,5,901,train
stratified,5,902,train
stratified,5,903,train
stratified,5,904,train
stratified,5,905,train
stratified,5,906,train
stratified,5,907,train
stratified,5,908,train
stratified,5,909,train
stratified,5,910,train
stratified,5,911,train
stratified,5,912,train
stratified,5,913,train
stratified,5,914,train
stratified,5,915,train
stratified,5,916,train
stratified,5,917,train
stratified,5,918,train
stratified,5,919,train
stratified,5,920,train
stratified,5,921,train
stratified,5,922,train
stratified,5,923,train
stratified,5,924,train
stratified,5,925,train
stratified,5,927,train
stratified,5,928,train
stratified,5,929,train
stratified,5,930,train
stratified,5,931,train
stratified,5,932,train
stratified,5,933,train
stratified,5,934,train
stratified,5,935,train
stratified,5,936,train
stratified,5,937,train
stratified,5,938,train
stratified,5,940,train
stratified,5,941,train
stratified,5,942,train
stratified,5,943,train
stratified,5,944,train
stratified,5,946,train
stratified,5,947,train
stratified,5,949,train
stratified,5,950,train
stratified,5,951,train
stratified,5,952,train
stratified,5,953,train
stratified,5,954,train
stratified,5,955,train
stratified,5,956,train
stratified,5,957,train
stratified,5,958,train
stratified,5,959,train
stratified,5,960,train
stratified,5,961,train
stratified,5,962,train
stratified,5,963,train
stratified,5,964,train
stratified,5,966,train
stratified,5,967,train
stratified,5,968,train
stratified,5,969,train
stratified,5,970,train
stratified,5,971,train
stratified,5,972,train
stratified,5,973,train
stratified,5,974,train
stratified,5,975,train
stratified,5,976,train
stratified,5,978,train
stratified,5,979,train
stratified,5,980,train
stratified,5,981,train
stratified,5,982,train
stratified,5,983,train
stratified,5,985,train
stratified,5,986,train
stratified,5,987,train
stratified,5,988,train
stratified,5,989,train
stratified,5,990,train
stratified,5,991,train
stratified,5,992,train
stratified,5,993,train
stratified,5,994,train
stratified,5,995,train
stratified,5,996,train
stratified,5,997,train
stratified,5,998,train
stratified,5,999,train
stratified,5,1000,train
stratified,5,1001,train
stratified,5,1002,train
stratified,5,1003,train
stratified,5,1004,train
stratified,5,1005,train
stratified,5,1006,train
stratified,5,1008,train
stratified,5,1010,train
stratified,5,1011,train
stratified,5,1012,train
stratified,5,1013,train
stratified,5,1014,train
stratified,5,1016,train
stratified,5,1017,train
stratified,5,1018,train
stratified,5,1019,train
stratified,5,1020,train
stratified,5,1021,train
stratified,5,1022,train
stratified,5,1023,train
stratified,5,1024,train
stratified,5,1026,train
stratified,5,1027,train
stratified,5,1028,train
stratified,5,1029,train
stratified,5,1030,train
stratified,5,1031,train
stratified,5,1033,train
stratified,5,1034,train
stratified,5,1035,train
stratified,5,1036,train
stratified,5,1037,train
stratified,5,1038,train
stratified,5,1039,train
stratified,5,1040,train
stratified,5,1041,train
stratified,5,1042,train
stratified,5,1043,train
stratified,5,1044,train
stratified,5,1045,train
stratified,5,1046,train
stratified,5,1047,train
stratified,5,1048,train
stratified,5,1049,train
stratified,5,1050,train
stratified,5,1051,train
stratified,5,1053,train
stratified,5,1054,train
stratified,5,1055,train
stratified,5,1057,train
stratified,5,1058,train
stratified,5,1059,train
stratified,5,1060,train
stratified,5,1061,train
stratified,5,1062,train
stratified,5,1064,train
stratified,5,1065,train
stratified,5,1067,train
stratified,5,1068,train
stratified,5,1069,train
stratified,5,1070,train
stratified,5,1071,train
stratified,5,1072,train
stratified,5,1073,train
stratified,5,1074,train
stratified,5,1075,train
stratified,5,1076,train
stratified,5,1078,train
stratified,5,1079,train
stratified,5,1080,train
stratified,5,1081,train
stratified,5,1082,train
stratified,5,1083,train
stratified,5,1084,train
stratified,5,1085,train
stratified,5,1086,train
stratified,5,1087,train
stratified,5,1088,train
stratified,5,1089,train
stratified,5,1090,train
stratified,5,1091,train
stratified,5,1092,train
stratified,5,1093,train
stratified,5,1094,train
stratified,5,1095,train
stratified,5,1096,train
stratified,5,1098,train
stratified,5,1099,train
stratified,5,1100,train
stratified,5,1101,train
stratified,5,1102,train
stratified,5,1103,train
stratified,5,1104,train
stratified,5,1105,train
stratified,5,1106,train
stratified,5,1107,train
stratified,5,1108,train
stratified,5,1109,train
stratified,5,1110,train
stratified,5,1111,train
stratified,5,1112,train
stratified,5,1113,train
stratified,5,1114,train
stratified,5,1115,train
stratified,5,1116,train
stratified,5,1117,train
stratified,5,1118,train
stratified,5,1119,train
stratified,5,1120,train
stratified,5,1121,train
stratified,5,1122,train
stratified,5,1123,train
stratified,5,1124,train
stratified,5,1125,train
stratified,5,1126,train
stratified,5,1127,train
stratified,5,1128,train
stratified,5,1129,train
stratified,5,1130,train
stratified,5,1131,train
stratified,5,1132,train
stratified,5,1134,train
stratified,5,1135,train
stratified,5,1136,train
stratified,5,1137,train
stratified,5,1138,train
stratified,5,1139,train
stratified,5,1140,train
stratified,5,1141,train
stratified,5,1142,train
stratified,5,1143,train
stratified,5,1144,train
stratified,5,1145,train
stratified,5,1146,train
stratified,5,1147,train
stratified,5,1148,train
stratified,5,1150,train
stratified,5,1151,train
stratified,5,1152,train
stratified,5,1153,train
stratified,5,1154,train
stratified,5,1155,train
stratified,5,1156,train
stratified,5,1157,train
stratified,5,1158,train
stratified,5,1159,train
stratified,5,1160,train
stratified,5,1161,train
stratified,5,1163,train
stratified,5,1164,train
stratified,5,1165,train
stratified,5,1166,train
stratified,5,1168,train
stratified,5,1169,train
stratified,5,1170,train
stratified,5,1171,train
stratified,5,1173,train
stratified,5,1174,train
stratified,5,1175,train
stratified,5,1177,train
stratified,5,1178,train
stratified,5,1179,train
stratified,5,1181,train
stratified,5,1182,train
stratified,5,1183,train
stratified,5,1184,train
stratified,5,1185,train
stratified,5,1186,train
stratified,5,1187,train
stratified,5,1188,train
stratified,5,1190,train
stratified,5,1192,train
stratified,5,1193,train
stratified,5,1195,train
stratified,5,1197,train
stratified,5,1198,train
stratified,5,1199,train
stratified,5,1200,train
stratified,5,1201,train
stratified,5,1202,train
stratified,5,1203,train
stratified,5,1204,train
stratified,5,1205,train
stratified,5,1206,train
stratified,5,1207,train
stratified,5,1208,train
stratified,5,1209,train
stratified,5,1210,train
stratified,5,1211,train
stratified,5,1212,train
stratified,5,1213,train
stratified,5,1214,train
stratified,5,1215,train
stratified,5,1216,train
stratified,5,1217,train
stratified,5,1218,train
stratified,5,1219,train
stratified,5,1220,train
stratified,5,1221,train
stratified,5,1222,train
stratified,5,1223,train
stratified,5,1224,train
stratified,5,1225,train
stratified,5,1226,train
stratified,5,1227,train
stratified,5,1228,train
stratified,5,1229,train
stratified,5,1230,train
stratified,5,1231,train
stratified,5,1232,train
stratified,5,1233,train
stratified,5,1234,train
stratified,5,1235,train
stratified,5,1236,train
stratified,5,1237,train
stratified,5,1238,train
stratified,5,1239,train
stratified,5,1240,train
stratified,5,1241,train
stratified,5,1242,train
stratified,5,1243,train
stratified,5,1244,train
stratified,5,1245,train
stratified,5,1247,train
stratified,5,1248,train
stratified,5,1249,train
stratified,5,1250,train
stratified,5,1251,train
stratified,5,1252,train
stratified,5,1253,train
stratified,5,1254,train
stratified,5,1255,train
stratified,5,1256,train
stratified,5,1257,train
stratified,5,1258,train
stratified,5,1259,train
stratified,5,1260,train
stratified,5,1261,train
stratified,5,1262,train
stratified,5,1263,train
stratified,5,1264,train
stratified,5,1265,train
stratified,5,1266,train
stratified,5,1267,train
stratified,5,1268,train
stratified,5,1270,train
stratified,5,1272,train
stratified,5,1273,train
stratified,5,1274,train
stratified,5,1275,train
stratified,5,1276,train
stratified,5,1278,train
stratified,5,1280,train
stratified,5,1282,train
stratified,5,1283,train
stratified,5,1284,train
stratified,5,1285,train
stratified,5,1286,train
stratified,5,1288,train
stratified,5,1289,train
stratified,5,1290,train
stratified,5,1291,train
stratified,5,1293,train
stratified,5,1294,train
stratified,5,1295,train
stratified,5,1296,train
stratified,5,1298,train
stratified,5,1299,train
stratified,5,1300,train
stratified,5,1301,train
stratified,5,1302,train
stratified,5,1303,train
stratified,5,1305,train
stratified,5,1307,train
stratified,5,1308,train
stratified,5,1309,train
stratified,5,1311,train
stratified,5,1312,train
stratified,5,1313,train
stratified,5,1314,train
stratified,5,1315,train
stratified,5,1316,train
stratified,5,1317,train
stratified,5,1318,train
stratified,5,1319,train
stratified,5,1320,train
stratified,5,1321,train
stratified,5,1322,train
stratified,5,1323,train
stratified,5,1324,train
stratified,5,1325,train
stratified,5,1326,train
stratified,5,1327,train
stratified,5,1328,train
stratified,5,1329,train
stratified,5,1331,train
stratified,5,1332,train
stratified,5,1333,train
stratified,5,1334,train
stratified,5,1335,train
stratified,5,1336,train
stratified,5,1337,train
stratified,5,1339,train
stratified,5,1340,train
stratified,5,1342,train
stratified,5,1344,train
stratified,5,1345,train
stratified,5,1346,train
stratified,5,1348,train
stratified,5,1349,train
stratified,5,1350,train
stratified,5,1351,train
stratified,5,1352,train
stratified,5,1353,train
stratified,5,1354,train
stratified,5,1355,train
stratified,5,1357,train
stratified,5,1358,train
stratified,5,1359,train
stratified,5,1360,train
stratified,5,1361,train
stratified,5,1362,train
stratified,5,1364,train
stratified,5,1365,train
stratified,5,1366,train
stratified,5,1367,train
stratified,5,1368,train
stratified,5,1370,train
stratified,5,1371,train
stratified,5,1372,train
stratified,5,1374,train
stratified,5,1375,train
stratified,5,1376,train
stratified,5,1377,train
stratified,5,1378,train
stratified,5,1379,train
stratified,5,1380,train
stratified,5,1381,train
stratified,5,1382,train
stratified,5,1383,train
stratified,5,1384,train
stratified,5,1388,train
stratified,5,1389,train
stratified,5,1390,train
stratified,5,1391,train
stratified,5,1392,train
stratified,5,1393,train
stratified,5,1394,train
stratified,5,1395,train
stratified,5,1396,train
stratified,5,1397,train
stratified,5,1398,train
stratified,5,1400,train
stratified,5,1401,train
stratified,5,1402,train
stratified,5,1403,train
stratified,5,1404,train
stratified,5,1405,train
stratified,5,1406,train
stratified,5,1407,train
stratified,5,1408,train
stratified,5,1410,train
stratified,5,1411,train
stratified,5,1412,train
stratified,5,1413,train
stratified,5,1414,train
stratified,5,1415,train
stratified,5,1416,train
stratified,5,1417,train
stratified,5,1418,train
stratified,5,1419,train
stratified,5,1420,train
stratified,5,1421,train
stratified,5,1422,train
stratified,5,1423,train
stratified,5,1424,train
stratified,5,1426,train
stratified,5,1427,train
stratified,5,1428,train
stratified,5,1429,train
stratified,5,1430,train
stratified,5,1431,train
stratified,5,1432,train
stratified,5,1433,train
stratified,5,1434,train
stratified,5,1436,train
stratified,5,1437,train
stratified,5,1438,train
stratified,5,1439,train
stratified,5,1440,train
stratified,5,1441,train
stratified,5,1442,train
stratified,5,1443,train
stratified,5,1444,train
stratified,5,1445,train
stratified,5,1446,train
stratified,5,1447,train
stratified,5,1448,train
stratified,5,1449,train
stratified,5,1450,train
stratified,5,1451,train
stratified,5,1452,train
stratified,5,1453,train
stratified,5,1454,train
stratified,5,1455,train
stratified,5,1456,train
stratified,5,1457,train
stratified,5,1458,train
stratified,5,1459,train
stratified,5,1460,train
stratified,5,1461,train
stratified,5,1462,train
stratified,5,1463,train
stratified,5,1464,train
stratified,5,1465,train
stratified,5,1466,train
stratified,5,1467,train
stratified,5,1468,train
stratified,5,1469,train
stratified,5,1470,train
stratified,5,1471,train
stratified,5,1472,train
stratified,5,1474,train
stratified,5,1475,train
stratified,5,1477,train
stratified,5,1479,train
stratified,5,1480,train
stratified,5,1481,train
stratified,5,1482,train
stratified,5,1483,train
stratified,5,1484,train
stratified,5,1485,train
stratified,5,1486,train
stratified,5,1487,train
stratified,5,1488,train
stratified,5,1489,train
stratified,5,1490,train
stratified,5,1491,train
stratified,5,1492,train
stratified,5,1493,train
stratified,5,1494,train
stratified,5,1495,train
stratified,5,1496,train
stratified,5,1497,train
stratified,5,1498,train
stratified,5,1499,train
stratified,5,1500,train
stratified,5,1501,train
stratified,5,1503,train
stratified,5,1504,train
stratified,5,1505,train
stratified,5,1506,train
stratified,5,1507,train
stratified,5,1508,train
stratified,5,1509,train
stratified,5,1510,train
stratified,5,1511,train
stratified,5,1512,train
stratified,5,1513,train
stratified,5,1514,train
stratified,5,1515,train
stratified,5,1516,train
stratified,5,1517,train
stratified,5,1518,train
stratified,5,1519,train
stratified,5,1520,train
stratified,5,1521,train
stratified,5,1522,train
stratified,5,1523,train
stratified,5,1524,train
stratified,5,1525,train
stratified,5,1526,train
stratified,5,1527,train
stratified,5,1529,train
stratified,5,1530,train
stratified,5,1531,train
stratified,5,1532,train
stratified,5,1533,train
stratified,5,1534,train
stratified,5,1535,train
stratified,5,1536,train
stratified,5,1537,train
stratified,5,1538,train
stratified,5,1539,train
stratified,5,1540,train
stratified,5,1541,train
stratified,5,1542,train
stratified,5,1543,train
stratified,5,1544,train
stratified,5,1545,train
stratified,5,1546,train
stratified,5,1547,train
stratified,5,1548,train
stratified,5,1549,train
stratified,5,1550,train
stratified,5,1551,train
stratified,5,1552,train
stratified,5,1553,train
stratified,5,1554,train
stratified,5,1555,train
stratified,5,1556,train
stratified,5,1557,train
stratified,5,1558,train
stratified,5,1559,train
stratified,5,1560,train
stratified,5,1561,train
stratified,5,1562,train
stratified,5,1563,train
stratified,5,1564,train
stratified,5,1565,train
stratified,5,1566,train
stratified,5,1567,train
stratified,5,1568,train
stratified,5,1570,train
stratified,5,1571,train
stratified,5,1572,train
stratified,5,1573,train
stratified,5,1574,train
stratified,5,1575,train
stratified,5,1576,train
stratified,5,1577,train
stratified,5,1578,train
stratified,5,1579,train
stratified,5,1580,train
stratified,5,1581,train
stratified,5,1582,train
stratified,5,1584,train
stratified,5,1585,train
stratified,5,1586,train
stratified,5,1587,train
stratified,5,1590,train
stratified,5,1591,train
stratified,5,1592,train
stratified,5,1593,train
stratified,5,1594,train
stratified,5,1595,train
stratified,5,1596,train
stratified,5,1598,train
stratified,5,1599,train
stratified,5,1600,train
stratified,5,1601,train
stratified,5,1602,train
stratified,5,1603,train
stratified,5,1605,train
stratified,5,1607,train
stratified,5,1608,train
stratified,5,1609,train
stratified,5,1610,train
stratified,5,1612,train
stratified,5,1613,train
stratified,5,1614,train
stratified,5,1615,train
stratified,5,1617,train
stratified,5,1619,train
stratified,5,1621,train
stratified,5,1622,train
stratified,5,1623,train
stratified,5,1624,train
stratified,5,1625,train
stratified,5,1626,train
stratified,5,1627,train
stratified,5,1628,train
stratified,5,1629,train
stratified,5,1630,train
stratified,5,1631,train
stratified,5,1632,train
stratified,5,1633,train
stratified,5,1634,train
stratified,5,1635,train
stratified,5,1636,train
stratified,5,1637,train
stratified,5,1638,train
stratified,5,1639,train
stratified,5,1640,train
stratified,5,1642,train
stratified,5,1643,train
stratified,5,1644,train
stratified,5,1646,train
stratified,5,1647,train
stratified,5,1648,train
stratified,5,1649,train
stratified,5,1650,train
stratified,5,1651,train
stratified,5,1652,train
stratified,5,1653,train
stratified,5,1654,train
stratified,5,1655,train
stratified,5,1656,train
stratified,5,1657,train
stratified,5,1658,train
stratified,5,1659,train
stratified,5,1660,train
stratified,5,1662,train
stratified,5,1664,train
stratified,5,1665,train
stratified,5,1666,train
stratified,5,1667,train
stratified,5,1668,train
stratified,5,1669,train
stratified,5,1670,train
stratified,5,1671,train
stratified,5,1672,train
stratified,5,1673,train
stratified,5,1674,train
stratified,5,1675,train
stratified,5,1676,train
stratified,5,1677,train
stratified,5,1678,train
stratified,5,1679,train
stratified,5,1680,train
stratified,5,1681,train
stratified,5,1682,train
stratified,5,1683,train
stratified,5,1684,train
stratified,5,1685,train
stratified,5,1686,train
stratified,5,1687,train
stratified,5,1689,train
stratified,5,1690,train
stratified,5,1691,train
stratified,5,1692,train
stratified,5,1693,train
stratified,5,1694,train
stratified,5,1695,train
stratified,5,1696,train
stratified,5,1698,train
stratified,5,1699,train
stratified,5,1701,train
stratified,5,1702,train
stratified,5,1703,train
stratified,5,1704,train
stratified,5,1705,train
stratified,5,1706,train
stratified,5,1708,train
stratified,5,1709,train
stratified,5,1710,train
stratified,5,1711,train
stratified,5,1712,train
stratified,5,1713,train
stratified,5,1714,train
stratified,5,1715,train
stratified,5,1716,train
stratified,5,1717,train
stratified,5,1718,train
stratified,5,1719,train
stratified,5,1720,train
stratified,5,1721,train
stratified,5,1722,train
stratified,5,1723,train
stratified,5,1724,train
stratified,5,1725,train
stratified,5,1726,train
stratified,5,1727,train
stratified,5,1728,train
stratified,5,1729,train
stratified,5,1730,train
stratified,5,1731,train
stratified,5,1732,train
stratified,5,1733,train
stratified,5,1734,train
stratified,5,1735,train
stratified,5,1736,train
stratified,5,1737,train
stratified,5,1738,train
stratified,5,1739,train
stratified,5,1740,train
stratified,5,1741,train
stratified,5,1742,train
stratified,5,1743,train
stratified,5,1744,train
stratified,5,1745,train
stratified,5,1746,train
stratified,5,1747,train
stratified,5,1748,train
stratified,5,1749,train
stratified,5,1750,train
stratified,5,1751,train
stratified,5,1752,train
stratified,5,1753,train
stratified,5,1754,train
stratified,5,1755,train
stratified,5,1756,train
stratified,5,1758,train
stratified,5,1759,train
stratified,5,1760,train
stratified,5,1762,train
stratified,5,1763,train
stratified,5,1764,train
stratified,5,1765,train
stratified,5,1766,train
stratified,5,1767,train
stratified,5,1768,train
stratified,5,1769,train
stratified,5,1770,train
stratified,5,1772,train
stratified,5,1773,train
stratified,5,1774,train
stratified,5,1775,train
stratified,5,1776,train
stratified,5,1777,train
stratified,5,1778,train
stratified,5,1779,train
stratified,5,1780,train
stratified,5,1781,train
stratified,5,1782,train
stratified,5,1783,train
stratified,5,1784,train
stratified,5,1785,train
stratified,5,1786,train
stratified,5,1787,train
stratified,5,1789,train
stratified,5,1790,train
stratified,5,1791,train
stratified,5,1792,train
stratified,5,1793,train
stratified,5,1794,train
stratified,5,1795,train
stratified,5,1796,train
stratified,5,1798,train
stratified,5,1799,train
stratified,5,1800,train
stratified,5,1801,train
stratified,5,1802,train
stratified,5,1803,train
stratified,5,1805,train
stratified,5,1806,train
stratified,5,1807,train
stratified,5,1808,train
stratified,5,1809,train
stratified,5,1810,train
stratified,5,1811,train
stratified,5,1813,train
stratified,5,1815,train
stratified,5,1816,train
stratified,5,1817,train
stratified,5,1818,train
stratified,5,1819,train
stratified,5,1820,train
stratified,5,1821,train
stratified,5,1822,train
stratified,5,1823,train
stratified,5,1824,train
stratified,5,1825,train
stratified,5,1826,train
stratified,5,1827,train
stratified,5,1828,train
stratified,5,1829,train
stratified,5,1830,train
stratified,5,1831,train
stratified,5,1832,train
stratified,5,1833,train
stratified,5,1834,train
stratified,5,1836,train
stratified,5,1837,train
stratified,5,1838,train
stratified,5,1839,train
stratified,5,1840,train
stratified,5,1841,train
stratified,5,1842,train
stratified,5,1843,train
stratified,5,1844,train
stratified,5,1845,train
stratified,5,1846,train
stratified,5,1847,train
stratified,5,1848,train
stratified,5,1849,train
stratified,5,1850,train
stratified,5,1851,train
stratified,5,1852,train
stratified,5,1854,train
stratified,5,1855,train
stratified,5,1856,train
stratified,5,1857,train
stratified,5,1858,train
stratified,5,1859,train
stratified,5,1860,train
stratified,5,1861,train
stratified,5,1862,train
stratified,5,1863,train
stratified,5,1864,train
stratified,5,1865,train
stratified,5,1866,train
stratified,5,1868,train
stratified,5,1869,train
stratified,5,1870,train
stratified,5,1871,train
stratified,5,1873,train
stratified,5,1874,train
stratified,5,1875,train
stratified,5,1877,train
stratified,5,1878,train
stratified,5,1879,train
stratified,5,1880,train
stratified,5,1881,train
stratified,5,1883,train
stratified,5,1884,train
stratified,5,1885,train
stratified,5,1886,train
stratified,5,1887,train
stratified,5,1889,train
stratified,5,1890,train
stratified,5,1891,train
stratified,5,1892,train
stratified,5,1893,train
stratified,5,1894,train
stratified,5,1895,train
stratified,5,1896,train
stratified,5,1897,train
stratified,5,1898,train
stratified,5,1899,train
stratified,5,1900,train
stratified,5,1901,train
stratified,5,1902,train
stratified,5,1903,train
stratified,5,1904,train
stratified,5,1906,train
stratified,5,1908,train
stratified,5,1909,train
stratified,5,1910,train
stratified,5,32,test
stratified,5,34,test
stratified,5,49,test
stratified,5,50,test
stratified,5,52,test
stratified,5,70,test
stratified,5,76,test
stratified,5,87,test
stratified,5,93,test
stratified,5,94,test
stratified,5,98,test
stratified,5,102,test
stratified,5,115,test
stratified,5,117,test
stratified,5,148,test
stratified,5,186,test
stratified,5,189,test
stratified,5,194,test
stratified,5,198,test
stratified,5,204,test
stratified,5,211,test
stratified,5,216,test
stratified,5,223,test
stratified,5,226,test
stratified,5,237,test
stratified,5,251,test
stratified,5,255,test
stratified,5,262,test
stratified,5,265,test
stratified,5,266,test
stratified,5,271,test
stratified,5,278,test
stratified,5,283,test
stratified,5,287,test
stratified,5,300,test
stratified,5,304,test
stratified,5,305,test
stratified,5,307,test
stratified,5,324,test
stratified,5,345,test
stratified,5,364,test
stratified,5,382,test
stratified,5,399,test
stratified,5,413,test
stratified,5,434,test
stratified,5,449,test
stratified,5,451,test
stratified,5,452,test
stratified,5,454,test
stratified,5,481,test
stratified,5,484,test
stratified,5,497,test
stratified,5,549,test
stratified,5,558,test
stratified,5,562,test
stratified,5,566,test
stratified,5,580,test
stratified,5,613,test
stratified,5,622,test
stratified,5,623,test
stratified,5,625,test
stratified,5,627,test
stratified,5,647,test
stratified,5,650,test
stratified,5,670,test
stratified,5,672,test
stratified,5,682,test
stratified,5,693,test
stratified,5,709,test
stratified,5,712,test
stratified,5,726,test
stratified,5,728,test
stratified,5,734,test
stratified,5,737,test
stratified,5,740,test
stratified,5,746,test
stratified,5,747,test
stratified,5,754,test
stratified,5,764,test
stratified,5,768,test
stratified,5,784,test
stratified,5,788,test
stratified,5,789,test
stratified,5,797,test
stratified,5,810,test
stratified,5,822,test
stratified,5,829,test
stratified,5,841,test
stratified,5,843,test
stratified,5,848,test
stratified,5,858,test
stratified,5,895,test
stratified,5,897,test
stratified,5,926,test
stratified,5,939,test
stratified,5,945,test
stratified,5,948,test
stratified,5,965,test
stratified,5,977,test
stratified,5,984,test
stratified,5,1007,test
stratified,5,1009,test
stratified,5,1015,test
stratified,5,1025,test
stratified,5,1032,test
stratified,5,1052,test
stratified,5,1056,test
stratified,5,1063,test
stratified,5,1066,test
stratified,5,1077,test
stratified,5,1097,test
stratified,5,1133,test
stratified,5,1149,test
stratified,5,1162,test
stratified,5,1167,test
stratified,5,1172,test
stratified,5,1176,test
stratified,5,1180,test
stratified,5,1189,test
stratified,5,1191,test
stratified,5,1194,test
stratified,5,1196,test
stratified,5,1246,test
stratified,5,1269,test
stratified,5,1271,test
stratified,5,1277,test
stratified,5,1279,test
stratified,5,1281,test
stratified,5,1287,test
stratified,5,1292,test
stratified,5,1297,test
stratified,5,1304,test
stratified,5,1306,test
stratified,5,1310,test
stratified,5,1330,test
stratified,5,1338,test
stratified,5,1341,test
stratified,5,1343,test
stratified,5,1347,test
stratified,5,1356,test
stratified,5,1363,test
stratified,5,1369,test
stratified,5,1373,test
stratified,5,1385,test
stratified,5,1386,test
stratified,5,1387,test
stratified,5,1399,test
stratified,5,1409,test
stratified,5,1425,test
stratified,5,1435,test
stratified,5,1473,test
stratified,5,1476,test
stratified,5,1478,test
stratified,5,1502,test
stratified,5,1528,test
stratified,5,1569,test
stratified,5,1583,test
stratified,5,1588,test
stratified,5,1589,test
stratified,5,1597,test
stratified,5,1604,test
stratified,5,1606,test
stratified,5,1611,test
stratified,5,1616,test
stratified,5,1618,test
stratified,5,1620,test
stratified,5,1641,test
stratified,5,1645,test
stratified,5,1661,test
stratified,5,1663,test
stratified,5,1688,test
stratified,5,1697,test
stratified,5,1700,test
stratified,5,1707,test
stratified,5,1757,test
stratified,5,1761,test
stratified,5,1771,test
stratified,5,1788,test
stratified,5,1797,test
stratified,5,1804,test
stratified,5,1812,test
stratified,5,1814,test
stratified,5,1835,test
stratified,5,1853,test
stratified,5,1867,test
stratified,5,1872,test
stratified,5,1876,test
stratified,5,1882,test
stratified,5,1888,test
stratified,5,1905,test
stratified,5,1907,test
scaffold,1,0,train
scaffold,1,15,train
scaffold,1,16,train
scaffold,1,17,train
scaffold,1,18,train
scaffold,1,19,train
scaffold,1,20,train
scaffold,1,21,train
scaffold,1,22,train
scaffold,1,23,train
scaffold,1,24,train
scaffold,1,25,train
scaffold,1,26,train
scaffold,1,28,train
scaffold,1,29,train
scaffold,1,30,train
scaffold,1,31,train
scaffold,1,32,train
scaffold,1,33,train
scaffold,1,34,train
scaffold,1,35,train
scaffold,1,36,train
scaffold,1,37,train
scaffold,1,38,train
scaffold,1,39,train
scaffold,1,40,train
scaffold,1,41,train
scaffold,1,43,train
scaffold,1,44,train
scaffold,1,50,train
scaffold,1,56,train
scaffold,1,57,train
scaffold,1,61,train
scaffold,1,62,train
scaffold,1,63,train
scaffold,1,64,train
scaffold,1,65,train
scaffold,1,66,train
scaffold,1,67,train
scaffold,1,68,train
scaffold,1,69,train
scaffold,1,70,train
scaffold,1,71,train
scaffold,1,72,train
scaffold,1,73,train
scaffold,1,76,train
scaffold,1,77,train
scaffold,1,78,train
scaffold,1,79,train
scaffold,1,90,train
scaffold,1,106,train
scaffold,1,107,train
scaffold,1,108,train
scaffold,1,109,train
scaffold,1,110,train
scaffold,1,111,train
scaffold,1,112,train
scaffold,1,113,train
scaffold,1,114,train
scaffold,1,115,train
scaffold,1,116,train
scaffold,1,117,train
scaffold,1,118,train
scaffold,1,119,train
scaffold,1,120,train
scaffold,1,121,train
scaffold,1,122,train
scaffold,1,123,train
scaffold,1,124,train
scaffold,1,126,train
scaffold,1,127,train
scaffold,1,128,train
scaffold,1,130,train
scaffold,1,131,train
scaffold,1,132,train
scaffold,1,133,train
scaffold,1,134,train
scaffold,1,135,train
scaffold,1,136,train
scaffold,1,137,train
scaffold,1,138,train
scaffold,1,139,train
scaffold,1,140,train
scaffold,1,141,train
scaffold,1,142,train
scaffold,1,143,train
scaffold,1,146,train
scaffold,1,147,train
scaffold,1,148,train
scaffold,1,149,train
scaffold,1,150,train
scaffold,1,151,train
scaffold,1,152,train
scaffold,1,153,train
scaffold,1,154,train
scaffold,1,155,train
scaffold,1,156,train
scaffold,1,157,train
scaffold,1,158,train
scaffold,1,159,train
scaffold,1,160,train
scaffold,1,161,train
scaffold,1,162,train
scaffold,1,163,train
scaffold,1,164,train
scaffold,1,165,train
scaffold,1,166,train
scaffold,1,167,train
scaffold,1,168,train
scaffold,1,169,train
scaffold,1,170,train
scaffold,1,171,train
scaffold,1,172,train
scaffold,1,173,train
scaffold,1,174,train
scaffold,1,175,train
scaffold,1,176,train
scaffold,1,177,train
scaffold,1,178,train
scaffold,1,179,train
scaffold,1,180,train
scaffold,1,181,train
scaffold,1,182,train
scaffold,1,183,train
scaffold,1,184,train
scaffold,1,185,train
scaffold,1,186,train
scaffold,1,187,train
scaffold,1,188,train
scaffold,1,189,train
scaffold,1,190,train
scaffold,1,191,train
scaffold,1,192,train
scaffold,1,193,train
scaffold,1,194,train
scaffold,1,195,train
scaffold,1,196,train
scaffold,1,197,train
scaffold,1,198,train
scaffold,1,199,train
scaffold,1,200,train
scaffold,1,201,train
scaffold,1,202,train
scaffold,1,203,train
scaffold,1,204,train
scaffold,1,205,train
scaffold,1,206,train
scaffold,1,207,train
scaffold,1,208,train
scaffold,1,209,train
scaffold,1,210,train
scaffold,1,211,train
scaffold,1,212,train
scaffold,1,213,train
scaffold,1,214,train
scaffold,1,215,train
scaffold,1,216,train
scaffold,1,217,train
scaffold,1,218,train
scaffold,1,219,train
scaffold,1,220,train
scaffold,1,221,train
scaffold,1,222,train
scaffold,1,223,train
scaffold,1,224,train
scaffold,1,225,train
scaffold,1,226,train
scaffold,1,227,train
scaffold,1,228,train
scaffold,1,229,train
scaffold,1,230,train
scaffold,1,231,train
scaffold,1,232,train
scaffold,1,233,train
scaffold,1,234,train
scaffold,1,235,train
scaffold,1,236,train
scaffold,1,237,train
scaffold,1,238,train
scaffold,1,239,train
scaffold,1,240,train
scaffold,1,241,train
scaffold,1,242,train
scaffold,1,243,train
scaffold,1,244,train
scaffold,1,245,train
scaffold,1,246,train
scaffold,1,247,train
scaffold,1,248,train
scaffold,1,249,train
scaffold,1,250,train
scaffold,1,251,train
scaffold,1,252,train
scaffold,1,253,train
scaffold,1,254,train
scaffold,1,255,train
scaffold,1,256,train
scaffold,1,257,train
scaffold,1,258,train
scaffold,1,259,train
scaffold,1,262,train
scaffold,1,263,train
scaffold,1,264,train
scaffold,1,266,train
scaffold,1,267,train
scaffold,1,268,train
scaffold,1,269,train
scaffold,1,270,train
scaffold,1,271,train
scaffold,1,272,train
scaffold,1,273,train
scaffold,1,274,train
scaffold,1,275,train
scaffold,1,276,train
scaffold,1,277,train
scaffold,1,278,train
scaffold,1,279,train
scaffold,1,280,train
scaffold,1,281,train
scaffold,1,282,train
scaffold,1,283,train
scaffold,1,284,train
scaffold,1,285,train
scaffold,1,286,train
scaffold,1,287,train
scaffold,1,288,train
scaffold,1,289,train
scaffold,1,290,train
scaffold,1,291,train
scaffold,1,292,train
scaffold,1,293,train
scaffold,1,294,train
scaffold,1,295,train
scaffold,1,296,train
scaffold,1,297,train
scaffold,1,298,train
scaffold,1,299,train
scaffold,1,300,train
scaffold,1,301,train
scaffold,1,302,train
scaffold,1,303,train
scaffold,1,304,train
scaffold,1,305,train
scaffold,1,306,train
scaffold,1,308,train
scaffold,1,309,train
scaffold,1,310,train
scaffold,1,311,train
scaffold,1,312,train
scaffold,1,313,train
scaffold,1,314,train
scaffold,1,315,train
scaffold,1,316,train
scaffold,1,317,train
scaffold,1,318,train
scaffold,1,319,train
scaffold,1,320,train
scaffold,1,321,train
scaffold,1,322,train
scaffold,1,323,train
scaffold,1,324,train
scaffold,1,325,train
scaffold,1,326,train
scaffold,1,327,train
scaffold,1,328,train
scaffold,1,329,train
scaffold,1,330,train
scaffold,1,331,train
scaffold,1,332,train
scaffold,1,333,train
scaffold,1,335,train
scaffold,1,336,train
scaffold,1,337,train
scaffold,1,344,train
scaffold,1,345,train
scaffold,1,346,train
scaffold,1,347,train
scaffold,1,348,train
scaffold,1,349,train
scaffold,1,350,train
scaffold,1,351,train
scaffold,1,352,train
scaffold,1,353,train
scaffold,1,354,train
scaffold,1,355,train
scaffold,1,356,train
scaffold,1,357,train
scaffold,1,358,train
scaffold,1,359,train
scaffold,1,360,train
scaffold,1,361,train
scaffold,1,362,train
scaffold,1,363,train
scaffold,1,364,train
scaffold,1,365,train
scaffold,1,366,train
scaffold,1,367,train
scaffold,1,368,train
scaffold,1,369,train
scaffold,1,370,train
scaffold,1,371,train
scaffold,1,372,train
scaffold,1,373,train
scaffold,1,374,train
scaffold,1,375,train
scaffold,1,376,train
scaffold,1,377,train
scaffold,1,378,train
scaffold,1,379,train
scaffold,1,380,train
scaffold,1,381,train
scaffold,1,382,train
scaffold,1,383,train
scaffold,1,384,train
scaffold,1,385,train
scaffold,1,386,train
scaffold,1,387,train
scaffold,1,388,train
scaffold,1,389,train
scaffold,1,390,train
scaffold,1,391,train
scaffold,1,392,train
scaffold,1,393,train
scaffold,1,394,train
scaffold,1,395,train
scaffold,1,396,train
scaffold,1,398,train
scaffold,1,399,train
scaffold,1,400,train
scaffold,1,401,train
scaffold,1,402,train
scaffold,1,403,train
scaffold,1,404,train
scaffold,1,405,train
scaffold,1,406,train
scaffold,1,407,train
scaffold,1,408,train
scaffold,1,409,train
scaffold,1,410,train
scaffold,1,411,train
scaffold,1,412,train
scaffold,1,413,train
scaffold,1,414,train
scaffold,1,415,train
scaffold,1,416,train
scaffold,1,417,train
scaffold,1,419,train
scaffold,1,420,train
scaffold,1,421,train
scaffold,1,422,train
scaffold,1,423,train
scaffold,1,424,train
scaffold,1,426,train
scaffold,1,427,train
scaffold,1,428,train
scaffold,1,429,train
scaffold,1,430,train
scaffold,1,431,train
scaffold,1,432,train
scaffold,1,433,train
scaffold,1,434,train
scaffold,1,435,train
scaffold,1,436,train
scaffold,1,437,train
scaffold,1,438,train
scaffold,1,439,train
scaffold,1,440,train
scaffold,1,441,train
scaffold,1,442,train
scaffold,1,443,train
scaffold,1,444,train
scaffold,1,445,train
scaffold,1,446,train
scaffold,1,447,train
scaffold,1,448,train
scaffold,1,449,train
scaffold,1,450,train
scaffold,1,451,train
scaffold,1,452,train
scaffold,1,453,train
scaffold,1,454,train
scaffold,1,455,train
scaffold,1,456,train
scaffold,1,457,train
scaffold,1,458,train
scaffold,1,459,train
scaffold,1,460,train
scaffold,1,461,train
scaffold,1,462,train
scaffold,1,463,train
scaffold,1,464,train
scaffold,1,465,train
scaffold,1,467,train
scaffold,1,468,train
scaffold,1,470,train
scaffold,1,471,train
scaffold,1,472,train
scaffold,1,473,train
scaffold,1,474,train
scaffold,1,475,train
scaffold,1,476,train
scaffold,1,477,train
scaffold,1,478,train
scaffold,1,479,train
scaffold,1,480,train
scaffold,1,481,train
scaffold,1,482,train
scaffold,1,483,train
scaffold,1,484,train
scaffold,1,485,train
scaffold,1,486,train
scaffold,1,487,train
scaffold,1,488,train
scaffold,1,489,train
scaffold,1,490,train
scaffold,1,491,train
scaffold,1,492,train
scaffold,1,493,train
scaffold,1,495,train
scaffold,1,496,train
scaffold,1,497,train
scaffold,1,498,train
scaffold,1,499,train
scaffold,1,500,train
scaffold,1,501,train
scaffold,1,502,train
scaffold,1,503,train
scaffold,1,504,train
scaffold,1,505,train
scaffold,1,506,train
scaffold,1,507,train
scaffold,1,508,train
scaffold,1,509,train
scaffold,1,510,train
scaffold,1,511,train
scaffold,1,512,train
scaffold,1,513,train
scaffold,1,514,train
scaffold,1,515,train
scaffold,1,516,train
scaffold,1,517,train
scaffold,1,518,train
scaffold,1,519,train
scaffold,1,520,train
scaffold,1,521,train
scaffold,1,522,train
scaffold,1,523,train
scaffold,1,524,train
scaffold,1,525,train
scaffold,1,526,train
scaffold,1,527,train
scaffold,1,528,train
scaffold,1,529,train
scaffold,1,530,train
scaffold,1,531,train
scaffold,1,532,train
scaffold,1,533,train
scaffold,1,534,train
scaffold,1,535,train
scaffold,1,536,train
scaffold,1,538,train
scaffold,1,539,train
scaffold,1,540,train
scaffold,1,541,train
scaffold,1,542,train
scaffold,1,543,train
scaffold,1,544,train
scaffold,1,545,train
scaffold,1,546,train
scaffold,1,547,train
scaffold,1,548,train
scaffold,1,549,train
scaffold,1,551,train
scaffold,1,552,train
scaffold,1,553,train
scaffold,1,554,train
scaffold,1,555,train
scaffold,1,556,train
scaffold,1,557,train
scaffold,1,558,train
scaffold,1,559,train
scaffold,1,560,train
scaffold,1,561,train
scaffold,1,562,train
scaffold,1,563,train
scaffold,1,565,train
scaffold,1,566,train
scaffold,1,567,train
scaffold,1,568,train
scaffold,1,569,train
scaffold,1,570,train
scaffold,1,571,train
scaffold,1,572,train
scaffold,1,573,train
scaffold,1,574,train
scaffold,1,575,train
scaffold,1,576,train
scaffold,1,577,train
scaffold,1,578,train
scaffold,1,579,train
scaffold,1,580,train
scaffold,1,581,train
scaffold,1,582,train
scaffold,1,583,train
scaffold,1,584,train
scaffold,1,585,train
scaffold,1,586,train
scaffold,1,587,train
scaffold,1,588,train
scaffold,1,589,train
scaffold,1,590,train
scaffold,1,591,train
scaffold,1,592,train
scaffold,1,593,train
scaffold,1,596,train
scaffold,1,597,train
scaffold,1,598,train
scaffold,1,599,train
scaffold,1,600,train
scaffold,1,601,train
scaffold,1,602,train
scaffold,1,603,train
scaffold,1,604,train
scaffold,1,605,train
scaffold,1,606,train
scaffold,1,607,train
scaffold,1,608,train
scaffold,1,609,train
scaffold,1,610,train
scaffold,1,611,train
scaffold,1,612,train
scaffold,1,613,train
scaffold,1,614,train
scaffold,1,615,train
scaffold,1,616,train
scaffold,1,617,train
scaffold,1,618,train
scaffold,1,619,train
scaffold,1,620,train
scaffold,1,621,train
scaffold,1,622,train
scaffold,1,623,train
scaffold,1,624,train
scaffold,1,625,train
scaffold,1,626,train
scaffold,1,627,train
scaffold,1,628,train
scaffold,1,629,train
scaffold,1,630,train
scaffold,1,631,train
scaffold,1,632,train
scaffold,1,633,train
scaffold,1,635,train
scaffold,1,639,train
scaffold,1,640,train
scaffold,1,644,train
scaffold,1,645,train
scaffold,1,646,train
scaffold,1,647,train
scaffold,1,648,train
scaffold,1,649,train
scaffold,1,650,train
scaffold,1,651,train
scaffold,1,652,train
scaffold,1,653,train
scaffold,1,654,train
scaffold,1,655,train
scaffold,1,656,train
scaffold,1,657,train
scaffold,1,658,train
scaffold,1,659,train
scaffold,1,660,train
scaffold,1,661,train
scaffold,1,662,train
scaffold,1,663,train
scaffold,1,664,train
scaffold,1,665,train
scaffold,1,666,train
scaffold,1,667,train
scaffold,1,668,train
scaffold,1,669,train
scaffold,1,670,train
scaffold,1,671,train
scaffold,1,672,train
scaffold,1,673,train
scaffold,1,674,train
scaffold,1,675,train
scaffold,1,676,train
scaffold,1,677,train
scaffold,1,678,train
scaffold,1,679,train
scaffold,1,680,train
scaffold,1,681,train
scaffold,1,682,train
scaffold,1,683,train
scaffold,1,684,train
scaffold,1,685,train
scaffold,1,686,train
scaffold,1,687,train
scaffold,1,688,train
scaffold,1,689,train
scaffold,1,691,train
scaffold,1,692,train
scaffold,1,693,train
scaffold,1,694,train
scaffold,1,695,train
scaffold,1,696,train
scaffold,1,697,train
scaffold,1,698,train
scaffold,1,699,train
scaffold,1,700,train
scaffold,1,701,train
scaffold,1,702,train
scaffold,1,703,train
scaffold,1,704,train
scaffold,1,705,train
scaffold,1,706,train
scaffold,1,707,train
scaffold,1,708,train
scaffold,1,709,train
scaffold,1,710,train
scaffold,1,711,train
scaffold,1,712,train
scaffold,1,713,train
scaffold,1,714,train
scaffold,1,716,train
scaffold,1,717,train
scaffold,1,718,train
scaffold,1,719,train
scaffold,1,720,train
scaffold,1,721,train
scaffold,1,722,train
scaffold,1,723,train
scaffold,1,724,train
scaffold,1,725,train
scaffold,1,726,train
scaffold,1,727,train
scaffold,1,728,train
scaffold,1,729,train
scaffold,1,730,train
scaffold,1,731,train
scaffold,1,732,train
scaffold,1,733,train
scaffold,1,734,train
scaffold,1,735,train
scaffold,1,736,train
scaffold,1,737,train
scaffold,1,738,train
scaffold,1,739,train
scaffold,1,740,train
scaffold,1,741,train
scaffold,1,742,train
scaffold,1,743,train
scaffold,1,744,train
scaffold,1,745,train
scaffold,1,746,train
scaffold,1,747,train
scaffold,1,748,train
scaffold,1,749,train
scaffold,1,750,train
scaffold,1,751,train
scaffold,1,752,train
scaffold,1,753,train
scaffold,1,754,train
scaffold,1,755,train
scaffold,1,756,train
scaffold,1,757,train
scaffold,1,758,train
scaffold,1,759,train
scaffold,1,760,train
scaffold,1,761,train
scaffold,1,762,train
scaffold,1,763,train
scaffold,1,764,train
scaffold,1,765,train
scaffold,1,766,train
scaffold,1,767,train
scaffold,1,768,train
scaffold,1,769,train
scaffold,1,770,train
scaffold,1,771,train
scaffold,1,772,train
scaffold,1,776,train
scaffold,1,782,train
scaffold,1,784,train
scaffold,1,785,train
scaffold,1,786,train
scaffold,1,787,train
scaffold,1,790,train
scaffold,1,791,train
scaffold,1,792,train
scaffold,1,793,train
scaffold,1,794,train
scaffold,1,795,train
scaffold,1,798,train
scaffold,1,799,train
scaffold,1,800,train
scaffold,1,801,train
scaffold,1,802,train
scaffold,1,803,train
scaffold,1,804,train
scaffold,1,805,train
scaffold,1,806,train
scaffold,1,807,train
scaffold,1,808,train
scaffold,1,809,train
scaffold,1,810,train
scaffold,1,811,train
scaffold,1,812,train
scaffold,1,813,train
scaffold,1,814,train
scaffold,1,815,train
scaffold,1,816,train
scaffold,1,817,train
scaffold,1,818,train
scaffold,1,819,train
scaffold,1,820,train
scaffold,1,821,train
scaffold,1,823,train
scaffold,1,824,train
scaffold,1,825,train
scaffold,1,826,train
scaffold,1,828,train
scaffold,1,829,train
scaffold,1,830,train
scaffold,1,831,train
scaffold,1,832,train
scaffold,1,833,train
scaffold,1,834,train
scaffold,1,835,train
scaffold,1,836,train
scaffold,1,837,train
scaffold,1,838,train
scaffold,1,839,train
scaffold,1,840,train
scaffold,1,841,train
scaffold,1,842,train
scaffold,1,843,train
scaffold,1,844,train
scaffold,1,845,train
scaffold,1,846,train
scaffold,1,847,train
scaffold,1,848,train
scaffold,1,849,train
scaffold,1,850,train
scaffold,1,851,train
scaffold,1,852,train
scaffold,1,853,train
scaffold,1,854,train
scaffold,1,855,train
scaffold,1,856,train
scaffold,1,857,train
scaffold,1,858,train
scaffold,1,859,train
scaffold,1,860,train
scaffold,1,861,train
scaffold,1,862,train
scaffold,1,863,train
scaffold,1,864,train
scaffold,1,865,train
scaffold,1,866,train
scaffold,1,867,train
scaffold,1,868,train
scaffold,1,869,train
scaffold,1,870,train
scaffold,1,871,train
scaffold,1,872,train
scaffold,1,873,train
scaffold,1,874,train
scaffold,1,875,train
scaffold,1,876,train
scaffold,1,877,train
scaffold,1,878,train
scaffold,1,879,train
scaffold,1,880,train
scaffold,1,881,train
scaffold,1,882,train
scaffold,1,883,train
scaffold,1,884,train
scaffold,1,885,train
scaffold,1,886,train
scaffold,1,887,train
scaffold,1,888,train
scaffold,1,889,train
scaffold,1,890,train
scaffold,1,891,train
scaffold,1,892,train
scaffold,1,893,train
scaffold,1,894,train
scaffold,1,895,train
scaffold,1,896,train
scaffold,1,898,train
scaffold,1,899,train
scaffold,1,900,train
scaffold,1,901,train
scaffold,1,902,train
scaffold,1,903,train
scaffold,1,904,train
scaffold,1,905,train
scaffold,1,906,train
scaffold,1,907,train
scaffold,1,908,train
scaffold,1,909,train
scaffold,1,910,train
scaffold,1,911,train
scaffold,1,912,train
scaffold,1,913,train
scaffold,1,914,train
scaffold,1,915,train
scaffold,1,916,train
scaffold,1,917,train
scaffold,1,918,train
scaffold,1,919,train
scaffold,1,920,train
scaffold,1,921,train
scaffold,1,922,train
scaffold,1,923,train
scaffold,1,924,train
scaffold,1,925,train
scaffold,1,926,train
scaffold,1,927,train
scaffold,1,928,train
scaffold,1,929,train
scaffold,1,930,train
scaffold,1,931,train
scaffold,1,932,train
scaffold,1,933,train
scaffold,1,934,train
scaffold,1,935,train
scaffold,1,936,train
scaffold,1,937,train
scaffold,1,938,train
scaffold,1,939,train
scaffold,1,940,train
scaffold,1,941,train
scaffold,1,942,train
scaffold,1,943,train
scaffold,1,944,train
scaffold,1,945,train
scaffold,1,946,train
scaffold,1,947,train
scaffold,1,948,train
scaffold,1,949,train
scaffold,1,951,train
scaffold,1,952,train
scaffold,1,953,train
scaffold,1,954,train
scaffold,1,955,train
scaffold,1,956,train
scaffold,1,957,train
scaffold,1,958,train
scaffold,1,959,train
scaffold,1,960,train
scaffold,1,961,train
scaffold,1,962,train
scaffold,1,963,train
scaffold,1,964,train
scaffold,1,965,train
scaffold,1,966,train
scaffold,1,968,train
scaffold,1,969,train
scaffold,1,970,train
scaffold,1,971,train
scaffold,1,972,train
scaffold,1,973,train
scaffold,1,974,train
scaffold,1,975,train
scaffold,1,976,train
scaffold,1,977,train
scaffold,1,978,train
scaffold,1,979,train
scaffold,1,980,train
scaffold,1,981,train
scaffold,1,982,train
scaffold,1,983,train
scaffold,1,984,train
scaffold,1,985,train
scaffold,1,986,train
scaffold,1,987,train
scaffold,1,988,train
scaffold,1,989,train
scaffold,1,990,train
scaffold,1,991,train
scaffold,1,992,train
scaffold,1,993,train
scaffold,1,994,train
scaffold,1,996,train
scaffold,1,997,train
scaffold,1,998,train
scaffold,1,999,train
scaffold,1,1000,train
scaffold,1,1001,train
scaffold,1,1002,train
scaffold,1,1003,train
scaffold,1,1004,train
scaffold,1,1005,train
scaffold,1,1006,train
scaffold,1,1007,train
scaffold,1,1008,train
scaffold,1,1009,train
scaffold,1,1010,train
scaffold,1,1015,train
scaffold,1,1020,train
scaffold,1,1025,train
scaffold,1,1026,train
scaffold,1,1027,train
scaffold,1,1028,train
scaffold,1,1029,train
scaffold,1,1030,train
scaffold,1,1031,train
scaffold,1,1032,train
scaffold,1,1033,train
scaffold,1,1034,train
scaffold,1,1035,train
scaffold,1,1036,train
scaffold,1,1037,train
scaffold,1,1038,train
scaffold,1,1039,train
scaffold,1,1040,train
scaffold,1,1041,train
scaffold,1,1042,train
scaffold,1,1043,train
scaffold,1,1044,train
scaffold,1,1045,train
scaffold,1,1046,train
scaffold,1,1047,train
scaffold,1,1048,train
scaffold,1,1049,train
scaffold,1,1050,train
scaffold,1,1051,train
scaffold,1,1052,train
scaffold,1,1053,train
scaffold,1,1055,train
scaffold,1,1056,train
scaffold,1,1057,train
scaffold,1,1058,train
scaffold,1,1059,train
scaffold,1,1061,train
scaffold,1,1062,train
scaffold,1,1063,train
scaffold,1,1064,train
scaffold,1,1065,train
scaffold,1,1066,train
scaffold,1,1067,train
scaffold,1,1068,train
scaffold,1,1069,train
scaffold,1,1070,train
scaffold,1,1071,train
scaffold,1,1072,train
scaffold,1,1073,train
scaffold,1,1074,train
scaffold,1,1075,train
scaffold,1,1076,train
scaffold,1,1077,train
scaffold,1,1078,train
scaffold,1,1079,train
scaffold,1,1081,train
scaffold,1,1083,train
scaffold,1,1084,train
scaffold,1,1085,train
scaffold,1,1086,train
scaffold,1,1088,train
scaffold,1,1089,train
scaffold,1,1090,train
scaffold,1,1091,train
scaffold,1,1092,train
scaffold,1,1093,train
scaffold,1,1094,train
scaffold,1,1095,train
scaffold,1,1096,train
scaffold,1,1097,train
scaffold,1,1098,train
scaffold,1,1099,train
scaffold,1,1100,train
scaffold,1,1101,train
scaffold,1,1102,train
scaffold,1,1103,train
scaffold,1,1104,train
scaffold,1,1105,train
scaffold,1,1106,train
scaffold,1,1107,train
scaffold,1,1108,train
scaffold,1,1109,train
scaffold,1,1110,train
scaffold,1,1111,train
scaffold,1,1112,train
scaffold,1,1113,train
scaffold,1,1114,train
scaffold,1,1115,train
scaffold,1,1116,train
scaffold,1,1117,train
scaffold,1,1118,train
scaffold,1,1119,train
scaffold,1,1120,train
scaffold,1,1121,train
scaffold,1,1122,train
scaffold,1,1123,train
scaffold,1,1124,train
scaffold,1,1125,train
scaffold,1,1126,train
scaffold,1,1127,train
scaffold,1,1128,train
scaffold,1,1129,train
scaffold,1,1130,train
scaffold,1,1131,train
scaffold,1,1132,train
scaffold,1,1133,train
scaffold,1,1134,train
scaffold,1,1135,train
scaffold,1,1136,train
scaffold,1,1137,train
scaffold,1,1138,train
scaffold,1,1139,train
scaffold,1,1140,train
scaffold,1,1141,train
scaffold,1,1142,train
scaffold,1,1143,train
scaffold,1,1144,train
scaffold,1,1145,train
scaffold,1,1146,train
scaffold,1,1147,train
scaffold,1,1148,train
scaffold,1,1149,train
scaffold,1,1150,train
scaffold,1,1151,train
scaffold,1,1152,train
scaffold,1,1153,train
scaffold,1,1154,train
scaffold,1,1155,train
scaffold,1,1156,train
scaffold,1,1157,train
scaffold,1,1158,train
scaffold,1,1165,train
scaffold,1,1166,train
scaffold,1,1167,train
scaffold,1,1168,train
scaffold,1,1169,train
scaffold,1,1170,train
scaffold,1,1171,train
scaffold,1,1172,train
scaffold,1,1173,train
scaffold,1,1174,train
scaffold,1,1175,train
scaffold,1,1176,train
scaffold,1,1177,train
scaffold,1,1178,train
scaffold,1,1179,train
scaffold,1,1180,train
scaffold,1,1181,train
scaffold,1,1182,train
scaffold,1,1183,train
scaffold,1,1184,train
scaffold,1,1185,train
scaffold,1,1186,train
scaffold,1,1187,train
scaffold,1,1188,train
scaffold,1,1189,train
scaffold,1,1190,train
scaffold,1,1191,train
scaffold,1,1192,train
scaffold,1,1193,train
scaffold,1,1194,train
scaffold,1,1195,train
scaffold,1,1196,train
scaffold,1,1197,train
scaffold,1,1198,train
scaffold,1,1199,train
scaffold,1,1200,train
scaffold,1,1201,train
scaffold,1,1202,train
scaffold,1,1203,train
scaffold,1,1204,train
scaffold,1,1205,train
scaffold,1,1206,train
scaffold,1,1207,train
scaffold,1,1208,train
scaffold,1,1209,train
scaffold,1,1210,train
scaffold,1,1211,train
scaffold,1,1212,train
scaffold,1,1213,train
scaffold,1,1214,train
scaffold,1,1215,train
scaffold,1,1216,train
scaffold,1,1217,train
scaffold,1,1218,train
scaffold,1,1219,train
scaffold,1,1220,train
scaffold,1,1221,train
scaffold,1,1222,train
scaffold,1,1223,train
scaffold,1,1224,train
scaffold,1,1225,train
scaffold,1,1226,train
scaffold,1,1227,train
scaffold,1,1228,train
scaffold,1,1229,train
scaffold,1,1231,train
scaffold,1,1232,train
scaffold,1,1233,train
scaffold,1,1234,train
scaffold,1,1235,train
scaffold,1,1236,train
scaffold,1,1237,train
scaffold,1,1238,train
scaffold,1,1239,train
scaffold,1,1240,train
scaffold,1,1241,train
scaffold,1,1242,train
scaffold,1,1243,train
scaffold,1,1244,train
scaffold,1,1245,train
scaffold,1,1246,train
scaffold,1,1247,train
scaffold,1,1248,train
scaffold,1,1249,train
scaffold,1,1250,train
scaffold,1,1251,train
scaffold,1,1252,train
scaffold,1,1253,train
scaffold,1,1254,train
scaffold,1,1255,train
scaffold,1,1256,train
scaffold,1,1257,train
scaffold,1,1258,train
scaffold,1,1259,train
scaffold,1,1260,train
scaffold,1,1261,train
scaffold,1,1262,train
scaffold,1,1263,train
scaffold,1,1264,train
scaffold,1,1265,train
scaffold,1,1266,train
scaffold,1,1267,train
scaffold,1,1268,train
scaffold,1,1269,train
scaffold,1,1270,train
scaffold,1,1271,train
scaffold,1,1272,train
scaffold,1,1273,train
scaffold,1,1274,train
scaffold,1,1275,train
scaffold,1,1276,train
scaffold,1,1277,train
scaffold,1,1278,train
scaffold,1,1279,train
scaffold,1,1280,train
scaffold,1,1281,train
scaffold,1,1282,train
scaffold,1,1283,train
scaffold,1,1284,train
scaffold,1,1285,train
scaffold,1,1286,train
scaffold,1,1287,train
scaffold,1,1288,train
scaffold,1,1289,train
scaffold,1,1290,train
scaffold,1,1291,train
scaffold,1,1292,train
scaffold,1,1293,train
scaffold,1,1294,train
scaffold,1,1295,train
scaffold,1,1296,train
scaffold,1,1297,train
scaffold,1,1298,train
scaffold,1,1299,train
scaffold,1,1300,train
scaffold,1,1301,train
scaffold,1,1302,train
scaffold,1,1303,train
scaffold,1,1305,train
scaffold,1,1306,train
scaffold,1,1307,train
scaffold,1,1308,train
scaffold,1,1309,train
scaffold,1,1312,train
scaffold,1,1313,train
scaffold,1,1314,train
scaffold,1,1317,train
scaffold,1,1318,train
scaffold,1,1319,train
scaffold,1,1320,train
scaffold,1,1321,train
scaffold,1,1322,train
scaffold,1,1323,train
scaffold,1,1324,train
scaffold,1,1325,train
scaffold,1,1326,train
scaffold,1,1327,train
scaffold,1,1328,train
scaffold,1,1329,train
scaffold,1,1331,train
scaffold,1,1332,train
scaffold,1,1333,train
scaffold,1,1334,train
scaffold,1,1335,train
scaffold,1,1336,train
scaffold,1,1337,train
scaffold,1,1338,train
scaffold,1,1339,train
scaffold,1,1340,train
scaffold,1,1341,train
scaffold,1,1342,train
scaffold,1,1343,train
scaffold,1,1344,train
scaffold,1,1345,train
scaffold,1,1346,train
scaffold,1,1347,train
scaffold,1,1348,train
scaffold,1,1349,train
scaffold,1,1350,train
scaffold,1,1352,train
scaffold,1,1353,train
scaffold,1,1354,train
scaffold,1,1355,train
scaffold,1,1356,train
scaffold,1,1357,train
scaffold,1,1358,train
scaffold,1,1359,train
scaffold,1,1360,train
scaffold,1,1361,train
scaffold,1,1362,train
scaffold,1,1363,train
scaffold,1,1364,train
scaffold,1,1365,train
scaffold,1,1366,train
scaffold,1,1367,train
scaffold,1,1368,train
scaffold,1,1371,train
scaffold,1,1372,train
scaffold,1,1373,train
scaffold,1,1374,train
scaffold,1,1375,train
scaffold,1,1376,train
scaffold,1,1379,train
scaffold,1,1380,train
scaffold,1,1381,train
scaffold,1,1382,train
scaffold,1,1383,train
scaffold,1,1384,train
scaffold,1,1385,train
scaffold,1,1388,train
scaffold,1,1389,train
scaffold,1,1391,train
scaffold,1,1392,train
scaffold,1,1393,train
scaffold,1,1394,train
scaffold,1,1395,train
scaffold,1,1396,train
scaffold,1,1397,train
scaffold,1,1398,train
scaffold,1,1399,train
scaffold,1,1400,train
scaffold,1,1401,train
scaffold,1,1402,train
scaffold,1,1403,train
scaffold,1,1404,train
scaffold,1,1405,train
scaffold,1,1406,train
scaffold,1,1407,train
scaffold,1,1408,train
scaffold,1,1409,train
scaffold,1,1410,train
scaffold,1,1411,train
scaffold,1,1412,train
scaffold,1,1413,train
scaffold,1,1414,train
scaffold,1,1415,train
scaffold,1,1416,train
scaffold,1,1417,train
scaffold,1,1418,train
scaffold,1,1419,train
scaffold,1,1420,train
scaffold,1,1421,train
scaffold,1,1422,train
scaffold,1,1423,train
scaffold,1,1424,train
scaffold,1,1425,train
scaffold,1,1426,train
scaffold,1,1427,train
scaffold,1,1428,train
scaffold,1,1429,train
scaffold,1,1430,train
scaffold,1,1431,train
scaffold,1,1432,train
scaffold,1,1433,train
scaffold,1,1434,train
scaffold,1,1435,train
scaffold,1,1436,train
scaffold,1,1437,train
scaffold,1,1438,train
scaffold,1,1439,train
scaffold,1,1440,train
scaffold,1,1441,train
scaffold,1,1442,train
scaffold,1,1443,train
scaffold,1,1444,train
scaffold,1,1445,train
scaffold,1,1446,train
scaffold,1,1447,train
scaffold,1,1448,train
scaffold,1,1449,train
scaffold,1,1450,train
scaffold,1,1451,train
scaffold,1,1452,train
scaffold,1,1453,train
scaffold,1,1454,train
scaffold,1,1455,train
scaffold,1,1456,train
scaffold,1,1457,train
scaffold,1,1458,train
scaffold,1,1459,train
scaffold,1,1460,train
scaffold,1,1461,train
scaffold,1,1463,train
scaffold,1,1464,train
scaffold,1,1465,train
scaffold,1,1466,train
scaffold,1,1467,train
scaffold,1,1468,train
scaffold,1,1469,train
scaffold,1,1470,train
scaffold,1,1471,train
scaffold,1,1472,train
scaffold,1,1473,train
scaffold,1,1474,train
scaffold,1,1475,train
scaffold,1,1476,train
scaffold,1,1477,train
scaffold,1,1478,train
scaffold,1,1479,train
scaffold,1,1480,train
scaffold,1,1481,train
scaffold,1,1482,train
scaffold,1,1483,train
scaffold,1,1484,train
scaffold,1,1485,train
scaffold,1,1486,train
scaffold,1,1487,train
scaffold,1,1488,train
scaffold,1,1489,train
scaffold,1,1490,train
scaffold,1,1492,train
scaffold,1,1493,train
scaffold,1,1494,train
scaffold,1,1495,train
scaffold,1,1496,train
scaffold,1,1497,train
scaffold,1,1498,train
scaffold,1,1499,train
scaffold,1,1500,train
scaffold,1,1501,train
scaffold,1,1502,train
scaffold,1,1503,train
scaffold,1,1504,train
scaffold,1,1505,train
scaffold,1,1506,train
scaffold,1,1507,train
scaffold,1,1508,train
scaffold,1,1509,train
scaffold,1,1510,train
scaffold,1,1511,train
scaffold,1,1512,train
scaffold,1,1513,train
scaffold,1,1514,train
scaffold,1,1515,train
scaffold,1,1516,train
scaffold,1,1518,train
scaffold,1,1520,train
scaffold,1,1521,train
scaffold,1,1522,train
scaffold,1,1523,train
scaffold,1,1524,train
scaffold,1,1526,train
scaffold,1,1527,train
scaffold,1,1528,train
scaffold,1,1529,train
scaffold,1,1530,train
scaffold,1,1531,train
scaffold,1,1532,train
scaffold,1,1533,train
scaffold,1,1534,train
scaffold,1,1535,train
scaffold,1,1536,train
scaffold,1,1537,train
scaffold,1,1538,train
scaffold,1,1539,train
scaffold,1,1540,train
scaffold,1,1541,train
scaffold,1,1542,train
scaffold,1,1543,train
scaffold,1,1544,train
scaffold,1,1545,train
scaffold,1,1546,train
scaffold,1,1547,train
scaffold,1,1548,train
scaffold,1,1549,train
scaffold,1,1550,train
scaffold,1,1551,train
scaffold,1,1552,train
scaffold,1,1553,train
scaffold,1,1554,train
scaffold,1,1556,train
scaffold,1,1557,train
scaffold,1,1558,train
scaffold,1,1559,train
scaffold,1,1560,train
scaffold,1,1561,train
scaffold,1,1562,train
scaffold,1,1563,train
scaffold,1,1564,train
scaffold,1,1565,train
scaffold,1,1566,train
scaffold,1,1567,train
scaffold,1,1568,train
scaffold,1,1569,train
scaffold,1,1570,train
scaffold,1,1571,train
scaffold,1,1572,train
scaffold,1,1573,train
scaffold,1,1574,train
scaffold,1,1577,train
scaffold,1,1578,train
scaffold,1,1579,train
scaffold,1,1580,train
scaffold,1,1581,train
scaffold,1,1582,train
scaffold,1,1584,train
scaffold,1,1585,train
scaffold,1,1586,train
scaffold,1,1587,train
scaffold,1,1588,train
scaffold,1,1589,train
scaffold,1,1590,train
scaffold,1,1591,train
scaffold,1,1592,train
scaffold,1,1593,train
scaffold,1,1594,train
scaffold,1,1595,train
scaffold,1,1596,train
scaffold,1,1597,train
scaffold,1,1598,train
scaffold,1,1599,train
scaffold,1,1600,train
scaffold,1,1601,train
scaffold,1,1602,train
scaffold,1,1603,train
scaffold,1,1604,train
scaffold,1,1605,train
scaffold,1,1608,train
scaffold,1,1609,train
scaffold,1,1610,train
scaffold,1,1611,train
scaffold,1,1612,train
scaffold,1,1613,train
scaffold,1,1614,train
scaffold,1,1615,train
scaffold,1,1616,train
scaffold,1,1617,train
scaffold,1,1618,train
scaffold,1,1619,train
scaffold,1,1620,train
scaffold,1,1621,train
scaffold,1,1622,train
scaffold,1,1623,train
scaffold,1,1624,train
scaffold,1,1625,train
scaffold,1,1626,train
scaffold,1,1627,train
scaffold,1,1628,train
scaffold,1,1630,train
scaffold,1,1631,train
scaffold,1,1632,train
scaffold,1,1633,train
scaffold,1,1634,train
scaffold,1,1635,train
scaffold,1,1636,train
scaffold,1,1638,train
scaffold,1,1640,train
scaffold,1,1641,train
scaffold,1,1642,train
scaffold,1,1644,train
scaffold,1,1645,train
scaffold,1,1646,train
scaffold,1,1647,train
scaffold,1,1648,train
scaffold,1,1649,train
scaffold,1,1650,train
scaffold,1,1651,train
scaffold,1,1652,train
scaffold,1,1653,train
scaffold,1,1654,train
scaffold,1,1655,train
scaffold,1,1656,train
scaffold,1,1657,train
scaffold,1,1658,train
scaffold,1,1659,train
scaffold,1,1660,train
scaffold,1,1661,train
scaffold,1,1662,train
scaffold,1,1663,train
scaffold,1,1664,train
scaffold,1,1665,train
scaffold,1,1666,train
scaffold,1,1667,train
scaffold,1,1668,train
scaffold,1,1669,train
scaffold,1,1670,train
scaffold,1,1671,train
scaffold,1,1672,train
scaffold,1,1673,train
scaffold,1,1674,train
scaffold,1,1675,train
scaffold,1,1676,train
scaffold,1,1677,train
scaffold,1,1678,train
scaffold,1,1690,train
scaffold,1,1691,train
scaffold,1,1692,train
scaffold,1,1693,train
scaffold,1,1695,train
scaffold,1,1696,train
scaffold,1,1697,train
scaffold,1,1698,train
scaffold,1,1699,train
scaffold,1,1700,train
scaffold,1,1701,train
scaffold,1,1702,train
scaffold,1,1703,train
scaffold,1,1706,train
scaffold,1,1707,train
scaffold,1,1708,train
scaffold,1,1709,train
scaffold,1,1710,train
scaffold,1,1711,train
scaffold,1,1712,train
scaffold,1,1713,train
scaffold,1,1714,train
scaffold,1,1715,train
scaffold,1,1716,train
scaffold,1,1717,train
scaffold,1,1718,train
scaffold,1,1719,train
scaffold,1,1720,train
scaffold,1,1721,train
scaffold,1,1722,train
scaffold,1,1723,train
scaffold,1,1724,train
scaffold,1,1725,train
scaffold,1,1726,train
scaffold,1,1727,train
scaffold,1,1728,train
scaffold,1,1729,train
scaffold,1,1730,train
scaffold,1,1731,train
scaffold,1,1732,train
scaffold,1,1733,train
scaffold,1,1734,train
scaffold,1,1735,train
scaffold,1,1736,train
scaffold,1,1737,train
scaffold,1,1738,train
scaffold,1,1739,train
scaffold,1,1740,train
scaffold,1,1741,train
scaffold,1,1742,train
scaffold,1,1743,train
scaffold,1,1744,train
scaffold,1,1745,train
scaffold,1,1746,train
scaffold,1,1747,train
scaffold,1,1748,train
scaffold,1,1749,train
scaffold,1,1750,train
scaffold,1,1751,train
scaffold,1,1752,train
scaffold,1,1753,train
scaffold,1,1754,train
scaffold,1,1755,train
scaffold,1,1756,train
scaffold,1,1757,train
scaffold,1,1758,train
scaffold,1,1759,train
scaffold,1,1760,train
scaffold,1,1761,train
scaffold,1,1762,train
scaffold,1,1763,train
scaffold,1,1764,train
scaffold,1,1766,train
scaffold,1,1767,train
scaffold,1,1768,train
scaffold,1,1769,train
scaffold,1,1770,train
scaffold,1,1771,train
scaffold,1,1772,train
scaffold,1,1773,train
scaffold,1,1774,train
scaffold,1,1775,train
scaffold,1,1776,train
scaffold,1,1777,train
scaffold,1,1778,train
scaffold,1,1782,train
scaffold,1,1783,train
scaffold,1,1788,train
scaffold,1,1789,train
scaffold,1,1790,train
scaffold,1,1791,train
scaffold,1,1792,train
scaffold,1,1793,train
scaffold,1,1796,train
scaffold,1,1797,train
scaffold,1,1798,train
scaffold,1,1799,train
scaffold,1,1800,train
scaffold,1,1801,train
scaffold,1,1802,train
scaffold,1,1803,train
scaffold,1,1804,train
scaffold,1,1805,train
scaffold,1,1806,train
scaffold,1,1807,train
scaffold,1,1808,train
scaffold,1,1809,train
scaffold,1,1810,train
scaffold,1,1811,train
scaffold,1,1812,train
scaffold,1,1813,train
scaffold,1,1814,train
scaffold,1,1815,train
scaffold,1,1816,train
scaffold,1,1817,train
scaffold,1,1818,train
scaffold,1,1819,train
scaffold,1,1820,train
scaffold,1,1821,train
scaffold,1,1822,train
scaffold,1,1823,train
scaffold,1,1824,train
scaffold,1,1825,train
scaffold,1,1826,train
scaffold,1,1827,train
scaffold,1,1828,train
scaffold,1,1829,train
scaffold,1,1830,train
scaffold,1,1831,train
scaffold,1,1832,train
scaffold,1,1833,train
scaffold,1,1834,train
scaffold,1,1835,train
scaffold,1,1836,train
scaffold,1,1837,train
scaffold,1,1838,train
scaffold,1,1839,train
scaffold,1,1840,train
scaffold,1,1841,train
scaffold,1,1842,train
scaffold,1,1843,train
scaffold,1,1844,train
scaffold,1,1845,train
scaffold,1,1846,train
scaffold,1,1847,train
scaffold,1,1848,train
scaffold,1,1849,train
scaffold,1,1850,train
scaffold,1,1851,train
scaffold,1,1852,train
scaffold,1,1853,train
scaffold,1,1854,train
scaffold,1,1855,train
scaffold,1,1856,train
scaffold,1,1857,train
scaffold,1,1858,train
scaffold,1,1859,train
scaffold,1,1860,train
scaffold,1,1861,train
scaffold,1,1862,train
scaffold,1,1863,train
scaffold,1,1864,train
scaffold,1,1865,train
scaffold,1,1866,train
scaffold,1,1867,train
scaffold,1,1868,train
scaffold,1,1869,train
scaffold,1,1870,train
scaffold,1,1871,train
scaffold,1,1872,train
scaffold,1,1873,train
scaffold,1,1874,train
scaffold,1,1875,train
scaffold,1,1876,train
scaffold,1,1877,train
scaffold,1,1878,train
scaffold,1,1879,train
scaffold,1,1880,train
scaffold,1,1881,train
scaffold,1,1882,train
scaffold,1,1883,train
scaffold,1,1884,train
scaffold,1,1885,train
scaffold,1,1886,train
scaffold,1,1888,train
scaffold,1,1889,train
scaffold,1,1890,train
scaffold,1,1891,train
scaffold,1,1892,train
scaffold,1,1893,train
scaffold,1,1894,train
scaffold,1,1895,train
scaffold,1,1896,train
scaffold,1,1899,train
scaffold,1,1900,train
scaffold,1,1901,train
scaffold,1,1902,train
scaffold,1,1903,train
scaffold,1,1904,train
scaffold,1,1905,train
scaffold,1,1906,train
scaffold,1,1908,train
scaffold,1,1909,train
scaffold,1,1910,train
scaffold,1,1,test
scaffold,1,2,test
scaffold,1,3,test
scaffold,1,4,test
scaffold,1,5,test
scaffold,1,6,test
scaffold,1,7,test
scaffold,1,8,test
scaffold,1,9,test
scaffold,1,10,test
scaffold,1,11,test
scaffold,1,12,test
scaffold,1,13,test
scaffold,1,14,test
scaffold,1,27,test
scaffold,1,42,test
scaffold,1,45,test
scaffold,1,46,test
scaffold,1,47,test
scaffold,1,48,test
scaffold,1,49,test
scaffold,1,51,test
scaffold,1,52,test
scaffold,1,53,test
scaffold,1,54,test
scaffold,1,55,test
scaffold,1,58,test
scaffold,1,59,test
scaffold,1,60,test
scaffold,1,74,test
scaffold,1,75,test
scaffold,1,80,test
scaffold,1,81,test
scaffold,1,82,test
scaffold,1,83,test
scaffold,1,84,test
scaffold,1,85,test
scaffold,1,86,test
scaffold,1,87,test
scaffold,1,88,test
scaffold,1,89,test
scaffold,1,91,test
scaffold,1,92,test
scaffold,1,93,test
scaffold,1,94,test
scaffold,1,95,test
scaffold,1,96,test
scaffold,1,97,test
scaffold,1,98,test
scaffold,1,99,test
scaffold,1,100,test
scaffold,1,101,test
scaffold,1,102,test
scaffold,1,103,test
scaffold,1,104,test
scaffold,1,105,test
scaffold,1,125,test
scaffold,1,129,test
scaffold,1,144,test
scaffold,1,145,test
scaffold,1,260,test
scaffold,1,261,test
scaffold,1,265,test
scaffold,1,307,test
scaffold,1,334,test
scaffold,1,338,test
scaffold,1,339,test
scaffold,1,340,test
scaffold,1,341,test
scaffold,1,342,test
scaffold,1,343,test
scaffold,1,397,test
scaffold,1,418,test
scaffold,1,425,test
scaffold,1,466,test
scaffold,1,469,test
scaffold,1,494,test
scaffold,1,537,test
scaffold,1,550,test
scaffold,1,564,test
scaffold,1,594,test
scaffold,1,595,test
scaffold,1,634,test
scaffold,1,636,test
scaffold,1,637,test
scaffold,1,638,test
scaffold,1,641,test
scaffold,1,642,test
scaffold,1,643,test
scaffold,1,690,test
scaffold,1,715,test
scaffold,1,773,test
scaffold,1,774,test
scaffold,1,775,test
scaffold,1,777,test
scaffold,1,778,test
scaffold,1,779,test
scaffold,1,780,test
scaffold,1,781,test
scaffold,1,783,test
scaffold,1,788,test
scaffold,1,789,test
scaffold,1,796,test
scaffold,1,797,test
scaffold,1,822,test
scaffold,1,827,test
scaffold,1,897,test
scaffold,1,950,test
scaffold,1,967,test
scaffold,1,995,test
scaffold,1,1011,test
scaffold,1,1012,test
scaffold,1,1013,test
scaffold,1,1014,test
scaffold,1,1016,test
scaffold,1,1017,test
scaffold,1,1018,test
scaffold,1,1019,test
scaffold,1,1021,test
scaffold,1,1022,test
scaffold,1,1023,test
scaffold,1,1024,test
scaffold,1,1054,test
scaffold,1,1060,test
scaffold,1,1080,test
scaffold,1,1082,test
scaffold,1,1087,test
scaffold,1,1159,test
scaffold,1,1160,test
scaffold,1,1161,test
scaffold,1,1162,test
scaffold,1,1163,test
scaffold,1,1164,test
scaffold,1,1230,test
scaffold,1,1304,test
scaffold,1,1310,test
scaffold,1,1311,test
scaffold,1,1315,test
scaffold,1,1316,test
scaffold,1,1330,test
scaffold,1,1351,test
scaffold,1,1369,test
scaffold,1,1370,test
scaffold,1,1377,test
scaffold,1,1378,test
scaffold,1,1386,test
scaffold,1,1387,test
scaffold,1,1390,test
scaffold,1,1462,test
scaffold,1,1491,test
scaffold,1,1517,test
scaffold,1,1519,test
scaffold,1,1525,test
scaffold,1,1555,test
scaffold,1,1575,test
scaffold,1,1576,test
scaffold,1,1583,test
scaffold,1,1606,test
scaffold,1,1607,test
scaffold,1,1629,test
scaffold,1,1637,test
scaffold,1,1639,test
scaffold,1,1643,test
scaffold,1,1679,test
scaffold,1,1680,test
scaffold,1,1681,test
scaffold,1,1682,test
scaffold,1,1683,test
scaffold,1,1684,test
scaffold,1,1685,test
scaffold,1,1686,test
scaffold,1,1687,test
scaffold,1,1688,test
scaffold,1,1689,test
scaffold,1,1694,test
scaffold,1,1704,test
scaffold,1,1705,test
scaffold,1,1765,test
scaffold,1,1779,test
scaffold,1,1780,test
scaffold,1,1781,test
scaffold,1,1784,test
scaffold,1,1785,test
scaffold,1,1786,test
scaffold,1,1787,test
scaffold,1,1794,test
scaffold,1,1795,test
scaffold,1,1887,test
scaffold,1,1897,test
scaffold,1,1898,test
scaffold,1,1907,test
scaffold,2,0,train
scaffold,2,1,train
scaffold,2,2,train
scaffold,2,3,train
scaffold,2,4,train
scaffold,2,5,train
scaffold,2,6,train
scaffold,2,7,train
scaffold,2,8,train
scaffold,2,9,train
scaffold,2,10,train
scaffold,2,11,train
scaffold,2,12,train
scaffold,2,13,train
scaffold,2,14,train
scaffold,2,16,train
scaffold,2,17,train
scaffold,2,18,train
scaffold,2,19,train
scaffold,2,20,train
scaffold,2,21,train
scaffold,2,22,train
scaffold,2,23,train
scaffold,2,24,train
scaffold,2,25,train
scaffold,2,26,train
scaffold,2,27,train
scaffold,2,28,train
scaffold,2,29,train
scaffold,2,31,train
scaffold,2,33,train
scaffold,2,34,train
scaffold,2,35,train
scaffold,2,36,train
scaffold,2,37,train
scaffold,2,38,train
scaffold,2,39,train
scaffold,2,40,train
scaffold,2,41,train
scaffold,2,42,train
scaffold,2,43,train
scaffold,2,44,train
scaffold,2,45,train
scaffold,2,46,train
scaffold,2,47,train
scaffold,2,48,train
scaffold,2,49,train
scaffold,2,50,train
scaffold,2,51,train
scaffold,2,52,train
scaffold,2,53,train
scaffold,2,54,train
scaffold,2,55,train
scaffold,2,56,train
scaffold,2,57,train
scaffold,2,58,train
scaffold,2,59,train
scaffold,2,60,train
scaffold,2,61,train
scaffold,2,62,train
scaffold,2,63,train
scaffold,2,64,train
scaffold,2,65,train
scaffold,2,66,train
scaffold,2,67,train
scaffold,2,68,train
scaffold,2,69,train
scaffold,2,70,train
scaffold,2,71,train
scaffold,2,72,train
scaffold,2,73,train
scaffold,2,74,train
scaffold,2,75,train
scaffold,2,76,train
scaffold,2,77,train
scaffold,2,79,train
scaffold,2,80,train
scaffold,2,81,train
scaffold,2,82,train
scaffold,2,83,train
scaffold,2,84,train
scaffold,2,85,train
scaffold,2,86,train
scaffold,2,87,train
scaffold,2,88,train
scaffold,2,89,train
scaffold,2,91,train
scaffold,2,92,train
scaffold,2,93,train
scaffold,2,94,train
scaffold,2,95,train
scaffold,2,96,train
scaffold,2,97,train
scaffold,2,98,train
scaffold,2,99,train
scaffold,2,100,train
scaffold,2,101,train
scaffold,2,102,train
scaffold,2,103,train
scaffold,2,104,train
scaffold,2,105,train
scaffold,2,106,train
scaffold,2,107,train
scaffold,2,108,train
scaffold,2,109,train
scaffold,2,110,train
scaffold,2,113,train
scaffold,2,114,train
scaffold,2,115,train
scaffold,2,116,train
scaffold,2,117,train
scaffold,2,118,train
scaffold,2,119,train
scaffold,2,120,train
scaffold,2,121,train
scaffold,2,122,train
scaffold,2,123,train
scaffold,2,124,train
scaffold,2,125,train
scaffold,2,126,train
scaffold,2,127,train
scaffold,2,128,train
scaffold,2,129,train
scaffold,2,130,train
scaffold,2,131,train
scaffold,2,132,train
scaffold,2,133,train
scaffold,2,134,train
scaffold,2,135,train
scaffold,2,136,train
scaffold,2,137,train
scaffold,2,138,train
scaffold,2,139,train
scaffold,2,140,train
scaffold,2,141,train
scaffold,2,142,train
scaffold,2,143,train
scaffold,2,144,train
scaffold,2,145,train
scaffold,2,146,train
scaffold,2,147,train
scaffold,2,148,train
scaffold,2,149,train
scaffold,2,150,train
scaffold,2,151,train
scaffold,2,152,train
scaffold,2,153,train
scaffold,2,154,train
scaffold,2,155,train
scaffold,2,156,train
scaffold,2,157,train
scaffold,2,158,train
scaffold,2,159,train
scaffold,2,160,train
scaffold,2,161,train
scaffold,2,162,train
scaffold,2,164,train
scaffold,2,168,train
scaffold,2,169,train
scaffold,2,170,train
scaffold,2,171,train
scaffold,2,172,train
scaffold,2,173,train
scaffold,2,174,train
scaffold,2,175,train
scaffold,2,176,train
scaffold,2,177,train
scaffold,2,178,train
scaffold,2,179,train
scaffold,2,180,train
scaffold,2,181,train
scaffold,2,182,train
scaffold,2,183,train
scaffold,2,184,train
scaffold,2,185,train
scaffold,2,186,train
scaffold,2,187,train
scaffold,2,188,train
scaffold,2,189,train
scaffold,2,190,train
scaffold,2,191,train
scaffold,2,192,train
scaffold,2,193,train
scaffold,2,194,train
scaffold,2,195,train
scaffold,2,196,train
scaffold,2,197,train
scaffold,2,198,train
scaffold,2,199,train
scaffold,2,201,train
scaffold,2,203,train
scaffold,2,204,train
scaffold,2,206,train
scaffold,2,207,train
scaffold,2,208,train
scaffold,2,209,train
scaffold,2,210,train
scaffold,2,211,train
scaffold,2,212,train
scaffold,2,213,train
scaffold,2,214,train
scaffold,2,215,train
scaffold,2,217,train
scaffold,2,218,train
scaffold,2,219,train
scaffold,2,220,train
scaffold,2,221,train
scaffold,2,222,train
scaffold,2,223,train
scaffold,2,224,train
scaffold,2,225,train
scaffold,2,226,train
scaffold,2,227,train
scaffold,2,228,train
scaffold,2,229,train
scaffold,2,230,train
scaffold,2,231,train
scaffold,2,232,train
scaffold,2,233,train
scaffold,2,234,train
scaffold,2,235,train
scaffold,2,236,train
scaffold,2,237,train
scaffold,2,238,train
scaffold,2,239,train
scaffold,2,240,train
scaffold,2,241,train
scaffold,2,242,train
scaffold,2,243,train
scaffold,2,244,train
scaffold,2,245,train
scaffold,2,247,train
scaffold,2,248,train
scaffold,2,249,train
scaffold,2,250,train
scaffold,2,251,train
scaffold,2,252,train
scaffold,2,254,train
scaffold,2,256,train
scaffold,2,257,train
scaffold,2,259,train
scaffold,2,260,train
scaffold,2,261,train
scaffold,2,262,train
scaffold,2,263,train
scaffold,2,264,train
scaffold,2,265,train
scaffold,2,266,train
scaffold,2,267,train
scaffold,2,268,train
scaffold,2,269,train
scaffold,2,270,train
scaffold,2,271,train
scaffold,2,273,train
scaffold,2,274,train
scaffold,2,275,train
scaffold,2,276,train
scaffold,2,277,train
scaffold,2,278,train
scaffold,2,279,train
scaffold,2,280,train
scaffold,2,281,train
scaffold,2,282,train
scaffold,2,283,train
scaffold,2,286,train
scaffold,2,287,train
scaffold,2,288,train
scaffold,2,289,train
scaffold,2,290,train
scaffold,2,291,train
scaffold,2,292,train
scaffold,2,293,train
scaffold,2,294,train
scaffold,2,295,train
scaffold,2,296,train
scaffold,2,298,train
scaffold,2,299,train
scaffold,2,300,train
scaffold,2,301,train
scaffold,2,302,train
scaffold,2,303,train
scaffold,2,304,train
scaffold,2,305,train
scaffold,2,306,train
scaffold,2,307,train
scaffold,2,308,train
scaffold,2,309,train
scaffold,2,310,train
scaffold,2,311,train
scaffold,2,312,train
scaffold,2,313,train
scaffold,2,314,train
scaffold,2,315,train
scaffold,2,316,train
scaffold,2,317,train
scaffold,2,318,train
scaffold,2,319,train
scaffold,2,320,train
scaffold,2,321,train
scaffold,2,322,train
scaffold,2,323,train
scaffold,2,324,train
scaffold,2,325,train
scaffold,2,326,train
scaffold,2,327,train
scaffold,2,328,train
scaffold,2,329,train
scaffold,2,330,train
scaffold,2,331,train
scaffold,2,332,train
scaffold,2,333,train
scaffold,2,334,train
scaffold,2,335,train
scaffold,2,336,train
scaffold,2,337,train
scaffold,2,338,train
scaffold,2,339,train
scaffold,2,340,train
scaffold,2,341,train
scaffold,2,342,train
scaffold,2,343,train
scaffold,2,344,train
scaffold,2,345,train
scaffold,2,346,train
scaffold,2,347,train
scaffold,2,348,train
scaffold,2,349,train
scaffold,2,350,train
scaffold,2,351,train
scaffold,2,354,train
scaffold,2,355,train
scaffold,2,356,train
scaffold,2,357,train
scaffold,2,358,train
scaffold,2,359,train
scaffold,2,360,train
scaffold,2,361,train
scaffold,2,362,train
scaffold,2,363,train
scaffold,2,364,train
scaffold,2,365,train
scaffold,2,366,train
scaffold,2,367,train
scaffold,2,368,train
scaffold,2,369,train
scaffold,2,370,train
scaffold,2,371,train
scaffold,2,372,train
scaffold,2,373,train
scaffold,2,374,train
scaffold,2,375,train
scaffold,2,376,train
scaffold,2,377,train
scaffold,2,378,train
scaffold,2,379,train
scaffold,2,380,train
scaffold,2,381,train
scaffold,2,382,train
scaffold,2,383,train
scaffold,2,384,train
scaffold,2,385,train
scaffold,2,386,train
scaffold,2,387,train
scaffold,2,388,train
scaffold,2,389,train
scaffold,2,390,train
scaffold,2,391,train
scaffold,2,392,train
scaffold,2,393,train
scaffold,2,394,train
scaffold,2,395,train
scaffold,2,396,train
scaffold,2,397,train
scaffold,2,398,train
scaffold,2,399,train
scaffold,2,400,train
scaffold,2,401,train
scaffold,2,402,train
scaffold,2,403,train
scaffold,2,404,train
scaffold,2,405,train
scaffold,2,406,train
scaffold,2,407,train
scaffold,2,408,train
scaffold,2,409,train
scaffold,2,410,train
scaffold,2,413,train
scaffold,2,414,train
scaffold,2,415,train
scaffold,2,416,train
scaffold,2,417,train
scaffold,2,418,train
scaffold,2,419,train
scaffold,2,420,train
scaffold,2,421,train
scaffold,2,422,train
scaffold,2,423,train
scaffold,2,424,train
scaffold,2,425,train
scaffold,2,426,train
scaffold,2,427,train
scaffold,2,428,train
scaffold,2,429,train
scaffold,2,430,train
scaffold,2,431,train
scaffold,2,432,train
scaffold,2,433,train
scaffold,2,434,train
scaffold,2,435,train
scaffold,2,436,train
scaffold,2,437,train
scaffold,2,438,train
scaffold,2,439,train
scaffold,2,440,train
scaffold,2,441,train
scaffold,2,442,train
scaffold,2,443,train
scaffold,2,444,train
scaffold,2,445,train
scaffold,2,446,train
scaffold,2,447,train
scaffold,2,448,train
scaffold,2,449,train
scaffold,2,452,train
scaffold,2,453,train
scaffold,2,454,train
scaffold,2,459,train
scaffold,2,461,train
scaffold,2,462,train
scaffold,2,464,train
scaffold,2,465,train
scaffold,2,466,train
scaffold,2,467,train
scaffold,2,468,train
scaffold,2,469,train
scaffold,2,470,train
scaffold,2,471,train
scaffold,2,472,train
scaffold,2,473,train
scaffold,2,474,train
scaffold,2,475,train
scaffold,2,476,train
scaffold,2,477,train
scaffold,2,478,train
scaffold,2,479,train
scaffold,2,480,train
scaffold,2,481,train
scaffold,2,482,train
scaffold,2,483,train
scaffold,2,484,train
scaffold,2,485,train
scaffold,2,486,train
scaffold,2,487,train
scaffold,2,488,train
scaffold,2,489,train
scaffold,2,491,train
scaffold,2,492,train
scaffold,2,493,train
scaffold,2,494,train
scaffold,2,496,train
scaffold,2,497,train
scaffold,2,498,train
scaffold,2,499,train
scaffold,2,500,train
scaffold,2,501,train
scaffold,2,502,train
scaffold,2,503,train
scaffold,2,504,train
scaffold,2,505,train
scaffold,2,506,train
scaffold,2,507,train
scaffold,2,508,train
scaffold,2,509,train
scaffold,2,510,train
scaffold,2,511,train
scaffold,2,512,train
scaffold,2,513,train
scaffold,2,514,train
scaffold,2,515,train
scaffold,2,516,train
scaffold,2,517,train
scaffold,2,518,train
scaffold,2,519,train
scaffold,2,520,train
scaffold,2,521,train
scaffold,2,522,train
scaffold,2,523,train
scaffold,2,524,train
scaffold,2,525,train
scaffold,2,526,train
scaffold,2,527,train
scaffold,2,528,train
scaffold,2,529,train
scaffold,2,530,train
scaffold,2,531,train
scaffold,2,532,train
scaffold,2,533,train
scaffold,2,534,train
scaffold,2,535,train
scaffold,2,537,train
scaffold,2,538,train
scaffold,2,550,train
scaffold,2,551,train
scaffold,2,552,train
scaffold,2,564,train
scaffold,2,565,train
scaffold,2,566,train
scaffold,2,577,train
scaffold,2,579,train
scaffold,2,580,train
scaffold,2,581,train
scaffold,2,582,train
scaffold,2,583,train
scaffold,2,584,train
scaffold,2,585,train
scaffold,2,586,train
scaffold,2,587,train
scaffold,2,588,train
scaffold,2,589,train
scaffold,2,590,train
scaffold,2,591,train
scaffold,2,592,train
scaffold,2,593,train
scaffold,2,594,train
scaffold,2,595,train
scaffold,2,597,train
scaffold,2,598,train
scaffold,2,599,train
scaffold,2,600,train
scaffold,2,601,train
scaffold,2,602,train
scaffold,2,603,train
scaffold,2,604,train
scaffold,2,605,train
scaffold,2,606,train
scaffold,2,607,train
scaffold,2,608,train
scaffold,2,609,train
scaffold,2,610,train
scaffold,2,611,train
scaffold,2,612,train
scaffold,2,613,train
scaffold,2,614,train
scaffold,2,615,train
scaffold,2,616,train
scaffold,2,617,train
scaffold,2,618,train
scaffold,2,619,train
scaffold,2,620,train
scaffold,2,621,train
scaffold,2,622,train
scaffold,2,623,train
scaffold,2,624,train
scaffold,2,625,train
scaffold,2,626,train
scaffold,2,628,train
scaffold,2,629,train
scaffold,2,630,train
scaffold,2,631,train
scaffold,2,632,train
scaffold,2,634,train
scaffold,2,635,train
scaffold,2,636,train
scaffold,2,637,train
scaffold,2,638,train
scaffold,2,639,train
scaffold,2,640,train
scaffold,2,641,train
scaffold,2,642,train
scaffold,2,643,train
scaffold,2,644,train
scaffold,2,645,train
scaffold,2,646,train
scaffold,2,647,train
scaffold,2,648,train
scaffold,2,649,train
scaffold,2,650,train
scaffold,2,651,train
scaffold,2,652,train
scaffold,2,653,train
scaffold,2,654,train
scaffold,2,655,train
scaffold,2,656,train
scaffold,2,657,train
scaffold,2,658,train
scaffold,2,659,train
scaffold,2,660,train
scaffold,2,661,train
scaffold,2,662,train
scaffold,2,663,train
scaffold,2,664,train
scaffold,2,665,train
scaffold,2,666,train
scaffold,2,667,train
scaffold,2,668,train
scaffold,2,669,train
scaffold,2,670,train
scaffold,2,671,train
scaffold,2,672,train
scaffold,2,673,train
scaffold,2,674,train
scaffold,2,675,train
scaffold,2,676,train
scaffold,2,677,train
scaffold,2,678,train
scaffold,2,679,train
scaffold,2,680,train
scaffold,2,681,train
scaffold,2,682,train
scaffold,2,683,train
scaffold,2,684,train
scaffold,2,685,train
scaffold,2,686,train
scaffold,2,687,train
scaffold,2,688,train
scaffold,2,689,train
scaffold,2,690,train
scaffold,2,691,train
scaffold,2,692,train
scaffold,2,693,train
scaffold,2,694,train
scaffold,2,695,train
scaffold,2,696,train
scaffold,2,697,train
scaffold,2,698,train
scaffold,2,699,train
scaffold,2,700,train
scaffold,2,701,train
scaffold,2,702,train
scaffold,2,703,train
scaffold,2,704,train
scaffold,2,705,train
scaffold,2,706,train
scaffold,2,707,train
scaffold,2,708,train
scaffold,2,709,train
scaffold,2,710,train
scaffold,2,711,train
scaffold,2,712,train
scaffold,2,713,train
scaffold,2,714,train
scaffold,2,715,train
scaffold,2,716,train
scaffold,2,717,train
scaffold,2,718,train
scaffold,2,719,train
scaffold,2,720,train
scaffold,2,721,train
scaffold,2,722,train
scaffold,2,723,train
scaffold,2,724,train
scaffold,2,725,train
scaffold,2,726,train
scaffold,2,727,train
scaffold,2,728,train
scaffold,2,729,train
scaffold,2,730,train
scaffold,2,731,train
scaffold,2,732,train
scaffold,2,733,train
scaffold,2,734,train
scaffold,2,735,train
scaffold,2,736,train
scaffold,2,737,train
scaffold,2,738,train
scaffold,2,739,train
scaffold,2,741,train
scaffold,2,748,train
scaffold,2,750,train
scaffold,2,751,train
scaffold,2,752,train
scaffold,2,753,train
scaffold,2,754,train
scaffold,2,755,train
scaffold,2,756,train
scaffold,2,757,train
scaffold,2,758,train
scaffold,2,759,train
scaffold,2,760,train
scaffold,2,761,train
scaffold,2,762,train
scaffold,2,763,train
scaffold,2,764,train
scaffold,2,765,train
scaffold,2,766,train
scaffold,2,767,train
scaffold,2,768,train
scaffold,2,769,train
scaffold,2,770,train
scaffold,2,771,train
scaffold,2,772,train
scaffold,2,773,train
scaffold,2,774,train
scaffold,2,775,train
scaffold,2,777,train
scaffold,2,778,train
scaffold,2,779,train
scaffold,2,780,train
scaffold,2,781,train
scaffold,2,782,train
scaffold,2,783,train
scaffold,2,784,train
scaffold,2,785,train
scaffold,2,786,train
scaffold,2,787,train
scaffold,2,788,train
scaffold,2,789,train
scaffold,2,790,train
scaffold,2,791,train
scaffold,2,792,train
scaffold,2,793,train
scaffold,2,794,train
scaffold,2,796,train
scaffold,2,797,train
scaffold,2,798,train
scaffold,2,802,train
scaffold,2,803,train
scaffold,2,806,train
scaffold,2,808,train
scaffold,2,810,train
scaffold,2,811,train
scaffold,2,812,train
scaffold,2,813,train
scaffold,2,815,train
scaffold,2,816,train
scaffold,2,817,train
scaffold,2,818,train
scaffold,2,819,train
scaffold,2,820,train
scaffold,2,821,train
scaffold,2,822,train
scaffold,2,823,train
scaffold,2,824,train
scaffold,2,825,train
scaffold,2,826,train
scaffold,2,827,train
scaffold,2,828,train
scaffold,2,829,train
scaffold,2,830,train
scaffold,2,831,train
scaffold,2,832,train
scaffold,2,833,train
scaffold,2,834,train
scaffold,2,835,train
scaffold,2,836,train
scaffold,2,837,train
scaffold,2,838,train
scaffold,2,839,train
scaffold,2,840,train
scaffold,2,841,train
scaffold,2,842,train
scaffold,2,844,train
scaffold,2,846,train
scaffold,2,848,train
scaffold,2,851,train
scaffold,2,852,train
scaffold,2,853,train
scaffold,2,854,train
scaffold,2,855,train
scaffold,2,862,train
scaffold,2,863,train
scaffold,2,864,train
scaffold,2,865,train
scaffold,2,866,train
scaffold,2,867,train
scaffold,2,868,train
scaffold,2,869,train
scaffold,2,870,train
scaffold,2,871,train
scaffold,2,872,train
scaffold,2,873,train
scaffold,2,874,train
scaffold,2,875,train
scaffold,2,876,train
scaffold,2,877,train
scaffold,2,878,train
scaffold,2,879,train
scaffold,2,880,train
scaffold,2,881,train
scaffold,2,882,train
scaffold,2,883,train
scaffold,2,884,train
scaffold,2,885,train
scaffold,2,887,train
scaffold,2,888,train
scaffold,2,895,train
scaffold,2,896,train
scaffold,2,897,train
scaffold,2,898,train
scaffold,2,899,train
scaffold,2,900,train
scaffold,2,901,train
scaffold,2,902,train
scaffold,2,903,train
scaffold,2,904,train
scaffold,2,905,train
scaffold,2,906,train
scaffold,2,908,train
scaffold,2,909,train
scaffold,2,910,train
scaffold,2,911,train
scaffold,2,912,train
scaffold,2,913,train
scaffold,2,914,train
scaffold,2,915,train
scaffold,2,917,train
scaffold,2,918,train
scaffold,2,919,train
scaffold,2,921,train
scaffold,2,922,train
scaffold,2,923,train
scaffold,2,924,train
scaffold,2,925,train
scaffold,2,926,train
scaffold,2,927,train
scaffold,2,928,train
scaffold,2,929,train
scaffold,2,930,train
scaffold,2,931,train
scaffold,2,932,train
scaffold,2,933,train
scaffold,2,934,train
scaffold,2,935,train
scaffold,2,936,train
scaffold,2,937,train
scaffold,2,938,train
scaffold,2,939,train
scaffold,2,940,train
scaffold,2,941,train
scaffold,2,944,train
scaffold,2,945,train
scaffold,2,946,train
scaffold,2,947,train
scaffold,2,948,train
scaffold,2,950,train
scaffold,2,951,train
scaffold,2,952,train
scaffold,2,955,train
scaffold,2,956,train
scaffold,2,957,train
scaffold,2,958,train
scaffold,2,959,train
scaffold,2,960,train
scaffold,2,961,train
scaffold,2,962,train
scaffold,2,963,train
scaffold,2,964,train
scaffold,2,965,train
scaffold,2,966,train
scaffold,2,967,train
scaffold,2,968,train
scaffold,2,969,train
scaffold,2,970,train
scaffold,2,971,train
scaffold,2,972,train
scaffold,2,973,train
scaffold,2,983,train
scaffold,2,984,train
scaffold,2,985,train
scaffold,2,986,train
scaffold,2,987,train
scaffold,2,988,train
scaffold,2,989,train
scaffold,2,990,train
scaffold,2,991,train
scaffold,2,992,train
scaffold,2,993,train
scaffold,2,994,train
scaffold,2,995,train
scaffold,2,996,train
scaffold,2,997,train
scaffold,2,998,train
scaffold,2,999,train
scaffold,2,1000,train
scaffold,2,1001,train
scaffold,2,1002,train
scaffold,2,1004,train
scaffold,2,1006,train
scaffold,2,1007,train
scaffold,2,1008,train
scaffold,2,1011,train
scaffold,2,1012,train
scaffold,2,1013,train
scaffold,2,1014,train
scaffold,2,1016,train
scaffold,2,1017,train
scaffold,2,1018,train
scaffold,2,1019,train
scaffold,2,1021,train
scaffold,2,1022,train
scaffold,2,1023,train
scaffold,2,1024,train
scaffold,2,1026,train
scaffold,2,1027,train
scaffold,2,1028,train
scaffold,2,1029,train
scaffold,2,1030,train
scaffold,2,1031,train
scaffold,2,1032,train
scaffold,2,1033,train
scaffold,2,1034,train
scaffold,2,1035,train
scaffold,2,1036,train
scaffold,2,1037,train
scaffold,2,1038,train
scaffold,2,1039,train
scaffold,2,1042,train
scaffold,2,1043,train
scaffold,2,1044,train
scaffold,2,1045,train
scaffold,2,1046,train
scaffold,2,1047,train
scaffold,2,1048,train
scaffold,2,1049,train
scaffold,2,1051,train
scaffold,2,1053,train
scaffold,2,1054,train
scaffold,2,1058,train
scaffold,2,1059,train
scaffold,2,1060,train
scaffold,2,1061,train
scaffold,2,1062,train
scaffold,2,1063,train
scaffold,2,1064,train
scaffold,2,1065,train
scaffold,2,1066,train
scaffold,2,1067,train
scaffold,2,1068,train
scaffold,2,1069,train
scaffold,2,1070,train
scaffold,2,1072,train
scaffold,2,1073,train
scaffold,2,1074,train
scaffold,2,1075,train
scaffold,2,1076,train
scaffold,2,1077,train
scaffold,2,1078,train
scaffold,2,1079,train
scaffold,2,1080,train
scaffold,2,1081,train
scaffold,2,1082,train
scaffold,2,1083,train
scaffold,2,1084,train
scaffold,2,1085,train
scaffold,2,1086,train
scaffold,2,1087,train
scaffold,2,1088,train
scaffold,2,1089,train
scaffold,2,1090,train
scaffold,2,1091,train
scaffold,2,1092,train
scaffold,2,1093,train
scaffold,2,1094,train
scaffold,2,1095,train
scaffold,2,1096,train
scaffold,2,1097,train
scaffold,2,1098,train
scaffold,2,1099,train
scaffold,2,1100,train
scaffold,2,1101,train
scaffold,2,1102,train
scaffold,2,1103,train
scaffold,2,1104,train
scaffold,2,1105,train
scaffold,2,1106,train
scaffold,2,1107,train
scaffold,2,1108,train
scaffold,2,1109,train
scaffold,2,1110,train
scaffold,2,1111,train
scaffold,2,1112,train
scaffold,2,1113,train
scaffold,2,1114,train
scaffold,2,1115,train
scaffold,2,1116,train
scaffold,2,1117,train
scaffold,2,1118,train
scaffold,2,1119,train
scaffold,2,1120,train
scaffold,2,1121,train
scaffold,2,1122,train
scaffold,2,1124,train
scaffold,2,1125,train
scaffold,2,1127,train
scaffold,2,1128,train
scaffold,2,1129,train
scaffold,2,1130,train
scaffold,2,1131,train
scaffold,2,1133,train
scaffold,2,1134,train
scaffold,2,1135,train
scaffold,2,1136,train
scaffold,2,1137,train
scaffold,2,1138,train
scaffold,2,1139,train
scaffold,2,1140,train
scaffold,2,1141,train
scaffold,2,1142,train
scaffold,2,1143,train
scaffold,2,1144,train
scaffold,2,1145,train
scaffold,2,1146,train
scaffold,2,1147,train
scaffold,2,1148,train
scaffold,2,1149,train
scaffold,2,1150,train
scaffold,2,1151,train
scaffold,2,1152,train
scaffold,2,1153,train
scaffold,2,1154,train
scaffold,2,1155,train
scaffold,2,1156,train
scaffold,2,1157,train
scaffold,2,1158,train
scaffold,2,1159,train
scaffold,2,1160,train
scaffold,2,1161,train
scaffold,2,1162,train
scaffold,2,1163,train
scaffold,2,1164,train
scaffold,2,1165,train
scaffold,2,1166,train
scaffold,2,1167,train
scaffold,2,1168,train
scaffold,2,1169,train
scaffold,2,1170,train
scaffold,2,1171,train
scaffold,2,1172,train
scaffold,2,1173,train
scaffold,2,1174,train
scaffold,2,1175,train
scaffold,2,1176,train
scaffold,2,1177,train
scaffold,2,1178,train
scaffold,2,1179,train
scaffold,2,1180,train
scaffold,2,1181,train
scaffold,2,1182,train
scaffold,2,1183,train
scaffold,2,1184,train
scaffold,2,1185,train
scaffold,2,1186,train
scaffold,2,1187,train
scaffold,2,1188,train
scaffold,2,1189,train
scaffold,2,1190,train
scaffold,2,1191,train
scaffold,2,1192,train
scaffold,2,1193,train
scaffold,2,1194,train
scaffold,2,1195,train
scaffold,2,1196,train
scaffold,2,1197,train
scaffold,2,1198,train
scaffold,2,1199,train
scaffold,2,1200,train
scaffold,2,1201,train
scaffold,2,1202,train
scaffold,2,1203,train
scaffold,2,1204,train
scaffold,2,1205,train
scaffold,2,1206,train
scaffold,2,1207,train
scaffold,2,1208,train
scaffold,2,1209,train
scaffold,2,1210,train
scaffold,2,1211,train
scaffold,2,1212,train
scaffold,2,1213,train
scaffold,2,1214,train
scaffold,2,1215,train
scaffold,2,1216,train
scaffold,2,1217,train
scaffold,2,1218,train
scaffold,2,1219,train
scaffold,2,1220,train
scaffold,2,1221,train
scaffold,2,1222,train
scaffold,2,1223,train
scaffold,2,1224,train
scaffold,2,1225,train
scaffold,2,1226,train
scaffold,2,1228,train
scaffold,2,1229,train
scaffold,2,1230,train
scaffold,2,1231,train
scaffold,2,1232,train
scaffold,2,1233,train
scaffold,2,1234,train
scaffold,2,1235,train
scaffold,2,1236,train
scaffold,2,1237,train
scaffold,2,1238,train
scaffold,2,1239,train
scaffold,2,1240,train
scaffold,2,1241,train
scaffold,2,1242,train
scaffold,2,1243,train
scaffold,2,1244,train
scaffold,2,1245,train
scaffold,2,1246,train
scaffold,2,1247,train
scaffold,2,1248,train
scaffold,2,1249,train
scaffold,2,1250,train
scaffold,2,1251,train
scaffold,2,1252,train
scaffold,2,1253,train
scaffold,2,1254,train
scaffold,2,1255,train
scaffold,2,1256,train
scaffold,2,1257,train
scaffold,2,1258,train
scaffold,2,1259,train
scaffold,2,1260,train
scaffold,2,1261,train
scaffold,2,1262,train
scaffold,2,1263,train
scaffold,2,1264,train
scaffold,2,1265,train
scaffold,2,1266,train
scaffold,2,1267,train
scaffold,2,1268,train
scaffold,2,1269,train
scaffold,2,1270,train
scaffold,2,1271,train
scaffold,2,1272,train
scaffold,2,1273,train
scaffold,2,1274,train
scaffold,2,1275,train
scaffold,2,1276,train
scaffold,2,1277,train
scaffold,2,1278,train
scaffold,2,1279,train
scaffold,2,1280,train
scaffold,2,1281,train
scaffold,2,1282,train
scaffold,2,1283,train
scaffold,2,1284,train
scaffold,2,1285,train
scaffold,2,1286,train
scaffold,2,1287,train
scaffold,2,1288,train
scaffold,2,1289,train
scaffold,2,1290,train
scaffold,2,1291,train
scaffold,2,1292,train
scaffold,2,1293,train
scaffold,2,1294,train
scaffold,2,1295,train
scaffold,2,1296,train
scaffold,2,1297,train
scaffold,2,1298,train
scaffold,2,1299,train
scaffold,2,1300,train
scaffold,2,1301,train
scaffold,2,1302,train
scaffold,2,1303,train
scaffold,2,1304,train
scaffold,2,1305,train
scaffold,2,1306,train
scaffold,2,1307,train
scaffold,2,1308,train
scaffold,2,1309,train
scaffold,2,1310,train
scaffold,2,1311,train
scaffold,2,1313,train
scaffold,2,1314,train
scaffold,2,1315,train
scaffold,2,1316,train
scaffold,2,1317,train
scaffold,2,1318,train
scaffold,2,1319,train
scaffold,2,1320,train
scaffold,2,1321,train
scaffold,2,1325,train
scaffold,2,1326,train
scaffold,2,1327,train
scaffold,2,1328,train
scaffold,2,1329,train
scaffold,2,1330,train
scaffold,2,1331,train
scaffold,2,1332,train
scaffold,2,1333,train
scaffold,2,1334,train
scaffold,2,1335,train
scaffold,2,1336,train
scaffold,2,1337,train
scaffold,2,1338,train
scaffold,2,1339,train
scaffold,2,1340,train
scaffold,2,1341,train
scaffold,2,1342,train
scaffold,2,1343,train
scaffold,2,1344,train
scaffold,2,1345,train
scaffold,2,1346,train
scaffold,2,1347,train
scaffold,2,1348,train
scaffold,2,1349,train
scaffold,2,1350,train
scaffold,2,1351,train
scaffold,2,1352,train
scaffold,2,1353,train
scaffold,2,1354,train
scaffold,2,1355,train
scaffold,2,1356,train
scaffold,2,1357,train
scaffold,2,1358,train
scaffold,2,1359,train
scaffold,2,1360,train
scaffold,2,1361,train
scaffold,2,1362,train
scaffold,2,1363,train
scaffold,2,1364,train
scaffold,2,1365,train
scaffold,2,1366,train
scaffold,2,1367,train
scaffold,2,1368,train
scaffold,2,1369,train
scaffold,2,1370,train
scaffold,2,1371,train
scaffold,2,1372,train
scaffold,2,1374,train
scaffold,2,1375,train
scaffold,2,1377,train
scaffold,2,1378,train
scaffold,2,1380,train
scaffold,2,1381,train
scaffold,2,1382,train
scaffold,2,1384,train
scaffold,2,1385,train
scaffold,2,1386,train
scaffold,2,1387,train
scaffold,2,1388,train
scaffold,2,1389,train
scaffold,2,1390,train
scaffold,2,1391,train
scaffold,2,1392,train
scaffold,2,1393,train
scaffold,2,1394,train
scaffold,2,1395,train
scaffold,2,1396,train
scaffold,2,1397,train
scaffold,2,1398,train
scaffold,2,1399,train
scaffold,2,1400,train
scaffold,2,1401,train
scaffold,2,1402,train
scaffold,2,1403,train
scaffold,2,1404,train
scaffold,2,1405,train
scaffold,2,1406,train
scaffold,2,1407,train
scaffold,2,1408,train
scaffold,2,1409,train
scaffold,2,1410,train
scaffold,2,1411,train
scaffold,2,1412,train
scaffold,2,1413,train
scaffold,2,1414,train
scaffold,2,1415,train
scaffold,2,1416,train
scaffold,2,1417,train
scaffold,2,1418,train
scaffold,2,1419,train
scaffold,2,1420,train
scaffold,2,1421,train
scaffold,2,1422,train
scaffold,2,1423,train
scaffold,2,1424,train
scaffold,2,1425,train
scaffold,2,1427,train
scaffold,2,1428,train
scaffold,2,1429,train
scaffold,2,1430,train
scaffold,2,1432,train
scaffold,2,1433,train
scaffold,2,1434,train
scaffold,2,1435,train
scaffold,2,1436,train
scaffold,2,1437,train
scaffold,2,1438,train
scaffold,2,1439,train
scaffold,2,1440,train
scaffold,2,1441,train
scaffold,2,1442,train
scaffold,2,1443,train
scaffold,2,1444,train
scaffold,2,1445,train
scaffold,2,1446,train
scaffold,2,1447,train
scaffold,2,1448,train
scaffold,2,1449,train
scaffold,2,1450,train
scaffold,2,1452,train
scaffold,2,1453,train
scaffold,2,1454,train
scaffold,2,1455,train
scaffold,2,1456,train
scaffold,2,1457,train
scaffold,2,1458,train
scaffold,2,1459,train
scaffold,2,1460,train
scaffold,2,1461,train
scaffold,2,1462,train
scaffold,2,1463,train
scaffold,2,1464,train
scaffold,2,1465,train
scaffold,2,1466,train
scaffold,2,1467,train
scaffold,2,1468,train
scaffold,2,1469,train
scaffold,2,1470,train
scaffold,2,1471,train
scaffold,2,1472,train
scaffold,2,1473,train
scaffold,2,1474,train
scaffold,2,1475,train
scaffold,2,1476,train
scaffold,2,1477,train
scaffold,2,1478,train
scaffold,2,1479,train
scaffold,2,1480,train
scaffold,2,1481,train
scaffold,2,1482,train
scaffold,2,1483,train
scaffold,2,1484,train
scaffold,2,1485,train
scaffold,2,1486,train
scaffold,2,1487,train
scaffold,2,1488,train
scaffold,2,1489,train
scaffold,2,1490,train
scaffold,2,1491,train
scaffold,2,1492,train
scaffold,2,1493,train
scaffold,2,1494,train
scaffold,2,1495,train
scaffold,2,1496,train
scaffold,2,1497,train
scaffold,2,1498,train
scaffold,2,1499,train
scaffold,2,1500,train
scaffold,2,1501,train
scaffold,2,1502,train
scaffold,2,1503,train
scaffold,2,1504,train
scaffold,2,1505,train
scaffold,2,1506,train
scaffold,2,1507,train
scaffold,2,1508,train
scaffold,2,1509,train
scaffold,2,1510,train
scaffold,2,1511,train
scaffold,2,1512,train
scaffold,2,1513,train
scaffold,2,1514,train
scaffold,2,1515,train
scaffold,2,1516,train
scaffold,2,1517,train
scaffold,2,1518,train
scaffold,2,1519,train
scaffold,2,1520,train
scaffold,2,1521,train
scaffold,2,1522,train
scaffold,2,1523,train
scaffold,2,1524,train
scaffold,2,1525,train
scaffold,2,1526,train
scaffold,2,1527,train
scaffold,2,1528,train
scaffold,2,1529,train
scaffold,2,1530,train
scaffold,2,1531,train
scaffold,2,1532,train
scaffold,2,1533,train
scaffold,2,1534,train
scaffold,2,1535,train
scaffold,2,1536,train
scaffold,2,1537,train
scaffold,2,1538,train
scaffold,2,1539,train
scaffold,2,1540,train
scaffold,2,1542,train
scaffold,2,1543,train
scaffold,2,1544,train
scaffold,2,1545,train
scaffold,2,1546,train
scaffold,2,1547,train
scaffold,2,1548,train
scaffold,2,1549,train
scaffold,2,1550,train
scaffold,2,1551,train
scaffold,2,1552,train
scaffold,2,1553,train
scaffold,2,1554,train
scaffold,2,1555,train
scaffold,2,1556,train
scaffold,2,1557,train
scaffold,2,1558,train
scaffold,2,1559,train
scaffold,2,1560,train
scaffold,2,1561,train
scaffold,2,1562,train
scaffold,2,1563,train
scaffold,2,1564,train
scaffold,2,1565,train
scaffold,2,1566,train
scaffold,2,1567,train
scaffold,2,1568,train
scaffold,2,1569,train
scaffold,2,1570,train
scaffold,2,1571,train
scaffold,2,1572,train
scaffold,2,1573,train
scaffold,2,1574,train
scaffold,2,1575,train
scaffold,2,1576,train
scaffold,2,1577,train
scaffold,2,1578,train
scaffold,2,1579,train
scaffold,2,1580,train
scaffold,2,1583,train
scaffold,2,1584,train
scaffold,2,1585,train
scaffold,2,1586,train
scaffold,2,1587,train
scaffold,2,1588,train
scaffold,2,1589,train
scaffold,2,1590,train
scaffold,2,1591,train
scaffold,2,1592,train
scaffold,2,1593,train
scaffold,2,1594,train
scaffold,2,1595,train
scaffold,2,1596,train
scaffold,2,1597,train
scaffold,2,1598,train
scaffold,2,1599,train
scaffold,2,1600,train
scaffold,2,1601,train
scaffold,2,1602,train
scaffold,2,1605,train
scaffold,2,1606,train
scaffold,2,1607,train
scaffold,2,1608,train
scaffold,2,1611,train
scaffold,2,1612,train
scaffold,2,1613,train
scaffold,2,1614,train
scaffold,2,1615,train
scaffold,2,1616,train
scaffold,2,1617,train
scaffold,2,1618,train
scaffold,2,1619,train
scaffold,2,1620,train
scaffold,2,1621,train
scaffold,2,1622,train
scaffold,2,1623,train
scaffold,2,1624,train
scaffold,2,1625,train
scaffold,2,1626,train
scaffold,2,1627,train
scaffold,2,1628,train
scaffold,2,1629,train
scaffold,2,1630,train
scaffold,2,1631,train
scaffold,2,1632,train
scaffold,2,1633,train
scaffold,2,1634,train
scaffold,2,1635,train
scaffold,2,1637,train
scaffold,2,1638,train
scaffold,2,1639,train
scaffold,2,1640,train
scaffold,2,1641,train
scaffold,2,1642,train
scaffold,2,1643,train
scaffold,2,1644,train
scaffold,2,1645,train
scaffold,2,1646,train
scaffold,2,1647,train
scaffold,2,1648,train
scaffold,2,1649,train
scaffold,2,1650,train
scaffold,2,1653,train
scaffold,2,1654,train
scaffold,2,1655,train
scaffold,2,1656,train
scaffold,2,1657,train
scaffold,2,1658,train
scaffold,2,1659,train
scaffold,2,1661,train
scaffold,2,1662,train
scaffold,2,1663,train
scaffold,2,1664,train
scaffold,2,1665,train
scaffold,2,1666,train
scaffold,2,1667,train
scaffold,2,1668,train
scaffold,2,1669,train
scaffold,2,1670,train
scaffold,2,1671,train
scaffold,2,1672,train
scaffold,2,1673,train
scaffold,2,1674,train
scaffold,2,1675,train
scaffold,2,1676,train
scaffold,2,1677,train
scaffold,2,1678,train
scaffold,2,1679,train
scaffold,2,1680,train
scaffold,2,1681,train
scaffold,2,1682,train
scaffold,2,1683,train
scaffold,2,1684,train
scaffold,2,1685,train
scaffold,2,1686,train
scaffold,2,1687,train
scaffold,2,1688,train
scaffold,2,1689,train
scaffold,2,1691,train
scaffold,2,1692,train
scaffold,2,1694,train
scaffold,2,1695,train
scaffold,2,1696,train
scaffold,2,1697,train
scaffold,2,1698,train
scaffold,2,1699,train
scaffold,2,1700,train
scaffold,2,1701,train
scaffold,2,1702,train
scaffold,2,1704,train
scaffold,2,1705,train
scaffold,2,1706,train
scaffold,2,1707,train
scaffold,2,1708,train
scaffold,2,1709,train
scaffold,2,1710,train
scaffold,2,1711,train
scaffold,2,1712,train
scaffold,2,1713,train
scaffold,2,1714,train
scaffold,2,1715,train
scaffold,2,1716,train
scaffold,2,1717,train
scaffold,2,1718,train
scaffold,2,1719,train
scaffold,2,1720,train
scaffold,2,1721,train
scaffold,2,1722,train
scaffold,2,1723,train
scaffold,2,1728,train
scaffold,2,1729,train
scaffold,2,1730,train
scaffold,2,1733,train
scaffold,2,1734,train
scaffold,2,1735,train
scaffold,2,1736,train
scaffold,2,1737,train
scaffold,2,1738,train
scaffold,2,1739,train
scaffold,2,1741,train
scaffold,2,1742,train
scaffold,2,1744,train
scaffold,2,1745,train
scaffold,2,1746,train
scaffold,2,1747,train
scaffold,2,1748,train
scaffold,2,1749,train
scaffold,2,1750,train
scaffold,2,1751,train
scaffold,2,1752,train
scaffold,2,1753,train
scaffold,2,1754,train
scaffold,2,1755,train
scaffold,2,1756,train
scaffold,2,1757,train
scaffold,2,1758,train
scaffold,2,1759,train
scaffold,2,1760,train
scaffold,2,1761,train
scaffold,2,1762,train
scaffold,2,1763,train
scaffold,2,1764,train
scaffold,2,1765,train
scaffold,2,1766,train
scaffold,2,1767,train
scaffold,2,1768,train
scaffold,2,1769,train
scaffold,2,1770,train
scaffold,2,1771,train
scaffold,2,1772,train
scaffold,2,1773,train
scaffold,2,1774,train
scaffold,2,1775,train
scaffold,2,1776,train
scaffold,2,1777,train
scaffold,2,1778,train
scaffold,2,1779,train
scaffold,2,1780,train
scaffold,2,1781,train
scaffold,2,1782,train
scaffold,2,1783,train
scaffold,2,1784,train
scaffold,2,1785,train
scaffold,2,1786,train
scaffold,2,1787,train
scaffold,2,1788,train
scaffold,2,1790,train
scaffold,2,1791,train
scaffold,2,1792,train
scaffold,2,1793,train
scaffold,2,1794,train
scaffold,2,1795,train
scaffold,2,1796,train
scaffold,2,1797,train
scaffold,2,1798,train
scaffold,2,1799,train
scaffold,2,1800,train
scaffold,2,1801,train
scaffold,2,1802,train
scaffold,2,1803,train
scaffold,2,1804,train
scaffold,2,1805,train
scaffold,2,1806,train
scaffold,2,1807,train
scaffold,2,1808,train
scaffold,2,1809,train
scaffold,2,1810,train
scaffold,2,1811,train
scaffold,2,1812,train
scaffold,2,1813,train
scaffold,2,1814,train
scaffold,2,1815,train
scaffold,2,1816,train
scaffold,2,1817,train
scaffold,2,1818,train
scaffold,2,1819,train
scaffold,2,1820,train
scaffold,2,1821,train
scaffold,2,1822,train
scaffold,2,1823,train
scaffold,2,1824,train
scaffold,2,1825,train
scaffold,2,1826,train
scaffold,2,1827,train
scaffold,2,1828,train
scaffold,2,1829,train
scaffold,2,1830,train
scaffold,2,1831,train
scaffold,2,1832,train
scaffold,2,1833,train
scaffold,2,1834,train
scaffold,2,1835,train
scaffold,2,1836,train
scaffold,2,1837,train
scaffold,2,1838,train
scaffold,2,1839,train
scaffold,2,1841,train
scaffold,2,1842,train
scaffold,2,1844,train
scaffold,2,1850,train
scaffold,2,1852,train
scaffold,2,1853,train
scaffold,2,1854,train
scaffold,2,1856,train
scaffold,2,1857,train
scaffold,2,1858,train
scaffold,2,1859,train
scaffold,2,1860,train
scaffold,2,1861,train
scaffold,2,1862,train
scaffold,2,1863,train
scaffold,2,1864,train
scaffold,2,1865,train
scaffold,2,1866,train
scaffold,2,1867,train
scaffold,2,1868,train
scaffold,2,1869,train
scaffold,2,1870,train
scaffold,2,1871,train
scaffold,2,1872,train
scaffold,2,1873,train
scaffold,2,1874,train
scaffold,2,1875,train
scaffold,2,1876,train
scaffold,2,1877,train
scaffold,2,1878,train
scaffold,2,1879,train
scaffold,2,1880,train
scaffold,2,1881,train
scaffold,2,1882,train
scaffold,2,1883,train
scaffold,2,1884,train
scaffold,2,1885,train
scaffold,2,1886,train
scaffold,2,1887,train
scaffold,2,1888,train
scaffold,2,1889,train
scaffold,2,1890,train
scaffold,2,1891,train
scaffold,2,1892,train
scaffold,2,1893,train
scaffold,2,1894,train
scaffold,2,1895,train
scaffold,2,1896,train
scaffold,2,1897,train
scaffold,2,1898,train
scaffold,2,1899,train
scaffold,2,1902,train
scaffold,2,1903,train
scaffold,2,1904,train
scaffold,2,1905,train
scaffold,2,1906,train
scaffold,2,1907,train
scaffold,2,1908,train
scaffold,2,1909,train
scaffold,2,1910,train
scaffold,2,15,test
scaffold,2,30,test
scaffold,2,32,test
scaffold,2,78,test
scaffold,2,90,test
scaffold,2,111,test
scaffold,2,112,test
scaffold,2,163,test
scaffold,2,165,test
scaffold,2,166,test
scaffold,2,167,test
scaffold,2,200,test
scaffold,2,202,test
scaffold,2,205,test
scaffold,2,216,test
scaffold,2,246,test
scaffold,2,253,test
scaffold,2,255,test
scaffold,2,258,test
scaffold,2,272,test
scaffold,2,284,test
scaffold,2,285,test
scaffold,2,297,test
scaffold,2,352,test
scaffold,2,353,test
scaffold,2,411,test
scaffold,2,412,test
scaffold,2,450,test
scaffold,2,451,test
scaffold,2,455,test
scaffold,2,456,test
scaffold,2,457,test
scaffold,2,458,test
scaffold,2,460,test
scaffold,2,463,test
scaffold,2,490,test
scaffold,2,495,test
scaffold,2,536,test
scaffold,2,539,test
scaffold,2,540,test
scaffold,2,541,test
scaffold,2,542,test
scaffold,2,543,test
scaffold,2,544,test
scaffold,2,545,test
scaffold,2,546,test
scaffold,2,547,test
scaffold,2,548,test
scaffold,2,549,test
scaffold,2,553,test
scaffold,2,554,test
scaffold,2,555,test
scaffold,2,556,test
scaffold,2,557,test
scaffold,2,558,test
scaffold,2,559,test
scaffold,2,560,test
scaffold,2,561,test
scaffold,2,562,test
scaffold,2,563,test
scaffold,2,567,test
scaffold,2,568,test
scaffold,2,569,test
scaffold,2,570,test
scaffold,2,571,test
scaffold,2,572,test
scaffold,2,573,test
scaffold,2,574,test
scaffold,2,575,test
scaffold,2,576,test
scaffold,2,578,test
scaffold,2,596,test
scaffold,2,627,test
scaffold,2,633,test
scaffold,2,740,test
scaffold,2,742,test
scaffold,2,743,test
scaffold,2,744,test
scaffold,2,745,test
scaffold,2,746,test
scaffold,2,747,test
scaffold,2,749,test
scaffold,2,776,test
scaffold,2,795,test
scaffold,2,799,test
scaffold,2,800,test
scaffold,2,801,test
scaffold,2,804,test
scaffold,2,805,test
scaffold,2,807,test
scaffold,2,809,test
scaffold,2,814,test
scaffold,2,843,test
scaffold,2,845,test
scaffold,2,847,test
scaffold,2,849,test
scaffold,2,850,test
scaffold,2,856,test
scaffold,2,857,test
scaffold,2,858,test
scaffold,2,859,test
scaffold,2,860,test
scaffold,2,861,test
scaffold,2,886,test
scaffold,2,889,test
scaffold,2,890,test
scaffold,2,891,test
scaffold,2,892,test
scaffold,2,893,test
scaffold,2,894,test
scaffold,2,907,test
scaffold,2,916,test
scaffold,2,920,test
scaffold,2,942,test
scaffold,2,943,test
scaffold,2,949,test
scaffold,2,953,test
scaffold,2,954,test
scaffold,2,974,test
scaffold,2,975,test
scaffold,2,976,test
scaffold,2,977,test
scaffold,2,978,test
scaffold,2,979,test
scaffold,2,980,test
scaffold,2,981,test
scaffold,2,982,test
scaffold,2,1003,test
scaffold,2,1005,test
scaffold,2,1009,test
scaffold,2,1010,test
scaffold,2,1015,test
scaffold,2,1020,test
scaffold,2,1025,test
scaffold,2,1040,test
scaffold,2,1041,test
scaffold,2,1050,test
scaffold,2,1052,test
scaffold,2,1055,test
scaffold,2,1056,test
scaffold,2,1057,test
scaffold,2,1071,test
scaffold,2,1123,test
scaffold,2,1126,test
scaffold,2,1132,test
scaffold,2,1227,test
scaffold,2,1312,test
scaffold,2,1322,test
scaffold,2,1323,test
scaffold,2,1324,test
scaffold,2,1373,test
scaffold,2,1376,test
scaffold,2,1379,test
scaffold,2,1383,test
scaffold,2,1426,test
scaffold,2,1431,test
scaffold,2,1451,test
scaffold,2,1541,test
scaffold,2,1581,test
scaffold,2,1582,test
scaffold,2,1603,test
scaffold,2,1604,test
scaffold,2,1609,test
scaffold,2,1610,test
scaffold,2,1636,test
scaffold,2,1651,test
scaffold,2,1652,test
scaffold,2,1660,test
scaffold,2,1690,test
scaffold,2,1693,test
scaffold,2,1703,test
scaffold,2,1724,test
scaffold,2,1725,test
scaffold,2,1726,test
scaffold,2,1727,test
scaffold,2,1731,test
scaffold,2,1732,test
scaffold,2,1740,test
scaffold,2,1743,test
scaffold,2,1789,test
scaffold,2,1840,test
scaffold,2,1843,test
scaffold,2,1845,test
scaffold,2,1846,test
scaffold,2,1847,test
scaffold,2,1848,test
scaffold,2,1849,test
scaffold,2,1851,test
scaffold,2,1855,test
scaffold,2,1900,test
scaffold,2,1901,test
scaffold,3,1,train
scaffold,3,2,train
scaffold,3,3,train
scaffold,3,4,train
scaffold,3,5,train
scaffold,3,6,train
scaffold,3,7,train
scaffold,3,8,train
scaffold,3,9,train
scaffold,3,10,train
scaffold,3,11,train
scaffold,3,12,train
scaffold,3,13,train
scaffold,3,14,train
scaffold,3,15,train
scaffold,3,16,train
scaffold,3,17,train
scaffold,3,18,train
scaffold,3,19,train
scaffold,3,20,train
scaffold,3,21,train
scaffold,3,22,train
scaffold,3,23,train
scaffold,3,24,train
scaffold,3,25,train
scaffold,3,26,train
scaffold,3,27,train
scaffold,3,28,train
scaffold,3,29,train
scaffold,3,30,train
scaffold,3,31,train
scaffold,3,32,train
scaffold,3,33,train
scaffold,3,35,train
scaffold,3,37,train
scaffold,3,39,train
scaffold,3,40,train
scaffold,3,41,train
scaffold,3,42,train
scaffold,3,43,train
scaffold,3,45,train
scaffold,3,46,train
scaffold,3,47,train
scaffold,3,48,train
scaffold,3,49,train
scaffold,3,51,train
scaffold,3,52,train
scaffold,3,53,train
scaffold,3,54,train
scaffold,3,55,train
scaffold,3,58,train
scaffold,3,59,train
scaffold,3,60,train
scaffold,3,63,train
scaffold,3,64,train
scaffold,3,65,train
scaffold,3,66,train
scaffold,3,67,train
scaffold,3,68,train
scaffold,3,69,train
scaffold,3,70,train
scaffold,3,71,train
scaffold,3,72,train
scaffold,3,73,train
scaffold,3,74,train
scaffold,3,75,train
scaffold,3,76,train
scaffold,3,77,train
scaffold,3,78,train
scaffold,3,79,train
scaffold,3,80,train
scaffold,3,81,train
scaffold,3,82,train
scaffold,3,83,train
scaffold,3,84,train
scaffold,3,85,train
scaffold,3,86,train
scaffold,3,87,train
scaffold,3,88,train
scaffold,3,89,train
scaffold,3,90,train
scaffold,3,91,train
scaffold,3,92,train
scaffold,3,93,train
scaffold,3,94,train
scaffold,3,95,train
scaffold,3,96,train
scaffold,3,97,train
scaffold,3,98,train
scaffold,3,99,train
scaffold,3,100,train
scaffold,3,101,train
scaffold,3,102,train
scaffold,3,103,train
scaffold,3,104,train
scaffold,3,105,train
scaffold,3,106,train
scaffold,3,107,train
scaffold,3,109,train
scaffold,3,110,train
scaffold,3,111,train
scaffold,3,112,train
scaffold,3,113,train
scaffold,3,114,train
scaffold,3,115,train
scaffold,3,116,train
scaffold,3,117,train
scaffold,3,118,train
scaffold,3,119,train
scaffold,3,120,train
scaffold,3,121,train
scaffold,3,122,train
scaffold,3,123,train
scaffold,3,124,train
scaffold,3,125,train
scaffold,3,126,train
scaffold,3,127,train
scaffold,3,128,train
scaffold,3,129,train
scaffold,3,130,train
scaffold,3,131,train
scaffold,3,132,train
scaffold,3,133,train
scaffold,3,134,train
scaffold,3,135,train
scaffold,3,136,train
scaffold,3,137,train
scaffold,3,138,train
scaffold,3,139,train
scaffold,3,140,train
scaffold,3,141,train
scaffold,3,142,train
scaffold,3,143,train
scaffold,3,144,train
scaffold,3,145,train
scaffold,3,155,train
scaffold,3,156,train
scaffold,3,163,train
scaffold,3,164,train
scaffold,3,165,train
scaffold,3,166,train
scaffold,3,167,train
scaffold,3,168,train
scaffold,3,169,train
scaffold,3,170,train
scaffold,3,171,train
scaffold,3,172,train
scaffold,3,173,train
scaffold,3,174,train
scaffold,3,175,train
scaffold,3,176,train
scaffold,3,177,train
scaffold,3,178,train
scaffold,3,179,train
scaffold,3,180,train
scaffold,3,181,train
scaffold,3,182,train
scaffold,3,183,train
scaffold,3,184,train
scaffold,3,185,train
scaffold,3,186,train
scaffold,3,187,train
scaffold,3,188,train
scaffold,3,189,train
scaffold,3,190,train
scaffold,3,191,train
scaffold,3,192,train
scaffold,3,193,train
scaffold,3,194,train
scaffold,3,196,train
scaffold,3,197,train
scaffold,3,198,train
scaffold,3,200,train
scaffold,3,201,train
scaffold,3,202,train
scaffold,3,205,train
scaffold,3,206,train
scaffold,3,207,train
scaffold,3,208,train
scaffold,3,209,train
scaffold,3,210,train
scaffold,3,211,train
scaffold,3,212,train
scaffold,3,213,train
scaffold,3,214,train
scaffold,3,215,train
scaffold,3,216,train
scaffold,3,217,train
scaffold,3,219,train
scaffold,3,220,train
scaffold,3,221,train
scaffold,3,222,train
scaffold,3,223,train
scaffold,3,224,train
scaffold,3,226,train
scaffold,3,233,train
scaffold,3,234,train
scaffold,3,235,train
scaffold,3,236,train
scaffold,3,237,train
scaffold,3,238,train
scaffold,3,239,train
scaffold,3,240,train
scaffold,3,241,train
scaffold,3,242,train
scaffold,3,243,train
scaffold,3,244,train
scaffold,3,245,train
scaffold,3,246,train
scaffold,3,247,train
scaffold,3,248,train
scaffold,3,249,train
scaffold,3,250,train
scaffold,3,251,train
scaffold,3,253,train
scaffold,3,254,train
scaffold,3,255,train
scaffold,3,256,train
scaffold,3,257,train
scaffold,3,258,train
scaffold,3,259,train
scaffold,3,260,train
scaffold,3,261,train
scaffold,3,263,train
scaffold,3,265,train
scaffold,3,266,train
scaffold,3,267,train
scaffold,3,268,train
scaffold,3,269,train
scaffold,3,270,train
scaffold,3,271,train
scaffold,3,272,train
scaffold,3,273,train
scaffold,3,274,train
scaffold,3,275,train
scaffold,3,276,train
scaffold,3,277,train
scaffold,3,278,train
scaffold,3,280,train
scaffold,3,281,train
scaffold,3,282,train
scaffold,3,283,train
scaffold,3,284,train
scaffold,3,285,train
scaffold,3,289,train
scaffold,3,290,train
scaffold,3,293,train
scaffold,3,294,train
scaffold,3,295,train
scaffold,3,296,train
scaffold,3,297,train
scaffold,3,298,train
scaffold,3,299,train
scaffold,3,300,train
scaffold,3,301,train
scaffold,3,302,train
scaffold,3,303,train
scaffold,3,304,train
scaffold,3,305,train
scaffold,3,306,train
scaffold,3,307,train
scaffold,3,308,train
scaffold,3,309,train
scaffold,3,310,train
scaffold,3,311,train
scaffold,3,312,train
scaffold,3,313,train
scaffold,3,314,train
scaffold,3,315,train
scaffold,3,316,train
scaffold,3,317,train
scaffold,3,318,train
scaffold,3,319,train
scaffold,3,320,train
scaffold,3,321,train
scaffold,3,322,train
scaffold,3,323,train
scaffold,3,324,train
scaffold,3,325,train
scaffold,3,326,train
scaffold,3,327,train
scaffold,3,328,train
scaffold,3,329,train
scaffold,3,330,train
scaffold,3,333,train
scaffold,3,334,train
scaffold,3,335,train
scaffold,3,336,train
scaffold,3,337,train
scaffold,3,338,train
scaffold,3,339,train
scaffold,3,340,train
scaffold,3,341,train
scaffold,3,342,train
scaffold,3,343,train
scaffold,3,344,train
scaffold,3,345,train
scaffold,3,346,train
scaffold,3,347,train
scaffold,3,348,train
scaffold,3,349,train
scaffold,3,350,train
scaffold,3,351,train
scaffold,3,352,train
scaffold,3,353,train
scaffold,3,354,train
scaffold,3,355,train
scaffold,3,356,train
scaffold,3,357,train
scaffold,3,358,train
scaffold,3,359,train
scaffold,3,360,train
scaffold,3,361,train
scaffold,3,362,train
scaffold,3,363,train
scaffold,3,364,train
scaffold,3,365,train
scaffold,3,366,train
scaffold,3,367,train
scaffold,3,368,train
scaffold,3,369,train
scaffold,3,370,train
scaffold,3,371,train
scaffold,3,372,train
scaffold,3,373,train
scaffold,3,374,train
scaffold,3,375,train
scaffold,3,376,train
scaffold,3,377,train
scaffold,3,378,train
scaffold,3,379,train
scaffold,3,380,train
scaffold,3,381,train
scaffold,3,382,train
scaffold,3,383,train
scaffold,3,384,train
scaffold,3,385,train
scaffold,3,386,train
scaffold,3,387,train
scaffold,3,388,train
scaffold,3,389,train
scaffold,3,390,train
scaffold,3,391,train
scaffold,3,392,train
scaffold,3,393,train
scaffold,3,394,train
scaffold,3,395,train
scaffold,3,396,train
scaffold,3,397,train
scaffold,3,398,train
scaffold,3,399,train
scaffold,3,400,train
scaffold,3,401,train
scaffold,3,402,train
scaffold,3,403,train
scaffold,3,404,train
scaffold,3,405,train
scaffold,3,406,train
scaffold,3,407,train
scaffold,3,409,train
scaffold,3,410,train
scaffold,3,411,train
scaffold,3,412,train
scaffold,3,413,train
scaffold,3,414,train
scaffold,3,415,train
scaffold,3,416,train
scaffold,3,417,train
scaffold,3,418,train
scaffold,3,420,train
scaffold,3,421,train
scaffold,3,422,train
scaffold,3,423,train
scaffold,3,424,train
scaffold,3,425,train
scaffold,3,431,train
scaffold,3,432,train
scaffold,3,434,train
scaffold,3,435,train
scaffold,3,436,train
scaffold,3,437,train
scaffold,3,439,train
scaffold,3,440,train
scaffold,3,441,train
scaffold,3,442,train
scaffold,3,443,train
scaffold,3,444,train
scaffold,3,445,train
scaffold,3,446,train
scaffold,3,447,train
scaffold,3,449,train
scaffold,3,450,train
scaffold,3,451,train
scaffold,3,452,train
scaffold,3,453,train
scaffold,3,454,train
scaffold,3,455,train
scaffold,3,456,train
scaffold,3,457,train
scaffold,3,458,train
scaffold,3,459,train
scaffold,3,460,train
scaffold,3,461,train
scaffold,3,462,train
scaffold,3,463,train
scaffold,3,464,train
scaffold,3,465,train
scaffold,3,466,train
scaffold,3,467,train
scaffold,3,468,train
scaffold,3,469,train
scaffold,3,470,train
scaffold,3,471,train
scaffold,3,472,train
scaffold,3,473,train
scaffold,3,474,train
scaffold,3,475,train
scaffold,3,476,train
scaffold,3,477,train
scaffold,3,478,train
scaffold,3,479,train
scaffold,3,480,train
scaffold,3,481,train
scaffold,3,483,train
scaffold,3,486,train
scaffold,3,488,train
scaffold,3,490,train
scaffold,3,491,train
scaffold,3,493,train
scaffold,3,494,train
scaffold,3,495,train
scaffold,3,496,train
scaffold,3,497,train
scaffold,3,498,train
scaffold,3,499,train
scaffold,3,500,train
scaffold,3,501,train
scaffold,3,502,train
scaffold,3,503,train
scaffold,3,504,train
scaffold,3,505,train
scaffold,3,506,train
scaffold,3,507,train
scaffold,3,508,train
scaffold,3,512,train
scaffold,3,516,train
scaffold,3,517,train
scaffold,3,518,train
scaffold,3,519,train
scaffold,3,520,train
scaffold,3,521,train
scaffold,3,522,train
scaffold,3,523,train
scaffold,3,524,train
scaffold,3,525,train
scaffold,3,526,train
scaffold,3,527,train
scaffold,3,528,train
scaffold,3,533,train
scaffold,3,534,train
scaffold,3,535,train
scaffold,3,536,train
scaffold,3,537,train
scaffold,3,538,train
scaffold,3,539,train
scaffold,3,540,train
scaffold,3,541,train
scaffold,3,542,train
scaffold,3,543,train
scaffold,3,544,train
scaffold,3,545,train
scaffold,3,546,train
scaffold,3,547,train
scaffold,3,548,train
scaffold,3,549,train
scaffold,3,550,train
scaffold,3,551,train
scaffold,3,552,train
scaffold,3,553,train
scaffold,3,554,train
scaffold,3,555,train
scaffold,3,556,train
scaffold,3,557,train
scaffold,3,558,train
scaffold,3,559,train
scaffold,3,560,train
scaffold,3,561,train
scaffold,3,562,train
scaffold,3,563,train
scaffold,3,564,train
scaffold,3,565,train
scaffold,3,566,train
scaffold,3,567,train
scaffold,3,568,train
scaffold,3,569,train
scaffold,3,570,train
scaffold,3,571,train
scaffold,3,572,train
scaffold,3,573,train
scaffold,3,574,train
scaffold,3,575,train
scaffold,3,576,train
scaffold,3,577,train
scaffold,3,578,train
scaffold,3,579,train
scaffold,3,580,train
scaffold,3,581,train
scaffold,3,582,train
scaffold,3,583,train
scaffold,3,584,train
scaffold,3,585,train
scaffold,3,586,train
scaffold,3,587,train
scaffold,3,588,train
scaffold,3,589,train
scaffold,3,590,train
scaffold,3,591,train
scaffold,3,592,train
scaffold,3,593,train
scaffold,3,594,train
scaffold,3,595,train
scaffold,3,596,train
scaffold,3,597,train
scaffold,3,598,train
scaffold,3,599,train
scaffold,3,600,train
scaffold,3,601,train
scaffold,3,602,train
scaffold,3,603,train
scaffold,3,604,train
scaffold,3,605,train
scaffold,3,606,train
scaffold,3,607,train
scaffold,3,608,train
scaffold,3,609,train
scaffold,3,610,train
scaffold,3,611,train
scaffold,3,612,train
scaffold,3,613,train
scaffold,3,614,train
scaffold,3,615,train
scaffold,3,616,train
scaffold,3,617,train
scaffold,3,618,train
scaffold,3,619,train
scaffold,3,620,train
scaffold,3,621,train
scaffold,3,622,train
scaffold,3,623,train
scaffold,3,624,train
scaffold,3,625,train
scaffold,3,626,train
scaffold,3,627,train
scaffold,3,628,train
scaffold,3,629,train
scaffold,3,630,train
scaffold,3,631,train
scaffold,3,633,train
scaffold,3,634,train
scaffold,3,635,train
scaffold,3,636,train
scaffold,3,637,train
scaffold,3,638,train
scaffold,3,639,train
scaffold,3,640,train
scaffold,3,641,train
scaffold,3,642,train
scaffold,3,643,train
scaffold,3,644,train
scaffold,3,645,train
scaffold,3,646,train
scaffold,3,647,train
scaffold,3,648,train
scaffold,3,650,train
scaffold,3,653,train
scaffold,3,655,train
scaffold,3,658,train
scaffold,3,661,train
scaffold,3,670,train
scaffold,3,671,train
scaffold,3,672,train
scaffold,3,673,train
scaffold,3,674,train
scaffold,3,675,train
scaffold,3,676,train
scaffold,3,677,train
scaffold,3,678,train
scaffold,3,679,train
scaffold,3,680,train
scaffold,3,681,train
scaffold,3,682,train
scaffold,3,683,train
scaffold,3,684,train
scaffold,3,685,train
scaffold,3,686,train
scaffold,3,687,train
scaffold,3,688,train
scaffold,3,689,train
scaffold,3,690,train
scaffold,3,691,train
scaffold,3,692,train
scaffold,3,693,train
scaffold,3,694,train
scaffold,3,695,train
scaffold,3,696,train
scaffold,3,697,train
scaffold,3,698,train
scaffold,3,699,train
scaffold,3,700,train
scaffold,3,701,train
scaffold,3,702,train
scaffold,3,703,train
scaffold,3,704,train
scaffold,3,705,train
scaffold,3,706,train
scaffold,3,707,train
scaffold,3,708,train
scaffold,3,709,train
scaffold,3,710,train
scaffold,3,711,train
scaffold,3,712,train
scaffold,3,713,train
scaffold,3,714,train
scaffold,3,715,train
scaffold,3,716,train
scaffold,3,717,train
scaffold,3,718,train
scaffold,3,719,train
scaffold,3,720,train
scaffold,3,721,train
scaffold,3,722,train
scaffold,3,723,train
scaffold,3,724,train
scaffold,3,725,train
scaffold,3,726,train
scaffold,3,727,train
scaffold,3,728,train
scaffold,3,729,train
scaffold,3,730,train
scaffold,3,731,train
scaffold,3,732,train
scaffold,3,733,train
scaffold,3,734,train
scaffold,3,735,train
scaffold,3,736,train
scaffold,3,737,train
scaffold,3,738,train
scaffold,3,739,train
scaffold,3,740,train
scaffold,3,741,train
scaffold,3,742,train
scaffold,3,743,train
scaffold,3,744,train
scaffold,3,745,train
scaffold,3,746,train
scaffold,3,747,train
scaffold,3,748,train
scaffold,3,749,train
scaffold,3,750,train
scaffold,3,751,train
scaffold,3,752,train
scaffold,3,753,train
scaffold,3,755,train
scaffold,3,756,train
scaffold,3,757,train
scaffold,3,758,train
scaffold,3,759,train
scaffold,3,760,train
scaffold,3,761,train
scaffold,3,762,train
scaffold,3,763,train
scaffold,3,764,train
scaffold,3,765,train
scaffold,3,766,train
scaffold,3,767,train
scaffold,3,768,train
scaffold,3,769,train
scaffold,3,770,train
scaffold,3,771,train
scaffold,3,772,train
scaffold,3,773,train
scaffold,3,774,train
scaffold,3,775,train
scaffold,3,776,train
scaffold,3,777,train
scaffold,3,778,train
scaffold,3,779,train
scaffold,3,780,train
scaffold,3,781,train
scaffold,3,782,train
scaffold,3,783,train
scaffold,3,784,train
scaffold,3,785,train
scaffold,3,786,train
scaffold,3,787,train
scaffold,3,788,train
scaffold,3,789,train
scaffold,3,790,train
scaffold,3,791,train
scaffold,3,792,train
scaffold,3,793,train
scaffold,3,794,train
scaffold,3,795,train
scaffold,3,796,train
scaffold,3,797,train
scaffold,3,798,train
scaffold,3,799,train
scaffold,3,800,train
scaffold,3,801,train
scaffold,3,802,train
scaffold,3,804,train
scaffold,3,805,train
scaffold,3,806,train
scaffold,3,807,train
scaffold,3,808,train
scaffold,3,809,train
scaffold,3,810,train
scaffold,3,811,train
scaffold,3,814,train
scaffold,3,816,train
scaffold,3,817,train
scaffold,3,818,train
scaffold,3,819,train
scaffold,3,820,train
scaffold,3,821,train
scaffold,3,822,train
scaffold,3,824,train
scaffold,3,825,train
scaffold,3,826,train
scaffold,3,827,train
scaffold,3,828,train
scaffold,3,829,train
scaffold,3,830,train
scaffold,3,831,train
scaffold,3,832,train
scaffold,3,833,train
scaffold,3,834,train
scaffold,3,835,train
scaffold,3,836,train
scaffold,3,837,train
scaffold,3,838,train
scaffold,3,839,train
scaffold,3,840,train
scaffold,3,841,train
scaffold,3,842,train
scaffold,3,843,train
scaffold,3,844,train
scaffold,3,845,train
scaffold,3,846,train
scaffold,3,847,train
scaffold,3,848,train
scaffold,3,849,train
scaffold,3,850,train
scaffold,3,851,train
scaffold,3,854,train
scaffold,3,855,train
scaffold,3,856,train
scaffold,3,857,train
scaffold,3,858,train
scaffold,3,859,train
scaffold,3,860,train
scaffold,3,861,train
scaffold,3,862,train
scaffold,3,863,train
scaffold,3,864,train
scaffold,3,865,train
scaffold,3,866,train
scaffold,3,867,train
scaffold,3,868,train
scaffold,3,869,train
scaffold,3,870,train
scaffold,3,871,train
scaffold,3,872,train
scaffold,3,873,train
scaffold,3,874,train
scaffold,3,875,train
scaffold,3,876,train
scaffold,3,877,train
scaffold,3,878,train
scaffold,3,879,train
scaffold,3,880,train
scaffold,3,881,train
scaffold,3,882,train
scaffold,3,883,train
scaffold,3,884,train
scaffold,3,885,train
scaffold,3,886,train
scaffold,3,887,train
scaffold,3,889,train
scaffold,3,890,train
scaffold,3,891,train
scaffold,3,892,train
scaffold,3,893,train
scaffold,3,894,train
scaffold,3,895,train
scaffold,3,896,train
scaffold,3,897,train
scaffold,3,898,train
scaffold,3,899,train
scaffold,3,900,train
scaffold,3,901,train
scaffold,3,902,train
scaffold,3,904,train
scaffold,3,905,train
scaffold,3,906,train
scaffold,3,907,train
scaffold,3,908,train
scaffold,3,909,train
scaffold,3,910,train
scaffold,3,911,train
scaffold,3,912,train
scaffold,3,913,train
scaffold,3,914,train
scaffold,3,915,train
scaffold,3,916,train
scaffold,3,917,train
scaffold,3,918,train
scaffold,3,919,train
scaffold,3,920,train
scaffold,3,921,train
scaffold,3,922,train
scaffold,3,923,train
scaffold,3,924,train
scaffold,3,925,train
scaffold,3,926,train
scaffold,3,927,train
scaffold,3,928,train
scaffold,3,929,train
scaffold,3,930,train
scaffold,3,931,train
scaffold,3,932,train
scaffold,3,933,train
scaffold,3,934,train
scaffold,3,935,train
scaffold,3,936,train
scaffold,3,937,train
scaffold,3,938,train
scaffold,3,939,train
scaffold,3,940,train
scaffold,3,941,train
scaffold,3,942,train
scaffold,3,943,train
scaffold,3,944,train
scaffold,3,945,train
scaffold,3,946,train
scaffold,3,947,train
scaffold,3,948,train
scaffold,3,949,train
scaffold,3,950,train
scaffold,3,951,train
scaffold,3,952,train
scaffold,3,953,train
scaffold,3,954,train
scaffold,3,955,train
scaffold,3,956,train
scaffold,3,957,train
scaffold,3,958,train
scaffold,3,959,train
scaffold,3,960,train
scaffold,3,961,train
scaffold,3,962,train
scaffold,3,963,train
scaffold,3,964,train
scaffold,3,965,train
scaffold,3,967,train
scaffold,3,968,train
scaffold,3,969,train
scaffold,3,970,train
scaffold,3,971,train
scaffold,3,972,train
scaffold,3,973,train
scaffold,3,974,train
scaffold,3,975,train
scaffold,3,976,train
scaffold,3,977,train
scaffold,3,978,train
scaffold,3,979,train
scaffold,3,980,train
scaffold,3,981,train
scaffold,3,982,train
scaffold,3,983,train
scaffold,3,984,train
scaffold,3,985,train
scaffold,3,986,train
scaffold,3,987,train
scaffold,3,988,train
scaffold,3,989,train
scaffold,3,990,train
scaffold,3,991,train
scaffold,3,992,train
scaffold,3,993,train
scaffold,3,994,train
scaffold,3,995,train
scaffold,3,996,train
scaffold,3,997,train
scaffold,3,999,train
scaffold,3,1000,train
scaffold,3,1001,train
scaffold,3,1002,train
scaffold,3,1003,train
scaffold,3,1004,train
scaffold,3,1005,train
scaffold,3,1006,train
scaffold,3,1007,train
scaffold,3,1008,train
scaffold,3,1009,train
scaffold,3,1010,train
scaffold,3,1011,train
scaffold,3,1012,train
scaffold,3,1013,train
scaffold,3,1014,train
scaffold,3,1015,train
scaffold,3,1016,train
scaffold,3,1017,train
scaffold,3,1018,train
scaffold,3,1019,train
scaffold,3,1020,train
scaffold,3,1021,train
scaffold,3,1022,train
scaffold,3,1023,train
scaffold,3,1024,train
scaffold,3,1025,train
scaffold,3,1026,train
scaffold,3,1027,train
scaffold,3,1028,train
scaffold,3,1029,train
scaffold,3,1030,train
scaffold,3,1031,train
scaffold,3,1032,train
scaffold,3,1033,train
scaffold,3,1034,train
scaffold,3,1035,train
scaffold,3,1036,train
scaffold,3,1037,train
scaffold,3,1038,train
scaffold,3,1039,train
scaffold,3,1040,train
scaffold,3,1041,train
scaffold,3,1042,train
scaffold,3,1043,train
scaffold,3,1044,train
scaffold,3,1045,train
scaffold,3,1046,train
scaffold,3,1047,train
scaffold,3,1048,train
scaffold,3,1049,train
scaffold,3,1050,train
scaffold,3,1051,train
scaffold,3,1052,train
scaffold,3,1053,train
scaffold,3,1054,train
scaffold,3,1055,train
scaffold,3,1056,train
scaffold,3,1057,train
scaffold,3,1058,train
scaffold,3,1059,train
scaffold,3,1060,train
scaffold,3,1061,train
scaffold,3,1062,train
scaffold,3,1063,train
scaffold,3,1064,train
scaffold,3,1065,train
scaffold,3,1066,train
scaffold,3,1067,train
scaffold,3,1068,train
scaffold,3,1069,train
scaffold,3,1070,train
scaffold,3,1071,train
scaffold,3,1072,train
scaffold,3,1074,train
scaffold,3,1075,train
scaffold,3,1076,train
scaffold,3,1077,train
scaffold,3,1078,train
scaffold,3,1079,train
scaffold,3,1080,train
scaffold,3,1081,train
scaffold,3,1082,train
scaffold,3,1083,train
scaffold,3,1084,train
scaffold,3,1085,train
scaffold,3,1086,train
scaffold,3,1087,train
scaffold,3,1088,train
scaffold,3,1089,train
scaffold,3,1090,train
scaffold,3,1091,train
scaffold,3,1093,train
scaffold,3,1094,train
scaffold,3,1095,train
scaffold,3,1096,train
scaffold,3,1097,train
scaffold,3,1098,train
scaffold,3,1099,train
scaffold,3,1100,train
scaffold,3,1101,train
scaffold,3,1102,train
scaffold,3,1103,train
scaffold,3,1104,train
scaffold,3,1105,train
scaffold,3,1106,train
scaffold,3,1107,train
scaffold,3,1108,train
scaffold,3,1109,train
scaffold,3,1110,train
scaffold,3,1111,train
scaffold,3,1112,train
scaffold,3,1113,train
scaffold,3,1114,train
scaffold,3,1115,train
scaffold,3,1116,train
scaffold,3,1117,train
scaffold,3,1118,train
scaffold,3,1119,train
scaffold,3,1120,train
scaffold,3,1121,train
scaffold,3,1122,train
scaffold,3,1123,train
scaffold,3,1124,train
scaffold,3,1125,train
scaffold,3,1126,train
scaffold,3,1127,train
scaffold,3,1128,train
scaffold,3,1129,train
scaffold,3,1130,train
scaffold,3,1131,train
scaffold,3,1132,train
scaffold,3,1133,train
scaffold,3,1134,train
scaffold,3,1136,train
scaffold,3,1138,train
scaffold,3,1139,train
scaffold,3,1140,train
scaffold,3,1141,train
scaffold,3,1142,train
scaffold,3,1143,train
scaffold,3,1146,train
scaffold,3,1147,train
scaffold,3,1150,train
scaffold,3,1151,train
scaffold,3,1152,train
scaffold,3,1153,train
scaffold,3,1154,train
scaffold,3,1158,train
scaffold,3,1159,train
scaffold,3,1160,train
scaffold,3,1161,train
scaffold,3,1162,train
scaffold,3,1163,train
scaffold,3,1164,train
scaffold,3,1165,train
scaffold,3,1166,train
scaffold,3,1167,train
scaffold,3,1168,train
scaffold,3,1169,train
scaffold,3,1170,train
scaffold,3,1171,train
scaffold,3,1172,train
scaffold,3,1173,train
scaffold,3,1174,train
scaffold,3,1177,train
scaffold,3,1179,train
scaffold,3,1182,train
scaffold,3,1183,train
scaffold,3,1184,train
scaffold,3,1185,train
scaffold,3,1186,train
scaffold,3,1187,train
scaffold,3,1188,train
scaffold,3,1189,train
scaffold,3,1190,train
scaffold,3,1191,train
scaffold,3,1192,train
scaffold,3,1193,train
scaffold,3,1194,train
scaffold,3,1195,train
scaffold,3,1196,train
scaffold,3,1197,train
scaffold,3,1198,train
scaffold,3,1199,train
scaffold,3,1200,train
scaffold,3,1201,train
scaffold,3,1202,train
scaffold,3,1203,train
scaffold,3,1204,train
scaffold,3,1205,train
scaffold,3,1206,train
scaffold,3,1207,train
scaffold,3,1208,train
scaffold,3,1209,train
scaffold,3,1210,train
scaffold,3,1211,train
scaffold,3,1212,train
scaffold,3,1213,train
scaffold,3,1214,train
scaffold,3,1215,train
scaffold,3,1216,train
scaffold,3,1217,train
scaffold,3,1219,train
scaffold,3,1220,train
scaffold,3,1221,train
scaffold,3,1222,train
scaffold,3,1223,train
scaffold,3,1224,train
scaffold,3,1225,train
scaffold,3,1226,train
scaffold,3,1227,train
scaffold,3,1228,train
scaffold,3,1229,train
scaffold,3,1230,train
scaffold,3,1231,train
scaffold,3,1232,train
scaffold,3,1233,train
scaffold,3,1234,train
scaffold,3,1235,train
scaffold,3,1236,train
scaffold,3,1237,train
scaffold,3,1238,train
scaffold,3,1239,train
scaffold,3,1240,train
scaffold,3,1241,train
scaffold,3,1242,train
scaffold,3,1243,train
scaffold,3,1244,train
scaffold,3,1245,train
scaffold,3,1246,train
scaffold,3,1247,train
scaffold,3,1248,train
scaffold,3,1249,train
scaffold,3,1250,train
scaffold,3,1251,train
scaffold,3,1252,train
scaffold,3,1253,train
scaffold,3,1254,train
scaffold,3,1255,train
scaffold,3,1256,train
scaffold,3,1257,train
scaffold,3,1258,train
scaffold,3,1259,train
scaffold,3,1260,train
scaffold,3,1261,train
scaffold,3,1262,train
scaffold,3,1263,train
scaffold,3,1264,train
scaffold,3,1265,train
scaffold,3,1266,train
scaffold,3,1267,train
scaffold,3,1268,train
scaffold,3,1269,train
scaffold,3,1270,train
scaffold,3,1271,train
scaffold,3,1272,train
scaffold,3,1273,train
scaffold,3,1274,train
scaffold,3,1275,train
scaffold,3,1276,train
scaffold,3,1277,train
scaffold,3,1278,train
scaffold,3,1279,train
scaffold,3,1280,train
scaffold,3,1281,train
scaffold,3,1282,train
scaffold,3,1283,train
scaffold,3,1284,train
scaffold,3,1294,train
scaffold,3,1295,train
scaffold,3,1296,train
scaffold,3,1297,train
scaffold,3,1298,train
scaffold,3,1299,train
scaffold,3,1300,train
scaffold,3,1301,train
scaffold,3,1302,train
scaffold,3,1303,train
scaffold,3,1304,train
scaffold,3,1305,train
scaffold,3,1306,train
scaffold,3,1307,train
scaffold,3,1308,train
scaffold,3,1309,train
scaffold,3,1310,train
scaffold,3,1311,train
scaffold,3,1312,train
scaffold,3,1314,train
scaffold,3,1315,train
scaffold,3,1316,train
scaffold,3,1317,train
scaffold,3,1318,train
scaffold,3,1319,train
scaffold,3,1320,train
scaffold,3,1321,train
scaffold,3,1322,train
scaffold,3,1323,train
scaffold,3,1324,train
scaffold,3,1325,train
scaffold,3,1326,train
scaffold,3,1327,train
scaffold,3,1328,train
scaffold,3,1329,train
scaffold,3,1330,train
scaffold,3,1331,train
scaffold,3,1332,train
scaffold,3,1333,train
scaffold,3,1334,train
scaffold,3,1335,train
scaffold,3,1336,train
scaffold,3,1337,train
scaffold,3,1338,train
scaffold,3,1339,train
scaffold,3,1340,train
scaffold,3,1341,train
scaffold,3,1342,train
scaffold,3,1343,train
scaffold,3,1344,train
scaffold,3,1345,train
scaffold,3,1346,train
scaffold,3,1347,train
scaffold,3,1348,train
scaffold,3,1349,train
scaffold,3,1350,train
scaffold,3,1351,train
scaffold,3,1352,train
scaffold,3,1353,train
scaffold,3,1354,train
scaffold,3,1355,train
scaffold,3,1356,train
scaffold,3,1357,train
scaffold,3,1358,train
scaffold,3,1359,train
scaffold,3,1360,train
scaffold,3,1361,train
scaffold,3,1362,train
scaffold,3,1363,train
scaffold,3,1364,train
scaffold,3,1365,train
scaffold,3,1366,train
scaffold,3,1367,train
scaffold,3,1368,train
scaffold,3,1369,train
scaffold,3,1370,train
scaffold,3,1371,train
scaffold,3,1372,train
scaffold,3,1373,train
scaffold,3,1374,train
scaffold,3,1376,train
scaffold,3,1377,train
scaffold,3,1378,train
scaffold,3,1379,train
scaffold,3,1380,train
scaffold,3,1381,train
scaffold,3,1382,train
scaffold,3,1383,train
scaffold,3,1384,train
scaffold,3,1385,train
scaffold,3,1386,train
scaffold,3,1387,train
scaffold,3,1388,train
scaffold,3,1389,train
scaffold,3,1390,train
scaffold,3,1391,train
scaffold,3,1392,train
scaffold,3,1393,train
scaffold,3,1394,train
scaffold,3,1395,train
scaffold,3,1396,train
scaffold,3,1397,train
scaffold,3,1398,train
scaffold,3,1399,train
scaffold,3,1400,train
scaffold,3,1401,train
scaffold,3,1402,train
scaffold,3,1403,train
scaffold,3,1404,train
scaffold,3,1405,train
scaffold,3,1406,train
scaffold,3,1407,train
scaffold,3,1408,train
scaffold,3,1409,train
scaffold,3,1410,train
scaffold,3,1413,train
scaffold,3,1415,train
scaffold,3,1419,train
scaffold,3,1420,train
scaffold,3,1423,train
scaffold,3,1424,train
scaffold,3,1425,train
scaffold,3,1426,train
scaffold,3,1427,train
scaffold,3,1428,train
scaffold,3,1429,train
scaffold,3,1430,train
scaffold,3,1431,train
scaffold,3,1432,train
scaffold,3,1433,train
scaffold,3,1434,train
scaffold,3,1435,train
scaffold,3,1436,train
scaffold,3,1437,train
scaffold,3,1438,train
scaffold,3,1439,train
scaffold,3,1440,train
scaffold,3,1441,train
scaffold,3,1442,train
scaffold,3,1443,train
scaffold,3,1444,train
scaffold,3,1445,train
scaffold,3,1446,train
scaffold,3,1447,train
scaffold,3,1450,train
scaffold,3,1451,train
scaffold,3,1452,train
scaffold,3,1454,train
scaffold,3,1455,train
scaffold,3,1456,train
scaffold,3,1457,train
scaffold,3,1458,train
scaffold,3,1459,train
scaffold,3,1460,train
scaffold,3,1461,train
scaffold,3,1462,train
scaffold,3,1463,train
scaffold,3,1464,train
scaffold,3,1465,train
scaffold,3,1466,train
scaffold,3,1467,train
scaffold,3,1468,train
scaffold,3,1469,train
scaffold,3,1470,train
scaffold,3,1471,train
scaffold,3,1472,train
scaffold,3,1473,train
scaffold,3,1474,train
scaffold,3,1475,train
scaffold,3,1476,train
scaffold,3,1477,train
scaffold,3,1478,train
scaffold,3,1479,train
scaffold,3,1480,train
scaffold,3,1481,train
scaffold,3,1482,train
scaffold,3,1483,train
scaffold,3,1484,train
scaffold,3,1485,train
scaffold,3,1486,train
scaffold,3,1487,train
scaffold,3,1488,train
scaffold,3,1489,train
scaffold,3,1490,train
scaffold,3,1491,train
scaffold,3,1492,train
scaffold,3,1493,train
scaffold,3,1494,train
scaffold,3,1495,train
scaffold,3,1496,train
scaffold,3,1497,train
scaffold,3,1498,train
scaffold,3,1499,train
scaffold,3,1500,train
scaffold,3,1501,train
scaffold,3,1502,train
scaffold,3,1503,train
scaffold,3,1504,train
scaffold,3,1506,train
scaffold,3,1507,train
scaffold,3,1508,train
scaffold,3,1509,train
scaffold,3,1510,train
scaffold,3,1512,train
scaffold,3,1513,train
scaffold,3,1514,train
scaffold,3,1515,train
scaffold,3,1516,train
scaffold,3,1517,train
scaffold,3,1519,train
scaffold,3,1520,train
scaffold,3,1521,train
scaffold,3,1522,train
scaffold,3,1523,train
scaffold,3,1524,train
scaffold,3,1525,train
scaffold,3,1527,train
scaffold,3,1528,train
scaffold,3,1529,train
scaffold,3,1530,train
scaffold,3,1531,train
scaffold,3,1532,train
scaffold,3,1533,train
scaffold,3,1534,train
scaffold,3,1535,train
scaffold,3,1536,train
scaffold,3,1537,train
scaffold,3,1539,train
scaffold,3,1540,train
scaffold,3,1541,train
scaffold,3,1542,train
scaffold,3,1543,train
scaffold,3,1544,train
scaffold,3,1545,train
scaffold,3,1546,train
scaffold,3,1547,train
scaffold,3,1548,train
scaffold,3,1549,train
scaffold,3,1550,train
scaffold,3,1551,train
scaffold,3,1552,train
scaffold,3,1553,train
scaffold,3,1554,train
scaffold,3,1555,train
scaffold,3,1556,train
scaffold,3,1557,train
scaffold,3,1558,train
scaffold,3,1560,train
scaffold,3,1561,train
scaffold,3,1562,train
scaffold,3,1563,train
scaffold,3,1564,train
scaffold,3,1565,train
scaffold,3,1566,train
scaffold,3,1567,train
scaffold,3,1568,train
scaffold,3,1569,train
scaffold,3,1570,train
scaffold,3,1571,train
scaffold,3,1572,train
scaffold,3,1573,train
scaffold,3,1574,train
scaffold,3,1575,train
scaffold,3,1576,train
scaffold,3,1577,train
scaffold,3,1578,train
scaffold,3,1579,train
scaffold,3,1581,train
scaffold,3,1582,train
scaffold,3,1583,train
scaffold,3,1584,train
scaffold,3,1585,train
scaffold,3,1586,train
scaffold,3,1587,train
scaffold,3,1588,train
scaffold,3,1589,train
scaffold,3,1590,train
scaffold,3,1591,train
scaffold,3,1592,train
scaffold,3,1594,train
scaffold,3,1597,train
scaffold,3,1598,train
scaffold,3,1600,train
scaffold,3,1601,train
scaffold,3,1602,train
scaffold,3,1603,train
scaffold,3,1604,train
scaffold,3,1605,train
scaffold,3,1606,train
scaffold,3,1607,train
scaffold,3,1608,train
scaffold,3,1609,train
scaffold,3,1610,train
scaffold,3,1611,train
scaffold,3,1612,train
scaffold,3,1613,train
scaffold,3,1614,train
scaffold,3,1615,train
scaffold,3,1616,train
scaffold,3,1617,train
scaffold,3,1618,train
scaffold,3,1619,train
scaffold,3,1620,train
scaffold,3,1621,train
scaffold,3,1622,train
scaffold,3,1623,train
scaffold,3,1624,train
scaffold,3,1625,train
scaffold,3,1626,train
scaffold,3,1629,train
scaffold,3,1633,train
scaffold,3,1634,train
scaffold,3,1635,train
scaffold,3,1636,train
scaffold,3,1637,train
scaffold,3,1639,train
scaffold,3,1640,train
scaffold,3,1641,train
scaffold,3,1642,train
scaffold,3,1643,train
scaffold,3,1644,train
scaffold,3,1645,train
scaffold,3,1646,train
scaffold,3,1647,train
scaffold,3,1648,train
scaffold,3,1649,train
scaffold,3,1650,train
scaffold,3,1651,train
scaffold,3,1652,train
scaffold,3,1653,train
scaffold,3,1654,train
scaffold,3,1655,train
scaffold,3,1656,train
scaffold,3,1657,train
scaffold,3,1658,train
scaffold,3,1659,train
scaffold,3,1660,train
scaffold,3,1661,train
scaffold,3,1663,train
scaffold,3,1665,train
scaffold,3,1666,train
scaffold,3,1667,train
scaffold,3,1668,train
scaffold,3,1669,train
scaffold,3,1671,train
scaffold,3,1672,train
scaffold,3,1673,train
scaffold,3,1674,train
scaffold,3,1675,train
scaffold,3,1676,train
scaffold,3,1677,train
scaffold,3,1679,train
scaffold,3,1680,train
scaffold,3,1681,train
scaffold,3,1682,train
scaffold,3,1683,train
scaffold,3,1684,train
scaffold,3,1685,train
scaffold,3,1686,train
scaffold,3,1687,train
scaffold,3,1688,train
scaffold,3,1689,train
scaffold,3,1690,train
scaffold,3,1691,train
scaffold,3,1692,train
scaffold,3,1693,train
scaffold,3,1694,train
scaffold,3,1695,train
scaffold,3,1696,train
scaffold,3,1697,train
scaffold,3,1698,train
scaffold,3,1699,train
scaffold,3,1703,train
scaffold,3,1704,train
scaffold,3,1705,train
scaffold,3,1710,train
scaffold,3,1711,train
scaffold,3,1712,train
scaffold,3,1713,train
scaffold,3,1714,train
scaffold,3,1715,train
scaffold,3,1716,train
scaffold,3,1717,train
scaffold,3,1722,train
scaffold,3,1723,train
scaffold,3,1724,train
scaffold,3,1725,train
scaffold,3,1726,train
scaffold,3,1727,train
scaffold,3,1728,train
scaffold,3,1729,train
scaffold,3,1730,train
scaffold,3,1731,train
scaffold,3,1732,train
scaffold,3,1733,train
scaffold,3,1734,train
scaffold,3,1735,train
scaffold,3,1739,train
scaffold,3,1740,train
scaffold,3,1741,train
scaffold,3,1742,train
scaffold,3,1743,train
scaffold,3,1744,train
scaffold,3,1746,train
scaffold,3,1747,train
scaffold,3,1748,train
scaffold,3,1749,train
scaffold,3,1750,train
scaffold,3,1751,train
scaffold,3,1752,train
scaffold,3,1753,train
scaffold,3,1754,train
scaffold,3,1755,train
scaffold,3,1756,train
scaffold,3,1757,train
scaffold,3,1758,train
scaffold,3,1759,train
scaffold,3,1760,train
scaffold,3,1761,train
scaffold,3,1762,train
scaffold,3,1763,train
scaffold,3,1764,train
scaffold,3,1765,train
scaffold,3,1766,train
scaffold,3,1767,train
scaffold,3,1768,train
scaffold,3,1769,train
scaffold,3,1770,train
scaffold,3,1771,train
scaffold,3,1773,train
scaffold,3,1774,train
scaffold,3,1775,train
scaffold,3,1776,train
scaffold,3,1777,train
scaffold,3,1778,train
scaffold,3,1779,train
scaffold,3,1780,train
scaffold,3,1781,train
scaffold,3,1783,train
scaffold,3,1784,train
scaffold,3,1785,train
scaffold,3,1786,train
scaffold,3,1787,train
scaffold,3,1788,train
scaffold,3,1789,train
scaffold,3,1790,train
scaffold,3,1791,train
scaffold,3,1792,train
scaffold,3,1793,train
scaffold,3,1794,train
scaffold,3,1795,train
scaffold,3,1796,train
scaffold,3,1797,train
scaffold,3,1798,train
scaffold,3,1799,train
scaffold,3,1800,train
scaffold,3,1801,train
scaffold,3,1802,train
scaffold,3,1803,train
scaffold,3,1804,train
scaffold,3,1805,train
scaffold,3,1806,train
scaffold,3,1807,train
scaffold,3,1808,train
scaffold,3,1809,train
scaffold,3,1810,train
scaffold,3,1811,train
scaffold,3,1812,train
scaffold,3,1813,train
scaffold,3,1814,train
scaffold,3,1815,train
scaffold,3,1816,train
scaffold,3,1817,train
scaffold,3,1818,train
scaffold,3,1819,train
scaffold,3,1820,train
scaffold,3,1821,train
scaffold,3,1822,train
scaffold,3,1823,train
scaffold,3,1824,train
scaffold,3,1825,train
scaffold,3,1826,train
scaffold,3,1827,train
scaffold,3,1828,train
scaffold,3,1829,train
scaffold,3,1830,train
scaffold,3,1831,train
scaffold,3,1832,train
scaffold,3,1833,train
scaffold,3,1835,train
scaffold,3,1836,train
scaffold,3,1837,train
scaffold,3,1838,train
scaffold,3,1839,train
scaffold,3,1840,train
scaffold,3,1841,train
scaffold,3,1842,train
scaffold,3,1843,train
scaffold,3,1844,train
scaffold,3,1845,train
scaffold,3,1846,train
scaffold,3,1847,train
scaffold,3,1848,train
scaffold,3,1849,train
scaffold,3,1850,train
scaffold,3,1851,train
scaffold,3,1852,train
scaffold,3,1853,train
scaffold,3,1855,train
scaffold,3,1856,train
scaffold,3,1857,train
scaffold,3,1858,train
scaffold,3,1859,train
scaffold,3,1860,train
scaffold,3,1861,train
scaffold,3,1864,train
scaffold,3,1866,train
scaffold,3,1867,train
scaffold,3,1868,train
scaffold,3,1869,train
scaffold,3,1870,train
scaffold,3,1871,train
scaffold,3,1872,train
scaffold,3,1873,train
scaffold,3,1874,train
scaffold,3,1875,train
scaffold,3,1876,train
scaffold,3,1877,train
scaffold,3,1878,train
scaffold,3,1879,train
scaffold,3,1880,train
scaffold,3,1881,train
scaffold,3,1882,train
scaffold,3,1883,train
scaffold,3,1884,train
scaffold,3,1885,train
scaffold,3,1886,train
scaffold,3,1887,train
scaffold,3,1888,train
scaffold,3,1889,train
scaffold,3,1891,train
scaffold,3,1892,train
scaffold,3,1893,train
scaffold,3,1897,train
scaffold,3,1898,train
scaffold,3,1900,train
scaffold,3,1901,train
scaffold,3,1902,train
scaffold,3,1903,train
scaffold,3,1904,train
scaffold,3,1905,train
scaffold,3,1906,train
scaffold,3,1907,train
scaffold,3,1908,train
scaffold,3,1909,train
scaffold,3,1910,train
scaffold,3,0,test
scaffold,3,34,test
scaffold,3,36,test
scaffold,3,38,test
scaffold,3,44,test
scaffold,3,50,test
scaffold,3,56,test
scaffold,3,57,test
scaffold,3,61,test
scaffold,3,62,test
scaffold,3,108,test
scaffold,3,146,test
scaffold,3,147,test
scaffold,3,148,test
scaffold,3,149,test
scaffold,3,150,test
scaffold,3,151,test
scaffold,3,152,test
scaffold,3,153,test
scaffold,3,154,test
scaffold,3,157,test
scaffold,3,158,test
scaffold,3,159,test
scaffold,3,160,test
scaffold,3,161,test
scaffold,3,162,test
scaffold,3,195,test
scaffold,3,199,test
scaffold,3,203,test
scaffold,3,204,test
scaffold,3,218,test
scaffold,3,225,test
scaffold,3,227,test
scaffold,3,228,test
scaffold,3,229,test
scaffold,3,230,test
scaffold,3,231,test
scaffold,3,232,test
scaffold,3,252,test
scaffold,3,262,test
scaffold,3,264,test
scaffold,3,279,test
scaffold,3,286,test
scaffold,3,287,test
scaffold,3,288,test
scaffold,3,291,test
scaffold,3,292,test
scaffold,3,331,test
scaffold,3,332,test
scaffold,3,408,test
scaffold,3,419,test
scaffold,3,426,test
scaffold,3,427,test
scaffold,3,428,test
scaffold,3,429,test
scaffold,3,430,test
scaffold,3,433,test
scaffold,3,438,test
scaffold,3,448,test
scaffold,3,482,test
scaffold,3,484,test
scaffold,3,485,test
scaffold,3,487,test
scaffold,3,489,test
scaffold,3,492,test
scaffold,3,509,test
scaffold,3,510,test
scaffold,3,511,test
scaffold,3,513,test
scaffold,3,514,test
scaffold,3,515,test
scaffold,3,529,test
scaffold,3,530,test
scaffold,3,531,test
scaffold,3,532,test
scaffold,3,632,test
scaffold,3,649,test
scaffold,3,651,test
scaffold,3,652,test
scaffold,3,654,test
scaffold,3,656,test
scaffold,3,657,test
scaffold,3,659,test
scaffold,3,660,test
scaffold,3,662,test
scaffold,3,663,test
scaffold,3,664,test
scaffold,3,665,test
scaffold,3,666,test
scaffold,3,667,test
scaffold,3,668,test
scaffold,3,669,test
scaffold,3,754,test
scaffold,3,803,test
scaffold,3,812,test
scaffold,3,813,test
scaffold,3,815,test
scaffold,3,823,test
scaffold,3,852,test
scaffold,3,853,test
scaffold,3,888,test
scaffold,3,903,test
scaffold,3,966,test
scaffold,3,998,test
scaffold,3,1073,test
scaffold,3,1092,test
scaffold,3,1135,test
scaffold,3,1137,test
scaffold,3,1144,test
scaffold,3,1145,test
scaffold,3,1148,test
scaffold,3,1149,test
scaffold,3,1155,test
scaffold,3,1156,test
scaffold,3,1157,test
scaffold,3,1175,test
scaffold,3,1176,test
scaffold,3,1178,test
scaffold,3,1180,test
scaffold,3,1181,test
scaffold,3,1218,test
scaffold,3,1285,test
scaffold,3,1286,test
scaffold,3,1287,test
scaffold,3,1288,test
scaffold,3,1289,test
scaffold,3,1290,test
scaffold,3,1291,test
scaffold,3,1292,test
scaffold,3,1293,test
scaffold,3,1313,test
scaffold,3,1375,test
scaffold,3,1411,test
scaffold,3,1412,test
scaffold,3,1414,test
scaffold,3,1416,test
scaffold,3,1417,test
scaffold,3,1418,test
scaffold,3,1421,test
scaffold,3,1422,test
scaffold,3,1448,test
scaffold,3,1449,test
scaffold,3,1453,test
scaffold,3,1505,test
scaffold,3,1511,test
scaffold,3,1518,test
scaffold,3,1526,test
scaffold,3,1538,test
scaffold,3,1559,test
scaffold,3,1580,test
scaffold,3,1593,test
scaffold,3,1595,test
scaffold,3,1596,test
scaffold,3,1599,test
scaffold,3,1627,test
scaffold,3,1628,test
scaffold,3,1630,test
scaffold,3,1631,test
scaffold,3,1632,test
scaffold,3,1638,test
scaffold,3,1662,test
scaffold,3,1664,test
scaffold,3,1670,test
scaffold,3,1678,test
scaffold,3,1700,test
scaffold,3,1701,test
scaffold,3,1702,test
scaffold,3,1706,test
scaffold,3,1707,test
scaffold,3,1708,test
scaffold,3,1709,test
scaffold,3,1718,test
scaffold,3,1719,test
scaffold,3,1720,test
scaffold,3,1721,test
scaffold,3,1736,test
scaffold,3,1737,test
scaffold,3,1738,test
scaffold,3,1745,test
scaffold,3,1772,test
scaffold,3,1782,test
scaffold,3,1834,test
scaffold,3,1854,test
scaffold,3,1862,test
scaffold,3,1863,test
scaffold,3,1865,test
scaffold,3,1890,test
scaffold,3,1894,test
scaffold,3,1895,test
scaffold,3,1896,test
scaffold,3,1899,test
scaffold,4,0,train
scaffold,4,1,train
scaffold,4,2,train
scaffold,4,3,train
scaffold,4,4,train
scaffold,4,5,train
scaffold,4,6,train
scaffold,4,7,train
scaffold,4,8,train
scaffold,4,9,train
scaffold,4,10,train
scaffold,4,11,train
scaffold,4,12,train
scaffold,4,13,train
scaffold,4,14,train
scaffold,4,15,train
scaffold,4,16,train
scaffold,4,17,train
scaffold,4,18,train
scaffold,4,19,train
scaffold,4,20,train
scaffold,4,21,train
scaffold,4,22,train
scaffold,4,23,train
scaffold,4,24,train
scaffold,4,25,train
scaffold,4,26,train
scaffold,4,27,train
scaffold,4,29,train
scaffold,4,30,train
scaffold,4,31,train
scaffold,4,32,train
scaffold,4,33,train
scaffold,4,34,train
scaffold,4,36,train
scaffold,4,38,train
scaffold,4,41,train
scaffold,4,42,train
scaffold,4,43,train
scaffold,4,44,train
scaffold,4,45,train
scaffold,4,46,train
scaffold,4,47,train
scaffold,4,48,train
scaffold,4,49,train
scaffold,4,50,train
scaffold,4,51,train
scaffold,4,52,train
scaffold,4,53,train
scaffold,4,54,train
scaffold,4,55,train
scaffold,4,56,train
scaffold,4,57,train
scaffold,4,58,train
scaffold,4,59,train
scaffold,4,60,train
scaffold,4,61,train
scaffold,4,62,train
scaffold,4,63,train
scaffold,4,64,train
scaffold,4,65,train
scaffold,4,66,train
scaffold,4,67,train
scaffold,4,68,train
scaffold,4,69,train
scaffold,4,70,train
scaffold,4,71,train
scaffold,4,72,train
scaffold,4,73,train
scaffold,4,74,train
scaffold,4,75,train
scaffold,4,76,train
scaffold,4,77,train
scaffold,4,78,train
scaffold,4,79,train
scaffold,4,80,train
scaffold,4,81,train
scaffold,4,82,train
scaffold,4,83,train
scaffold,4,84,train
scaffold,4,85,train
scaffold,4,86,train
scaffold,4,87,train
scaffold,4,88,train
scaffold,4,89,train
scaffold,4,90,train
scaffold,4,91,train
scaffold,4,92,train
scaffold,4,93,train
scaffold,4,94,train
scaffold,4,95,train
scaffold,4,96,train
scaffold,4,97,train
scaffold,4,98,train
scaffold,4,99,train
scaffold,4,100,train
scaffold,4,101,train
scaffold,4,102,train
scaffold,4,103,train
scaffold,4,104,train
scaffold,4,105,train
scaffold,4,107,train
scaffold,4,108,train
scaffold,4,109,train
scaffold,4,110,train
scaffold,4,111,train
scaffold,4,112,train
scaffold,4,113,train
scaffold,4,114,train
scaffold,4,115,train
scaffold,4,116,train
scaffold,4,117,train
scaffold,4,118,train
scaffold,4,119,train
scaffold,4,120,train
scaffold,4,121,train
scaffold,4,122,train
scaffold,4,123,train
scaffold,4,124,train
scaffold,4,125,train
scaffold,4,126,train
scaffold,4,127,train
scaffold,4,128,train
scaffold,4,129,train
scaffold,4,130,train
scaffold,4,131,train
scaffold,4,132,train
scaffold,4,133,train
scaffold,4,134,train
scaffold,4,135,train
scaffold,4,136,train
scaffold,4,137,train
scaffold,4,138,train
scaffold,4,139,train
scaffold,4,140,train
scaffold,4,141,train
scaffold,4,143,train
scaffold,4,144,train
scaffold,4,145,train
scaffold,4,146,train
scaffold,4,147,train
scaffold,4,148,train
scaffold,4,149,train
scaffold,4,150,train
scaffold,4,151,train
scaffold,4,152,train
scaffold,4,153,train
scaffold,4,154,train
scaffold,4,155,train
scaffold,4,156,train
scaffold,4,157,train
scaffold,4,158,train
scaffold,4,159,train
scaffold,4,160,train
scaffold,4,161,train
scaffold,4,162,train
scaffold,4,163,train
scaffold,4,164,train
scaffold,4,165,train
scaffold,4,166,train
scaffold,4,167,train
scaffold,4,168,train
scaffold,4,169,train
scaffold,4,170,train
scaffold,4,171,train
scaffold,4,172,train
scaffold,4,173,train
scaffold,4,174,train
scaffold,4,175,train
scaffold,4,176,train
scaffold,4,177,train
scaffold,4,178,train
scaffold,4,179,train
scaffold,4,180,train
scaffold,4,181,train
scaffold,4,182,train
scaffold,4,183,train
scaffold,4,184,train
scaffold,4,185,train
scaffold,4,186,train
scaffold,4,187,train
scaffold,4,188,train
scaffold,4,189,train
scaffold,4,190,train
scaffold,4,192,train
scaffold,4,193,train
scaffold,4,194,train
scaffold,4,195,train
scaffold,4,196,train
scaffold,4,197,train
scaffold,4,198,train
scaffold,4,199,train
scaffold,4,200,train
scaffold,4,202,train
scaffold,4,203,train
scaffold,4,204,train
scaffold,4,205,train
scaffold,4,206,train
scaffold,4,207,train
scaffold,4,208,train
scaffold,4,209,train
scaffold,4,210,train
scaffold,4,211,train
scaffold,4,212,train
scaffold,4,213,train
scaffold,4,214,train
scaffold,4,215,train
scaffold,4,216,train
scaffold,4,217,train
scaffold,4,218,train
scaffold,4,219,train
scaffold,4,220,train
scaffold,4,221,train
scaffold,4,222,train
scaffold,4,223,train
scaffold,4,224,train
scaffold,4,225,train
scaffold,4,226,train
scaffold,4,227,train
scaffold,4,228,train
scaffold,4,229,train
scaffold,4,230,train
scaffold,4,231,train
scaffold,4,232,train
scaffold,4,235,train
scaffold,4,238,train
scaffold,4,240,train
scaffold,4,241,train
scaffold,4,244,train
scaffold,4,246,train
scaffold,4,247,train
scaffold,4,248,train
scaffold,4,249,train
scaffold,4,250,train
scaffold,4,251,train
scaffold,4,252,train
scaffold,4,253,train
scaffold,4,254,train
scaffold,4,255,train
scaffold,4,256,train
scaffold,4,258,train
scaffold,4,259,train
scaffold,4,260,train
scaffold,4,261,train
scaffold,4,262,train
scaffold,4,263,train
scaffold,4,264,train
scaffold,4,265,train
scaffold,4,266,train
scaffold,4,267,train
scaffold,4,269,train
scaffold,4,270,train
scaffold,4,271,train
scaffold,4,272,train
scaffold,4,273,train
scaffold,4,274,train
scaffold,4,275,train
scaffold,4,276,train
scaffold,4,277,train
scaffold,4,279,train
scaffold,4,280,train
scaffold,4,281,train
scaffold,4,282,train
scaffold,4,283,train
scaffold,4,284,train
scaffold,4,285,train
scaffold,4,286,train
scaffold,4,287,train
scaffold,4,288,train
scaffold,4,291,train
scaffold,4,292,train
scaffold,4,294,train
scaffold,4,295,train
scaffold,4,296,train
scaffold,4,297,train
scaffold,4,298,train
scaffold,4,299,train
scaffold,4,300,train
scaffold,4,301,train
scaffold,4,302,train
scaffold,4,303,train
scaffold,4,304,train
scaffold,4,305,train
scaffold,4,306,train
scaffold,4,307,train
scaffold,4,308,train
scaffold,4,309,train
scaffold,4,310,train
scaffold,4,311,train
scaffold,4,312,train
scaffold,4,313,train
scaffold,4,314,train
scaffold,4,315,train
scaffold,4,316,train
scaffold,4,317,train
scaffold,4,318,train
scaffold,4,319,train
scaffold,4,320,train
scaffold,4,321,train
scaffold,4,322,train
scaffold,4,323,train
scaffold,4,324,train
scaffold,4,325,train
scaffold,4,326,train
scaffold,4,327,train
scaffold,4,328,train
scaffold,4,329,train
scaffold,4,330,train
scaffold,4,331,train
scaffold,4,332,train
scaffold,4,333,train
scaffold,4,334,train
scaffold,4,335,train
scaffold,4,336,train
scaffold,4,337,train
scaffold,4,338,train
scaffold,4,339,train
scaffold,4,340,train
scaffold,4,341,train
scaffold,4,342,train
scaffold,4,343,train
scaffold,4,344,train
scaffold,4,352,train
scaffold,4,353,train
scaffold,4,357,train
scaffold,4,362,train
scaffold,4,370,train
scaffold,4,371,train
scaffold,4,372,train
scaffold,4,373,train
scaffold,4,374,train
scaffold,4,375,train
scaffold,4,376,train
scaffold,4,377,train
scaffold,4,378,train
scaffold,4,379,train
scaffold,4,380,train
scaffold,4,381,train
scaffold,4,382,train
scaffold,4,383,train
scaffold,4,386,train
scaffold,4,387,train
scaffold,4,389,train
scaffold,4,390,train
scaffold,4,391,train
scaffold,4,392,train
scaffold,4,393,train
scaffold,4,395,train
scaffold,4,396,train
scaffold,4,397,train
scaffold,4,398,train
scaffold,4,399,train
scaffold,4,400,train
scaffold,4,401,train
scaffold,4,402,train
scaffold,4,404,train
scaffold,4,405,train
scaffold,4,406,train
scaffold,4,407,train
scaffold,4,408,train
scaffold,4,409,train
scaffold,4,410,train
scaffold,4,411,train
scaffold,4,412,train
scaffold,4,413,train
scaffold,4,414,train
scaffold,4,415,train
scaffold,4,416,train
scaffold,4,417,train
scaffold,4,418,train
scaffold,4,419,train
scaffold,4,420,train
scaffold,4,421,train
scaffold,4,422,train
scaffold,4,423,train
scaffold,4,424,train
scaffold,4,425,train
scaffold,4,426,train
scaffold,4,427,train
scaffold,4,428,train
scaffold,4,429,train
scaffold,4,430,train
scaffold,4,431,train
scaffold,4,432,train
scaffold,4,433,train
scaffold,4,435,train
scaffold,4,436,train
scaffold,4,437,train
scaffold,4,438,train
scaffold,4,439,train
scaffold,4,440,train
scaffold,4,441,train
scaffold,4,442,train
scaffold,4,443,train
scaffold,4,444,train
scaffold,4,445,train
scaffold,4,446,train
scaffold,4,447,train
scaffold,4,448,train
scaffold,4,449,train
scaffold,4,450,train
scaffold,4,451,train
scaffold,4,453,train
scaffold,4,454,train
scaffold,4,455,train
scaffold,4,456,train
scaffold,4,457,train
scaffold,4,458,train
scaffold,4,459,train
scaffold,4,460,train
scaffold,4,461,train
scaffold,4,462,train
scaffold,4,463,train
scaffold,4,464,train
scaffold,4,465,train
scaffold,4,466,train
scaffold,4,467,train
scaffold,4,468,train
scaffold,4,469,train
scaffold,4,470,train
scaffold,4,471,train
scaffold,4,472,train
scaffold,4,474,train
scaffold,4,475,train
scaffold,4,476,train
scaffold,4,477,train
scaffold,4,478,train
scaffold,4,479,train
scaffold,4,480,train
scaffold,4,481,train
scaffold,4,482,train
scaffold,4,483,train
scaffold,4,484,train
scaffold,4,485,train
scaffold,4,486,train
scaffold,4,487,train
scaffold,4,488,train
scaffold,4,489,train
scaffold,4,490,train
scaffold,4,491,train
scaffold,4,492,train
scaffold,4,493,train
scaffold,4,494,train
scaffold,4,495,train
scaffold,4,496,train
scaffold,4,497,train
scaffold,4,498,train
scaffold,4,499,train
scaffold,4,500,train
scaffold,4,501,train
scaffold,4,502,train
scaffold,4,503,train
scaffold,4,504,train
scaffold,4,505,train
scaffold,4,506,train
scaffold,4,507,train
scaffold,4,508,train
scaffold,4,509,train
scaffold,4,510,train
scaffold,4,511,train
scaffold,4,512,train
scaffold,4,513,train
scaffold,4,514,train
scaffold,4,515,train
scaffold,4,516,train
scaffold,4,517,train
scaffold,4,518,train
scaffold,4,519,train
scaffold,4,520,train
scaffold,4,521,train
scaffold,4,522,train
scaffold,4,523,train
scaffold,4,524,train
scaffold,4,525,train
scaffold,4,526,train
scaffold,4,527,train
scaffold,4,528,train
scaffold,4,529,train
scaffold,4,530,train
scaffold,4,531,train
scaffold,4,532,train
scaffold,4,533,train
scaffold,4,534,train
scaffold,4,535,train
scaffold,4,536,train
scaffold,4,537,train
scaffold,4,538,train
scaffold,4,539,train
scaffold,4,540,train
scaffold,4,541,train
scaffold,4,542,train
scaffold,4,543,train
scaffold,4,544,train
scaffold,4,545,train
scaffold,4,546,train
scaffold,4,547,train
scaffold,4,548,train
scaffold,4,549,train
scaffold,4,550,train
scaffold,4,551,train
scaffold,4,552,train
scaffold,4,553,train
scaffold,4,554,train
scaffold,4,555,train
scaffold,4,556,train
scaffold,4,557,train
scaffold,4,558,train
scaffold,4,559,train
scaffold,4,560,train
scaffold,4,561,train
scaffold,4,562,train
scaffold,4,563,train
scaffold,4,564,train
scaffold,4,565,train
scaffold,4,566,train
scaffold,4,567,train
scaffold,4,568,train
scaffold,4,569,train
scaffold,4,570,train
scaffold,4,571,train
scaffold,4,572,train
scaffold,4,573,train
scaffold,4,574,train
scaffold,4,575,train
scaffold,4,576,train
scaffold,4,577,train
scaffold,4,578,train
scaffold,4,579,train
scaffold,4,580,train
scaffold,4,581,train
scaffold,4,582,train
scaffold,4,583,train
scaffold,4,584,train
scaffold,4,585,train
scaffold,4,586,train
scaffold,4,588,train
scaffold,4,589,train
scaffold,4,590,train
scaffold,4,591,train
scaffold,4,592,train
scaffold,4,593,train
scaffold,4,594,train
scaffold,4,595,train
scaffold,4,596,train
scaffold,4,597,train
scaffold,4,598,train
scaffold,4,599,train
scaffold,4,603,train
scaffold,4,605,train
scaffold,4,607,train
scaffold,4,609,train
scaffold,4,611,train
scaffold,4,613,train
scaffold,4,615,train
scaffold,4,617,train
scaffold,4,619,train
scaffold,4,621,train
scaffold,4,623,train
scaffold,4,625,train
scaffold,4,626,train
scaffold,4,627,train
scaffold,4,628,train
scaffold,4,629,train
scaffold,4,630,train
scaffold,4,631,train
scaffold,4,632,train
scaffold,4,633,train
scaffold,4,634,train
scaffold,4,635,train
scaffold,4,636,train
scaffold,4,637,train
scaffold,4,638,train
scaffold,4,639,train
scaffold,4,640,train
scaffold,4,641,train
scaffold,4,642,train
scaffold,4,643,train
scaffold,4,646,train
scaffold,4,647,train
scaffold,4,648,train
scaffold,4,649,train
scaffold,4,651,train
scaffold,4,652,train
scaffold,4,653,train
scaffold,4,654,train
scaffold,4,655,train
scaffold,4,656,train
scaffold,4,657,train
scaffold,4,658,train
scaffold,4,659,train
scaffold,4,660,train
scaffold,4,661,train
scaffold,4,662,train
scaffold,4,663,train
scaffold,4,664,train
scaffold,4,665,train
scaffold,4,666,train
scaffold,4,667,train
scaffold,4,668,train
scaffold,4,669,train
scaffold,4,670,train
scaffold,4,671,train
scaffold,4,672,train
scaffold,4,673,train
scaffold,4,674,train
scaffold,4,675,train
scaffold,4,676,train
scaffold,4,677,train
scaffold,4,681,train
scaffold,4,682,train
scaffold,4,683,train
scaffold,4,684,train
scaffold,4,685,train
scaffold,4,686,train
scaffold,4,687,train
scaffold,4,688,train
scaffold,4,690,train
scaffold,4,691,train
scaffold,4,692,train
scaffold,4,693,train
scaffold,4,694,train
scaffold,4,695,train
scaffold,4,696,train
scaffold,4,697,train
scaffold,4,698,train
scaffold,4,699,train
scaffold,4,700,train
scaffold,4,701,train
scaffold,4,702,train
scaffold,4,703,train
scaffold,4,704,train
scaffold,4,705,train
scaffold,4,706,train
scaffold,4,707,train
scaffold,4,708,train
scaffold,4,709,train
scaffold,4,710,train
scaffold,4,711,train
scaffold,4,712,train
scaffold,4,713,train
scaffold,4,714,train
scaffold,4,715,train
scaffold,4,717,train
scaffold,4,718,train
scaffold,4,719,train
scaffold,4,720,train
scaffold,4,721,train
scaffold,4,722,train
scaffold,4,723,train
scaffold,4,724,train
scaffold,4,725,train
scaffold,4,726,train
scaffold,4,727,train
scaffold,4,728,train
scaffold,4,729,train
scaffold,4,730,train
scaffold,4,731,train
scaffold,4,732,train
scaffold,4,733,train
scaffold,4,734,train
scaffold,4,735,train
scaffold,4,736,train
scaffold,4,737,train
scaffold,4,738,train
scaffold,4,739,train
scaffold,4,740,train
scaffold,4,742,train
scaffold,4,743,train
scaffold,4,744,train
scaffold,4,745,train
scaffold,4,746,train
scaffold,4,747,train
scaffold,4,748,train
scaffold,4,749,train
scaffold,4,750,train
scaffold,4,751,train
scaffold,4,752,train
scaffold,4,753,train
scaffold,4,754,train
scaffold,4,755,train
scaffold,4,756,train
scaffold,4,757,train
scaffold,4,758,train
scaffold,4,759,train
scaffold,4,760,train
scaffold,4,761,train
scaffold,4,762,train
scaffold,4,763,train
scaffold,4,764,train
scaffold,4,765,train
scaffold,4,766,train
scaffold,4,767,train
scaffold,4,768,train
scaffold,4,769,train
scaffold,4,770,train
scaffold,4,771,train
scaffold,4,772,train
scaffold,4,773,train
scaffold,4,774,train
scaffold,4,775,train
scaffold,4,776,train
scaffold,4,777,train
scaffold,4,778,train
scaffold,4,779,train
scaffold,4,780,train
scaffold,4,781,train
scaffold,4,782,train
scaffold,4,783,train
scaffold,4,785,train
scaffold,4,786,train
scaffold,4,787,train
scaffold,4,788,train
scaffold,4,789,train
scaffold,4,790,train
scaffold,4,791,train
scaffold,4,793,train
scaffold,4,794,train
scaffold,4,795,train
scaffold,4,796,train
scaffold,4,797,train
scaffold,4,798,train
scaffold,4,799,train
scaffold,4,800,train
scaffold,4,801,train
scaffold,4,802,train
scaffold,4,803,train
scaffold,4,804,train
scaffold,4,805,train
scaffold,4,806,train
scaffold,4,807,train
scaffold,4,808,train
scaffold,4,809,train
scaffold,4,810,train
scaffold,4,811,train
scaffold,4,812,train
scaffold,4,813,train
scaffold,4,814,train
scaffold,4,815,train
scaffold,4,816,train
scaffold,4,817,train
scaffold,4,818,train
scaffold,4,819,train
scaffold,4,820,train
scaffold,4,821,train
scaffold,4,822,train
scaffold,4,823,train
scaffold,4,824,train
scaffold,4,825,train
scaffold,4,826,train
scaffold,4,827,train
scaffold,4,828,train
scaffold,4,829,train
scaffold,4,830,train
scaffold,4,831,train
scaffold,4,832,train
scaffold,4,833,train
scaffold,4,834,train
scaffold,4,835,train
scaffold,4,836,train
scaffold,4,837,train
scaffold,4,838,train
scaffold,4,839,train
scaffold,4,840,train
scaffold,4,841,train
scaffold,4,842,train
scaffold,4,843,train
scaffold,4,844,train
scaffold,4,845,train
scaffold,4,846,train
scaffold,4,847,train
scaffold,4,848,train
scaffold,4,849,train
scaffold,4,850,train
scaffold,4,851,train
scaffold,4,852,train
scaffold,4,853,train
scaffold,4,854,train
scaffold,4,855,train
scaffold,4,856,train
scaffold,4,857,train
scaffold,4,858,train
scaffold,4,859,train
scaffold,4,860,train
scaffold,4,861,train
scaffold,4,862,train
scaffold,4,863,train
scaffold,4,864,train
scaffold,4,865,train
scaffold,4,866,train
scaffold,4,867,train
scaffold,4,868,train
scaffold,4,869,train
scaffold,4,870,train
scaffold,4,871,train
scaffold,4,872,train
scaffold,4,873,train
scaffold,4,874,train
scaffold,4,875,train
scaffold,4,876,train
scaffold,4,877,train
scaffold,4,878,train
scaffold,4,879,train
scaffold,4,880,train
scaffold,4,881,train
scaffold,4,882,train
scaffold,4,883,train
scaffold,4,886,train
scaffold,4,887,train
scaffold,4,888,train
scaffold,4,889,train
scaffold,4,890,train
scaffold,4,891,train
scaffold,4,892,train
scaffold,4,893,train
scaffold,4,894,train
scaffold,4,895,train
scaffold,4,896,train
scaffold,4,897,train
scaffold,4,898,train
scaffold,4,899,train
scaffold,4,900,train
scaffold,4,901,train
scaffold,4,902,train
scaffold,4,903,train
scaffold,4,904,train
scaffold,4,905,train
scaffold,4,906,train
scaffold,4,907,train
scaffold,4,908,train
scaffold,4,909,train
scaffold,4,910,train
scaffold,4,911,train
scaffold,4,912,train
scaffold,4,913,train
scaffold,4,914,train
scaffold,4,915,train
scaffold,4,916,train
scaffold,4,917,train
scaffold,4,918,train
scaffold,4,919,train
scaffold,4,920,train
scaffold,4,921,train
scaffold,4,922,train
scaffold,4,923,train
scaffold,4,924,train
scaffold,4,925,train
scaffold,4,926,train
scaffold,4,927,train
scaffold,4,928,train
scaffold,4,929,train
scaffold,4,930,train
scaffold,4,931,train
scaffold,4,932,train
scaffold,4,933,train
scaffold,4,934,train
scaffold,4,935,train
scaffold,4,936,train
scaffold,4,937,train
scaffold,4,938,train
scaffold,4,939,train
scaffold,4,940,train
scaffold,4,942,train
scaffold,4,943,train
scaffold,4,944,train
scaffold,4,945,train
scaffold,4,946,train
scaffold,4,947,train
scaffold,4,948,train
scaffold,4,949,train
scaffold,4,950,train
scaffold,4,952,train
scaffold,4,953,train
scaffold,4,954,train
scaffold,4,955,train
scaffold,4,956,train
scaffold,4,957,train
scaffold,4,958,train
scaffold,4,959,train
scaffold,4,960,train
scaffold,4,961,train
scaffold,4,962,train
scaffold,4,963,train
scaffold,4,964,train
scaffold,4,965,train
scaffold,4,966,train
scaffold,4,967,train
scaffold,4,968,train
scaffold,4,969,train
scaffold,4,970,train
scaffold,4,971,train
scaffold,4,972,train
scaffold,4,973,train
scaffold,4,974,train
scaffold,4,975,train
scaffold,4,976,train
scaffold,4,977,train
scaffold,4,978,train
scaffold,4,979,train
scaffold,4,980,train
scaffold,4,981,train
scaffold,4,982,train
scaffold,4,983,train
scaffold,4,984,train
scaffold,4,985,train
scaffold,4,986,train
scaffold,4,987,train
scaffold,4,988,train
scaffold,4,989,train
scaffold,4,990,train
scaffold,4,991,train
scaffold,4,992,train
scaffold,4,993,train
scaffold,4,995,train
scaffold,4,996,train
scaffold,4,998,train
scaffold,4,999,train
scaffold,4,1000,train
scaffold,4,1001,train
scaffold,4,1002,train
scaffold,4,1003,train
scaffold,4,1005,train
scaffold,4,1006,train
scaffold,4,1007,train
scaffold,4,1008,train
scaffold,4,1009,train
scaffold,4,1010,train
scaffold,4,1011,train
scaffold,4,1012,train
scaffold,4,1013,train
scaffold,4,1014,train
scaffold,4,1015,train
scaffold,4,1016,train
scaffold,4,1017,train
scaffold,4,1018,train
scaffold,4,1019,train
scaffold,4,1020,train
scaffold,4,1021,train
scaffold,4,1022,train
scaffold,4,1023,train
scaffold,4,1024,train
scaffold,4,1025,train
scaffold,4,1026,train
scaffold,4,1028,train
scaffold,4,1029,train
scaffold,4,1030,train
scaffold,4,1039,train
scaffold,4,1040,train
scaffold,4,1041,train
scaffold,4,1042,train
scaffold,4,1043,train
scaffold,4,1044,train
scaffold,4,1045,train
scaffold,4,1046,train
scaffold,4,1047,train
scaffold,4,1048,train
scaffold,4,1049,train
scaffold,4,1050,train
scaffold,4,1051,train
scaffold,4,1052,train
scaffold,4,1054,train
scaffold,4,1055,train
scaffold,4,1056,train
scaffold,4,1057,train
scaffold,4,1058,train
scaffold,4,1059,train
scaffold,4,1060,train
scaffold,4,1061,train
scaffold,4,1062,train
scaffold,4,1063,train
scaffold,4,1064,train
scaffold,4,1065,train
scaffold,4,1066,train
scaffold,4,1067,train
scaffold,4,1068,train
scaffold,4,1069,train
scaffold,4,1070,train
scaffold,4,1071,train
scaffold,4,1072,train
scaffold,4,1073,train
scaffold,4,1074,train
scaffold,4,1075,train
scaffold,4,1076,train
scaffold,4,1077,train
scaffold,4,1078,train
scaffold,4,1079,train
scaffold,4,1080,train
scaffold,4,1081,train
scaffold,4,1082,train
scaffold,4,1083,train
scaffold,4,1084,train
scaffold,4,1085,train
scaffold,4,1086,train
scaffold,4,1087,train
scaffold,4,1088,train
scaffold,4,1089,train
scaffold,4,1090,train
scaffold,4,1091,train
scaffold,4,1092,train
scaffold,4,1093,train
scaffold,4,1094,train
scaffold,4,1095,train
scaffold,4,1096,train
scaffold,4,1097,train
scaffold,4,1098,train
scaffold,4,1103,train
scaffold,4,1104,train
scaffold,4,1106,train
scaffold,4,1108,train
scaffold,4,1109,train
scaffold,4,1110,train
scaffold,4,1111,train
scaffold,4,1112,train
scaffold,4,1113,train
scaffold,4,1114,train
scaffold,4,1115,train
scaffold,4,1120,train
scaffold,4,1121,train
scaffold,4,1122,train
scaffold,4,1123,train
scaffold,4,1125,train
scaffold,4,1126,train
scaffold,4,1131,train
scaffold,4,1132,train
scaffold,4,1133,train
scaffold,4,1134,train
scaffold,4,1135,train
scaffold,4,1136,train
scaffold,4,1137,train
scaffold,4,1138,train
scaffold,4,1139,train
scaffold,4,1140,train
scaffold,4,1141,train
scaffold,4,1142,train
scaffold,4,1143,train
scaffold,4,1144,train
scaffold,4,1145,train
scaffold,4,1146,train
scaffold,4,1147,train
scaffold,4,1148,train
scaffold,4,1149,train
scaffold,4,1150,train
scaffold,4,1151,train
scaffold,4,1152,train
scaffold,4,1153,train
scaffold,4,1154,train
scaffold,4,1155,train
scaffold,4,1156,train
scaffold,4,1157,train
scaffold,4,1158,train
scaffold,4,1159,train
scaffold,4,1160,train
scaffold,4,1161,train
scaffold,4,1162,train
scaffold,4,1163,train
scaffold,4,1164,train
scaffold,4,1165,train
scaffold,4,1166,train
scaffold,4,1167,train
scaffold,4,1168,train
scaffold,4,1169,train
scaffold,4,1170,train
scaffold,4,1171,train
scaffold,4,1172,train
scaffold,4,1173,train
scaffold,4,1174,train
scaffold,4,1175,train
scaffold,4,1176,train
scaffold,4,1177,train
scaffold,4,1178,train
scaffold,4,1179,train
scaffold,4,1180,train
scaffold,4,1181,train
scaffold,4,1182,train
scaffold,4,1183,train
scaffold,4,1184,train
scaffold,4,1185,train
scaffold,4,1186,train
scaffold,4,1187,train
scaffold,4,1188,train
scaffold,4,1189,train
scaffold,4,1190,train
scaffold,4,1191,train
scaffold,4,1192,train
scaffold,4,1193,train
scaffold,4,1194,train
scaffold,4,1195,train
scaffold,4,1196,train
scaffold,4,1197,train
scaffold,4,1198,train
scaffold,4,1199,train
scaffold,4,1200,train
scaffold,4,1201,train
scaffold,4,1202,train
scaffold,4,1203,train
scaffold,4,1204,train
scaffold,4,1205,train
scaffold,4,1206,train
scaffold,4,1207,train
scaffold,4,1208,train
scaffold,4,1209,train
scaffold,4,1210,train
scaffold,4,1211,train
scaffold,4,1212,train
scaffold,4,1213,train
scaffold,4,1214,train
scaffold,4,1215,train
scaffold,4,1216,train
scaffold,4,1217,train
scaffold,4,1218,train
scaffold,4,1219,train
scaffold,4,1220,train
scaffold,4,1221,train
scaffold,4,1222,train
scaffold,4,1223,train
scaffold,4,1224,train
scaffold,4,1225,train
scaffold,4,1226,train
scaffold,4,1227,train
scaffold,4,1228,train
scaffold,4,1229,train
scaffold,4,1230,train
scaffold,4,1231,train
scaffold,4,1232,train
scaffold,4,1233,train
scaffold,4,1234,train
scaffold,4,1235,train
scaffold,4,1236,train
scaffold,4,1237,train
scaffold,4,1238,train
scaffold,4,1239,train
scaffold,4,1240,train
scaffold,4,1241,train
scaffold,4,1242,train
scaffold,4,1243,train
scaffold,4,1244,train
scaffold,4,1245,train
scaffold,4,1246,train
scaffold,4,1247,train
scaffold,4,1248,train
scaffold,4,1249,train
scaffold,4,1250,train
scaffold,4,1251,train
scaffold,4,1252,train
scaffold,4,1253,train
scaffold,4,1285,train
scaffold,4,1286,train
scaffold,4,1287,train
scaffold,4,1288,train
scaffold,4,1289,train
scaffold,4,1290,train
scaffold,4,1291,train
scaffold,4,1292,train
scaffold,4,1293,train
scaffold,4,1298,train
scaffold,4,1299,train
scaffold,4,1300,train
scaffold,4,1301,train
scaffold,4,1302,train
scaffold,4,1303,train
scaffold,4,1304,train
scaffold,4,1305,train
scaffold,4,1306,train
scaffold,4,1307,train
scaffold,4,1308,train
scaffold,4,1309,train
scaffold,4,1310,train
scaffold,4,1311,train
scaffold,4,1312,train
scaffold,4,1313,train
scaffold,4,1314,train
scaffold,4,1315,train
scaffold,4,1316,train
scaffold,4,1317,train
scaffold,4,1318,train
scaffold,4,1319,train
scaffold,4,1320,train
scaffold,4,1321,train
scaffold,4,1322,train
scaffold,4,1323,train
scaffold,4,1324,train
scaffold,4,1325,train
scaffold,4,1326,train
scaffold,4,1327,train
scaffold,4,1328,train
scaffold,4,1329,train
scaffold,4,1330,train
scaffold,4,1332,train
scaffold,4,1333,train
scaffold,4,1334,train
scaffold,4,1335,train
scaffold,4,1336,train
scaffold,4,1337,train
scaffold,4,1338,train
scaffold,4,1339,train
scaffold,4,1340,train
scaffold,4,1341,train
scaffold,4,1342,train
scaffold,4,1343,train
scaffold,4,1344,train
scaffold,4,1345,train
scaffold,4,1346,train
scaffold,4,1347,train
scaffold,4,1348,train
scaffold,4,1349,train
scaffold,4,1350,train
scaffold,4,1351,train
scaffold,4,1352,train
scaffold,4,1353,train
scaffold,4,1354,train
scaffold,4,1355,train
scaffold,4,1356,train
scaffold,4,1357,train
scaffold,4,1358,train
scaffold,4,1359,train
scaffold,4,1360,train
scaffold,4,1361,train
scaffold,4,1362,train
scaffold,4,1363,train
scaffold,4,1364,train
scaffold,4,1365,train
scaffold,4,1366,train
scaffold,4,1367,train
scaffold,4,1368,train
scaffold,4,1369,train
scaffold,4,1370,train
scaffold,4,1371,train
scaffold,4,1372,train
scaffold,4,1373,train
scaffold,4,1374,train
scaffold,4,1375,train
scaffold,4,1376,train
scaffold,4,1377,train
scaffold,4,1378,train
scaffold,4,1379,train
scaffold,4,1380,train
scaffold,4,1381,train
scaffold,4,1382,train
scaffold,4,1383,train
scaffold,4,1384,train
scaffold,4,1385,train
scaffold,4,1386,train
scaffold,4,1387,train
scaffold,4,1388,train
scaffold,4,1389,train
scaffold,4,1390,train
scaffold,4,1391,train
scaffold,4,1392,train
scaffold,4,1393,train
scaffold,4,1394,train
scaffold,4,1395,train
scaffold,4,1396,train
scaffold,4,1397,train
scaffold,4,1398,train
scaffold,4,1399,train
scaffold,4,1400,train
scaffold,4,1401,train
scaffold,4,1402,train
scaffold,4,1403,train
scaffold,4,1404,train
scaffold,4,1405,train
scaffold,4,1406,train
scaffold,4,1407,train
scaffold,4,1408,train
scaffold,4,1409,train
scaffold,4,1410,train
scaffold,4,1411,train
scaffold,4,1412,train
scaffold,4,1413,train
scaffold,4,1414,train
scaffold,4,1416,train
scaffold,4,1417,train
scaffold,4,1418,train
scaffold,4,1419,train
scaffold,4,1420,train
scaffold,4,1421,train
scaffold,4,1422,train
scaffold,4,1423,train
scaffold,4,1424,train
scaffold,4,1425,train
scaffold,4,1426,train
scaffold,4,1427,train
scaffold,4,1428,train
scaffold,4,1430,train
scaffold,4,1431,train
scaffold,4,1432,train
scaffold,4,1433,train
scaffold,4,1434,train
scaffold,4,1435,train
scaffold,4,1436,train
scaffold,4,1437,train
scaffold,4,1438,train
scaffold,4,1439,train
scaffold,4,1440,train
scaffold,4,1441,train
scaffold,4,1442,train
scaffold,4,1443,train
scaffold,4,1444,train
scaffold,4,1445,train
scaffold,4,1446,train
scaffold,4,1447,train
scaffold,4,1448,train
scaffold,4,1449,train
scaffold,4,1450,train
scaffold,4,1451,train
scaffold,4,1452,train
scaffold,4,1453,train
scaffold,4,1454,train
scaffold,4,1455,train
scaffold,4,1456,train
scaffold,4,1457,train
scaffold,4,1458,train
scaffold,4,1459,train
scaffold,4,1460,train
scaffold,4,1461,train
scaffold,4,1462,train
scaffold,4,1463,train
scaffold,4,1464,train
scaffold,4,1465,train
scaffold,4,1466,train
scaffold,4,1467,train
scaffold,4,1468,train
scaffold,4,1472,train
scaffold,4,1473,train
scaffold,4,1474,train
scaffold,4,1475,train
scaffold,4,1476,train
scaffold,4,1477,train
scaffold,4,1478,train
scaffold,4,1479,train
scaffold,4,1480,train
scaffold,4,1481,train
scaffold,4,1482,train
scaffold,4,1483,train
scaffold,4,1484,train
scaffold,4,1485,train
scaffold,4,1486,train
scaffold,4,1487,train
scaffold,4,1488,train
scaffold,4,1489,train
scaffold,4,1490,train
scaffold,4,1491,train
scaffold,4,1492,train
scaffold,4,1493,train
scaffold,4,1494,train
scaffold,4,1495,train
scaffold,4,1496,train
scaffold,4,1497,train
scaffold,4,1498,train
scaffold,4,1499,train
scaffold,4,1500,train
scaffold,4,1501,train
scaffold,4,1502,train
scaffold,4,1503,train
scaffold,4,1504,train
scaffold,4,1505,train
scaffold,4,1507,train
scaffold,4,1508,train
scaffold,4,1509,train
scaffold,4,1510,train
scaffold,4,1511,train
scaffold,4,1513,train
scaffold,4,1514,train
scaffold,4,1515,train
scaffold,4,1516,train
scaffold,4,1517,train
scaffold,4,1518,train
scaffold,4,1519,train
scaffold,4,1520,train
scaffold,4,1521,train
scaffold,4,1522,train
scaffold,4,1523,train
scaffold,4,1524,train
scaffold,4,1525,train
scaffold,4,1526,train
scaffold,4,1527,train
scaffold,4,1528,train
scaffold,4,1529,train
scaffold,4,1530,train
scaffold,4,1531,train
scaffold,4,1532,train
scaffold,4,1533,train
scaffold,4,1534,train
scaffold,4,1535,train
scaffold,4,1536,train
scaffold,4,1538,train
scaffold,4,1539,train
scaffold,4,1540,train
scaffold,4,1541,train
scaffold,4,1542,train
scaffold,4,1543,train
scaffold,4,1544,train
scaffold,4,1545,train
scaffold,4,1546,train
scaffold,4,1547,train
scaffold,4,1548,train
scaffold,4,1549,train
scaffold,4,1550,train
scaffold,4,1551,train
scaffold,4,1552,train
scaffold,4,1553,train
scaffold,4,1554,train
scaffold,4,1555,train
scaffold,4,1556,train
scaffold,4,1557,train
scaffold,4,1558,train
scaffold,4,1559,train
scaffold,4,1560,train
scaffold,4,1561,train
scaffold,4,1562,train
scaffold,4,1563,train
scaffold,4,1564,train
scaffold,4,1565,train
scaffold,4,1566,train
scaffold,4,1567,train
scaffold,4,1568,train
scaffold,4,1569,train
scaffold,4,1571,train
scaffold,4,1572,train
scaffold,4,1573,train
scaffold,4,1574,train
scaffold,4,1575,train
scaffold,4,1576,train
scaffold,4,1577,train
scaffold,4,1578,train
scaffold,4,1579,train
scaffold,4,1580,train
scaffold,4,1581,train
scaffold,4,1582,train
scaffold,4,1583,train
scaffold,4,1586,train
scaffold,4,1587,train
scaffold,4,1589,train
scaffold,4,1590,train
scaffold,4,1591,train
scaffold,4,1593,train
scaffold,4,1594,train
scaffold,4,1595,train
scaffold,4,1596,train
scaffold,4,1597,train
scaffold,4,1598,train
scaffold,4,1599,train
scaffold,4,1600,train
scaffold,4,1601,train
scaffold,4,1602,train
scaffold,4,1603,train
scaffold,4,1604,train
scaffold,4,1605,train
scaffold,4,1606,train
scaffold,4,1607,train
scaffold,4,1608,train
scaffold,4,1609,train
scaffold,4,1610,train
scaffold,4,1611,train
scaffold,4,1612,train
scaffold,4,1613,train
scaffold,4,1614,train
scaffold,4,1615,train
scaffold,4,1616,train
scaffold,4,1617,train
scaffold,4,1618,train
scaffold,4,1619,train
scaffold,4,1620,train
scaffold,4,1621,train
scaffold,4,1622,train
scaffold,4,1623,train
scaffold,4,1625,train
scaffold,4,1626,train
scaffold,4,1627,train
scaffold,4,1628,train
scaffold,4,1629,train
scaffold,4,1630,train
scaffold,4,1631,train
scaffold,4,1632,train
scaffold,4,1634,train
scaffold,4,1635,train
scaffold,4,1636,train
scaffold,4,1637,train
scaffold,4,1638,train
scaffold,4,1639,train
scaffold,4,1640,train
scaffold,4,1641,train
scaffold,4,1643,train
scaffold,4,1647,train
scaffold,4,1648,train
scaffold,4,1649,train
scaffold,4,1650,train
scaffold,4,1651,train
scaffold,4,1652,train
scaffold,4,1653,train
scaffold,4,1654,train
scaffold,4,1655,train
scaffold,4,1656,train
scaffold,4,1657,train
scaffold,4,1658,train
scaffold,4,1659,train
scaffold,4,1660,train
scaffold,4,1661,train
scaffold,4,1662,train
scaffold,4,1663,train
scaffold,4,1664,train
scaffold,4,1665,train
scaffold,4,1666,train
scaffold,4,1667,train
scaffold,4,1668,train
scaffold,4,1669,train
scaffold,4,1670,train
scaffold,4,1672,train
scaffold,4,1673,train
scaffold,4,1674,train
scaffold,4,1675,train
scaffold,4,1676,train
scaffold,4,1677,train
scaffold,4,1678,train
scaffold,4,1679,train
scaffold,4,1680,train
scaffold,4,1681,train
scaffold,4,1682,train
scaffold,4,1683,train
scaffold,4,1684,train
scaffold,4,1685,train
scaffold,4,1686,train
scaffold,4,1687,train
scaffold,4,1688,train
scaffold,4,1689,train
scaffold,4,1690,train
scaffold,4,1691,train
scaffold,4,1692,train
scaffold,4,1693,train
scaffold,4,1694,train
scaffold,4,1695,train
scaffold,4,1696,train
scaffold,4,1697,train
scaffold,4,1698,train
scaffold,4,1699,train
scaffold,4,1700,train
scaffold,4,1701,train
scaffold,4,1702,train
scaffold,4,1703,train
scaffold,4,1704,train
scaffold,4,1705,train
scaffold,4,1706,train
scaffold,4,1707,train
scaffold,4,1708,train
scaffold,4,1709,train
scaffold,4,1710,train
scaffold,4,1711,train
scaffold,4,1712,train
scaffold,4,1713,train
scaffold,4,1714,train
scaffold,4,1715,train
scaffold,4,1716,train
scaffold,4,1717,train
scaffold,4,1718,train
scaffold,4,1719,train
scaffold,4,1720,train
scaffold,4,1721,train
scaffold,4,1722,train
scaffold,4,1724,train
scaffold,4,1725,train
scaffold,4,1726,train
scaffold,4,1727,train
scaffold,4,1728,train
scaffold,4,1729,train
scaffold,4,1731,train
scaffold,4,1732,train
scaffold,4,1734,train
scaffold,4,1736,train
scaffold,4,1737,train
scaffold,4,1738,train
scaffold,4,1739,train
scaffold,4,1740,train
scaffold,4,1741,train
scaffold,4,1742,train
scaffold,4,1743,train
scaffold,4,1744,train
scaffold,4,1745,train
scaffold,4,1746,train
scaffold,4,1747,train
scaffold,4,1748,train
scaffold,4,1749,train
scaffold,4,1750,train
scaffold,4,1751,train
scaffold,4,1752,train
scaffold,4,1753,train
scaffold,4,1754,train
scaffold,4,1755,train
scaffold,4,1756,train
scaffold,4,1757,train
scaffold,4,1758,train
scaffold,4,1759,train
scaffold,4,1760,train
scaffold,4,1761,train
scaffold,4,1762,train
scaffold,4,1763,train
scaffold,4,1764,train
scaffold,4,1765,train
scaffold,4,1772,train
scaffold,4,1773,train
scaffold,4,1774,train
scaffold,4,1775,train
scaffold,4,1776,train
scaffold,4,1777,train
scaffold,4,1778,train
scaffold,4,1779,train
scaffold,4,1780,train
scaffold,4,1781,train
scaffold,4,1782,train
scaffold,4,1783,train
scaffold,4,1784,train
scaffold,4,1785,train
scaffold,4,1786,train
scaffold,4,1787,train
scaffold,4,1788,train
scaffold,4,1789,train
scaffold,4,1790,train
scaffold,4,1791,train
scaffold,4,1792,train
scaffold,4,1793,train
scaffold,4,1794,train
scaffold,4,1795,train
scaffold,4,1796,train
scaffold,4,1808,train
scaffold,4,1809,train
scaffold,4,1810,train
scaffold,4,1811,train
scaffold,4,1812,train
scaffold,4,1813,train
scaffold,4,1814,train
scaffold,4,1815,train
scaffold,4,1816,train
scaffold,4,1817,train
scaffold,4,1818,train
scaffold,4,1819,train
scaffold,4,1820,train
scaffold,4,1821,train
scaffold,4,1822,train
scaffold,4,1823,train
scaffold,4,1824,train
scaffold,4,1825,train
scaffold,4,1826,train
scaffold,4,1827,train
scaffold,4,1828,train
scaffold,4,1829,train
scaffold,4,1830,train
scaffold,4,1831,train
scaffold,4,1832,train
scaffold,4,1833,train
scaffold,4,1834,train
scaffold,4,1835,train
scaffold,4,1836,train
scaffold,4,1837,train
scaffold,4,1838,train
scaffold,4,1839,train
scaffold,4,1840,train
scaffold,4,1841,train
scaffold,4,1842,train
scaffold,4,1843,train
scaffold,4,1844,train
scaffold,4,1845,train
scaffold,4,1846,train
scaffold,4,1847,train
scaffold,4,1848,train
scaffold,4,1849,train
scaffold,4,1850,train
scaffold,4,1851,train
scaffold,4,1852,train
scaffold,4,1853,train
scaffold,4,1854,train
scaffold,4,1855,train
scaffold,4,1856,train
scaffold,4,1857,train
scaffold,4,1858,train
scaffold,4,1859,train
scaffold,4,1860,train
scaffold,4,1861,train
scaffold,4,1862,train
scaffold,4,1863,train
scaffold,4,1864,train
scaffold,4,1865,train
scaffold,4,1866,train
scaffold,4,1867,train
scaffold,4,1872,train
scaffold,4,1873,train
scaffold,4,1874,train
scaffold,4,1875,train
scaffold,4,1876,train
scaffold,4,1877,train
scaffold,4,1878,train
scaffold,4,1879,train
scaffold,4,1880,train
scaffold,4,1881,train
scaffold,4,1882,train
scaffold,4,1883,train
scaffold,4,1884,train
scaffold,4,1885,train
scaffold,4,1886,train
scaffold,4,1887,train
scaffold,4,1888,train
scaffold,4,1889,train
scaffold,4,1890,train
scaffold,4,1891,train
scaffold,4,1892,train
scaffold,4,1893,train
scaffold,4,1894,train
scaffold,4,1895,train
scaffold,4,1896,train
scaffold,4,1897,train
scaffold,4,1898,train
scaffold,4,1899,train
scaffold,4,1900,train
scaffold,4,1901,train
scaffold,4,1902,train
scaffold,4,1903,train
scaffold,4,1904,train
scaffold,4,1905,train
scaffold,4,1906,train
scaffold,4,1907,train
scaffold,4,1908,train
scaffold,4,1909,train
scaffold,4,1910,train
scaffold,4,28,test
scaffold,4,35,test
scaffold,4,37,test
scaffold,4,39,test
scaffold,4,40,test
scaffold,4,106,test
scaffold,4,142,test
scaffold,4,191,test
scaffold,4,201,test
scaffold,4,233,test
scaffold,4,234,test
scaffold,4,236,test
scaffold,4,237,test
scaffold,4,239,test
scaffold,4,242,test
scaffold,4,243,test
scaffold,4,245,test
scaffold,4,257,test
scaffold,4,268,test
scaffold,4,278,test
scaffold,4,289,test
scaffold,4,290,test
scaffold,4,293,test
scaffold,4,345,test
scaffold,4,346,test
scaffold,4,347,test
scaffold,4,348,test
scaffold,4,349,test
scaffold,4,350,test
scaffold,4,351,test
scaffold,4,354,test
scaffold,4,355,test
scaffold,4,356,test
scaffold,4,358,test
scaffold,4,359,test
scaffold,4,360,test
scaffold,4,361,test
scaffold,4,363,test
scaffold,4,364,test
scaffold,4,365,test
scaffold,4,366,test
scaffold,4,367,test
scaffold,4,368,test
scaffold,4,369,test
scaffold,4,384,test
scaffold,4,385,test
scaffold,4,388,test
scaffold,4,394,test
scaffold,4,403,test
scaffold,4,434,test
scaffold,4,452,test
scaffold,4,473,test
scaffold,4,587,test
scaffold,4,600,test
scaffold,4,601,test
scaffold,4,602,test
scaffold,4,604,test
scaffold,4,606,test
scaffold,4,608,test
scaffold,4,610,test
scaffold,4,612,test
scaffold,4,614,test
scaffold,4,616,test
scaffold,4,618,test
scaffold,4,620,test
scaffold,4,622,test
scaffold,4,624,test
scaffold,4,644,test
scaffold,4,645,test
scaffold,4,650,test
scaffold,4,678,test
scaffold,4,679,test
scaffold,4,680,test
scaffold,4,689,test
scaffold,4,716,test
scaffold,4,741,test
scaffold,4,784,test
scaffold,4,792,test
scaffold,4,884,test
scaffold,4,885,test
scaffold,4,941,test
scaffold,4,951,test
scaffold,4,994,test
scaffold,4,997,test
scaffold,4,1004,test
scaffold,4,1027,test
scaffold,4,1031,test
scaffold,4,1032,test
scaffold,4,1033,test
scaffold,4,1034,test
scaffold,4,1035,test
scaffold,4,1036,test
scaffold,4,1037,test
scaffold,4,1038,test
scaffold,4,1053,test
scaffold,4,1099,test
scaffold,4,1100,test
scaffold,4,1101,test
scaffold,4,1102,test
scaffold,4,1105,test
scaffold,4,1107,test
scaffold,4,1116,test
scaffold,4,1117,test
scaffold,4,1118,test
scaffold,4,1119,test
scaffold,4,1124,test
scaffold,4,1127,test
scaffold,4,1128,test
scaffold,4,1129,test
scaffold,4,1130,test
scaffold,4,1254,test
scaffold,4,1255,test
scaffold,4,1256,test
scaffold,4,1257,test
scaffold,4,1258,test
scaffold,4,1259,test
scaffold,4,1260,test
scaffold,4,1261,test
scaffold,4,1262,test
scaffold,4,1263,test
scaffold,4,1264,test
scaffold,4,1265,test
scaffold,4,1266,test
scaffold,4,1267,test
scaffold,4,1268,test
scaffold,4,1269,test
scaffold,4,1270,test
scaffold,4,1271,test
scaffold,4,1272,test
scaffold,4,1273,test
scaffold,4,1274,test
scaffold,4,1275,test
scaffold,4,1276,test
scaffold,4,1277,test
scaffold,4,1278,test
scaffold,4,1279,test
scaffold,4,1280,test
scaffold,4,1281,test
scaffold,4,1282,test
scaffold,4,1283,test
scaffold,4,1284,test
scaffold,4,1294,test
scaffold,4,1295,test
scaffold,4,1296,test
scaffold,4,1297,test
scaffold,4,1331,test
scaffold,4,1415,test
scaffold,4,1429,test
scaffold,4,1469,test
scaffold,4,1470,test
scaffold,4,1471,test
scaffold,4,1506,test
scaffold,4,1512,test
scaffold,4,1537,test
scaffold,4,1570,test
scaffold,4,1584,test
scaffold,4,1585,test
scaffold,4,1588,test
scaffold,4,1592,test
scaffold,4,1624,test
scaffold,4,1633,test
scaffold,4,1642,test
scaffold,4,1644,test
scaffold,4,1645,test
scaffold,4,1646,test
scaffold,4,1671,test
scaffold,4,1723,test
scaffold,4,1730,test
scaffold,4,1733,test
scaffold,4,1735,test
scaffold,4,1766,test
scaffold,4,1767,test
scaffold,4,1768,test
scaffold,4,1769,test
scaffold,4,1770,test
scaffold,4,1771,test
scaffold,4,1797,test
scaffold,4,1798,test
scaffold,4,1799,test
scaffold,4,1800,test
scaffold,4,1801,test
scaffold,4,1802,test
scaffold,4,1803,test
scaffold,4,1804,test
scaffold,4,1805,test
scaffold,4,1806,test
scaffold,4,1807,test
scaffold,4,1868,test
scaffold,4,1869,test
scaffold,4,1870,test
scaffold,4,1871,test
scaffold,5,0,train
scaffold,5,1,train
scaffold,5,2,train
scaffold,5,3,train
scaffold,5,4,train
scaffold,5,5,train
scaffold,5,6,train
scaffold,5,7,train
scaffold,5,8,train
scaffold,5,9,train
scaffold,5,10,train
scaffold,5,11,train
scaffold,5,12,train
scaffold,5,13,train
scaffold,5,14,train
scaffold,5,15,train
scaffold,5,16,train
scaffold,5,17,train
scaffold,5,18,train
scaffold,5,19,train
scaffold,5,20,train
scaffold,5,21,train
scaffold,5,22,train
scaffold,5,23,train
scaffold,5,24,train
scaffold,5,25,train
scaffold,5,26,train
scaffold,5,27,train
scaffold,5,28,train
scaffold,5,29,train
scaffold,5,30,train
scaffold,5,31,train
scaffold,5,32,train
scaffold,5,33,train
scaffold,5,34,train
scaffold,5,35,train
scaffold,5,36,train
scaffold,5,37,train
scaffold,5,38,train
scaffold,5,39,train
scaffold,5,40,train
scaffold,5,41,train
scaffold,5,42,train
scaffold,5,43,train
scaffold,5,44,train
scaffold,5,45,train
scaffold,5,46,train
scaffold,5,47,train
scaffold,5,48,train
scaffold,5,49,train
scaffold,5,50,train
scaffold,5,51,train
scaffold,5,52,train
scaffold,5,53,train
scaffold,5,54,train
scaffold,5,55,train
scaffold,5,56,train
scaffold,5,57,train
scaffold,5,58,train
scaffold,5,59,train
scaffold,5,60,train
scaffold,5,61,train
scaffold,5,62,train
scaffold,5,74,train
scaffold,5,75,train
scaffold,5,78,train
scaffold,5,79,train
scaffold,5,80,train
scaffold,5,81,train
scaffold,5,82,train
scaffold,5,83,train
scaffold,5,84,train
scaffold,5,85,train
scaffold,5,86,train
scaffold,5,87,train
scaffold,5,88,train
scaffold,5,89,train
scaffold,5,90,train
scaffold,5,91,train
scaffold,5,92,train
scaffold,5,93,train
scaffold,5,94,train
scaffold,5,95,train
scaffold,5,96,train
scaffold,5,97,train
scaffold,5,98,train
scaffold,5,99,train
scaffold,5,100,train
scaffold,5,101,train
scaffold,5,102,train
scaffold,5,103,train
scaffold,5,104,train
scaffold,5,105,train
scaffold,5,106,train
scaffold,5,107,train
scaffold,5,108,train
scaffold,5,110,train
scaffold,5,111,train
scaffold,5,112,train
scaffold,5,113,train
scaffold,5,114,train
scaffold,5,115,train
scaffold,5,116,train
scaffold,5,117,train
scaffold,5,118,train
scaffold,5,119,train
scaffold,5,120,train
scaffold,5,121,train
scaffold,5,122,train
scaffold,5,123,train
scaffold,5,124,train
scaffold,5,125,train
scaffold,5,126,train
scaffold,5,127,train
scaffold,5,128,train
scaffold,5,129,train
scaffold,5,130,train
scaffold,5,131,train
scaffold,5,132,train
scaffold,5,133,train
scaffold,5,134,train
scaffold,5,135,train
scaffold,5,136,train
scaffold,5,137,train
scaffold,5,138,train
scaffold,5,139,train
scaffold,5,140,train
scaffold,5,141,train
scaffold,5,142,train
scaffold,5,143,train
scaffold,5,144,train
scaffold,5,145,train
scaffold,5,146,train
scaffold,5,147,train
scaffold,5,148,train
scaffold,5,149,train
scaffold,5,150,train
scaffold,5,151,train
scaffold,5,152,train
scaffold,5,153,train
scaffold,5,154,train
scaffold,5,156,train
scaffold,5,157,train
scaffold,5,158,train
scaffold,5,159,train
scaffold,5,160,train
scaffold,5,161,train
scaffold,5,162,train
scaffold,5,163,train
scaffold,5,165,train
scaffold,5,166,train
scaffold,5,167,train
scaffold,5,168,train
scaffold,5,169,train
scaffold,5,170,train
scaffold,5,171,train
scaffold,5,172,train
scaffold,5,173,train
scaffold,5,174,train
scaffold,5,175,train
scaffold,5,176,train
scaffold,5,177,train
scaffold,5,178,train
scaffold,5,185,train
scaffold,5,186,train
scaffold,5,187,train
scaffold,5,188,train
scaffold,5,189,train
scaffold,5,190,train
scaffold,5,191,train
scaffold,5,192,train
scaffold,5,193,train
scaffold,5,194,train
scaffold,5,195,train
scaffold,5,196,train
scaffold,5,197,train
scaffold,5,198,train
scaffold,5,199,train
scaffold,5,200,train
scaffold,5,201,train
scaffold,5,202,train
scaffold,5,203,train
scaffold,5,204,train
scaffold,5,205,train
scaffold,5,206,train
scaffold,5,207,train
scaffold,5,208,train
scaffold,5,209,train
scaffold,5,210,train
scaffold,5,211,train
scaffold,5,212,train
scaffold,5,213,train
scaffold,5,214,train
scaffold,5,215,train
scaffold,5,216,train
scaffold,5,217,train
scaffold,5,218,train
scaffold,5,220,train
scaffold,5,221,train
scaffold,5,223,train
scaffold,5,224,train
scaffold,5,225,train
scaffold,5,226,train
scaffold,5,227,train
scaffold,5,228,train
scaffold,5,229,train
scaffold,5,230,train
scaffold,5,231,train
scaffold,5,232,train
scaffold,5,233,train
scaffold,5,234,train
scaffold,5,235,train
scaffold,5,236,train
scaffold,5,237,train
scaffold,5,238,train
scaffold,5,239,train
scaffold,5,240,train
scaffold,5,241,train
scaffold,5,242,train
scaffold,5,243,train
scaffold,5,244,train
scaffold,5,245,train
scaffold,5,246,train
scaffold,5,247,train
scaffold,5,248,train
scaffold,5,249,train
scaffold,5,250,train
scaffold,5,251,train
scaffold,5,252,train
scaffold,5,253,train
scaffold,5,254,train
scaffold,5,255,train
scaffold,5,256,train
scaffold,5,257,train
scaffold,5,258,train
scaffold,5,259,train
scaffold,5,260,train
scaffold,5,261,train
scaffold,5,262,train
scaffold,5,263,train
scaffold,5,264,train
scaffold,5,265,train
scaffold,5,266,train
scaffold,5,267,train
scaffold,5,268,train
scaffold,5,269,train
scaffold,5,271,train
scaffold,5,272,train
scaffold,5,273,train
scaffold,5,274,train
scaffold,5,276,train
scaffold,5,277,train
scaffold,5,278,train
scaffold,5,279,train
scaffold,5,280,train
scaffold,5,282,train
scaffold,5,283,train
scaffold,5,284,train
scaffold,5,285,train
scaffold,5,286,train
scaffold,5,287,train
scaffold,5,288,train
scaffold,5,289,train
scaffold,5,290,train
scaffold,5,291,train
scaffold,5,292,train
scaffold,5,293,train
scaffold,5,294,train
scaffold,5,295,train
scaffold,5,296,train
scaffold,5,297,train
scaffold,5,298,train
scaffold,5,299,train
scaffold,5,300,train
scaffold,5,301,train
scaffold,5,302,train
scaffold,5,303,train
scaffold,5,304,train
scaffold,5,305,train
scaffold,5,306,train
scaffold,5,307,train
scaffold,5,308,train
scaffold,5,309,train
scaffold,5,310,train
scaffold,5,311,train
scaffold,5,312,train
scaffold,5,313,train
scaffold,5,314,train
scaffold,5,315,train
scaffold,5,316,train
scaffold,5,317,train
scaffold,5,318,train
scaffold,5,319,train
scaffold,5,320,train
scaffold,5,321,train
scaffold,5,322,train
scaffold,5,323,train
scaffold,5,324,train
scaffold,5,325,train
scaffold,5,326,train
scaffold,5,327,train
scaffold,5,328,train
scaffold,5,329,train
scaffold,5,330,train
scaffold,5,331,train
scaffold,5,332,train
scaffold,5,334,train
scaffold,5,336,train
scaffold,5,337,train
scaffold,5,338,train
scaffold,5,339,train
scaffold,5,340,train
scaffold,5,341,train
scaffold,5,342,train
scaffold,5,343,train
scaffold,5,345,train
scaffold,5,346,train
scaffold,5,347,train
scaffold,5,348,train
scaffold,5,349,train
scaffold,5,350,train
scaffold,5,351,train
scaffold,5,352,train
scaffold,5,353,train
scaffold,5,354,train
scaffold,5,355,train
scaffold,5,356,train
scaffold,5,358,train
scaffold,5,359,train
scaffold,5,360,train
scaffold,5,361,train
scaffold,5,362,train
scaffold,5,363,train
scaffold,5,364,train
scaffold,5,365,train
scaffold,5,366,train
scaffold,5,367,train
scaffold,5,368,train
scaffold,5,369,train
scaffold,5,372,train
scaffold,5,373,train
scaffold,5,374,train
scaffold,5,375,train
scaffold,5,376,train
scaffold,5,377,train
scaffold,5,378,train
scaffold,5,379,train
scaffold,5,380,train
scaffold,5,381,train
scaffold,5,382,train
scaffold,5,383,train
scaffold,5,384,train
scaffold,5,385,train
scaffold,5,387,train
scaffold,5,388,train
scaffold,5,389,train
scaffold,5,390,train
scaffold,5,391,train
scaffold,5,392,train
scaffold,5,394,train
scaffold,5,396,train
scaffold,5,397,train
scaffold,5,403,train
scaffold,5,408,train
scaffold,5,409,train
scaffold,5,410,train
scaffold,5,411,train
scaffold,5,412,train
scaffold,5,413,train
scaffold,5,414,train
scaffold,5,415,train
scaffold,5,416,train
scaffold,5,417,train
scaffold,5,418,train
scaffold,5,419,train
scaffold,5,420,train
scaffold,5,421,train
scaffold,5,422,train
scaffold,5,423,train
scaffold,5,424,train
scaffold,5,425,train
scaffold,5,426,train
scaffold,5,427,train
scaffold,5,428,train
scaffold,5,429,train
scaffold,5,430,train
scaffold,5,431,train
scaffold,5,432,train
scaffold,5,433,train
scaffold,5,434,train
scaffold,5,435,train
scaffold,5,436,train
scaffold,5,437,train
scaffold,5,438,train
scaffold,5,439,train
scaffold,5,440,train
scaffold,5,441,train
scaffold,5,442,train
scaffold,5,444,train
scaffold,5,445,train
scaffold,5,448,train
scaffold,5,449,train
scaffold,5,450,train
scaffold,5,451,train
scaffold,5,452,train
scaffold,5,453,train
scaffold,5,454,train
scaffold,5,455,train
scaffold,5,456,train
scaffold,5,457,train
scaffold,5,458,train
scaffold,5,459,train
scaffold,5,460,train
scaffold,5,463,train
scaffold,5,465,train
scaffold,5,466,train
scaffold,5,467,train
scaffold,5,468,train
scaffold,5,469,train
scaffold,5,470,train
scaffold,5,471,train
scaffold,5,472,train
scaffold,5,473,train
scaffold,5,474,train
scaffold,5,475,train
scaffold,5,476,train
scaffold,5,477,train
scaffold,5,478,train
scaffold,5,479,train
scaffold,5,480,train
scaffold,5,481,train
scaffold,5,482,train
scaffold,5,483,train
scaffold,5,484,train
scaffold,5,485,train
scaffold,5,486,train
scaffold,5,487,train
scaffold,5,488,train
scaffold,5,489,train
scaffold,5,490,train
scaffold,5,491,train
scaffold,5,492,train
scaffold,5,493,train
scaffold,5,494,train
scaffold,5,495,train
scaffold,5,496,train
scaffold,5,497,train
scaffold,5,498,train
scaffold,5,499,train
scaffold,5,500,train
scaffold,5,501,train
scaffold,5,502,train
scaffold,5,503,train
scaffold,5,504,train
scaffold,5,505,train
scaffold,5,506,train
scaffold,5,507,train
scaffold,5,508,train
scaffold,5,509,train
scaffold,5,510,train
scaffold,5,511,train
scaffold,5,512,train
scaffold,5,513,train
scaffold,5,514,train
scaffold,5,515,train
scaffold,5,516,train
scaffold,5,517,train
scaffold,5,518,train
scaffold,5,519,train
scaffold,5,520,train
scaffold,5,521,train
scaffold,5,522,train
scaffold,5,523,train
scaffold,5,524,train
scaffold,5,525,train
scaffold,5,526,train
scaffold,5,527,train
scaffold,5,528,train
scaffold,5,529,train
scaffold,5,530,train
scaffold,5,531,train
scaffold,5,532,train
scaffold,5,533,train
scaffold,5,534,train
scaffold,5,535,train
scaffold,5,536,train
scaffold,5,537,train
scaffold,5,539,train
scaffold,5,540,train
scaffold,5,541,train
scaffold,5,542,train
scaffold,5,543,train
scaffold,5,544,train
scaffold,5,545,train
scaffold,5,546,train
scaffold,5,547,train
scaffold,5,548,train
scaffold,5,549,train
scaffold,5,550,train
scaffold,5,552,train
scaffold,5,553,train
scaffold,5,554,train
scaffold,5,555,train
scaffold,5,556,train
scaffold,5,557,train
scaffold,5,558,train
scaffold,5,559,train
scaffold,5,560,train
scaffold,5,561,train
scaffold,5,562,train
scaffold,5,563,train
scaffold,5,564,train
scaffold,5,566,train
scaffold,5,567,train
scaffold,5,568,train
scaffold,5,569,train
scaffold,5,570,train
scaffold,5,571,train
scaffold,5,572,train
scaffold,5,573,train
scaffold,5,574,train
scaffold,5,575,train
scaffold,5,576,train
scaffold,5,577,train
scaffold,5,578,train
scaffold,5,579,train
scaffold,5,580,train
scaffold,5,581,train
scaffold,5,582,train
scaffold,5,583,train
scaffold,5,584,train
scaffold,5,585,train
scaffold,5,586,train
scaffold,5,587,train
scaffold,5,588,train
scaffold,5,589,train
scaffold,5,590,train
scaffold,5,591,train
scaffold,5,592,train
scaffold,5,594,train
scaffold,5,595,train
scaffold,5,596,train
scaffold,5,597,train
scaffold,5,600,train
scaffold,5,601,train
scaffold,5,602,train
scaffold,5,603,train
scaffold,5,604,train
scaffold,5,606,train
scaffold,5,608,train
scaffold,5,610,train
scaffold,5,612,train
scaffold,5,614,train
scaffold,5,616,train
scaffold,5,618,train
scaffold,5,620,train
scaffold,5,622,train
scaffold,5,624,train
scaffold,5,626,train
scaffold,5,627,train
scaffold,5,628,train
scaffold,5,631,train
scaffold,5,632,train
scaffold,5,633,train
scaffold,5,634,train
scaffold,5,636,train
scaffold,5,637,train
scaffold,5,638,train
scaffold,5,639,train
scaffold,5,640,train
scaffold,5,641,train
scaffold,5,642,train
scaffold,5,643,train
scaffold,5,644,train
scaffold,5,645,train
scaffold,5,646,train
scaffold,5,647,train
scaffold,5,648,train
scaffold,5,649,train
scaffold,5,650,train
scaffold,5,651,train
scaffold,5,652,train
scaffold,5,653,train
scaffold,5,654,train
scaffold,5,655,train
scaffold,5,656,train
scaffold,5,657,train
scaffold,5,658,train
scaffold,5,659,train
scaffold,5,660,train
scaffold,5,662,train
scaffold,5,663,train
scaffold,5,664,train
scaffold,5,665,train
scaffold,5,666,train
scaffold,5,667,train
scaffold,5,668,train
scaffold,5,669,train
scaffold,5,670,train
scaffold,5,671,train
scaffold,5,672,train
scaffold,5,673,train
scaffold,5,674,train
scaffold,5,675,train
scaffold,5,676,train
scaffold,5,677,train
scaffold,5,678,train
scaffold,5,679,train
scaffold,5,680,train
scaffold,5,681,train
scaffold,5,682,train
scaffold,5,683,train
scaffold,5,684,train
scaffold,5,685,train
scaffold,5,688,train
scaffold,5,689,train
scaffold,5,690,train
scaffold,5,691,train
scaffold,5,692,train
scaffold,5,693,train
scaffold,5,694,train
scaffold,5,695,train
scaffold,5,696,train
scaffold,5,697,train
scaffold,5,698,train
scaffold,5,699,train
scaffold,5,700,train
scaffold,5,701,train
scaffold,5,702,train
scaffold,5,703,train
scaffold,5,704,train
scaffold,5,705,train
scaffold,5,706,train
scaffold,5,707,train
scaffold,5,708,train
scaffold,5,709,train
scaffold,5,710,train
scaffold,5,711,train
scaffold,5,712,train
scaffold,5,713,train
scaffold,5,714,train
scaffold,5,715,train
scaffold,5,716,train
scaffold,5,718,train
scaffold,5,719,train
scaffold,5,720,train
scaffold,5,721,train
scaffold,5,722,train
scaffold,5,723,train
scaffold,5,724,train
scaffold,5,725,train
scaffold,5,726,train
scaffold,5,727,train
scaffold,5,728,train
scaffold,5,729,train
scaffold,5,730,train
scaffold,5,731,train
scaffold,5,732,train
scaffold,5,733,train
scaffold,5,734,train
scaffold,5,735,train
scaffold,5,736,train
scaffold,5,737,train
scaffold,5,738,train
scaffold,5,739,train
scaffold,5,740,train
scaffold,5,741,train
scaffold,5,742,train
scaffold,5,743,train
scaffold,5,744,train
scaffold,5,745,train
scaffold,5,746,train
scaffold,5,747,train
scaffold,5,748,train
scaffold,5,749,train
scaffold,5,750,train
scaffold,5,751,train
scaffold,5,752,train
scaffold,5,753,train
scaffold,5,754,train
scaffold,5,755,train
scaffold,5,756,train
scaffold,5,757,train
scaffold,5,758,train
scaffold,5,759,train
scaffold,5,760,train
scaffold,5,761,train
scaffold,5,762,train
scaffold,5,763,train
scaffold,5,764,train
scaffold,5,765,train
scaffold,5,766,train
scaffold,5,767,train
scaffold,5,768,train
scaffold,5,769,train
scaffold,5,770,train
scaffold,5,771,train
scaffold,5,772,train
scaffold,5,773,train
scaffold,5,774,train
scaffold,5,775,train
scaffold,5,776,train
scaffold,5,777,train
scaffold,5,778,train
scaffold,5,779,train
scaffold,5,780,train
scaffold,5,781,train
scaffold,5,782,train
scaffold,5,783,train
scaffold,5,784,train
scaffold,5,786,train
scaffold,5,787,train
scaffold,5,788,train
scaffold,5,789,train
scaffold,5,790,train
scaffold,5,791,train
scaffold,5,792,train
scaffold,5,794,train
scaffold,5,795,train
scaffold,5,796,train
scaffold,5,797,train
scaffold,5,798,train
scaffold,5,799,train
scaffold,5,800,train
scaffold,5,801,train
scaffold,5,802,train
scaffold,5,803,train
scaffold,5,804,train
scaffold,5,805,train
scaffold,5,806,train
scaffold,5,807,train
scaffold,5,808,train
scaffold,5,809,train
scaffold,5,810,train
scaffold,5,811,train
scaffold,5,812,train
scaffold,5,813,train
scaffold,5,814,train
scaffold,5,815,train
scaffold,5,816,train
scaffold,5,817,train
scaffold,5,818,train
scaffold,5,819,train
scaffold,5,820,train
scaffold,5,821,train
scaffold,5,822,train
scaffold,5,823,train
scaffold,5,824,train
scaffold,5,825,train
scaffold,5,826,train
scaffold,5,827,train
scaffold,5,828,train
scaffold,5,829,train
scaffold,5,830,train
scaffold,5,831,train
scaffold,5,832,train
scaffold,5,833,train
scaffold,5,834,train
scaffold,5,835,train
scaffold,5,836,train
scaffold,5,837,train
scaffold,5,838,train
scaffold,5,839,train
scaffold,5,843,train
scaffold,5,844,train
scaffold,5,845,train
scaffold,5,846,train
scaffold,5,847,train
scaffold,5,848,train
scaffold,5,849,train
scaffold,5,850,train
scaffold,5,851,train
scaffold,5,852,train
scaffold,5,853,train
scaffold,5,854,train
scaffold,5,855,train
scaffold,5,856,train
scaffold,5,857,train
scaffold,5,858,train
scaffold,5,859,train
scaffold,5,860,train
scaffold,5,861,train
scaffold,5,862,train
scaffold,5,880,train
scaffold,5,881,train
scaffold,5,882,train
scaffold,5,883,train
scaffold,5,884,train
scaffold,5,885,train
scaffold,5,886,train
scaffold,5,887,train
scaffold,5,888,train
scaffold,5,889,train
scaffold,5,890,train
scaffold,5,891,train
scaffold,5,892,train
scaffold,5,893,train
scaffold,5,894,train
scaffold,5,897,train
scaffold,5,898,train
scaffold,5,899,train
scaffold,5,901,train
scaffold,5,902,train
scaffold,5,903,train
scaffold,5,904,train
scaffold,5,905,train
scaffold,5,906,train
scaffold,5,907,train
scaffold,5,910,train
scaffold,5,912,train
scaffold,5,914,train
scaffold,5,916,train
scaffold,5,917,train
scaffold,5,918,train
scaffold,5,920,train
scaffold,5,921,train
scaffold,5,922,train
scaffold,5,923,train
scaffold,5,924,train
scaffold,5,925,train
scaffold,5,926,train
scaffold,5,927,train
scaffold,5,928,train
scaffold,5,929,train
scaffold,5,930,train
scaffold,5,931,train
scaffold,5,932,train
scaffold,5,933,train
scaffold,5,934,train
scaffold,5,935,train
scaffold,5,936,train
scaffold,5,937,train
scaffold,5,938,train
scaffold,5,941,train
scaffold,5,942,train
scaffold,5,943,train
scaffold,5,944,train
scaffold,5,945,train
scaffold,5,946,train
scaffold,5,947,train
scaffold,5,949,train
scaffold,5,950,train
scaffold,5,951,train
scaffold,5,952,train
scaffold,5,953,train
scaffold,5,954,train
scaffold,5,955,train
scaffold,5,956,train
scaffold,5,957,train
scaffold,5,958,train
scaffold,5,959,train
scaffold,5,960,train
scaffold,5,961,train
scaffold,5,962,train
scaffold,5,963,train
scaffold,5,964,train
scaffold,5,965,train
scaffold,5,966,train
scaffold,5,967,train
scaffold,5,968,train
scaffold,5,969,train
scaffold,5,970,train
scaffold,5,971,train
scaffold,5,972,train
scaffold,5,973,train
scaffold,5,974,train
scaffold,5,975,train
scaffold,5,976,train
scaffold,5,977,train
scaffold,5,978,train
scaffold,5,979,train
scaffold,5,980,train
scaffold,5,981,train
scaffold,5,982,train
scaffold,5,983,train
scaffold,5,984,train
scaffold,5,985,train
scaffold,5,986,train
scaffold,5,987,train
scaffold,5,988,train
scaffold,5,989,train
scaffold,5,991,train
scaffold,5,992,train
scaffold,5,993,train
scaffold,5,994,train
scaffold,5,995,train
scaffold,5,996,train
scaffold,5,997,train
scaffold,5,998,train
scaffold,5,999,train
scaffold,5,1000,train
scaffold,5,1001,train
scaffold,5,1002,train
scaffold,5,1003,train
scaffold,5,1004,train
scaffold,5,1005,train
scaffold,5,1006,train
scaffold,5,1007,train
scaffold,5,1008,train
scaffold,5,1009,train
scaffold,5,1010,train
scaffold,5,1011,train
scaffold,5,1012,train
scaffold,5,1013,train
scaffold,5,1014,train
scaffold,5,1015,train
scaffold,5,1016,train
scaffold,5,1017,train
scaffold,5,1018,train
scaffold,5,1019,train
scaffold,5,1020,train
scaffold,5,1021,train
scaffold,5,1022,train
scaffold,5,1023,train
scaffold,5,1024,train
scaffold,5,1025,train
scaffold,5,1026,train
scaffold,5,1027,train
scaffold,5,1028,train
scaffold,5,1029,train
scaffold,5,1030,train
scaffold,5,1031,train
scaffold,5,1032,train
scaffold,5,1033,train
scaffold,5,1034,train
scaffold,5,1035,train
scaffold,5,1036,train
scaffold,5,1037,train
scaffold,5,1038,train
scaffold,5,1039,train
scaffold,5,1040,train
scaffold,5,1041,train
scaffold,5,1042,train
scaffold,5,1045,train
scaffold,5,1048,train
scaffold,5,1049,train
scaffold,5,1050,train
scaffold,5,1051,train
scaffold,5,1052,train
scaffold,5,1053,train
scaffold,5,1054,train
scaffold,5,1055,train
scaffold,5,1056,train
scaffold,5,1057,train
scaffold,5,1058,train
scaffold,5,1060,train
scaffold,5,1068,train
scaffold,5,1069,train
scaffold,5,1071,train
scaffold,5,1072,train
scaffold,5,1073,train
scaffold,5,1074,train
scaffold,5,1075,train
scaffold,5,1080,train
scaffold,5,1082,train
scaffold,5,1084,train
scaffold,5,1085,train
scaffold,5,1086,train
scaffold,5,1087,train
scaffold,5,1089,train
scaffold,5,1090,train
scaffold,5,1091,train
scaffold,5,1092,train
scaffold,5,1093,train
scaffold,5,1094,train
scaffold,5,1095,train
scaffold,5,1096,train
scaffold,5,1097,train
scaffold,5,1098,train
scaffold,5,1099,train
scaffold,5,1100,train
scaffold,5,1101,train
scaffold,5,1102,train
scaffold,5,1103,train
scaffold,5,1104,train
scaffold,5,1105,train
scaffold,5,1106,train
scaffold,5,1107,train
scaffold,5,1108,train
scaffold,5,1109,train
scaffold,5,1110,train
scaffold,5,1111,train
scaffold,5,1112,train
scaffold,5,1113,train
scaffold,5,1114,train
scaffold,5,1115,train
scaffold,5,1116,train
scaffold,5,1117,train
scaffold,5,1118,train
scaffold,5,1119,train
scaffold,5,1120,train
scaffold,5,1121,train
scaffold,5,1122,train
scaffold,5,1123,train
scaffold,5,1124,train
scaffold,5,1125,train
scaffold,5,1126,train
scaffold,5,1127,train
scaffold,5,1128,train
scaffold,5,1129,train
scaffold,5,1130,train
scaffold,5,1131,train
scaffold,5,1132,train
scaffold,5,1133,train
scaffold,5,1134,train
scaffold,5,1135,train
scaffold,5,1136,train
scaffold,5,1137,train
scaffold,5,1139,train
scaffold,5,1140,train
scaffold,5,1141,train
scaffold,5,1142,train
scaffold,5,1143,train
scaffold,5,1144,train
scaffold,5,1145,train
scaffold,5,1146,train
scaffold,5,1147,train
scaffold,5,1148,train
scaffold,5,1149,train
scaffold,5,1150,train
scaffold,5,1151,train
scaffold,5,1152,train
scaffold,5,1153,train
scaffold,5,1154,train
scaffold,5,1155,train
scaffold,5,1156,train
scaffold,5,1157,train
scaffold,5,1158,train
scaffold,5,1159,train
scaffold,5,1160,train
scaffold,5,1161,train
scaffold,5,1162,train
scaffold,5,1163,train
scaffold,5,1164,train
scaffold,5,1165,train
scaffold,5,1166,train
scaffold,5,1167,train
scaffold,5,1168,train
scaffold,5,1169,train
scaffold,5,1170,train
scaffold,5,1171,train
scaffold,5,1172,train
scaffold,5,1173,train
scaffold,5,1174,train
scaffold,5,1175,train
scaffold,5,1176,train
scaffold,5,1177,train
scaffold,5,1178,train
scaffold,5,1179,train
scaffold,5,1180,train
scaffold,5,1181,train
scaffold,5,1182,train
scaffold,5,1183,train
scaffold,5,1184,train
scaffold,5,1185,train
scaffold,5,1186,train
scaffold,5,1187,train
scaffold,5,1188,train
scaffold,5,1189,train
scaffold,5,1190,train
scaffold,5,1191,train
scaffold,5,1192,train
scaffold,5,1193,train
scaffold,5,1194,train
scaffold,5,1195,train
scaffold,5,1196,train
scaffold,5,1197,train
scaffold,5,1198,train
scaffold,5,1199,train
scaffold,5,1200,train
scaffold,5,1202,train
scaffold,5,1203,train
scaffold,5,1204,train
scaffold,5,1205,train
scaffold,5,1206,train
scaffold,5,1207,train
scaffold,5,1208,train
scaffold,5,1209,train
scaffold,5,1210,train
scaffold,5,1211,train
scaffold,5,1212,train
scaffold,5,1213,train
scaffold,5,1214,train
scaffold,5,1215,train
scaffold,5,1216,train
scaffold,5,1217,train
scaffold,5,1218,train
scaffold,5,1219,train
scaffold,5,1220,train
scaffold,5,1221,train
scaffold,5,1222,train
scaffold,5,1223,train
scaffold,5,1224,train
scaffold,5,1225,train
scaffold,5,1226,train
scaffold,5,1227,train
scaffold,5,1228,train
scaffold,5,1229,train
scaffold,5,1230,train
scaffold,5,1231,train
scaffold,5,1254,train
scaffold,5,1255,train
scaffold,5,1256,train
scaffold,5,1257,train
scaffold,5,1258,train
scaffold,5,1259,train
scaffold,5,1260,train
scaffold,5,1261,train
scaffold,5,1262,train
scaffold,5,1263,train
scaffold,5,1264,train
scaffold,5,1265,train
scaffold,5,1266,train
scaffold,5,1267,train
scaffold,5,1268,train
scaffold,5,1269,train
scaffold,5,1270,train
scaffold,5,1271,train
scaffold,5,1272,train
scaffold,5,1273,train
scaffold,5,1274,train
scaffold,5,1275,train
scaffold,5,1276,train
scaffold,5,1277,train
scaffold,5,1278,train
scaffold,5,1279,train
scaffold,5,1280,train
scaffold,5,1281,train
scaffold,5,1282,train
scaffold,5,1283,train
scaffold,5,1284,train
scaffold,5,1285,train
scaffold,5,1286,train
scaffold,5,1287,train
scaffold,5,1288,train
scaffold,5,1289,train
scaffold,5,1290,train
scaffold,5,1291,train
scaffold,5,1292,train
scaffold,5,1293,train
scaffold,5,1294,train
scaffold,5,1295,train
scaffold,5,1296,train
scaffold,5,1297,train
scaffold,5,1298,train
scaffold,5,1299,train
scaffold,5,1300,train
scaffold,5,1301,train
scaffold,5,1302,train
scaffold,5,1303,train
scaffold,5,1304,train
scaffold,5,1305,train
scaffold,5,1308,train
scaffold,5,1309,train
scaffold,5,1310,train
scaffold,5,1311,train
scaffold,5,1312,train
scaffold,5,1313,train
scaffold,5,1314,train
scaffold,5,1315,train
scaffold,5,1316,train
scaffold,5,1317,train
scaffold,5,1318,train
scaffold,5,1319,train
scaffold,5,1320,train
scaffold,5,1321,train
scaffold,5,1322,train
scaffold,5,1323,train
scaffold,5,1324,train
scaffold,5,1325,train
scaffold,5,1326,train
scaffold,5,1327,train
scaffold,5,1328,train
scaffold,5,1329,train
scaffold,5,1330,train
scaffold,5,1331,train
scaffold,5,1332,train
scaffold,5,1333,train
scaffold,5,1334,train
scaffold,5,1335,train
scaffold,5,1336,train
scaffold,5,1337,train
scaffold,5,1338,train
scaffold,5,1339,train
scaffold,5,1340,train
scaffold,5,1341,train
scaffold,5,1342,train
scaffold,5,1343,train
scaffold,5,1344,train
scaffold,5,1345,train
scaffold,5,1346,train
scaffold,5,1347,train
scaffold,5,1348,train
scaffold,5,1349,train
scaffold,5,1350,train
scaffold,5,1351,train
scaffold,5,1352,train
scaffold,5,1353,train
scaffold,5,1354,train
scaffold,5,1355,train
scaffold,5,1356,train
scaffold,5,1357,train
scaffold,5,1358,train
scaffold,5,1359,train
scaffold,5,1360,train
scaffold,5,1361,train
scaffold,5,1362,train
scaffold,5,1363,train
scaffold,5,1364,train
scaffold,5,1365,train
scaffold,5,1366,train
scaffold,5,1367,train
scaffold,5,1368,train
scaffold,5,1369,train
scaffold,5,1370,train
scaffold,5,1373,train
scaffold,5,1375,train
scaffold,5,1376,train
scaffold,5,1377,train
scaffold,5,1378,train
scaffold,5,1379,train
scaffold,5,1380,train
scaffold,5,1381,train
scaffold,5,1382,train
scaffold,5,1383,train
scaffold,5,1384,train
scaffold,5,1385,train
scaffold,5,1386,train
scaffold,5,1387,train
scaffold,5,1388,train
scaffold,5,1389,train
scaffold,5,1390,train
scaffold,5,1391,train
scaffold,5,1392,train
scaffold,5,1393,train
scaffold,5,1394,train
scaffold,5,1395,train
scaffold,5,1396,train
scaffold,5,1397,train
scaffold,5,1398,train
scaffold,5,1399,train
scaffold,5,1400,train
scaffold,5,1401,train
scaffold,5,1402,train
scaffold,5,1404,train
scaffold,5,1405,train
scaffold,5,1406,train
scaffold,5,1407,train
scaffold,5,1408,train
scaffold,5,1409,train
scaffold,5,1410,train
scaffold,5,1411,train
scaffold,5,1412,train
scaffold,5,1413,train
scaffold,5,1414,train
scaffold,5,1415,train
scaffold,5,1416,train
scaffold,5,1417,train
scaffold,5,1418,train
scaffold,5,1419,train
scaffold,5,1420,train
scaffold,5,1421,train
scaffold,5,1422,train
scaffold,5,1423,train
scaffold,5,1424,train
scaffold,5,1425,train
scaffold,5,1426,train
scaffold,5,1427,train
scaffold,5,1429,train
scaffold,5,1430,train
scaffold,5,1431,train
scaffold,5,1432,train
scaffold,5,1433,train
scaffold,5,1434,train
scaffold,5,1435,train
scaffold,5,1436,train
scaffold,5,1437,train
scaffold,5,1438,train
scaffold,5,1439,train
scaffold,5,1440,train
scaffold,5,1441,train
scaffold,5,1442,train
scaffold,5,1443,train
scaffold,5,1444,train
scaffold,5,1445,train
scaffold,5,1446,train
scaffold,5,1447,train
scaffold,5,1448,train
scaffold,5,1449,train
scaffold,5,1451,train
scaffold,5,1452,train
scaffold,5,1453,train
scaffold,5,1455,train
scaffold,5,1456,train
scaffold,5,1457,train
scaffold,5,1458,train
scaffold,5,1459,train
scaffold,5,1460,train
scaffold,5,1461,train
scaffold,5,1462,train
scaffold,5,1463,train
scaffold,5,1464,train
scaffold,5,1465,train
scaffold,5,1467,train
scaffold,5,1468,train
scaffold,5,1469,train
scaffold,5,1470,train
scaffold,5,1471,train
scaffold,5,1472,train
scaffold,5,1473,train
scaffold,5,1474,train
scaffold,5,1475,train
scaffold,5,1476,train
scaffold,5,1477,train
scaffold,5,1478,train
scaffold,5,1479,train
scaffold,5,1480,train
scaffold,5,1481,train
scaffold,5,1482,train
scaffold,5,1483,train
scaffold,5,1484,train
scaffold,5,1485,train
scaffold,5,1486,train
scaffold,5,1487,train
scaffold,5,1488,train
scaffold,5,1489,train
scaffold,5,1490,train
scaffold,5,1491,train
scaffold,5,1492,train
scaffold,5,1493,train
scaffold,5,1494,train
scaffold,5,1495,train
scaffold,5,1496,train
scaffold,5,1497,train
scaffold,5,1498,train
scaffold,5,1499,train
scaffold,5,1500,train
scaffold,5,1502,train
scaffold,5,1503,train
scaffold,5,1504,train
scaffold,5,1505,train
scaffold,5,1506,train
scaffold,5,1507,train
scaffold,5,1508,train
scaffold,5,1509,train
scaffold,5,1510,train
scaffold,5,1511,train
scaffold,5,1512,train
scaffold,5,1513,train
scaffold,5,1514,train
scaffold,5,1515,train
scaffold,5,1516,train
scaffold,5,1517,train
scaffold,5,1518,train
scaffold,5,1519,train
scaffold,5,1521,train
scaffold,5,1522,train
scaffold,5,1523,train
scaffold,5,1525,train
scaffold,5,1526,train
scaffold,5,1527,train
scaffold,5,1528,train
scaffold,5,1530,train
scaffold,5,1531,train
scaffold,5,1532,train
scaffold,5,1535,train
scaffold,5,1536,train
scaffold,5,1537,train
scaffold,5,1538,train
scaffold,5,1539,train
scaffold,5,1540,train
scaffold,5,1541,train
scaffold,5,1543,train
scaffold,5,1544,train
scaffold,5,1545,train
scaffold,5,1546,train
scaffold,5,1547,train
scaffold,5,1548,train
scaffold,5,1549,train
scaffold,5,1550,train
scaffold,5,1551,train
scaffold,5,1552,train
scaffold,5,1553,train
scaffold,5,1554,train
scaffold,5,1555,train
scaffold,5,1556,train
scaffold,5,1557,train
scaffold,5,1558,train
scaffold,5,1559,train
scaffold,5,1560,train
scaffold,5,1561,train
scaffold,5,1562,train
scaffold,5,1563,train
scaffold,5,1565,train
scaffold,5,1566,train
scaffold,5,1568,train
scaffold,5,1569,train
scaffold,5,1570,train
scaffold,5,1571,train
scaffold,5,1572,train
scaffold,5,1573,train
scaffold,5,1575,train
scaffold,5,1576,train
scaffold,5,1577,train
scaffold,5,1578,train
scaffold,5,1579,train
scaffold,5,1580,train
scaffold,5,1581,train
scaffold,5,1582,train
scaffold,5,1583,train
scaffold,5,1584,train
scaffold,5,1585,train
scaffold,5,1586,train
scaffold,5,1587,train
scaffold,5,1588,train
scaffold,5,1590,train
scaffold,5,1592,train
scaffold,5,1593,train
scaffold,5,1594,train
scaffold,5,1595,train
scaffold,5,1596,train
scaffold,5,1597,train
scaffold,5,1598,train
scaffold,5,1599,train
scaffold,5,1600,train
scaffold,5,1601,train
scaffold,5,1603,train
scaffold,5,1604,train
scaffold,5,1605,train
scaffold,5,1606,train
scaffold,5,1607,train
scaffold,5,1608,train
scaffold,5,1609,train
scaffold,5,1610,train
scaffold,5,1611,train
scaffold,5,1612,train
scaffold,5,1613,train
scaffold,5,1614,train
scaffold,5,1615,train
scaffold,5,1616,train
scaffold,5,1617,train
scaffold,5,1618,train
scaffold,5,1619,train
scaffold,5,1620,train
scaffold,5,1621,train
scaffold,5,1622,train
scaffold,5,1623,train
scaffold,5,1624,train
scaffold,5,1625,train
scaffold,5,1627,train
scaffold,5,1628,train
scaffold,5,1629,train
scaffold,5,1630,train
scaffold,5,1631,train
scaffold,5,1632,train
scaffold,5,1633,train
scaffold,5,1634,train
scaffold,5,1635,train
scaffold,5,1636,train
scaffold,5,1637,train
scaffold,5,1638,train
scaffold,5,1639,train
scaffold,5,1640,train
scaffold,5,1641,train
scaffold,5,1642,train
scaffold,5,1643,train
scaffold,5,1644,train
scaffold,5,1645,train
scaffold,5,1646,train
scaffold,5,1647,train
scaffold,5,1651,train
scaffold,5,1652,train
scaffold,5,1658,train
scaffold,5,1659,train
scaffold,5,1660,train
scaffold,5,1662,train
scaffold,5,1663,train
scaffold,5,1664,train
scaffold,5,1665,train
scaffold,5,1666,train
scaffold,5,1667,train
scaffold,5,1668,train
scaffold,5,1669,train
scaffold,5,1670,train
scaffold,5,1671,train
scaffold,5,1672,train
scaffold,5,1673,train
scaffold,5,1674,train
scaffold,5,1675,train
scaffold,5,1676,train
scaffold,5,1677,train
scaffold,5,1678,train
scaffold,5,1679,train
scaffold,5,1680,train
scaffold,5,1681,train
scaffold,5,1682,train
scaffold,5,1683,train
scaffold,5,1684,train
scaffold,5,1685,train
scaffold,5,1686,train
scaffold,5,1687,train
scaffold,5,1688,train
scaffold,5,1689,train
scaffold,5,1690,train
scaffold,5,1691,train
scaffold,5,1692,train
scaffold,5,1693,train
scaffold,5,1694,train
scaffold,5,1695,train
scaffold,5,1696,train
scaffold,5,1697,train
scaffold,5,1698,train
scaffold,5,1699,train
scaffold,5,1700,train
scaffold,5,1701,train
scaffold,5,1702,train
scaffold,5,1703,train
scaffold,5,1704,train
scaffold,5,1705,train
scaffold,5,1706,train
scaffold,5,1707,train
scaffold,5,1708,train
scaffold,5,1709,train
scaffold,5,1710,train
scaffold,5,1712,train
scaffold,5,1714,train
scaffold,5,1715,train
scaffold,5,1716,train
scaffold,5,1717,train
scaffold,5,1718,train
scaffold,5,1719,train
scaffold,5,1720,train
scaffold,5,1721,train
scaffold,5,1722,train
scaffold,5,1723,train
scaffold,5,1724,train
scaffold,5,1725,train
scaffold,5,1726,train
scaffold,5,1727,train
scaffold,5,1728,train
scaffold,5,1729,train
scaffold,5,1730,train
scaffold,5,1731,train
scaffold,5,1732,train
scaffold,5,1733,train
scaffold,5,1734,train
scaffold,5,1735,train
scaffold,5,1736,train
scaffold,5,1737,train
scaffold,5,1738,train
scaffold,5,1739,train
scaffold,5,1740,train
scaffold,5,1742,train
scaffold,5,1743,train
scaffold,5,1744,train
scaffold,5,1745,train
scaffold,5,1746,train
scaffold,5,1747,train
scaffold,5,1748,train
scaffold,5,1749,train
scaffold,5,1750,train
scaffold,5,1751,train
scaffold,5,1752,train
scaffold,5,1753,train
scaffold,5,1754,train
scaffold,5,1755,train
scaffold,5,1756,train
scaffold,5,1757,train
scaffold,5,1758,train
scaffold,5,1759,train
scaffold,5,1760,train
scaffold,5,1761,train
scaffold,5,1762,train
scaffold,5,1763,train
scaffold,5,1764,train
scaffold,5,1765,train
scaffold,5,1766,train
scaffold,5,1767,train
scaffold,5,1768,train
scaffold,5,1769,train
scaffold,5,1770,train
scaffold,5,1771,train
scaffold,5,1772,train
scaffold,5,1773,train
scaffold,5,1774,train
scaffold,5,1775,train
scaffold,5,1776,train
scaffold,5,1777,train
scaffold,5,1778,train
scaffold,5,1779,train
scaffold,5,1780,train
scaffold,5,1781,train
scaffold,5,1782,train
scaffold,5,1783,train
scaffold,5,1784,train
scaffold,5,1785,train
scaffold,5,1786,train
scaffold,5,1787,train
scaffold,5,1788,train
scaffold,5,1789,train
scaffold,5,1790,train
scaffold,5,1791,train
scaffold,5,1792,train
scaffold,5,1793,train
scaffold,5,1794,train
scaffold,5,1795,train
scaffold,5,1796,train
scaffold,5,1797,train
scaffold,5,1798,train
scaffold,5,1799,train
scaffold,5,1800,train
scaffold,5,1801,train
scaffold,5,1802,train
scaffold,5,1803,train
scaffold,5,1804,train
scaffold,5,1805,train
scaffold,5,1806,train
scaffold,5,1807,train
scaffold,5,1808,train
scaffold,5,1809,train
scaffold,5,1810,train
scaffold,5,1811,train
scaffold,5,1812,train
scaffold,5,1813,train
scaffold,5,1814,train
scaffold,5,1815,train
scaffold,5,1816,train
scaffold,5,1817,train
scaffold,5,1818,train
scaffold,5,1819,train
scaffold,5,1820,train
scaffold,5,1821,train
scaffold,5,1822,train
scaffold,5,1823,train
scaffold,5,1824,train
scaffold,5,1825,train
scaffold,5,1826,train
scaffold,5,1827,train
scaffold,5,1828,train
scaffold,5,1829,train
scaffold,5,1830,train
scaffold,5,1831,train
scaffold,5,1832,train
scaffold,5,1833,train
scaffold,5,1834,train
scaffold,5,1835,train
scaffold,5,1836,train
scaffold,5,1837,train
scaffold,5,1838,train
scaffold,5,1839,train
scaffold,5,1840,train
scaffold,5,1841,train
scaffold,5,1842,train
scaffold,5,1843,train
scaffold,5,1844,train
scaffold,5,1845,train
scaffold,5,1846,train
scaffold,5,1847,train
scaffold,5,1848,train
scaffold,5,1849,train
scaffold,5,1850,train
scaffold,5,1851,train
scaffold,5,1852,train
scaffold,5,1853,train
scaffold,5,1854,train
scaffold,5,1855,train
scaffold,5,1856,train
scaffold,5,1857,train
scaffold,5,1858,train
scaffold,5,1859,train
scaffold,5,1860,train
scaffold,5,1861,train
scaffold,5,1862,train
scaffold,5,1863,train
scaffold,5,1864,train
scaffold,5,1865,train
scaffold,5,1866,train
scaffold,5,1867,train
scaffold,5,1868,train
scaffold,5,1869,train
scaffold,5,1870,train
scaffold,5,1871,train
scaffold,5,1872,train
scaffold,5,1873,train
scaffold,5,1874,train
scaffold,5,1875,train
scaffold,5,1876,train
scaffold,5,1877,train
scaffold,5,1878,train
scaffold,5,1879,train
scaffold,5,1880,train
scaffold,5,1881,train
scaffold,5,1882,train
scaffold,5,1883,train
scaffold,5,1884,train
scaffold,5,1885,train
scaffold,5,1886,train
scaffold,5,1887,train
scaffold,5,1888,train
scaffold,5,1889,train
scaffold,5,1890,train
scaffold,5,1891,train
scaffold,5,1892,train
scaffold,5,1893,train
scaffold,5,1894,train
scaffold,5,1895,train
scaffold,5,1896,train
scaffold,5,1897,train
scaffold,5,1898,train
scaffold,5,1899,train
scaffold,5,1900,train
scaffold,5,1901,train
scaffold,5,1902,train
scaffold,5,1904,train
scaffold,5,1905,train
scaffold,5,1906,train
scaffold,5,1907,train
scaffold,5,1908,train
scaffold,5,1909,train
scaffold,5,1910,train
scaffold,5,63,test
scaffold,5,64,test
scaffold,5,65,test
scaffold,5,66,test
scaffold,5,67,test
scaffold,5,68,test
scaffold,5,69,test
scaffold,5,70,test
scaffold,5,71,test
scaffold,5,72,test
scaffold,5,73,test
scaffold,5,76,test
scaffold,5,77,test
scaffold,5,109,test
scaffold,5,155,test
scaffold,5,164,test
scaffold,5,179,test
scaffold,5,180,test
scaffold,5,181,test
scaffold,5,182,test
scaffold,5,183,test
scaffold,5,184,test
scaffold,5,219,test
scaffold,5,222,test
scaffold,5,270,test
scaffold,5,275,test
scaffold,5,281,test
scaffold,5,333,test
scaffold,5,335,test
scaffold,5,344,test
scaffold,5,357,test
scaffold,5,370,test
scaffold,5,371,test
scaffold,5,386,test
scaffold,5,393,test
scaffold,5,395,test
scaffold,5,398,test
scaffold,5,399,test
scaffold,5,400,test
scaffold,5,401,test
scaffold,5,402,test
scaffold,5,404,test
scaffold,5,405,test
scaffold,5,406,test
scaffold,5,407,test
scaffold,5,443,test
scaffold,5,446,test
scaffold,5,447,test
scaffold,5,461,test
scaffold,5,462,test
scaffold,5,464,test
scaffold,5,538,test
scaffold,5,551,test
scaffold,5,565,test
scaffold,5,593,test
scaffold,5,598,test
scaffold,5,599,test
scaffold,5,605,test
scaffold,5,607,test
scaffold,5,609,test
scaffold,5,611,test
scaffold,5,613,test
scaffold,5,615,test
scaffold,5,617,test
scaffold,5,619,test
scaffold,5,621,test
scaffold,5,623,test
scaffold,5,625,test
scaffold,5,629,test
scaffold,5,630,test
scaffold,5,635,test
scaffold,5,661,test
scaffold,5,686,test
scaffold,5,687,test
scaffold,5,717,test
scaffold,5,785,test
scaffold,5,793,test
scaffold,5,840,test
scaffold,5,841,test
scaffold,5,842,test
scaffold,5,863,test
scaffold,5,864,test
scaffold,5,865,test
scaffold,5,866,test
scaffold,5,867,test
scaffold,5,868,test
scaffold,5,869,test
scaffold,5,870,test
scaffold,5,871,test
scaffold,5,872,test
scaffold,5,873,test
scaffold,5,874,test
scaffold,5,875,test
scaffold,5,876,test
scaffold,5,877,test
scaffold,5,878,test
scaffold,5,879,test
scaffold,5,895,test
scaffold,5,896,test
scaffold,5,900,test
scaffold,5,908,test
scaffold,5,909,test
scaffold,5,911,test
scaffold,5,913,test
scaffold,5,915,test
scaffold,5,919,test
scaffold,5,939,test
scaffold,5,940,test
scaffold,5,948,test
scaffold,5,990,test
scaffold,5,1043,test
scaffold,5,1044,test
scaffold,5,1046,test
scaffold,5,1047,test
scaffold,5,1059,test
scaffold,5,1061,test
scaffold,5,1062,test
scaffold,5,1063,test
scaffold,5,1064,test
scaffold,5,1065,test
scaffold,5,1066,test
scaffold,5,1067,test
scaffold,5,1070,test
scaffold,5,1076,test
scaffold,5,1077,test
scaffold,5,1078,test
scaffold,5,1079,test
scaffold,5,1081,test
scaffold,5,1083,test
scaffold,5,1088,test
scaffold,5,1138,test
scaffold,5,1201,test
scaffold,5,1232,test
scaffold,5,1233,test
scaffold,5,1234,test
scaffold,5,1235,test
scaffold,5,1236,test
scaffold,5,1237,test
scaffold,5,1238,test
scaffold,5,1239,test
scaffold,5,1240,test
scaffold,5,1241,test
scaffold,5,1242,test
scaffold,5,1243,test
scaffold,5,1244,test
scaffold,5,1245,test
scaffold,5,1246,test
scaffold,5,1247,test
scaffold,5,1248,test
scaffold,5,1249,test
scaffold,5,1250,test
scaffold,5,1251,test
scaffold,5,1252,test
scaffold,5,1253,test
scaffold,5,1306,test
scaffold,5,1307,test
scaffold,5,1371,test
scaffold,5,1372,test
scaffold,5,1374,test
scaffold,5,1403,test
scaffold,5,1428,test
scaffold,5,1450,test
scaffold,5,1454,test
scaffold,5,1466,test
scaffold,5,1501,test
scaffold,5,1520,test
scaffold,5,1524,test
scaffold,5,1529,test
scaffold,5,1533,test
scaffold,5,1534,test
scaffold,5,1542,test
scaffold,5,1564,test
scaffold,5,1567,test
scaffold,5,1574,test
scaffold,5,1589,test
scaffold,5,1591,test
scaffold,5,1602,test
scaffold,5,1626,test
scaffold,5,1648,test
scaffold,5,1649,test
scaffold,5,1650,test
scaffold,5,1653,test
scaffold,5,1654,test
scaffold,5,1655,test
scaffold,5,1656,test
scaffold,5,1657,test
scaffold,5,1661,test
scaffold,5,1711,test
scaffold,5,1713,test
scaffold,5,1741,test
scaffold,5,1903,test
cluster,1,0,train
cluster,1,22,train
cluster,1,23,train
cluster,1,24,train
cluster,1,25,train
cluster,1,26,train
cluster,1,27,train
cluster,1,28,train
cluster,1,29,train
cluster,1,30,train
cluster,1,31,train
cluster,1,32,train
cluster,1,33,train
cluster,1,34,train
cluster,1,36,train
cluster,1,38,train
cluster,1,40,train
cluster,1,41,train
cluster,1,44,train
cluster,1,50,train
cluster,1,51,train
cluster,1,52,train
cluster,1,54,train
cluster,1,55,train
cluster,1,56,train
cluster,1,58,train
cluster,1,62,train
cluster,1,63,train
cluster,1,64,train
cluster,1,65,train
cluster,1,66,train
cluster,1,67,train
cluster,1,68,train
cluster,1,69,train
cluster,1,70,train
cluster,1,71,train
cluster,1,72,train
cluster,1,73,train
cluster,1,74,train
cluster,1,75,train
cluster,1,76,train
cluster,1,77,train
cluster,1,78,train
cluster,1,79,train
cluster,1,80,train
cluster,1,81,train
cluster,1,82,train
cluster,1,83,train
cluster,1,84,train
cluster,1,85,train
cluster,1,86,train
cluster,1,87,train
cluster,1,88,train
cluster,1,89,train
cluster,1,90,train
cluster,1,91,train
cluster,1,92,train
cluster,1,93,train
cluster,1,94,train
cluster,1,95,train
cluster,1,96,train
cluster,1,97,train
cluster,1,98,train
cluster,1,99,train
cluster,1,100,train
cluster,1,101,train
cluster,1,102,train
cluster,1,103,train
cluster,1,104,train
cluster,1,105,train
cluster,1,106,train
cluster,1,107,train
cluster,1,109,train
cluster,1,110,train
cluster,1,111,train
cluster,1,112,train
cluster,1,113,train
cluster,1,114,train
cluster,1,115,train
cluster,1,116,train
cluster,1,117,train
cluster,1,118,train
cluster,1,119,train
cluster,1,120,train
cluster,1,121,train
cluster,1,122,train
cluster,1,123,train
cluster,1,124,train
cluster,1,125,train
cluster,1,126,train
cluster,1,127,train
cluster,1,128,train
cluster,1,129,train
cluster,1,130,train
cluster,1,131,train
cluster,1,132,train
cluster,1,133,train
cluster,1,134,train
cluster,1,135,train
cluster,1,136,train
cluster,1,137,train
cluster,1,138,train
cluster,1,139,train
cluster,1,140,train
cluster,1,141,train
cluster,1,142,train
cluster,1,143,train
cluster,1,144,train
cluster,1,145,train
cluster,1,146,train
cluster,1,147,train
cluster,1,148,train
cluster,1,149,train
cluster,1,150,train
cluster,1,151,train
cluster,1,152,train
cluster,1,153,train
cluster,1,154,train
cluster,1,155,train
cluster,1,156,train
cluster,1,157,train
cluster,1,158,train
cluster,1,159,train
cluster,1,160,train
cluster,1,161,train
cluster,1,162,train
cluster,1,163,train
cluster,1,164,train
cluster,1,168,train
cluster,1,169,train
cluster,1,170,train
cluster,1,171,train
cluster,1,172,train
cluster,1,173,train
cluster,1,174,train
cluster,1,175,train
cluster,1,176,train
cluster,1,178,train
cluster,1,179,train
cluster,1,180,train
cluster,1,181,train
cluster,1,182,train
cluster,1,184,train
cluster,1,185,train
cluster,1,195,train
cluster,1,204,train
cluster,1,205,train
cluster,1,206,train
cluster,1,207,train
cluster,1,208,train
cluster,1,209,train
cluster,1,210,train
cluster,1,211,train
cluster,1,212,train
cluster,1,213,train
cluster,1,214,train
cluster,1,215,train
cluster,1,216,train
cluster,1,217,train
cluster,1,218,train
cluster,1,220,train
cluster,1,221,train
cluster,1,222,train
cluster,1,224,train
cluster,1,225,train
cluster,1,226,train
cluster,1,227,train
cluster,1,228,train
cluster,1,229,train
cluster,1,230,train
cluster,1,231,train
cluster,1,232,train
cluster,1,239,train
cluster,1,240,train
cluster,1,244,train
cluster,1,245,train
cluster,1,246,train
cluster,1,247,train
cluster,1,248,train
cluster,1,249,train
cluster,1,250,train
cluster,1,251,train
cluster,1,252,train
cluster,1,253,train
cluster,1,254,train
cluster,1,255,train
cluster,1,256,train
cluster,1,257,train
cluster,1,258,train
cluster,1,259,train
cluster,1,260,train
cluster,1,261,train
cluster,1,263,train
cluster,1,264,train
cluster,1,265,train
cluster,1,266,train
cluster,1,267,train
cluster,1,268,train
cluster,1,269,train
cluster,1,270,train
cluster,1,271,train
cluster,1,272,train
cluster,1,273,train
cluster,1,274,train
cluster,1,275,train
cluster,1,276,train
cluster,1,277,train
cluster,1,278,train
cluster,1,279,train
cluster,1,280,train
cluster,1,281,train
cluster,1,282,train
cluster,1,283,train
cluster,1,284,train
cluster,1,285,train
cluster,1,286,train
cluster,1,287,train
cluster,1,288,train
cluster,1,289,train
cluster,1,290,train
cluster,1,291,train
cluster,1,292,train
cluster,1,293,train
cluster,1,294,train
cluster,1,295,train
cluster,1,296,train
cluster,1,297,train
cluster,1,298,train
cluster,1,299,train
cluster,1,300,train
cluster,1,301,train
cluster,1,302,train
cluster,1,303,train
cluster,1,304,train
cluster,1,305,train
cluster,1,306,train
cluster,1,307,train
cluster,1,308,train
cluster,1,309,train
cluster,1,310,train
cluster,1,311,train
cluster,1,312,train
cluster,1,313,train
cluster,1,314,train
cluster,1,315,train
cluster,1,316,train
cluster,1,317,train
cluster,1,318,train
cluster,1,319,train
cluster,1,320,train
cluster,1,321,train
cluster,1,322,train
cluster,1,323,train
cluster,1,324,train
cluster,1,325,train
cluster,1,326,train
cluster,1,327,train
cluster,1,328,train
cluster,1,329,train
cluster,1,330,train
cluster,1,331,train
cluster,1,332,train
cluster,1,333,train
cluster,1,335,train
cluster,1,336,train
cluster,1,337,train
cluster,1,338,train
cluster,1,339,train
cluster,1,340,train
cluster,1,341,train
cluster,1,342,train
cluster,1,343,train
cluster,1,344,train
cluster,1,345,train
cluster,1,347,train
cluster,1,348,train
cluster,1,349,train
cluster,1,350,train
cluster,1,354,train
cluster,1,355,train
cluster,1,356,train
cluster,1,362,train
cluster,1,363,train
cluster,1,368,train
cluster,1,370,train
cluster,1,371,train
cluster,1,372,train
cluster,1,373,train
cluster,1,374,train
cluster,1,375,train
cluster,1,376,train
cluster,1,377,train
cluster,1,378,train
cluster,1,379,train
cluster,1,380,train
cluster,1,381,train
cluster,1,382,train
cluster,1,383,train
cluster,1,384,train
cluster,1,385,train
cluster,1,386,train
cluster,1,387,train
cluster,1,388,train
cluster,1,389,train
cluster,1,390,train
cluster,1,391,train
cluster,1,392,train
cluster,1,393,train
cluster,1,394,train
cluster,1,395,train
cluster,1,396,train
cluster,1,397,train
cluster,1,398,train
cluster,1,399,train
cluster,1,400,train
cluster,1,401,train
cluster,1,402,train
cluster,1,403,train
cluster,1,404,train
cluster,1,405,train
cluster,1,406,train
cluster,1,407,train
cluster,1,408,train
cluster,1,409,train
cluster,1,410,train
cluster,1,411,train
cluster,1,412,train
cluster,1,413,train
cluster,1,414,train
cluster,1,415,train
cluster,1,416,train
cluster,1,417,train
cluster,1,418,train
cluster,1,420,train
cluster,1,421,train
cluster,1,422,train
cluster,1,423,train
cluster,1,424,train
cluster,1,426,train
cluster,1,431,train
cluster,1,432,train
cluster,1,433,train
cluster,1,435,train
cluster,1,436,train
cluster,1,437,train
cluster,1,438,train
cluster,1,439,train
cluster,1,440,train
cluster,1,441,train
cluster,1,442,train
cluster,1,443,train
cluster,1,444,train
cluster,1,445,train
cluster,1,446,train
cluster,1,447,train
cluster,1,448,train
cluster,1,449,train
cluster,1,450,train
cluster,1,451,train
cluster,1,452,train
cluster,1,453,train
cluster,1,454,train
cluster,1,455,train
cluster,1,456,train
cluster,1,457,train
cluster,1,458,train
cluster,1,459,train
cluster,1,460,train
cluster,1,461,train
cluster,1,462,train
cluster,1,463,train
cluster,1,464,train
cluster,1,465,train
cluster,1,466,train
cluster,1,467,train
cluster,1,468,train
cluster,1,469,train
cluster,1,470,train
cluster,1,471,train
cluster,1,472,train
cluster,1,473,train
cluster,1,474,train
cluster,1,475,train
cluster,1,476,train
cluster,1,477,train
cluster,1,478,train
cluster,1,479,train
cluster,1,480,train
cluster,1,481,train
cluster,1,482,train
cluster,1,483,train
cluster,1,484,train
cluster,1,485,train
cluster,1,486,train
cluster,1,487,train
cluster,1,488,train
cluster,1,489,train
cluster,1,490,train
cluster,1,492,train
cluster,1,493,train
cluster,1,494,train
cluster,1,495,train
cluster,1,496,train
cluster,1,497,train
cluster,1,498,train
cluster,1,499,train
cluster,1,500,train
cluster,1,501,train
cluster,1,503,train
cluster,1,504,train
cluster,1,505,train
cluster,1,506,train
cluster,1,507,train
cluster,1,508,train
cluster,1,509,train
cluster,1,510,train
cluster,1,511,train
cluster,1,512,train
cluster,1,513,train
cluster,1,514,train
cluster,1,515,train
cluster,1,516,train
cluster,1,517,train
cluster,1,518,train
cluster,1,519,train
cluster,1,520,train
cluster,1,521,train
cluster,1,522,train
cluster,1,523,train
cluster,1,524,train
cluster,1,525,train
cluster,1,526,train
cluster,1,527,train
cluster,1,528,train
cluster,1,529,train
cluster,1,530,train
cluster,1,531,train
cluster,1,532,train
cluster,1,533,train
cluster,1,534,train
cluster,1,535,train
cluster,1,536,train
cluster,1,537,train
cluster,1,538,train
cluster,1,539,train
cluster,1,540,train
cluster,1,541,train
cluster,1,542,train
cluster,1,543,train
cluster,1,544,train
cluster,1,545,train
cluster,1,546,train
cluster,1,547,train
cluster,1,548,train
cluster,1,549,train
cluster,1,550,train
cluster,1,551,train
cluster,1,552,train
cluster,1,553,train
cluster,1,554,train
cluster,1,555,train
cluster,1,556,train
cluster,1,557,train
cluster,1,558,train
cluster,1,559,train
cluster,1,560,train
cluster,1,561,train
cluster,1,562,train
cluster,1,563,train
cluster,1,564,train
cluster,1,565,train
cluster,1,566,train
cluster,1,567,train
cluster,1,568,train
cluster,1,569,train
cluster,1,570,train
cluster,1,571,train
cluster,1,572,train
cluster,1,573,train
cluster,1,574,train
cluster,1,575,train
cluster,1,576,train
cluster,1,577,train
cluster,1,578,train
cluster,1,579,train
cluster,1,580,train
cluster,1,581,train
cluster,1,582,train
cluster,1,583,train
cluster,1,584,train
cluster,1,585,train
cluster,1,586,train
cluster,1,587,train
cluster,1,589,train
cluster,1,590,train
cluster,1,591,train
cluster,1,592,train
cluster,1,593,train
cluster,1,594,train
cluster,1,595,train
cluster,1,596,train
cluster,1,598,train
cluster,1,599,train
cluster,1,600,train
cluster,1,601,train
cluster,1,602,train
cluster,1,603,train
cluster,1,604,train
cluster,1,605,train
cluster,1,606,train
cluster,1,607,train
cluster,1,608,train
cluster,1,609,train
cluster,1,610,train
cluster,1,611,train
cluster,1,612,train
cluster,1,613,train
cluster,1,614,train
cluster,1,615,train
cluster,1,616,train
cluster,1,617,train
cluster,1,618,train
cluster,1,619,train
cluster,1,620,train
cluster,1,621,train
cluster,1,622,train
cluster,1,623,train
cluster,1,624,train
cluster,1,625,train
cluster,1,626,train
cluster,1,627,train
cluster,1,628,train
cluster,1,629,train
cluster,1,630,train
cluster,1,631,train
cluster,1,632,train
cluster,1,633,train
cluster,1,634,train
cluster,1,635,train
cluster,1,636,train
cluster,1,637,train
cluster,1,638,train
cluster,1,639,train
cluster,1,640,train
cluster,1,641,train
cluster,1,642,train
cluster,1,643,train
cluster,1,644,train
cluster,1,645,train
cluster,1,646,train
cluster,1,647,train
cluster,1,648,train
cluster,1,649,train
cluster,1,650,train
cluster,1,651,train
cluster,1,652,train
cluster,1,653,train
cluster,1,654,train
cluster,1,655,train
cluster,1,656,train
cluster,1,657,train
cluster,1,658,train
cluster,1,659,train
cluster,1,660,train
cluster,1,661,train
cluster,1,662,train
cluster,1,663,train
cluster,1,664,train
cluster,1,665,train
cluster,1,666,train
cluster,1,667,train
cluster,1,668,train
cluster,1,669,train
cluster,1,670,train
cluster,1,671,train
cluster,1,672,train
cluster,1,673,train
cluster,1,674,train
cluster,1,675,train
cluster,1,676,train
cluster,1,677,train
cluster,1,678,train
cluster,1,679,train
cluster,1,680,train
cluster,1,681,train
cluster,1,682,train
cluster,1,683,train
cluster,1,684,train
cluster,1,685,train
cluster,1,686,train
cluster,1,687,train
cluster,1,689,train
cluster,1,690,train
cluster,1,692,train
cluster,1,693,train
cluster,1,694,train
cluster,1,695,train
cluster,1,696,train
cluster,1,697,train
cluster,1,698,train
cluster,1,699,train
cluster,1,700,train
cluster,1,701,train
cluster,1,702,train
cluster,1,703,train
cluster,1,704,train
cluster,1,709,train
cluster,1,710,train
cluster,1,713,train
cluster,1,714,train
cluster,1,715,train
cluster,1,716,train
cluster,1,717,train
cluster,1,718,train
cluster,1,719,train
cluster,1,720,train
cluster,1,721,train
cluster,1,722,train
cluster,1,723,train
cluster,1,724,train
cluster,1,725,train
cluster,1,726,train
cluster,1,727,train
cluster,1,728,train
cluster,1,729,train
cluster,1,730,train
cluster,1,731,train
cluster,1,751,train
cluster,1,752,train
cluster,1,753,train
cluster,1,754,train
cluster,1,755,train
cluster,1,756,train
cluster,1,757,train
cluster,1,758,train
cluster,1,759,train
cluster,1,760,train
cluster,1,761,train
cluster,1,762,train
cluster,1,763,train
cluster,1,764,train
cluster,1,765,train
cluster,1,766,train
cluster,1,767,train
cluster,1,768,train
cluster,1,769,train
cluster,1,770,train
cluster,1,771,train
cluster,1,772,train
cluster,1,773,train
cluster,1,774,train
cluster,1,775,train
cluster,1,776,train
cluster,1,777,train
cluster,1,778,train
cluster,1,779,train
cluster,1,780,train
cluster,1,781,train
cluster,1,782,train
cluster,1,783,train
cluster,1,784,train
cluster,1,785,train
cluster,1,786,train
cluster,1,787,train
cluster,1,788,train
cluster,1,789,train
cluster,1,790,train
cluster,1,792,train
cluster,1,793,train
cluster,1,794,train
cluster,1,795,train
cluster,1,796,train
cluster,1,797,train
cluster,1,798,train
cluster,1,799,train
cluster,1,800,train
cluster,1,801,train
cluster,1,802,train
cluster,1,803,train
cluster,1,804,train
cluster,1,805,train
cluster,1,806,train
cluster,1,807,train
cluster,1,808,train
cluster,1,809,train
cluster,1,810,train
cluster,1,811,train
cluster,1,812,train
cluster,1,813,train
cluster,1,814,train
cluster,1,815,train
cluster,1,816,train
cluster,1,817,train
cluster,1,818,train
cluster,1,819,train
cluster,1,820,train
cluster,1,821,train
cluster,1,822,train
cluster,1,823,train
cluster,1,824,train
cluster,1,825,train
cluster,1,826,train
cluster,1,827,train
cluster,1,828,train
cluster,1,829,train
cluster,1,830,train
cluster,1,831,train
cluster,1,832,train
cluster,1,833,train
cluster,1,834,train
cluster,1,835,train
cluster,1,836,train
cluster,1,837,train
cluster,1,838,train
cluster,1,840,train
cluster,1,841,train
cluster,1,842,train
cluster,1,843,train
cluster,1,844,train
cluster,1,845,train
cluster,1,846,train
cluster,1,847,train
cluster,1,848,train
cluster,1,849,train
cluster,1,850,train
cluster,1,851,train
cluster,1,852,train
cluster,1,853,train
cluster,1,854,train
cluster,1,855,train
cluster,1,856,train
cluster,1,857,train
cluster,1,858,train
cluster,1,859,train
cluster,1,860,train
cluster,1,861,train
cluster,1,862,train
cluster,1,863,train
cluster,1,864,train
cluster,1,865,train
cluster,1,866,train
cluster,1,867,train
cluster,1,868,train
cluster,1,869,train
cluster,1,870,train
cluster,1,871,train
cluster,1,872,train
cluster,1,873,train
cluster,1,874,train
cluster,1,875,train
cluster,1,876,train
cluster,1,877,train
cluster,1,878,train
cluster,1,879,train
cluster,1,880,train
cluster,1,881,train
cluster,1,882,train
cluster,1,883,train
cluster,1,884,train
cluster,1,885,train
cluster,1,886,train
cluster,1,887,train
cluster,1,888,train
cluster,1,889,train
cluster,1,890,train
cluster,1,891,train
cluster,1,892,train
cluster,1,893,train
cluster,1,894,train
cluster,1,895,train
cluster,1,896,train
cluster,1,897,train
cluster,1,898,train
cluster,1,900,train
cluster,1,901,train
cluster,1,902,train
cluster,1,903,train
cluster,1,905,train
cluster,1,906,train
cluster,1,907,train
cluster,1,908,train
cluster,1,909,train
cluster,1,910,train
cluster,1,911,train
cluster,1,912,train
cluster,1,913,train
cluster,1,914,train
cluster,1,915,train
cluster,1,916,train
cluster,1,917,train
cluster,1,918,train
cluster,1,919,train
cluster,1,920,train
cluster,1,921,train
cluster,1,922,train
cluster,1,923,train
cluster,1,924,train
cluster,1,925,train
cluster,1,926,train
cluster,1,927,train
cluster,1,928,train
cluster,1,929,train
cluster,1,930,train
cluster,1,932,train
cluster,1,933,train
cluster,1,934,train
cluster,1,935,train
cluster,1,936,train
cluster,1,937,train
cluster,1,938,train
cluster,1,939,train
cluster,1,940,train
cluster,1,941,train
cluster,1,942,train
cluster,1,943,train
cluster,1,944,train
cluster,1,945,train
cluster,1,946,train
cluster,1,947,train
cluster,1,948,train
cluster,1,949,train
cluster,1,950,train
cluster,1,951,train
cluster,1,952,train
cluster,1,953,train
cluster,1,955,train
cluster,1,956,train
cluster,1,957,train
cluster,1,958,train
cluster,1,959,train
cluster,1,960,train
cluster,1,961,train
cluster,1,962,train
cluster,1,963,train
cluster,1,964,train
cluster,1,965,train
cluster,1,966,train
cluster,1,967,train
cluster,1,968,train
cluster,1,969,train
cluster,1,970,train
cluster,1,971,train
cluster,1,972,train
cluster,1,973,train
cluster,1,974,train
cluster,1,975,train
cluster,1,976,train
cluster,1,977,train
cluster,1,978,train
cluster,1,979,train
cluster,1,980,train
cluster,1,981,train
cluster,1,982,train
cluster,1,983,train
cluster,1,984,train
cluster,1,985,train
cluster,1,986,train
cluster,1,987,train
cluster,1,988,train
cluster,1,989,train
cluster,1,990,train
cluster,1,991,train
cluster,1,992,train
cluster,1,993,train
cluster,1,994,train
cluster,1,996,train
cluster,1,998,train
cluster,1,999,train
cluster,1,1001,train
cluster,1,1002,train
cluster,1,1003,train
cluster,1,1004,train
cluster,1,1005,train
cluster,1,1007,train
cluster,1,1008,train
cluster,1,1009,train
cluster,1,1010,train
cluster,1,1011,train
cluster,1,1012,train
cluster,1,1013,train
cluster,1,1014,train
cluster,1,1015,train
cluster,1,1016,train
cluster,1,1017,train
cluster,1,1018,train
cluster,1,1019,train
cluster,1,1020,train
cluster,1,1021,train
cluster,1,1022,train
cluster,1,1023,train
cluster,1,1024,train
cluster,1,1025,train
cluster,1,1026,train
cluster,1,1027,train
cluster,1,1029,train
cluster,1,1030,train
cluster,1,1031,train
cluster,1,1032,train
cluster,1,1033,train
cluster,1,1034,train
cluster,1,1035,train
cluster,1,1036,train
cluster,1,1037,train
cluster,1,1038,train
cluster,1,1039,train
cluster,1,1040,train
cluster,1,1041,train
cluster,1,1042,train
cluster,1,1043,train
cluster,1,1044,train
cluster,1,1045,train
cluster,1,1046,train
cluster,1,1047,train
cluster,1,1048,train
cluster,1,1049,train
cluster,1,1050,train
cluster,1,1051,train
cluster,1,1052,train
cluster,1,1053,train
cluster,1,1054,train
cluster,1,1055,train
cluster,1,1056,train
cluster,1,1057,train
cluster,1,1058,train
cluster,1,1059,train
cluster,1,1060,train
cluster,1,1061,train
cluster,1,1062,train
cluster,1,1063,train
cluster,1,1064,train
cluster,1,1065,train
cluster,1,1066,train
cluster,1,1067,train
cluster,1,1071,train
cluster,1,1073,train
cluster,1,1074,train
cluster,1,1075,train
cluster,1,1076,train
cluster,1,1077,train
cluster,1,1078,train
cluster,1,1079,train
cluster,1,1080,train
cluster,1,1081,train
cluster,1,1082,train
cluster,1,1083,train
cluster,1,1084,train
cluster,1,1087,train
cluster,1,1088,train
cluster,1,1090,train
cluster,1,1091,train
cluster,1,1092,train
cluster,1,1093,train
cluster,1,1094,train
cluster,1,1095,train
cluster,1,1096,train
cluster,1,1097,train
cluster,1,1098,train
cluster,1,1099,train
cluster,1,1100,train
cluster,1,1101,train
cluster,1,1102,train
cluster,1,1103,train
cluster,1,1104,train
cluster,1,1105,train
cluster,1,1106,train
cluster,1,1107,train
cluster,1,1108,train
cluster,1,1109,train
cluster,1,1110,train
cluster,1,1111,train
cluster,1,1112,train
cluster,1,1113,train
cluster,1,1114,train
cluster,1,1115,train
cluster,1,1117,train
cluster,1,1118,train
cluster,1,1119,train
cluster,1,1120,train
cluster,1,1121,train
cluster,1,1122,train
cluster,1,1123,train
cluster,1,1124,train
cluster,1,1125,train
cluster,1,1126,train
cluster,1,1127,train
cluster,1,1128,train
cluster,1,1129,train
cluster,1,1130,train
cluster,1,1131,train
cluster,1,1132,train
cluster,1,1133,train
cluster,1,1134,train
cluster,1,1135,train
cluster,1,1136,train
cluster,1,1137,train
cluster,1,1138,train
cluster,1,1139,train
cluster,1,1140,train
cluster,1,1141,train
cluster,1,1142,train
cluster,1,1143,train
cluster,1,1144,train
cluster,1,1145,train
cluster,1,1146,train
cluster,1,1147,train
cluster,1,1148,train
cluster,1,1149,train
cluster,1,1150,train
cluster,1,1151,train
cluster,1,1152,train
cluster,1,1153,train
cluster,1,1154,train
cluster,1,1155,train
cluster,1,1156,train
cluster,1,1157,train
cluster,1,1158,train
cluster,1,1159,train
cluster,1,1160,train
cluster,1,1161,train
cluster,1,1162,train
cluster,1,1163,train
cluster,1,1164,train
cluster,1,1165,train
cluster,1,1166,train
cluster,1,1167,train
cluster,1,1168,train
cluster,1,1169,train
cluster,1,1170,train
cluster,1,1171,train
cluster,1,1172,train
cluster,1,1173,train
cluster,1,1174,train
cluster,1,1175,train
cluster,1,1177,train
cluster,1,1179,train
cluster,1,1180,train
cluster,1,1181,train
cluster,1,1182,train
cluster,1,1183,train
cluster,1,1184,train
cluster,1,1185,train
cluster,1,1186,train
cluster,1,1187,train
cluster,1,1188,train
cluster,1,1189,train
cluster,1,1190,train
cluster,1,1191,train
cluster,1,1192,train
cluster,1,1193,train
cluster,1,1194,train
cluster,1,1195,train
cluster,1,1196,train
cluster,1,1197,train
cluster,1,1198,train
cluster,1,1199,train
cluster,1,1200,train
cluster,1,1201,train
cluster,1,1202,train
cluster,1,1203,train
cluster,1,1204,train
cluster,1,1205,train
cluster,1,1206,train
cluster,1,1207,train
cluster,1,1208,train
cluster,1,1209,train
cluster,1,1210,train
cluster,1,1211,train
cluster,1,1212,train
cluster,1,1213,train
cluster,1,1214,train
cluster,1,1215,train
cluster,1,1216,train
cluster,1,1217,train
cluster,1,1218,train
cluster,1,1219,train
cluster,1,1220,train
cluster,1,1221,train
cluster,1,1222,train
cluster,1,1223,train
cluster,1,1224,train
cluster,1,1225,train
cluster,1,1226,train
cluster,1,1227,train
cluster,1,1228,train
cluster,1,1229,train
cluster,1,1230,train
cluster,1,1231,train
cluster,1,1232,train
cluster,1,1233,train
cluster,1,1234,train
cluster,1,1235,train
cluster,1,1236,train
cluster,1,1237,train
cluster,1,1238,train
cluster,1,1239,train
cluster,1,1240,train
cluster,1,1241,train
cluster,1,1242,train
cluster,1,1243,train
cluster,1,1244,train
cluster,1,1245,train
cluster,1,1246,train
cluster,1,1247,train
cluster,1,1248,train
cluster,1,1249,train
cluster,1,1250,train
cluster,1,1251,train
cluster,1,1252,train
cluster,1,1253,train
cluster,1,1254,train
cluster,1,1255,train
cluster,1,1256,train
cluster,1,1257,train
cluster,1,1258,train
cluster,1,1259,train
cluster,1,1260,train
cluster,1,1261,train
cluster,1,1262,train
cluster,1,1263,train
cluster,1,1264,train
cluster,1,1265,train
cluster,1,1266,train
cluster,1,1267,train
cluster,1,1268,train
cluster,1,1269,train
cluster,1,1270,train
cluster,1,1271,train
cluster,1,1272,train
cluster,1,1273,train
cluster,1,1274,train
cluster,1,1275,train
cluster,1,1276,train
cluster,1,1277,train
cluster,1,1278,train
cluster,1,1279,train
cluster,1,1280,train
cluster,1,1281,train
cluster,1,1282,train
cluster,1,1283,train
cluster,1,1284,train
cluster,1,1285,train
cluster,1,1286,train
cluster,1,1287,train
cluster,1,1288,train
cluster,1,1289,train
cluster,1,1290,train
cluster,1,1291,train
cluster,1,1292,train
cluster,1,1293,train
cluster,1,1294,train
cluster,1,1295,train
cluster,1,1296,train
cluster,1,1297,train
cluster,1,1298,train
cluster,1,1299,train
cluster,1,1300,train
cluster,1,1301,train
cluster,1,1302,train
cluster,1,1303,train
cluster,1,1304,train
cluster,1,1305,train
cluster,1,1306,train
cluster,1,1308,train
cluster,1,1309,train
cluster,1,1310,train
cluster,1,1311,train
cluster,1,1312,train
cluster,1,1313,train
cluster,1,1314,train
cluster,1,1315,train
cluster,1,1316,train
cluster,1,1317,train
cluster,1,1318,train
cluster,1,1319,train
cluster,1,1320,train
cluster,1,1321,train
cluster,1,1322,train
cluster,1,1323,train
cluster,1,1324,train
cluster,1,1338,train
cluster,1,1339,train
cluster,1,1340,train
cluster,1,1341,train
cluster,1,1342,train
cluster,1,1343,train
cluster,1,1344,train
cluster,1,1345,train
cluster,1,1346,train
cluster,1,1347,train
cluster,1,1348,train
cluster,1,1349,train
cluster,1,1350,train
cluster,1,1351,train
cluster,1,1352,train
cluster,1,1353,train
cluster,1,1354,train
cluster,1,1355,train
cluster,1,1356,train
cluster,1,1357,train
cluster,1,1358,train
cluster,1,1359,train
cluster,1,1360,train
cluster,1,1361,train
cluster,1,1362,train
cluster,1,1363,train
cluster,1,1364,train
cluster,1,1365,train
cluster,1,1366,train
cluster,1,1367,train
cluster,1,1368,train
cluster,1,1371,train
cluster,1,1375,train
cluster,1,1376,train
cluster,1,1377,train
cluster,1,1378,train
cluster,1,1379,train
cluster,1,1380,train
cluster,1,1381,train
cluster,1,1382,train
cluster,1,1383,train
cluster,1,1384,train
cluster,1,1385,train
cluster,1,1386,train
cluster,1,1387,train
cluster,1,1388,train
cluster,1,1389,train
cluster,1,1390,train
cluster,1,1391,train
cluster,1,1392,train
cluster,1,1393,train
cluster,1,1394,train
cluster,1,1395,train
cluster,1,1396,train
cluster,1,1397,train
cluster,1,1398,train
cluster,1,1399,train
cluster,1,1400,train
cluster,1,1401,train
cluster,1,1402,train
cluster,1,1403,train
cluster,1,1404,train
cluster,1,1406,train
cluster,1,1407,train
cluster,1,1409,train
cluster,1,1410,train
cluster,1,1411,train
cluster,1,1412,train
cluster,1,1413,train
cluster,1,1414,train
cluster,1,1415,train
cluster,1,1416,train
cluster,1,1417,train
cluster,1,1418,train
cluster,1,1419,train
cluster,1,1420,train
cluster,1,1421,train
cluster,1,1422,train
cluster,1,1423,train
cluster,1,1424,train
cluster,1,1425,train
cluster,1,1427,train
cluster,1,1428,train
cluster,1,1429,train
cluster,1,1430,train
cluster,1,1431,train
cluster,1,1432,train
cluster,1,1433,train
cluster,1,1434,train
cluster,1,1435,train
cluster,1,1436,train
cluster,1,1437,train
cluster,1,1438,train
cluster,1,1439,train
cluster,1,1440,train
cluster,1,1441,train
cluster,1,1442,train
cluster,1,1443,train
cluster,1,1444,train
cluster,1,1445,train
cluster,1,1446,train
cluster,1,1447,train
cluster,1,1448,train
cluster,1,1449,train
cluster,1,1450,train
cluster,1,1451,train
cluster,1,1452,train
cluster,1,1453,train
cluster,1,1454,train
cluster,1,1455,train
cluster,1,1456,train
cluster,1,1457,train
cluster,1,1458,train
cluster,1,1459,train
cluster,1,1460,train
cluster,1,1461,train
cluster,1,1462,train
cluster,1,1464,train
cluster,1,1465,train
cluster,1,1466,train
cluster,1,1467,train
cluster,1,1468,train
cluster,1,1469,train
cluster,1,1472,train
cluster,1,1473,train
cluster,1,1474,train
cluster,1,1475,train
cluster,1,1476,train
cluster,1,1477,train
cluster,1,1478,train
cluster,1,1479,train
cluster,1,1480,train
cluster,1,1481,train
cluster,1,1482,train
cluster,1,1483,train
cluster,1,1484,train
cluster,1,1485,train
cluster,1,1486,train
cluster,1,1487,train
cluster,1,1488,train
cluster,1,1489,train
cluster,1,1490,train
cluster,1,1491,train
cluster,1,1492,train
cluster,1,1493,train
cluster,1,1494,train
cluster,1,1495,train
cluster,1,1496,train
cluster,1,1497,train
cluster,1,1498,train
cluster,1,1499,train
cluster,1,1500,train
cluster,1,1501,train
cluster,1,1502,train
cluster,1,1503,train
cluster,1,1504,train
cluster,1,1505,train
cluster,1,1506,train
cluster,1,1507,train
cluster,1,1508,train
cluster,1,1509,train
cluster,1,1510,train
cluster,1,1511,train
cluster,1,1512,train
cluster,1,1513,train
cluster,1,1514,train
cluster,1,1515,train
cluster,1,1517,train
cluster,1,1518,train
cluster,1,1519,train
cluster,1,1520,train
cluster,1,1521,train
cluster,1,1523,train
cluster,1,1524,train
cluster,1,1525,train
cluster,1,1527,train
cluster,1,1528,train
cluster,1,1529,train
cluster,1,1530,train
cluster,1,1531,train
cluster,1,1532,train
cluster,1,1533,train
cluster,1,1534,train
cluster,1,1535,train
cluster,1,1536,train
cluster,1,1537,train
cluster,1,1538,train
cluster,1,1539,train
cluster,1,1540,train
cluster,1,1541,train
cluster,1,1542,train
cluster,1,1543,train
cluster,1,1544,train
cluster,1,1545,train
cluster,1,1546,train
cluster,1,1547,train
cluster,1,1548,train
cluster,1,1549,train
cluster,1,1550,train
cluster,1,1551,train
cluster,1,1552,train
cluster,1,1553,train
cluster,1,1554,train
cluster,1,1555,train
cluster,1,1557,train
cluster,1,1558,train
cluster,1,1559,train
cluster,1,1560,train
cluster,1,1561,train
cluster,1,1562,train
cluster,1,1563,train
cluster,1,1564,train
cluster,1,1565,train
cluster,1,1566,train
cluster,1,1567,train
cluster,1,1568,train
cluster,1,1569,train
cluster,1,1570,train
cluster,1,1572,train
cluster,1,1573,train
cluster,1,1574,train
cluster,1,1575,train
cluster,1,1576,train
cluster,1,1577,train
cluster,1,1580,train
cluster,1,1581,train
cluster,1,1582,train
cluster,1,1583,train
cluster,1,1586,train
cluster,1,1587,train
cluster,1,1588,train
cluster,1,1589,train
cluster,1,1590,train
cluster,1,1591,train
cluster,1,1592,train
cluster,1,1593,train
cluster,1,1594,train
cluster,1,1595,train
cluster,1,1596,train
cluster,1,1597,train
cluster,1,1598,train
cluster,1,1599,train
cluster,1,1600,train
cluster,1,1601,train
cluster,1,1602,train
cluster,1,1603,train
cluster,1,1604,train
cluster,1,1605,train
cluster,1,1606,train
cluster,1,1607,train
cluster,1,1608,train
cluster,1,1609,train
cluster,1,1610,train
cluster,1,1611,train
cluster,1,1612,train
cluster,1,1613,train
cluster,1,1614,train
cluster,1,1615,train
cluster,1,1616,train
cluster,1,1617,train
cluster,1,1618,train
cluster,1,1619,train
cluster,1,1620,train
cluster,1,1621,train
cluster,1,1622,train
cluster,1,1623,train
cluster,1,1624,train
cluster,1,1626,train
cluster,1,1627,train
cluster,1,1628,train
cluster,1,1629,train
cluster,1,1630,train
cluster,1,1631,train
cluster,1,1632,train
cluster,1,1633,train
cluster,1,1634,train
cluster,1,1635,train
cluster,1,1636,train
cluster,1,1637,train
cluster,1,1638,train
cluster,1,1639,train
cluster,1,1640,train
cluster,1,1641,train
cluster,1,1643,train
cluster,1,1644,train
cluster,1,1645,train
cluster,1,1646,train
cluster,1,1648,train
cluster,1,1649,train
cluster,1,1650,train
cluster,1,1651,train
cluster,1,1652,train
cluster,1,1653,train
cluster,1,1654,train
cluster,1,1655,train
cluster,1,1656,train
cluster,1,1657,train
cluster,1,1658,train
cluster,1,1659,train
cluster,1,1660,train
cluster,1,1661,train
cluster,1,1662,train
cluster,1,1663,train
cluster,1,1664,train
cluster,1,1665,train
cluster,1,1666,train
cluster,1,1667,train
cluster,1,1668,train
cluster,1,1669,train
cluster,1,1670,train
cluster,1,1671,train
cluster,1,1672,train
cluster,1,1673,train
cluster,1,1674,train
cluster,1,1675,train
cluster,1,1676,train
cluster,1,1677,train
cluster,1,1678,train
cluster,1,1679,train
cluster,1,1680,train
cluster,1,1681,train
cluster,1,1682,train
cluster,1,1683,train
cluster,1,1684,train
cluster,1,1685,train
cluster,1,1686,train
cluster,1,1687,train
cluster,1,1688,train
cluster,1,1689,train
cluster,1,1690,train
cluster,1,1691,train
cluster,1,1692,train
cluster,1,1693,train
cluster,1,1694,train
cluster,1,1695,train
cluster,1,1696,train
cluster,1,1697,train
cluster,1,1698,train
cluster,1,1699,train
cluster,1,1700,train
cluster,1,1701,train
cluster,1,1702,train
cluster,1,1703,train
cluster,1,1704,train
cluster,1,1705,train
cluster,1,1706,train
cluster,1,1707,train
cluster,1,1708,train
cluster,1,1709,train
cluster,1,1710,train
cluster,1,1711,train
cluster,1,1712,train
cluster,1,1713,train
cluster,1,1714,train
cluster,1,1715,train
cluster,1,1716,train
cluster,1,1717,train
cluster,1,1718,train
cluster,1,1719,train
cluster,1,1720,train
cluster,1,1721,train
cluster,1,1722,train
cluster,1,1723,train
cluster,1,1724,train
cluster,1,1725,train
cluster,1,1726,train
cluster,1,1727,train
cluster,1,1728,train
cluster,1,1729,train
cluster,1,1730,train
cluster,1,1731,train
cluster,1,1732,train
cluster,1,1733,train
cluster,1,1734,train
cluster,1,1735,train
cluster,1,1740,train
cluster,1,1743,train
cluster,1,1744,train
cluster,1,1745,train
cluster,1,1746,train
cluster,1,1747,train
cluster,1,1748,train
cluster,1,1749,train
cluster,1,1750,train
cluster,1,1751,train
cluster,1,1752,train
cluster,1,1753,train
cluster,1,1754,train
cluster,1,1755,train
cluster,1,1756,train
cluster,1,1757,train
cluster,1,1758,train
cluster,1,1759,train
cluster,1,1760,train
cluster,1,1761,train
cluster,1,1762,train
cluster,1,1763,train
cluster,1,1764,train
cluster,1,1765,train
cluster,1,1766,train
cluster,1,1767,train
cluster,1,1768,train
cluster,1,1769,train
cluster,1,1770,train
cluster,1,1771,train
cluster,1,1772,train
cluster,1,1773,train
cluster,1,1774,train
cluster,1,1775,train
cluster,1,1776,train
cluster,1,1777,train
cluster,1,1778,train
cluster,1,1779,train
cluster,1,1780,train
cluster,1,1781,train
cluster,1,1782,train
cluster,1,1783,train
cluster,1,1784,train
cluster,1,1785,train
cluster,1,1786,train
cluster,1,1787,train
cluster,1,1788,train
cluster,1,1789,train
cluster,1,1790,train
cluster,1,1791,train
cluster,1,1792,train
cluster,1,1793,train
cluster,1,1794,train
cluster,1,1795,train
cluster,1,1796,train
cluster,1,1797,train
cluster,1,1798,train
cluster,1,1799,train
cluster,1,1800,train
cluster,1,1801,train
cluster,1,1802,train
cluster,1,1803,train
cluster,1,1804,train
cluster,1,1805,train
cluster,1,1806,train
cluster,1,1807,train
cluster,1,1808,train
cluster,1,1809,train
cluster,1,1810,train
cluster,1,1811,train
cluster,1,1812,train
cluster,1,1813,train
cluster,1,1814,train
cluster,1,1815,train
cluster,1,1816,train
cluster,1,1817,train
cluster,1,1818,train
cluster,1,1819,train
cluster,1,1820,train
cluster,1,1821,train
cluster,1,1822,train
cluster,1,1823,train
cluster,1,1824,train
cluster,1,1825,train
cluster,1,1826,train
cluster,1,1827,train
cluster,1,1828,train
cluster,1,1829,train
cluster,1,1830,train
cluster,1,1831,train
cluster,1,1832,train
cluster,1,1833,train
cluster,1,1834,train
cluster,1,1835,train
cluster,1,1836,train
cluster,1,1837,train
cluster,1,1838,train
cluster,1,1839,train
cluster,1,1840,train
cluster,1,1841,train
cluster,1,1842,train
cluster,1,1843,train
cluster,1,1844,train
cluster,1,1845,train
cluster,1,1846,train
cluster,1,1847,train
cluster,1,1848,train
cluster,1,1849,train
cluster,1,1850,train
cluster,1,1851,train
cluster,1,1852,train
cluster,1,1853,train
cluster,1,1854,train
cluster,1,1855,train
cluster,1,1856,train
cluster,1,1857,train
cluster,1,1858,train
cluster,1,1859,train
cluster,1,1860,train
cluster,1,1861,train
cluster,1,1862,train
cluster,1,1863,train
cluster,1,1864,train
cluster,1,1865,train
cluster,1,1866,train
cluster,1,1867,train
cluster,1,1868,train
cluster,1,1869,train
cluster,1,1870,train
cluster,1,1871,train
cluster,1,1872,train
cluster,1,1873,train
cluster,1,1874,train
cluster,1,1875,train
cluster,1,1876,train
cluster,1,1877,train
cluster,1,1878,train
cluster,1,1879,train
cluster,1,1880,train
cluster,1,1881,train
cluster,1,1882,train
cluster,1,1883,train
cluster,1,1884,train
cluster,1,1885,train
cluster,1,1886,train
cluster,1,1887,train
cluster,1,1888,train
cluster,1,1889,train
cluster,1,1890,train
cluster,1,1891,train
cluster,1,1892,train
cluster,1,1893,train
cluster,1,1894,train
cluster,1,1895,train
cluster,1,1896,train
cluster,1,1897,train
cluster,1,1898,train
cluster,1,1899,train
cluster,1,1900,train
cluster,1,1901,train
cluster,1,1902,train
cluster,1,1903,train
cluster,1,1905,train
cluster,1,1908,train
cluster,1,1909,train
cluster,1,1910,train
cluster,1,1,test
cluster,1,2,test
cluster,1,3,test
cluster,1,4,test
cluster,1,5,test
cluster,1,6,test
cluster,1,7,test
cluster,1,8,test
cluster,1,9,test
cluster,1,10,test
cluster,1,11,test
cluster,1,12,test
cluster,1,13,test
cluster,1,14,test
cluster,1,15,test
cluster,1,16,test
cluster,1,17,test
cluster,1,18,test
cluster,1,19,test
cluster,1,20,test
cluster,1,21,test
cluster,1,35,test
cluster,1,37,test
cluster,1,39,test
cluster,1,42,test
cluster,1,43,test
cluster,1,45,test
cluster,1,46,test
cluster,1,47,test
cluster,1,48,test
cluster,1,49,test
cluster,1,53,test
cluster,1,57,test
cluster,1,59,test
cluster,1,60,test
cluster,1,61,test
cluster,1,108,test
cluster,1,165,test
cluster,1,166,test
cluster,1,167,test
cluster,1,177,test
cluster,1,183,test
cluster,1,186,test
cluster,1,187,test
cluster,1,188,test
cluster,1,189,test
cluster,1,190,test
cluster,1,191,test
cluster,1,192,test
cluster,1,193,test
cluster,1,194,test
cluster,1,196,test
cluster,1,197,test
cluster,1,198,test
cluster,1,199,test
cluster,1,200,test
cluster,1,201,test
cluster,1,202,test
cluster,1,203,test
cluster,1,219,test
cluster,1,223,test
cluster,1,233,test
cluster,1,234,test
cluster,1,235,test
cluster,1,236,test
cluster,1,237,test
cluster,1,238,test
cluster,1,241,test
cluster,1,242,test
cluster,1,243,test
cluster,1,262,test
cluster,1,334,test
cluster,1,346,test
cluster,1,351,test
cluster,1,352,test
cluster,1,353,test
cluster,1,357,test
cluster,1,358,test
cluster,1,359,test
cluster,1,360,test
cluster,1,361,test
cluster,1,364,test
cluster,1,365,test
cluster,1,366,test
cluster,1,367,test
cluster,1,369,test
cluster,1,419,test
cluster,1,425,test
cluster,1,427,test
cluster,1,428,test
cluster,1,429,test
cluster,1,430,test
cluster,1,434,test
cluster,1,491,test
cluster,1,502,test
cluster,1,588,test
cluster,1,597,test
cluster,1,688,test
cluster,1,691,test
cluster,1,705,test
cluster,1,706,test
cluster,1,707,test
cluster,1,708,test
cluster,1,711,test
cluster,1,712,test
cluster,1,732,test
cluster,1,733,test
cluster,1,734,test
cluster,1,735,test
cluster,1,736,test
cluster,1,737,test
cluster,1,738,test
cluster,1,739,test
cluster,1,740,test
cluster,1,741,test
cluster,1,742,test
cluster,1,743,test
cluster,1,744,test
cluster,1,745,test
cluster,1,746,test
cluster,1,747,test
cluster,1,748,test
cluster,1,749,test
cluster,1,750,test
cluster,1,791,test
cluster,1,839,test
cluster,1,899,test
cluster,1,904,test
cluster,1,931,test
cluster,1,954,test
cluster,1,995,test
cluster,1,997,test
cluster,1,1000,test
cluster,1,1006,test
cluster,1,1028,test
cluster,1,1068,test
cluster,1,1069,test
cluster,1,1070,test
cluster,1,1072,test
cluster,1,1085,test
cluster,1,1086,test
cluster,1,1089,test
cluster,1,1116,test
cluster,1,1176,test
cluster,1,1178,test
cluster,1,1307,test
cluster,1,1325,test
cluster,1,1326,test
cluster,1,1327,test
cluster,1,1328,test
cluster,1,1329,test
cluster,1,1330,test
cluster,1,1331,test
cluster,1,1332,test
cluster,1,1333,test
cluster,1,1334,test
cluster,1,1335,test
cluster,1,1336,test
cluster,1,1337,test
cluster,1,1369,test
cluster,1,1370,test
cluster,1,1372,test
cluster,1,1373,test
cluster,1,1374,test
cluster,1,1405,test
cluster,1,1408,test
cluster,1,1426,test
cluster,1,1463,test
cluster,1,1470,test
cluster,1,1471,test
cluster,1,1516,test
cluster,1,1522,test
cluster,1,1526,test
cluster,1,1556,test
cluster,1,1571,test
cluster,1,1578,test
cluster,1,1579,test
cluster,1,1584,test
cluster,1,1585,test
cluster,1,1625,test
cluster,1,1642,test
cluster,1,1647,test
cluster,1,1736,test
cluster,1,1737,test
cluster,1,1738,test
cluster,1,1739,test
cluster,1,1741,test
cluster,1,1742,test
cluster,1,1904,test
cluster,1,1906,test
cluster,1,1907,test
cluster,2,0,train
cluster,2,1,train
cluster,2,2,train
cluster,2,3,train
cluster,2,4,train
cluster,2,5,train
cluster,2,6,train
cluster,2,7,train
cluster,2,8,train
cluster,2,9,train
cluster,2,10,train
cluster,2,11,train
cluster,2,12,train
cluster,2,13,train
cluster,2,14,train
cluster,2,15,train
cluster,2,16,train
cluster,2,17,train
cluster,2,18,train
cluster,2,19,train
cluster,2,20,train
cluster,2,21,train
cluster,2,22,train
cluster,2,23,train
cluster,2,28,train
cluster,2,29,train
cluster,2,30,train
cluster,2,31,train
cluster,2,33,train
cluster,2,34,train
cluster,2,35,train
cluster,2,36,train
cluster,2,37,train
cluster,2,38,train
cluster,2,39,train
cluster,2,40,train
cluster,2,41,train
cluster,2,42,train
cluster,2,43,train
cluster,2,44,train
cluster,2,45,train
cluster,2,46,train
cluster,2,47,train
cluster,2,48,train
cluster,2,49,train
cluster,2,50,train
cluster,2,52,train
cluster,2,53,train
cluster,2,54,train
cluster,2,55,train
cluster,2,56,train
cluster,2,57,train
cluster,2,58,train
cluster,2,59,train
cluster,2,60,train
cluster,2,61,train
cluster,2,62,train
cluster,2,63,train
cluster,2,64,train
cluster,2,65,train
cluster,2,66,train
cluster,2,67,train
cluster,2,68,train
cluster,2,69,train
cluster,2,70,train
cluster,2,71,train
cluster,2,72,train
cluster,2,73,train
cluster,2,76,train
cluster,2,77,train
cluster,2,78,train
cluster,2,85,train
cluster,2,106,train
cluster,2,107,train
cluster,2,108,train
cluster,2,109,train
cluster,2,110,train
cluster,2,111,train
cluster,2,113,train
cluster,2,114,train
cluster,2,115,train
cluster,2,116,train
cluster,2,117,train
cluster,2,118,train
cluster,2,119,train
cluster,2,120,train
cluster,2,121,train
cluster,2,122,train
cluster,2,123,train
cluster,2,124,train
cluster,2,125,train
cluster,2,126,train
cluster,2,127,train
cluster,2,128,train
cluster,2,129,train
cluster,2,130,train
cluster,2,131,train
cluster,2,132,train
cluster,2,133,train
cluster,2,134,train
cluster,2,135,train
cluster,2,136,train
cluster,2,137,train
cluster,2,138,train
cluster,2,139,train
cluster,2,140,train
cluster,2,141,train
cluster,2,142,train
cluster,2,143,train
cluster,2,146,train
cluster,2,147,train
cluster,2,148,train
cluster,2,149,train
cluster,2,150,train
cluster,2,151,train
cluster,2,152,train
cluster,2,153,train
cluster,2,154,train
cluster,2,155,train
cluster,2,156,train
cluster,2,157,train
cluster,2,158,train
cluster,2,159,train
cluster,2,160,train
cluster,2,161,train
cluster,2,162,train
cluster,2,163,train
cluster,2,164,train
cluster,2,165,train
cluster,2,166,train
cluster,2,167,train
cluster,2,168,train
cluster,2,169,train
cluster,2,170,train
cluster,2,171,train
cluster,2,172,train
cluster,2,173,train
cluster,2,177,train
cluster,2,183,train
cluster,2,186,train
cluster,2,187,train
cluster,2,188,train
cluster,2,189,train
cluster,2,190,train
cluster,2,191,train
cluster,2,192,train
cluster,2,193,train
cluster,2,194,train
cluster,2,195,train
cluster,2,196,train
cluster,2,197,train
cluster,2,198,train
cluster,2,199,train
cluster,2,200,train
cluster,2,201,train
cluster,2,202,train
cluster,2,203,train
cluster,2,204,train
cluster,2,205,train
cluster,2,206,train
cluster,2,207,train
cluster,2,208,train
cluster,2,209,train
cluster,2,210,train
cluster,2,211,train
cluster,2,212,train
cluster,2,213,train
cluster,2,214,train
cluster,2,215,train
cluster,2,216,train
cluster,2,217,train
cluster,2,218,train
cluster,2,219,train
cluster,2,220,train
cluster,2,221,train
cluster,2,222,train
cluster,2,223,train
cluster,2,224,train
cluster,2,225,train
cluster,2,226,train
cluster,2,227,train
cluster,2,228,train
cluster,2,229,train
cluster,2,230,train
cluster,2,231,train
cluster,2,232,train
cluster,2,233,train
cluster,2,234,train
cluster,2,235,train
cluster,2,236,train
cluster,2,237,train
cluster,2,238,train
cluster,2,239,train
cluster,2,240,train
cluster,2,241,train
cluster,2,242,train
cluster,2,243,train
cluster,2,244,train
cluster,2,245,train
cluster,2,246,train
cluster,2,247,train
cluster,2,249,train
cluster,2,253,train
cluster,2,255,train
cluster,2,262,train
cluster,2,271,train
cluster,2,272,train
cluster,2,273,train
cluster,2,274,train
cluster,2,275,train
cluster,2,276,train
cluster,2,277,train
cluster,2,278,train
cluster,2,279,train
cluster,2,281,train
cluster,2,282,train
cluster,2,283,train
cluster,2,284,train
cluster,2,285,train
cluster,2,286,train
cluster,2,287,train
cluster,2,288,train
cluster,2,289,train
cluster,2,290,train
cluster,2,291,train
cluster,2,292,train
cluster,2,293,train
cluster,2,294,train
cluster,2,297,train
cluster,2,299,train
cluster,2,300,train
cluster,2,301,train
cluster,2,302,train
cluster,2,303,train
cluster,2,304,train
cluster,2,305,train
cluster,2,306,train
cluster,2,307,train
cluster,2,308,train
cluster,2,309,train
cluster,2,310,train
cluster,2,311,train
cluster,2,312,train
cluster,2,313,train
cluster,2,317,train
cluster,2,318,train
cluster,2,319,train
cluster,2,320,train
cluster,2,321,train
cluster,2,322,train
cluster,2,323,train
cluster,2,324,train
cluster,2,325,train
cluster,2,326,train
cluster,2,327,train
cluster,2,328,train
cluster,2,329,train
cluster,2,330,train
cluster,2,331,train
cluster,2,332,train
cluster,2,333,train
cluster,2,334,train
cluster,2,335,train
cluster,2,336,train
cluster,2,337,train
cluster,2,338,train
cluster,2,339,train
cluster,2,340,train
cluster,2,341,train
cluster,2,342,train
cluster,2,343,train
cluster,2,345,train
cluster,2,346,train
cluster,2,347,train
cluster,2,348,train
cluster,2,349,train
cluster,2,350,train
cluster,2,351,train
cluster,2,352,train
cluster,2,353,train
cluster,2,354,train
cluster,2,355,train
cluster,2,356,train
cluster,2,357,train
cluster,2,358,train
cluster,2,359,train
cluster,2,360,train
cluster,2,361,train
cluster,2,362,train
cluster,2,363,train
cluster,2,364,train
cluster,2,365,train
cluster,2,366,train
cluster,2,367,train
cluster,2,368,train
cluster,2,369,train
cluster,2,370,train
cluster,2,371,train
cluster,2,372,train
cluster,2,373,train
cluster,2,374,train
cluster,2,375,train
cluster,2,376,train
cluster,2,377,train
cluster,2,378,train
cluster,2,379,train
cluster,2,380,train
cluster,2,381,train
cluster,2,382,train
cluster,2,383,train
cluster,2,389,train
cluster,2,390,train
cluster,2,391,train
cluster,2,392,train
cluster,2,393,train
cluster,2,394,train
cluster,2,395,train
cluster,2,396,train
cluster,2,397,train
cluster,2,398,train
cluster,2,399,train
cluster,2,400,train
cluster,2,401,train
cluster,2,402,train
cluster,2,403,train
cluster,2,404,train
cluster,2,405,train
cluster,2,406,train
cluster,2,407,train
cluster,2,408,train
cluster,2,409,train
cluster,2,410,train
cluster,2,411,train
cluster,2,412,train
cluster,2,413,train
cluster,2,414,train
cluster,2,415,train
cluster,2,416,train
cluster,2,417,train
cluster,2,418,train
cluster,2,419,train
cluster,2,421,train
cluster,2,425,train
cluster,2,426,train
cluster,2,427,train
cluster,2,428,train
cluster,2,429,train
cluster,2,430,train
cluster,2,431,train
cluster,2,432,train
cluster,2,433,train
cluster,2,434,train
cluster,2,435,train
cluster,2,436,train
cluster,2,437,train
cluster,2,438,train
cluster,2,439,train
cluster,2,440,train
cluster,2,441,train
cluster,2,442,train
cluster,2,443,train
cluster,2,444,train
cluster,2,445,train
cluster,2,446,train
cluster,2,447,train
cluster,2,448,train
cluster,2,449,train
cluster,2,450,train
cluster,2,451,train
cluster,2,452,train
cluster,2,453,train
cluster,2,454,train
cluster,2,455,train
cluster,2,456,train
cluster,2,457,train
cluster,2,458,train
cluster,2,459,train
cluster,2,460,train
cluster,2,461,train
cluster,2,462,train
cluster,2,463,train
cluster,2,464,train
cluster,2,465,train
cluster,2,466,train
cluster,2,467,train
cluster,2,468,train
cluster,2,469,train
cluster,2,470,train
cluster,2,471,train
cluster,2,472,train
cluster,2,473,train
cluster,2,474,train
cluster,2,475,train
cluster,2,476,train
cluster,2,477,train
cluster,2,478,train
cluster,2,479,train
cluster,2,480,train
cluster,2,481,train
cluster,2,482,train
cluster,2,483,train
cluster,2,484,train
cluster,2,485,train
cluster,2,486,train
cluster,2,487,train
cluster,2,488,train
cluster,2,489,train
cluster,2,490,train
cluster,2,491,train
cluster,2,492,train
cluster,2,493,train
cluster,2,496,train
cluster,2,497,train
cluster,2,498,train
cluster,2,499,train
cluster,2,500,train
cluster,2,501,train
cluster,2,502,train
cluster,2,503,train
cluster,2,504,train
cluster,2,505,train
cluster,2,506,train
cluster,2,507,train
cluster,2,508,train
cluster,2,509,train
cluster,2,510,train
cluster,2,511,train
cluster,2,512,train
cluster,2,513,train
cluster,2,514,train
cluster,2,515,train
cluster,2,516,train
cluster,2,517,train
cluster,2,518,train
cluster,2,519,train
cluster,2,520,train
cluster,2,521,train
cluster,2,522,train
cluster,2,523,train
cluster,2,524,train
cluster,2,525,train
cluster,2,526,train
cluster,2,527,train
cluster,2,528,train
cluster,2,529,train
cluster,2,530,train
cluster,2,531,train
cluster,2,532,train
cluster,2,533,train
cluster,2,534,train
cluster,2,535,train
cluster,2,536,train
cluster,2,537,train
cluster,2,538,train
cluster,2,539,train
cluster,2,540,train
cluster,2,541,train
cluster,2,542,train
cluster,2,543,train
cluster,2,544,train
cluster,2,545,train
cluster,2,546,train
cluster,2,547,train
cluster,2,548,train
cluster,2,549,train
cluster,2,550,train
cluster,2,551,train
cluster,2,552,train
cluster,2,553,train
cluster,2,554,train
cluster,2,555,train
cluster,2,556,train
cluster,2,557,train
cluster,2,558,train
cluster,2,559,train
cluster,2,560,train
cluster,2,561,train
cluster,2,562,train
cluster,2,563,train
cluster,2,564,train
cluster,2,565,train
cluster,2,566,train
cluster,2,567,train
cluster,2,568,train
cluster,2,569,train
cluster,2,570,train
cluster,2,571,train
cluster,2,572,train
cluster,2,573,train
cluster,2,574,train
cluster,2,575,train
cluster,2,576,train
cluster,2,577,train
cluster,2,578,train
cluster,2,579,train
cluster,2,580,train
cluster,2,581,train
cluster,2,582,train
cluster,2,583,train
cluster,2,584,train
cluster,2,585,train
cluster,2,586,train
cluster,2,587,train
cluster,2,588,train
cluster,2,589,train
cluster,2,590,train
cluster,2,591,train
cluster,2,592,train
cluster,2,593,train
cluster,2,594,train
cluster,2,595,train
cluster,2,596,train
cluster,2,597,train
cluster,2,598,train
cluster,2,599,train
cluster,2,600,train
cluster,2,601,train
cluster,2,602,train
cluster,2,603,train
cluster,2,604,train
cluster,2,605,train
cluster,2,606,train
cluster,2,607,train
cluster,2,608,train
cluster,2,609,train
cluster,2,610,train
cluster,2,611,train
cluster,2,612,train
cluster,2,613,train
cluster,2,614,train
cluster,2,615,train
cluster,2,616,train
cluster,2,617,train
cluster,2,618,train
cluster,2,619,train
cluster,2,620,train
cluster,2,621,train
cluster,2,622,train
cluster,2,623,train
cluster,2,624,train
cluster,2,625,train
cluster,2,626,train
cluster,2,627,train
cluster,2,628,train
cluster,2,629,train
cluster,2,630,train
cluster,2,631,train
cluster,2,632,train
cluster,2,633,train
cluster,2,634,train
cluster,2,635,train
cluster,2,636,train
cluster,2,637,train
cluster,2,638,train
cluster,2,639,train
cluster,2,640,train
cluster,2,641,train
cluster,2,642,train
cluster,2,643,train
cluster,2,644,train
cluster,2,645,train
cluster,2,646,train
cluster,2,647,train
cluster,2,648,train
cluster,2,649,train
cluster,2,650,train
cluster,2,651,train
cluster,2,652,train
cluster,2,653,train
cluster,2,654,train
cluster,2,655,train
cluster,2,656,train
cluster,2,657,train
cluster,2,658,train
cluster,2,659,train
cluster,2,660,train
cluster,2,661,train
cluster,2,662,train
cluster,2,663,train
cluster,2,664,train
cluster,2,665,train
cluster,2,666,train
cluster,2,667,train
cluster,2,668,train
cluster,2,669,train
cluster,2,680,train
cluster,2,681,train
cluster,2,682,train
cluster,2,683,train
cluster,2,684,train
cluster,2,685,train
cluster,2,686,train
cluster,2,687,train
cluster,2,688,train
cluster,2,689,train
cluster,2,690,train
cluster,2,691,train
cluster,2,692,train
cluster,2,693,train
cluster,2,694,train
cluster,2,695,train
cluster,2,696,train
cluster,2,697,train
cluster,2,698,train
cluster,2,699,train
cluster,2,700,train
cluster,2,701,train
cluster,2,702,train
cluster,2,703,train
cluster,2,704,train
cluster,2,705,train
cluster,2,706,train
cluster,2,707,train
cluster,2,708,train
cluster,2,709,train
cluster,2,711,train
cluster,2,712,train
cluster,2,713,train
cluster,2,714,train
cluster,2,715,train
cluster,2,716,train
cluster,2,717,train
cluster,2,718,train
cluster,2,719,train
cluster,2,720,train
cluster,2,721,train
cluster,2,722,train
cluster,2,723,train
cluster,2,724,train
cluster,2,725,train
cluster,2,726,train
cluster,2,727,train
cluster,2,728,train
cluster,2,729,train
cluster,2,730,train
cluster,2,731,train
cluster,2,732,train
cluster,2,733,train
cluster,2,734,train
cluster,2,735,train
cluster,2,736,train
cluster,2,737,train
cluster,2,738,train
cluster,2,739,train
cluster,2,740,train
cluster,2,741,train
cluster,2,742,train
cluster,2,743,train
cluster,2,744,train
cluster,2,745,train
cluster,2,746,train
cluster,2,747,train
cluster,2,748,train
cluster,2,749,train
cluster,2,750,train
cluster,2,755,train
cluster,2,756,train
cluster,2,757,train
cluster,2,758,train
cluster,2,759,train
cluster,2,760,train
cluster,2,761,train
cluster,2,762,train
cluster,2,763,train
cluster,2,764,train
cluster,2,765,train
cluster,2,766,train
cluster,2,767,train
cluster,2,768,train
cluster,2,769,train
cluster,2,770,train
cluster,2,771,train
cluster,2,772,train
cluster,2,773,train
cluster,2,774,train
cluster,2,775,train
cluster,2,776,train
cluster,2,777,train
cluster,2,778,train
cluster,2,779,train
cluster,2,780,train
cluster,2,781,train
cluster,2,783,train
cluster,2,784,train
cluster,2,786,train
cluster,2,787,train
cluster,2,788,train
cluster,2,789,train
cluster,2,790,train
cluster,2,791,train
cluster,2,792,train
cluster,2,793,train
cluster,2,794,train
cluster,2,795,train
cluster,2,796,train
cluster,2,797,train
cluster,2,798,train
cluster,2,799,train
cluster,2,800,train
cluster,2,801,train
cluster,2,802,train
cluster,2,803,train
cluster,2,804,train
cluster,2,805,train
cluster,2,806,train
cluster,2,807,train
cluster,2,808,train
cluster,2,809,train
cluster,2,810,train
cluster,2,811,train
cluster,2,812,train
cluster,2,813,train
cluster,2,814,train
cluster,2,815,train
cluster,2,816,train
cluster,2,817,train
cluster,2,818,train
cluster,2,819,train
cluster,2,820,train
cluster,2,821,train
cluster,2,822,train
cluster,2,823,train
cluster,2,825,train
cluster,2,826,train
cluster,2,827,train
cluster,2,828,train
cluster,2,829,train
cluster,2,830,train
cluster,2,831,train
cluster,2,832,train
cluster,2,833,train
cluster,2,834,train
cluster,2,835,train
cluster,2,836,train
cluster,2,837,train
cluster,2,838,train
cluster,2,839,train
cluster,2,840,train
cluster,2,841,train
cluster,2,842,train
cluster,2,843,train
cluster,2,844,train
cluster,2,845,train
cluster,2,846,train
cluster,2,847,train
cluster,2,848,train
cluster,2,849,train
cluster,2,850,train
cluster,2,851,train
cluster,2,853,train
cluster,2,854,train
cluster,2,857,train
cluster,2,858,train
cluster,2,859,train
cluster,2,860,train
cluster,2,861,train
cluster,2,862,train
cluster,2,863,train
cluster,2,864,train
cluster,2,865,train
cluster,2,866,train
cluster,2,867,train
cluster,2,868,train
cluster,2,869,train
cluster,2,870,train
cluster,2,871,train
cluster,2,872,train
cluster,2,873,train
cluster,2,874,train
cluster,2,875,train
cluster,2,876,train
cluster,2,877,train
cluster,2,878,train
cluster,2,879,train
cluster,2,880,train
cluster,2,882,train
cluster,2,884,train
cluster,2,886,train
cluster,2,887,train
cluster,2,888,train
cluster,2,889,train
cluster,2,890,train
cluster,2,891,train
cluster,2,892,train
cluster,2,893,train
cluster,2,894,train
cluster,2,895,train
cluster,2,896,train
cluster,2,897,train
cluster,2,898,train
cluster,2,899,train
cluster,2,900,train
cluster,2,901,train
cluster,2,902,train
cluster,2,903,train
cluster,2,904,train
cluster,2,905,train
cluster,2,906,train
cluster,2,907,train
cluster,2,916,train
cluster,2,917,train
cluster,2,918,train
cluster,2,919,train
cluster,2,920,train
cluster,2,921,train
cluster,2,922,train
cluster,2,923,train
cluster,2,924,train
cluster,2,925,train
cluster,2,926,train
cluster,2,927,train
cluster,2,928,train
cluster,2,929,train
cluster,2,930,train
cluster,2,931,train
cluster,2,932,train
cluster,2,933,train
cluster,2,934,train
cluster,2,935,train
cluster,2,936,train
cluster,2,937,train
cluster,2,938,train
cluster,2,939,train
cluster,2,940,train
cluster,2,941,train
cluster,2,942,train
cluster,2,943,train
cluster,2,944,train
cluster,2,945,train
cluster,2,946,train
cluster,2,947,train
cluster,2,948,train
cluster,2,949,train
cluster,2,950,train
cluster,2,951,train
cluster,2,952,train
cluster,2,953,train
cluster,2,954,train
cluster,2,955,train
cluster,2,956,train
cluster,2,957,train
cluster,2,958,train
cluster,2,960,train
cluster,2,961,train
cluster,2,962,train
cluster,2,963,train
cluster,2,964,train
cluster,2,965,train
cluster,2,966,train
cluster,2,968,train
cluster,2,969,train
cluster,2,970,train
cluster,2,971,train
cluster,2,972,train
cluster,2,973,train
cluster,2,974,train
cluster,2,975,train
cluster,2,976,train
cluster,2,977,train
cluster,2,978,train
cluster,2,979,train
cluster,2,980,train
cluster,2,981,train
cluster,2,982,train
cluster,2,985,train
cluster,2,986,train
cluster,2,987,train
cluster,2,988,train
cluster,2,989,train
cluster,2,990,train
cluster,2,991,train
cluster,2,992,train
cluster,2,993,train
cluster,2,994,train
cluster,2,995,train
cluster,2,996,train
cluster,2,997,train
cluster,2,998,train
cluster,2,999,train
cluster,2,1000,train
cluster,2,1001,train
cluster,2,1002,train
cluster,2,1003,train
cluster,2,1004,train
cluster,2,1005,train
cluster,2,1006,train
cluster,2,1007,train
cluster,2,1008,train
cluster,2,1009,train
cluster,2,1010,train
cluster,2,1011,train
cluster,2,1012,train
cluster,2,1013,train
cluster,2,1014,train
cluster,2,1015,train
cluster,2,1016,train
cluster,2,1017,train
cluster,2,1018,train
cluster,2,1019,train
cluster,2,1020,train
cluster,2,1021,train
cluster,2,1022,train
cluster,2,1023,train
cluster,2,1024,train
cluster,2,1025,train
cluster,2,1026,train
cluster,2,1027,train
cluster,2,1028,train
cluster,2,1029,train
cluster,2,1030,train
cluster,2,1031,train
cluster,2,1032,train
cluster,2,1033,train
cluster,2,1034,train
cluster,2,1035,train
cluster,2,1036,train
cluster,2,1037,train
cluster,2,1038,train
cluster,2,1039,train
cluster,2,1040,train
cluster,2,1041,train
cluster,2,1042,train
cluster,2,1043,train
cluster,2,1044,train
cluster,2,1045,train
cluster,2,1046,train
cluster,2,1047,train
cluster,2,1048,train
cluster,2,1049,train
cluster,2,1050,train
cluster,2,1051,train
cluster,2,1052,train
cluster,2,1053,train
cluster,2,1054,train
cluster,2,1055,train
cluster,2,1056,train
cluster,2,1057,train
cluster,2,1058,train
cluster,2,1059,train
cluster,2,1060,train
cluster,2,1061,train
cluster,2,1062,train
cluster,2,1063,train
cluster,2,1064,train
cluster,2,1065,train
cluster,2,1066,train
cluster,2,1067,train
cluster,2,1068,train
cluster,2,1069,train
cluster,2,1070,train
cluster,2,1071,train
cluster,2,1072,train
cluster,2,1073,train
cluster,2,1074,train
cluster,2,1075,train
cluster,2,1076,train
cluster,2,1077,train
cluster,2,1078,train
cluster,2,1079,train
cluster,2,1080,train
cluster,2,1081,train
cluster,2,1082,train
cluster,2,1083,train
cluster,2,1084,train
cluster,2,1085,train
cluster,2,1086,train
cluster,2,1087,train
cluster,2,1088,train
cluster,2,1089,train
cluster,2,1090,train
cluster,2,1092,train
cluster,2,1093,train
cluster,2,1094,train
cluster,2,1095,train
cluster,2,1096,train
cluster,2,1098,train
cluster,2,1101,train
cluster,2,1102,train
cluster,2,1103,train
cluster,2,1104,train
cluster,2,1105,train
cluster,2,1106,train
cluster,2,1107,train
cluster,2,1108,train
cluster,2,1109,train
cluster,2,1110,train
cluster,2,1111,train
cluster,2,1112,train
cluster,2,1113,train
cluster,2,1114,train
cluster,2,1115,train
cluster,2,1116,train
cluster,2,1117,train
cluster,2,1118,train
cluster,2,1119,train
cluster,2,1121,train
cluster,2,1122,train
cluster,2,1123,train
cluster,2,1124,train
cluster,2,1125,train
cluster,2,1126,train
cluster,2,1127,train
cluster,2,1128,train
cluster,2,1129,train
cluster,2,1130,train
cluster,2,1131,train
cluster,2,1132,train
cluster,2,1133,train
cluster,2,1134,train
cluster,2,1135,train
cluster,2,1136,train
cluster,2,1137,train
cluster,2,1138,train
cluster,2,1139,train
cluster,2,1140,train
cluster,2,1141,train
cluster,2,1142,train
cluster,2,1143,train
cluster,2,1144,train
cluster,2,1145,train
cluster,2,1146,train
cluster,2,1147,train
cluster,2,1148,train
cluster,2,1149,train
cluster,2,1150,train
cluster,2,1151,train
cluster,2,1152,train
cluster,2,1153,train
cluster,2,1154,train
cluster,2,1155,train
cluster,2,1156,train
cluster,2,1157,train
cluster,2,1158,train
cluster,2,1159,train
cluster,2,1160,train
cluster,2,1161,train
cluster,2,1162,train
cluster,2,1163,train
cluster,2,1164,train
cluster,2,1165,train
cluster,2,1166,train
cluster,2,1167,train
cluster,2,1168,train
cluster,2,1169,train
cluster,2,1170,train
cluster,2,1171,train
cluster,2,1172,train
cluster,2,1173,train
cluster,2,1174,train
cluster,2,1175,train
cluster,2,1176,train
cluster,2,1177,train
cluster,2,1178,train
cluster,2,1179,train
cluster,2,1180,train
cluster,2,1181,train
cluster,2,1182,train
cluster,2,1183,train
cluster,2,1184,train
cluster,2,1185,train
cluster,2,1186,train
cluster,2,1187,train
cluster,2,1188,train
cluster,2,1189,train
cluster,2,1190,train
cluster,2,1191,train
cluster,2,1192,train
cluster,2,1193,train
cluster,2,1194,train
cluster,2,1195,train
cluster,2,1196,train
cluster,2,1197,train
cluster,2,1198,train
cluster,2,1199,train
cluster,2,1200,train
cluster,2,1201,train
cluster,2,1202,train
cluster,2,1203,train
cluster,2,1204,train
cluster,2,1205,train
cluster,2,1206,train
cluster,2,1207,train
cluster,2,1208,train
cluster,2,1209,train
cluster,2,1210,train
cluster,2,1211,train
cluster,2,1212,train
cluster,2,1213,train
cluster,2,1214,train
cluster,2,1215,train
cluster,2,1216,train
cluster,2,1217,train
cluster,2,1218,train
cluster,2,1219,train
cluster,2,1220,train
cluster,2,1221,train
cluster,2,1222,train
cluster,2,1223,train
cluster,2,1224,train
cluster,2,1225,train
cluster,2,1226,train
cluster,2,1227,train
cluster,2,1228,train
cluster,2,1229,train
cluster,2,1230,train
cluster,2,1231,train
cluster,2,1232,train
cluster,2,1233,train
cluster,2,1234,train
cluster,2,1235,train
cluster,2,1236,train
cluster,2,1237,train
cluster,2,1238,train
cluster,2,1239,train
cluster,2,1240,train
cluster,2,1241,train
cluster,2,1242,train
cluster,2,1243,train
cluster,2,1244,train
cluster,2,1245,train
cluster,2,1246,train
cluster,2,1247,train
cluster,2,1248,train
cluster,2,1249,train
cluster,2,1250,train
cluster,2,1251,train
cluster,2,1252,train
cluster,2,1253,train
cluster,2,1254,train
cluster,2,1255,train
cluster,2,1256,train
cluster,2,1257,train
cluster,2,1258,train
cluster,2,1259,train
cluster,2,1260,train
cluster,2,1261,train
cluster,2,1262,train
cluster,2,1263,train
cluster,2,1264,train
cluster,2,1265,train
cluster,2,1266,train
cluster,2,1267,train
cluster,2,1268,train
cluster,2,1269,train
cluster,2,1270,train
cluster,2,1271,train
cluster,2,1272,train
cluster,2,1273,train
cluster,2,1274,train
cluster,2,1275,train
cluster,2,1276,train
cluster,2,1277,train
cluster,2,1278,train
cluster,2,1279,train
cluster,2,1280,train
cluster,2,1281,train
cluster,2,1282,train
cluster,2,1283,train
cluster,2,1285,train
cluster,2,1286,train
cluster,2,1287,train
cluster,2,1288,train
cluster,2,1289,train
cluster,2,1290,train
cluster,2,1291,train
cluster,2,1292,train
cluster,2,1293,train
cluster,2,1294,train
cluster,2,1295,train
cluster,2,1296,train
cluster,2,1297,train
cluster,2,1298,train
cluster,2,1299,train
cluster,2,1300,train
cluster,2,1301,train
cluster,2,1302,train
cluster,2,1303,train
cluster,2,1304,train
cluster,2,1305,train
cluster,2,1306,train
cluster,2,1307,train
cluster,2,1308,train
cluster,2,1309,train
cluster,2,1310,train
cluster,2,1311,train
cluster,2,1312,train
cluster,2,1313,train
cluster,2,1314,train
cluster,2,1315,train
cluster,2,1316,train
cluster,2,1317,train
cluster,2,1318,train
cluster,2,1319,train
cluster,2,1320,train
cluster,2,1321,train
cluster,2,1322,train
cluster,2,1323,train
cluster,2,1324,train
cluster,2,1325,train
cluster,2,1326,train
cluster,2,1327,train
cluster,2,1328,train
cluster,2,1329,train
cluster,2,1330,train
cluster,2,1331,train
cluster,2,1332,train
cluster,2,1333,train
cluster,2,1334,train
cluster,2,1335,train
cluster,2,1336,train
cluster,2,1337,train
cluster,2,1338,train
cluster,2,1339,train
cluster,2,1340,train
cluster,2,1341,train
cluster,2,1342,train
cluster,2,1343,train
cluster,2,1344,train
cluster,2,1345,train
cluster,2,1346,train
cluster,2,1347,train
cluster,2,1348,train
cluster,2,1349,train
cluster,2,1350,train
cluster,2,1352,train
cluster,2,1353,train
cluster,2,1354,train
cluster,2,1355,train
cluster,2,1356,train
cluster,2,1357,train
cluster,2,1358,train
cluster,2,1359,train
cluster,2,1360,train
cluster,2,1361,train
cluster,2,1362,train
cluster,2,1363,train
cluster,2,1364,train
cluster,2,1365,train
cluster,2,1366,train
cluster,2,1367,train
cluster,2,1368,train
cluster,2,1369,train
cluster,2,1370,train
cluster,2,1371,train
cluster,2,1372,train
cluster,2,1373,train
cluster,2,1374,train
cluster,2,1375,train
cluster,2,1376,train
cluster,2,1377,train
cluster,2,1378,train
cluster,2,1380,train
cluster,2,1381,train
cluster,2,1382,train
cluster,2,1383,train
cluster,2,1384,train
cluster,2,1385,train
cluster,2,1386,train
cluster,2,1387,train
cluster,2,1389,train
cluster,2,1390,train
cluster,2,1391,train
cluster,2,1392,train
cluster,2,1393,train
cluster,2,1394,train
cluster,2,1395,train
cluster,2,1396,train
cluster,2,1397,train
cluster,2,1398,train
cluster,2,1399,train
cluster,2,1400,train
cluster,2,1401,train
cluster,2,1402,train
cluster,2,1403,train
cluster,2,1404,train
cluster,2,1405,train
cluster,2,1406,train
cluster,2,1407,train
cluster,2,1408,train
cluster,2,1409,train
cluster,2,1410,train
cluster,2,1411,train
cluster,2,1412,train
cluster,2,1413,train
cluster,2,1415,train
cluster,2,1416,train
cluster,2,1417,train
cluster,2,1418,train
cluster,2,1419,train
cluster,2,1420,train
cluster,2,1421,train
cluster,2,1422,train
cluster,2,1423,train
cluster,2,1424,train
cluster,2,1425,train
cluster,2,1426,train
cluster,2,1427,train
cluster,2,1428,train
cluster,2,1429,train
cluster,2,1430,train
cluster,2,1431,train
cluster,2,1432,train
cluster,2,1433,train
cluster,2,1434,train
cluster,2,1435,train
cluster,2,1436,train
cluster,2,1437,train
cluster,2,1438,train
cluster,2,1439,train
cluster,2,1440,train
cluster,2,1441,train
cluster,2,1442,train
cluster,2,1443,train
cluster,2,1444,train
cluster,2,1445,train
cluster,2,1446,train
cluster,2,1447,train
cluster,2,1448,train
cluster,2,1449,train
cluster,2,1450,train
cluster,2,1451,train
cluster,2,1452,train
cluster,2,1453,train
cluster,2,1454,train
cluster,2,1455,train
cluster,2,1456,train
cluster,2,1457,train
cluster,2,1458,train
cluster,2,1459,train
cluster,2,1460,train
cluster,2,1461,train
cluster,2,1462,train
cluster,2,1463,train
cluster,2,1464,train
cluster,2,1465,train
cluster,2,1466,train
cluster,2,1467,train
cluster,2,1468,train
cluster,2,1469,train
cluster,2,1470,train
cluster,2,1471,train
cluster,2,1472,train
cluster,2,1475,train
cluster,2,1476,train
cluster,2,1477,train
cluster,2,1478,train
cluster,2,1479,train
cluster,2,1480,train
cluster,2,1481,train
cluster,2,1482,train
cluster,2,1483,train
cluster,2,1484,train
cluster,2,1485,train
cluster,2,1486,train
cluster,2,1487,train
cluster,2,1488,train
cluster,2,1489,train
cluster,2,1490,train
cluster,2,1491,train
cluster,2,1493,train
cluster,2,1495,train
cluster,2,1496,train
cluster,2,1497,train
cluster,2,1498,train
cluster,2,1500,train
cluster,2,1501,train
cluster,2,1513,train
cluster,2,1514,train
cluster,2,1515,train
cluster,2,1516,train
cluster,2,1517,train
cluster,2,1518,train
cluster,2,1519,train
cluster,2,1520,train
cluster,2,1521,train
cluster,2,1522,train
cluster,2,1523,train
cluster,2,1524,train
cluster,2,1525,train
cluster,2,1526,train
cluster,2,1527,train
cluster,2,1528,train
cluster,2,1529,train
cluster,2,1530,train
cluster,2,1531,train
cluster,2,1532,train
cluster,2,1533,train
cluster,2,1534,train
cluster,2,1535,train
cluster,2,1536,train
cluster,2,1537,train
cluster,2,1538,train
cluster,2,1540,train
cluster,2,1541,train
cluster,2,1543,train
cluster,2,1544,train
cluster,2,1545,train
cluster,2,1546,train
cluster,2,1547,train
cluster,2,1549,train
cluster,2,1550,train
cluster,2,1551,train
cluster,2,1552,train
cluster,2,1553,train
cluster,2,1554,train
cluster,2,1555,train
cluster,2,1556,train
cluster,2,1557,train
cluster,2,1558,train
cluster,2,1559,train
cluster,2,1560,train
cluster,2,1561,train
cluster,2,1562,train
cluster,2,1563,train
cluster,2,1564,train
cluster,2,1566,train
cluster,2,1567,train
cluster,2,1568,train
cluster,2,1569,train
cluster,2,1570,train
cluster,2,1571,train
cluster,2,1572,train
cluster,2,1573,train
cluster,2,1574,train
cluster,2,1575,train
cluster,2,1576,train
cluster,2,1577,train
cluster,2,1578,train
cluster,2,1579,train
cluster,2,1580,train
cluster,2,1581,train
cluster,2,1584,train
cluster,2,1585,train
cluster,2,1586,train
cluster,2,1587,train
cluster,2,1588,train
cluster,2,1590,train
cluster,2,1591,train
cluster,2,1592,train
cluster,2,1593,train
cluster,2,1594,train
cluster,2,1595,train
cluster,2,1596,train
cluster,2,1597,train
cluster,2,1598,train
cluster,2,1600,train
cluster,2,1601,train
cluster,2,1602,train
cluster,2,1613,train
cluster,2,1614,train
cluster,2,1615,train
cluster,2,1616,train
cluster,2,1617,train
cluster,2,1618,train
cluster,2,1619,train
cluster,2,1620,train
cluster,2,1621,train
cluster,2,1622,train
cluster,2,1623,train
cluster,2,1624,train
cluster,2,1625,train
cluster,2,1627,train
cluster,2,1628,train
cluster,2,1629,train
cluster,2,1630,train
cluster,2,1631,train
cluster,2,1632,train
cluster,2,1634,train
cluster,2,1635,train
cluster,2,1636,train
cluster,2,1637,train
cluster,2,1638,train
cluster,2,1639,train
cluster,2,1640,train
cluster,2,1641,train
cluster,2,1642,train
cluster,2,1643,train
cluster,2,1644,train
cluster,2,1645,train
cluster,2,1646,train
cluster,2,1647,train
cluster,2,1648,train
cluster,2,1649,train
cluster,2,1650,train
cluster,2,1651,train
cluster,2,1652,train
cluster,2,1653,train
cluster,2,1654,train
cluster,2,1655,train
cluster,2,1656,train
cluster,2,1657,train
cluster,2,1658,train
cluster,2,1659,train
cluster,2,1660,train
cluster,2,1661,train
cluster,2,1662,train
cluster,2,1663,train
cluster,2,1664,train
cluster,2,1665,train
cluster,2,1666,train
cluster,2,1667,train
cluster,2,1668,train
cluster,2,1669,train
cluster,2,1670,train
cluster,2,1671,train
cluster,2,1672,train
cluster,2,1673,train
cluster,2,1674,train
cluster,2,1675,train
cluster,2,1676,train
cluster,2,1677,train
cluster,2,1678,train
cluster,2,1679,train
cluster,2,1680,train
cluster,2,1681,train
cluster,2,1682,train
cluster,2,1683,train
cluster,2,1684,train
cluster,2,1688,train
cluster,2,1689,train
cluster,2,1691,train
cluster,2,1692,train
cluster,2,1693,train
cluster,2,1696,train
cluster,2,1697,train
cluster,2,1698,train
cluster,2,1699,train
cluster,2,1700,train
cluster,2,1701,train
cluster,2,1702,train
cluster,2,1703,train
cluster,2,1704,train
cluster,2,1705,train
cluster,2,1706,train
cluster,2,1707,train
cluster,2,1708,train
cluster,2,1709,train
cluster,2,1710,train
cluster,2,1711,train
cluster,2,1712,train
cluster,2,1713,train
cluster,2,1714,train
cluster,2,1715,train
cluster,2,1716,train
cluster,2,1717,train
cluster,2,1718,train
cluster,2,1719,train
cluster,2,1720,train
cluster,2,1721,train
cluster,2,1722,train
cluster,2,1723,train
cluster,2,1724,train
cluster,2,1725,train
cluster,2,1726,train
cluster,2,1727,train
cluster,2,1728,train
cluster,2,1729,train
cluster,2,1730,train
cluster,2,1731,train
cluster,2,1732,train
cluster,2,1733,train
cluster,2,1734,train
cluster,2,1735,train
cluster,2,1736,train
cluster,2,1737,train
cluster,2,1738,train
cluster,2,1739,train
cluster,2,1740,train
cluster,2,1741,train
cluster,2,1742,train
cluster,2,1743,train
cluster,2,1744,train
cluster,2,1745,train
cluster,2,1746,train
cluster,2,1747,train
cluster,2,1748,train
cluster,2,1749,train
cluster,2,1750,train
cluster,2,1751,train
cluster,2,1752,train
cluster,2,1753,train
cluster,2,1754,train
cluster,2,1755,train
cluster,2,1756,train
cluster,2,1757,train
cluster,2,1758,train
cluster,2,1759,train
cluster,2,1760,train
cluster,2,1761,train
cluster,2,1762,train
cluster,2,1763,train
cluster,2,1764,train
cluster,2,1765,train
cluster,2,1766,train
cluster,2,1767,train
cluster,2,1768,train
cluster,2,1769,train
cluster,2,1770,train
cluster,2,1771,train
cluster,2,1772,train
cluster,2,1773,train
cluster,2,1774,train
cluster,2,1775,train
cluster,2,1776,train
cluster,2,1777,train
cluster,2,1778,train
cluster,2,1779,train
cluster,2,1780,train
cluster,2,1781,train
cluster,2,1782,train
cluster,2,1783,train
cluster,2,1784,train
cluster,2,1785,train
cluster,2,1786,train
cluster,2,1787,train
cluster,2,1788,train
cluster,2,1789,train
cluster,2,1790,train
cluster,2,1791,train
cluster,2,1792,train
cluster,2,1793,train
cluster,2,1794,train
cluster,2,1795,train
cluster,2,1796,train
cluster,2,1797,train
cluster,2,1798,train
cluster,2,1799,train
cluster,2,1800,train
cluster,2,1801,train
cluster,2,1802,train
cluster,2,1803,train
cluster,2,1804,train
cluster,2,1805,train
cluster,2,1806,train
cluster,2,1807,train
cluster,2,1808,train
cluster,2,1809,train
cluster,2,1810,train
cluster,2,1811,train
cluster,2,1812,train
cluster,2,1813,train
cluster,2,1814,train
cluster,2,1815,train
cluster,2,1816,train
cluster,2,1817,train
cluster,2,1818,train
cluster,2,1819,train
cluster,2,1820,train
cluster,2,1821,train
cluster,2,1822,train
cluster,2,1826,train
cluster,2,1827,train
cluster,2,1829,train
cluster,2,1830,train
cluster,2,1831,train
cluster,2,1832,train
cluster,2,1833,train
cluster,2,1834,train
cluster,2,1835,train
cluster,2,1836,train
cluster,2,1838,train
cluster,2,1839,train
cluster,2,1852,train
cluster,2,1853,train
cluster,2,1854,train
cluster,2,1855,train
cluster,2,1856,train
cluster,2,1857,train
cluster,2,1858,train
cluster,2,1859,train
cluster,2,1860,train
cluster,2,1861,train
cluster,2,1862,train
cluster,2,1863,train
cluster,2,1864,train
cluster,2,1865,train
cluster,2,1866,train
cluster,2,1867,train
cluster,2,1868,train
cluster,2,1869,train
cluster,2,1870,train
cluster,2,1871,train
cluster,2,1872,train
cluster,2,1873,train
cluster,2,1874,train
cluster,2,1875,train
cluster,2,1876,train
cluster,2,1877,train
cluster,2,1878,train
cluster,2,1879,train
cluster,2,1880,train
cluster,2,1881,train
cluster,2,1882,train
cluster,2,1883,train
cluster,2,1884,train
cluster,2,1886,train
cluster,2,1887,train
cluster,2,1888,train
cluster,2,1889,train
cluster,2,1890,train
cluster,2,1891,train
cluster,2,1892,train
cluster,2,1893,train
cluster,2,1894,train
cluster,2,1895,train
cluster,2,1896,train
cluster,2,1897,train
cluster,2,1898,train
cluster,2,1899,train
cluster,2,1900,train
cluster,2,1901,train
cluster,2,1902,train
cluster,2,1903,train
cluster,2,1904,train
cluster,2,1905,train
cluster,2,1906,train
cluster,2,1907,train
cluster,2,1908,train
cluster,2,1909,train
cluster,2,1910,train
cluster,2,24,test
cluster,2,25,test
cluster,2,26,test
cluster,2,27,test
cluster,2,32,test
cluster,2,51,test
cluster,2,74,test
cluster,2,75,test
cluster,2,79,test
cluster,2,80,test
cluster,2,81,test
cluster,2,82,test
cluster,2,83,test
cluster,2,84,test
cluster,2,86,test
cluster,2,87,test
cluster,2,88,test
cluster,2,89,test
cluster,2,90,test
cluster,2,91,test
cluster,2,92,test
cluster,2,93,test
cluster,2,94,test
cluster,2,95,test
cluster,2,96,test
cluster,2,97,test
cluster,2,98,test
cluster,2,99,test
cluster,2,100,test
cluster,2,101,test
cluster,2,102,test
cluster,2,103,test
cluster,2,104,test
cluster,2,105,test
cluster,2,112,test
cluster,2,144,test
cluster,2,145,test
cluster,2,174,test
cluster,2,175,test
cluster,2,176,test
cluster,2,178,test
cluster,2,179,test
cluster,2,180,test
cluster,2,181,test
cluster,2,182,test
cluster,2,184,test
cluster,2,185,test
cluster,2,248,test
cluster,2,250,test
cluster,2,251,test
cluster,2,252,test
cluster,2,254,test
cluster,2,256,test
cluster,2,257,test
cluster,2,258,test
cluster,2,259,test
cluster,2,260,test
cluster,2,261,test
cluster,2,263,test
cluster,2,264,test
cluster,2,265,test
cluster,2,266,test
cluster,2,267,test
cluster,2,268,test
cluster,2,269,test
cluster,2,270,test
cluster,2,280,test
cluster,2,295,test
cluster,2,296,test
cluster,2,298,test
cluster,2,314,test
cluster,2,315,test
cluster,2,316,test
cluster,2,344,test
cluster,2,384,test
cluster,2,385,test
cluster,2,386,test
cluster,2,387,test
cluster,2,388,test
cluster,2,420,test
cluster,2,422,test
cluster,2,423,test
cluster,2,424,test
cluster,2,494,test
cluster,2,495,test
cluster,2,670,test
cluster,2,671,test
cluster,2,672,test
cluster,2,673,test
cluster,2,674,test
cluster,2,675,test
cluster,2,676,test
cluster,2,677,test
cluster,2,678,test
cluster,2,679,test
cluster,2,710,test
cluster,2,751,test
cluster,2,752,test
cluster,2,753,test
cluster,2,754,test
cluster,2,782,test
cluster,2,785,test
cluster,2,824,test
cluster,2,852,test
cluster,2,855,test
cluster,2,856,test
cluster,2,881,test
cluster,2,883,test
cluster,2,885,test
cluster,2,908,test
cluster,2,909,test
cluster,2,910,test
cluster,2,911,test
cluster,2,912,test
cluster,2,913,test
cluster,2,914,test
cluster,2,915,test
cluster,2,959,test
cluster,2,967,test
cluster,2,983,test
cluster,2,984,test
cluster,2,1091,test
cluster,2,1097,test
cluster,2,1099,test
cluster,2,1100,test
cluster,2,1120,test
cluster,2,1284,test
cluster,2,1351,test
cluster,2,1379,test
cluster,2,1388,test
cluster,2,1414,test
cluster,2,1473,test
cluster,2,1474,test
cluster,2,1492,test
cluster,2,1494,test
cluster,2,1499,test
cluster,2,1502,test
cluster,2,1503,test
cluster,2,1504,test
cluster,2,1505,test
cluster,2,1506,test
cluster,2,1507,test
cluster,2,1508,test
cluster,2,1509,test
cluster,2,1510,test
cluster,2,1511,test
cluster,2,1512,test
cluster,2,1539,test
cluster,2,1542,test
cluster,2,1548,test
cluster,2,1565,test
cluster,2,1582,test
cluster,2,1583,test
cluster,2,1589,test
cluster,2,1599,test
cluster,2,1603,test
cluster,2,1604,test
cluster,2,1605,test
cluster,2,1606,test
cluster,2,1607,test
cluster,2,1608,test
cluster,2,1609,test
cluster,2,1610,test
cluster,2,1611,test
cluster,2,1612,test
cluster,2,1626,test
cluster,2,1633,test
cluster,2,1685,test
cluster,2,1686,test
cluster,2,1687,test
cluster,2,1690,test
cluster,2,1694,test
cluster,2,1695,test
cluster,2,1823,test
cluster,2,1824,test
cluster,2,1825,test
cluster,2,1828,test
cluster,2,1837,test
cluster,2,1840,test
cluster,2,1841,test
cluster,2,1842,test
cluster,2,1843,test
cluster,2,1844,test
cluster,2,1845,test
cluster,2,1846,test
cluster,2,1847,test
cluster,2,1848,test
cluster,2,1849,test
cluster,2,1850,test
cluster,2,1851,test
cluster,2,1885,test
cluster,3,0,train
cluster,3,1,train
cluster,3,2,train
cluster,3,3,train
cluster,3,4,train
cluster,3,5,train
cluster,3,6,train
cluster,3,7,train
cluster,3,8,train
cluster,3,9,train
cluster,3,10,train
cluster,3,11,train
cluster,3,12,train
cluster,3,13,train
cluster,3,14,train
cluster,3,15,train
cluster,3,16,train
cluster,3,17,train
cluster,3,18,train
cluster,3,19,train
cluster,3,20,train
cluster,3,21,train
cluster,3,22,train
cluster,3,23,train
cluster,3,24,train
cluster,3,25,train
cluster,3,26,train
cluster,3,27,train
cluster,3,28,train
cluster,3,29,train
cluster,3,30,train
cluster,3,31,train
cluster,3,32,train
cluster,3,33,train
cluster,3,34,train
cluster,3,35,train
cluster,3,36,train
cluster,3,37,train
cluster,3,38,train
cluster,3,39,train
cluster,3,40,train
cluster,3,41,train
cluster,3,42,train
cluster,3,43,train
cluster,3,45,train
cluster,3,46,train
cluster,3,47,train
cluster,3,48,train
cluster,3,49,train
cluster,3,51,train
cluster,3,52,train
cluster,3,53,train
cluster,3,55,train
cluster,3,57,train
cluster,3,58,train
cluster,3,59,train
cluster,3,60,train
cluster,3,61,train
cluster,3,63,train
cluster,3,64,train
cluster,3,65,train
cluster,3,66,train
cluster,3,67,train
cluster,3,68,train
cluster,3,69,train
cluster,3,70,train
cluster,3,71,train
cluster,3,72,train
cluster,3,73,train
cluster,3,74,train
cluster,3,75,train
cluster,3,77,train
cluster,3,78,train
cluster,3,79,train
cluster,3,80,train
cluster,3,81,train
cluster,3,82,train
cluster,3,83,train
cluster,3,84,train
cluster,3,85,train
cluster,3,86,train
cluster,3,87,train
cluster,3,88,train
cluster,3,89,train
cluster,3,90,train
cluster,3,91,train
cluster,3,92,train
cluster,3,93,train
cluster,3,94,train
cluster,3,95,train
cluster,3,96,train
cluster,3,97,train
cluster,3,98,train
cluster,3,99,train
cluster,3,100,train
cluster,3,101,train
cluster,3,102,train
cluster,3,103,train
cluster,3,104,train
cluster,3,105,train
cluster,3,106,train
cluster,3,108,train
cluster,3,109,train
cluster,3,110,train
cluster,3,111,train
cluster,3,112,train
cluster,3,113,train
cluster,3,114,train
cluster,3,115,train
cluster,3,116,train
cluster,3,117,train
cluster,3,119,train
cluster,3,121,train
cluster,3,122,train
cluster,3,123,train
cluster,3,124,train
cluster,3,125,train
cluster,3,126,train
cluster,3,127,train
cluster,3,128,train
cluster,3,129,train
cluster,3,130,train
cluster,3,131,train
cluster,3,132,train
cluster,3,133,train
cluster,3,134,train
cluster,3,135,train
cluster,3,136,train
cluster,3,137,train
cluster,3,138,train
cluster,3,139,train
cluster,3,140,train
cluster,3,141,train
cluster,3,142,train
cluster,3,143,train
cluster,3,144,train
cluster,3,145,train
cluster,3,146,train
cluster,3,147,train
cluster,3,148,train
cluster,3,149,train
cluster,3,150,train
cluster,3,151,train
cluster,3,152,train
cluster,3,153,train
cluster,3,154,train
cluster,3,156,train
cluster,3,157,train
cluster,3,158,train
cluster,3,159,train
cluster,3,160,train
cluster,3,161,train
cluster,3,162,train
cluster,3,163,train
cluster,3,164,train
cluster,3,165,train
cluster,3,166,train
cluster,3,167,train
cluster,3,168,train
cluster,3,169,train
cluster,3,170,train
cluster,3,171,train
cluster,3,172,train
cluster,3,173,train
cluster,3,174,train
cluster,3,175,train
cluster,3,176,train
cluster,3,177,train
cluster,3,178,train
cluster,3,179,train
cluster,3,180,train
cluster,3,181,train
cluster,3,182,train
cluster,3,183,train
cluster,3,184,train
cluster,3,185,train
cluster,3,186,train
cluster,3,187,train
cluster,3,188,train
cluster,3,189,train
cluster,3,190,train
cluster,3,191,train
cluster,3,192,train
cluster,3,193,train
cluster,3,194,train
cluster,3,195,train
cluster,3,196,train
cluster,3,197,train
cluster,3,198,train
cluster,3,199,train
cluster,3,200,train
cluster,3,201,train
cluster,3,202,train
cluster,3,203,train
cluster,3,204,train
cluster,3,205,train
cluster,3,206,train
cluster,3,207,train
cluster,3,208,train
cluster,3,209,train
cluster,3,210,train
cluster,3,211,train
cluster,3,212,train
cluster,3,213,train
cluster,3,214,train
cluster,3,215,train
cluster,3,216,train
cluster,3,217,train
cluster,3,218,train
cluster,3,219,train
cluster,3,220,train
cluster,3,222,train
cluster,3,223,train
cluster,3,224,train
cluster,3,225,train
cluster,3,226,train
cluster,3,227,train
cluster,3,228,train
cluster,3,229,train
cluster,3,230,train
cluster,3,231,train
cluster,3,232,train
cluster,3,233,train
cluster,3,234,train
cluster,3,235,train
cluster,3,236,train
cluster,3,237,train
cluster,3,238,train
cluster,3,239,train
cluster,3,240,train
cluster,3,241,train
cluster,3,242,train
cluster,3,243,train
cluster,3,244,train
cluster,3,245,train
cluster,3,246,train
cluster,3,247,train
cluster,3,248,train
cluster,3,249,train
cluster,3,250,train
cluster,3,251,train
cluster,3,252,train
cluster,3,253,train
cluster,3,254,train
cluster,3,255,train
cluster,3,256,train
cluster,3,257,train
cluster,3,258,train
cluster,3,259,train
cluster,3,260,train
cluster,3,261,train
cluster,3,262,train
cluster,3,263,train
cluster,3,264,train
cluster,3,265,train
cluster,3,266,train
cluster,3,267,train
cluster,3,268,train
cluster,3,269,train
cluster,3,270,train
cluster,3,271,train
cluster,3,272,train
cluster,3,273,train
cluster,3,274,train
cluster,3,275,train
cluster,3,276,train
cluster,3,277,train
cluster,3,278,train
cluster,3,279,train
cluster,3,280,train
cluster,3,281,train
cluster,3,282,train
cluster,3,284,train
cluster,3,285,train
cluster,3,286,train
cluster,3,288,train
cluster,3,289,train
cluster,3,290,train
cluster,3,291,train
cluster,3,292,train
cluster,3,293,train
cluster,3,294,train
cluster,3,295,train
cluster,3,296,train
cluster,3,297,train
cluster,3,298,train
cluster,3,299,train
cluster,3,300,train
cluster,3,301,train
cluster,3,302,train
cluster,3,303,train
cluster,3,304,train
cluster,3,305,train
cluster,3,306,train
cluster,3,307,train
cluster,3,308,train
cluster,3,309,train
cluster,3,310,train
cluster,3,311,train
cluster,3,312,train
cluster,3,313,train
cluster,3,314,train
cluster,3,315,train
cluster,3,316,train
cluster,3,317,train
cluster,3,318,train
cluster,3,319,train
cluster,3,320,train
cluster,3,321,train
cluster,3,322,train
cluster,3,323,train
cluster,3,324,train
cluster,3,325,train
cluster,3,326,train
cluster,3,327,train
cluster,3,328,train
cluster,3,329,train
cluster,3,330,train
cluster,3,332,train
cluster,3,333,train
cluster,3,334,train
cluster,3,335,train
cluster,3,336,train
cluster,3,337,train
cluster,3,338,train
cluster,3,339,train
cluster,3,340,train
cluster,3,341,train
cluster,3,342,train
cluster,3,343,train
cluster,3,344,train
cluster,3,345,train
cluster,3,346,train
cluster,3,347,train
cluster,3,348,train
cluster,3,349,train
cluster,3,350,train
cluster,3,351,train
cluster,3,352,train
cluster,3,353,train
cluster,3,354,train
cluster,3,355,train
cluster,3,356,train
cluster,3,357,train
cluster,3,358,train
cluster,3,359,train
cluster,3,360,train
cluster,3,361,train
cluster,3,362,train
cluster,3,363,train
cluster,3,364,train
cluster,3,365,train
cluster,3,366,train
cluster,3,367,train
cluster,3,368,train
cluster,3,369,train
cluster,3,370,train
cluster,3,371,train
cluster,3,372,train
cluster,3,373,train
cluster,3,374,train
cluster,3,375,train
cluster,3,376,train
cluster,3,377,train
cluster,3,378,train
cluster,3,379,train
cluster,3,380,train
cluster,3,381,train
cluster,3,382,train
cluster,3,383,train
cluster,3,384,train
cluster,3,385,train
cluster,3,386,train
cluster,3,387,train
cluster,3,388,train
cluster,3,389,train
cluster,3,390,train
cluster,3,391,train
cluster,3,392,train
cluster,3,393,train
cluster,3,394,train
cluster,3,397,train
cluster,3,398,train
cluster,3,399,train
cluster,3,400,train
cluster,3,401,train
cluster,3,402,train
cluster,3,403,train
cluster,3,404,train
cluster,3,405,train
cluster,3,406,train
cluster,3,407,train
cluster,3,408,train
cluster,3,409,train
cluster,3,410,train
cluster,3,411,train
cluster,3,412,train
cluster,3,413,train
cluster,3,414,train
cluster,3,415,train
cluster,3,416,train
cluster,3,417,train
cluster,3,419,train
cluster,3,420,train
cluster,3,421,train
cluster,3,422,train
cluster,3,423,train
cluster,3,424,train
cluster,3,425,train
cluster,3,426,train
cluster,3,427,train
cluster,3,428,train
cluster,3,429,train
cluster,3,430,train
cluster,3,431,train
cluster,3,432,train
cluster,3,433,train
cluster,3,434,train
cluster,3,435,train
cluster,3,436,train
cluster,3,437,train
cluster,3,438,train
cluster,3,439,train
cluster,3,440,train
cluster,3,441,train
cluster,3,442,train
cluster,3,443,train
cluster,3,444,train
cluster,3,445,train
cluster,3,446,train
cluster,3,447,train
cluster,3,448,train
cluster,3,449,train
cluster,3,450,train
cluster,3,451,train
cluster,3,452,train
cluster,3,453,train
cluster,3,454,train
cluster,3,455,train
cluster,3,456,train
cluster,3,457,train
cluster,3,458,train
cluster,3,460,train
cluster,3,461,train
cluster,3,462,train
cluster,3,464,train
cluster,3,465,train
cluster,3,466,train
cluster,3,473,train
cluster,3,474,train
cluster,3,475,train
cluster,3,476,train
cluster,3,477,train
cluster,3,478,train
cluster,3,479,train
cluster,3,480,train
cluster,3,481,train
cluster,3,484,train
cluster,3,486,train
cluster,3,488,train
cluster,3,491,train
cluster,3,493,train
cluster,3,494,train
cluster,3,495,train
cluster,3,497,train
cluster,3,498,train
cluster,3,499,train
cluster,3,500,train
cluster,3,501,train
cluster,3,502,train
cluster,3,503,train
cluster,3,504,train
cluster,3,505,train
cluster,3,506,train
cluster,3,507,train
cluster,3,508,train
cluster,3,509,train
cluster,3,510,train
cluster,3,511,train
cluster,3,512,train
cluster,3,513,train
cluster,3,514,train
cluster,3,515,train
cluster,3,518,train
cluster,3,519,train
cluster,3,520,train
cluster,3,522,train
cluster,3,523,train
cluster,3,524,train
cluster,3,525,train
cluster,3,526,train
cluster,3,527,train
cluster,3,528,train
cluster,3,529,train
cluster,3,530,train
cluster,3,531,train
cluster,3,532,train
cluster,3,533,train
cluster,3,534,train
cluster,3,535,train
cluster,3,536,train
cluster,3,537,train
cluster,3,538,train
cluster,3,539,train
cluster,3,540,train
cluster,3,541,train
cluster,3,542,train
cluster,3,543,train
cluster,3,544,train
cluster,3,545,train
cluster,3,546,train
cluster,3,547,train
cluster,3,548,train
cluster,3,549,train
cluster,3,550,train
cluster,3,551,train
cluster,3,552,train
cluster,3,553,train
cluster,3,554,train
cluster,3,555,train
cluster,3,556,train
cluster,3,557,train
cluster,3,558,train
cluster,3,559,train
cluster,3,560,train
cluster,3,561,train
cluster,3,562,train
cluster,3,563,train
cluster,3,564,train
cluster,3,565,train
cluster,3,566,train
cluster,3,567,train
cluster,3,568,train
cluster,3,569,train
cluster,3,570,train
cluster,3,571,train
cluster,3,572,train
cluster,3,573,train
cluster,3,574,train
cluster,3,575,train
cluster,3,576,train
cluster,3,577,train
cluster,3,578,train
cluster,3,579,train
cluster,3,580,train
cluster,3,581,train
cluster,3,582,train
cluster,3,583,train
cluster,3,584,train
cluster,3,585,train
cluster,3,586,train
cluster,3,587,train
cluster,3,588,train
cluster,3,589,train
cluster,3,590,train
cluster,3,591,train
cluster,3,592,train
cluster,3,593,train
cluster,3,594,train
cluster,3,595,train
cluster,3,596,train
cluster,3,597,train
cluster,3,598,train
cluster,3,599,train
cluster,3,600,train
cluster,3,601,train
cluster,3,602,train
cluster,3,603,train
cluster,3,604,train
cluster,3,605,train
cluster,3,606,train
cluster,3,607,train
cluster,3,608,train
cluster,3,609,train
cluster,3,610,train
cluster,3,611,train
cluster,3,612,train
cluster,3,613,train
cluster,3,614,train
cluster,3,615,train
cluster,3,616,train
cluster,3,617,train
cluster,3,618,train
cluster,3,619,train
cluster,3,620,train
cluster,3,621,train
cluster,3,622,train
cluster,3,623,train
cluster,3,624,train
cluster,3,625,train
cluster,3,626,train
cluster,3,629,train
cluster,3,630,train
cluster,3,631,train
cluster,3,632,train
cluster,3,633,train
cluster,3,634,train
cluster,3,635,train
cluster,3,636,train
cluster,3,637,train
cluster,3,638,train
cluster,3,639,train
cluster,3,640,train
cluster,3,641,train
cluster,3,642,train
cluster,3,643,train
cluster,3,644,train
cluster,3,645,train
cluster,3,646,train
cluster,3,649,train
cluster,3,650,train
cluster,3,651,train
cluster,3,652,train
cluster,3,653,train
cluster,3,654,train
cluster,3,655,train
cluster,3,656,train
cluster,3,657,train
cluster,3,658,train
cluster,3,659,train
cluster,3,660,train
cluster,3,661,train
cluster,3,662,train
cluster,3,663,train
cluster,3,664,train
cluster,3,665,train
cluster,3,666,train
cluster,3,667,train
cluster,3,668,train
cluster,3,669,train
cluster,3,670,train
cluster,3,671,train
cluster,3,672,train
cluster,3,673,train
cluster,3,674,train
cluster,3,675,train
cluster,3,676,train
cluster,3,677,train
cluster,3,678,train
cluster,3,679,train
cluster,3,680,train
cluster,3,682,train
cluster,3,684,train
cluster,3,685,train
cluster,3,686,train
cluster,3,687,train
cluster,3,688,train
cluster,3,689,train
cluster,3,690,train
cluster,3,691,train
cluster,3,692,train
cluster,3,693,train
cluster,3,694,train
cluster,3,695,train
cluster,3,696,train
cluster,3,698,train
cluster,3,699,train
cluster,3,702,train
cluster,3,704,train
cluster,3,705,train
cluster,3,706,train
cluster,3,707,train
cluster,3,708,train
cluster,3,709,train
cluster,3,710,train
cluster,3,711,train
cluster,3,712,train
cluster,3,713,train
cluster,3,714,train
cluster,3,715,train
cluster,3,716,train
cluster,3,717,train
cluster,3,718,train
cluster,3,719,train
cluster,3,720,train
cluster,3,721,train
cluster,3,722,train
cluster,3,723,train
cluster,3,724,train
cluster,3,725,train
cluster,3,726,train
cluster,3,727,train
cluster,3,728,train
cluster,3,729,train
cluster,3,730,train
cluster,3,731,train
cluster,3,732,train
cluster,3,733,train
cluster,3,734,train
cluster,3,735,train
cluster,3,736,train
cluster,3,737,train
cluster,3,738,train
cluster,3,739,train
cluster,3,740,train
cluster,3,741,train
cluster,3,742,train
cluster,3,743,train
cluster,3,744,train
cluster,3,745,train
cluster,3,746,train
cluster,3,747,train
cluster,3,748,train
cluster,3,749,train
cluster,3,750,train
cluster,3,751,train
cluster,3,752,train
cluster,3,753,train
cluster,3,754,train
cluster,3,755,train
cluster,3,756,train
cluster,3,757,train
cluster,3,758,train
cluster,3,759,train
cluster,3,760,train
cluster,3,761,train
cluster,3,762,train
cluster,3,763,train
cluster,3,764,train
cluster,3,765,train
cluster,3,766,train
cluster,3,767,train
cluster,3,768,train
cluster,3,769,train
cluster,3,770,train
cluster,3,771,train
cluster,3,772,train
cluster,3,773,train
cluster,3,774,train
cluster,3,775,train
cluster,3,776,train
cluster,3,777,train
cluster,3,778,train
cluster,3,779,train
cluster,3,780,train
cluster,3,781,train
cluster,3,782,train
cluster,3,784,train
cluster,3,785,train
cluster,3,786,train
cluster,3,788,train
cluster,3,789,train
cluster,3,790,train
cluster,3,791,train
cluster,3,792,train
cluster,3,793,train
cluster,3,794,train
cluster,3,795,train
cluster,3,796,train
cluster,3,797,train
cluster,3,798,train
cluster,3,799,train
cluster,3,800,train
cluster,3,801,train
cluster,3,802,train
cluster,3,803,train
cluster,3,804,train
cluster,3,805,train
cluster,3,806,train
cluster,3,807,train
cluster,3,808,train
cluster,3,809,train
cluster,3,810,train
cluster,3,812,train
cluster,3,813,train
cluster,3,814,train
cluster,3,815,train
cluster,3,816,train
cluster,3,817,train
cluster,3,818,train
cluster,3,819,train
cluster,3,821,train
cluster,3,822,train
cluster,3,824,train
cluster,3,825,train
cluster,3,826,train
cluster,3,827,train
cluster,3,828,train
cluster,3,829,train
cluster,3,830,train
cluster,3,831,train
cluster,3,832,train
cluster,3,833,train
cluster,3,834,train
cluster,3,835,train
cluster,3,836,train
cluster,3,837,train
cluster,3,838,train
cluster,3,839,train
cluster,3,840,train
cluster,3,841,train
cluster,3,842,train
cluster,3,843,train
cluster,3,844,train
cluster,3,845,train
cluster,3,847,train
cluster,3,848,train
cluster,3,849,train
cluster,3,850,train
cluster,3,852,train
cluster,3,854,train
cluster,3,855,train
cluster,3,856,train
cluster,3,857,train
cluster,3,859,train
cluster,3,860,train
cluster,3,861,train
cluster,3,862,train
cluster,3,863,train
cluster,3,864,train
cluster,3,865,train
cluster,3,866,train
cluster,3,867,train
cluster,3,868,train
cluster,3,869,train
cluster,3,870,train
cluster,3,871,train
cluster,3,872,train
cluster,3,873,train
cluster,3,874,train
cluster,3,875,train
cluster,3,876,train
cluster,3,877,train
cluster,3,878,train
cluster,3,879,train
cluster,3,881,train
cluster,3,882,train
cluster,3,883,train
cluster,3,884,train
cluster,3,885,train
cluster,3,886,train
cluster,3,889,train
cluster,3,890,train
cluster,3,891,train
cluster,3,892,train
cluster,3,893,train
cluster,3,894,train
cluster,3,895,train
cluster,3,897,train
cluster,3,898,train
cluster,3,899,train
cluster,3,900,train
cluster,3,901,train
cluster,3,902,train
cluster,3,903,train
cluster,3,904,train
cluster,3,905,train
cluster,3,906,train
cluster,3,907,train
cluster,3,908,train
cluster,3,909,train
cluster,3,910,train
cluster,3,911,train
cluster,3,912,train
cluster,3,913,train
cluster,3,914,train
cluster,3,915,train
cluster,3,916,train
cluster,3,917,train
cluster,3,918,train
cluster,3,919,train
cluster,3,920,train
cluster,3,921,train
cluster,3,922,train
cluster,3,923,train
cluster,3,924,train
cluster,3,925,train
cluster,3,926,train
cluster,3,927,train
cluster,3,928,train
cluster,3,929,train
cluster,3,930,train
cluster,3,931,train
cluster,3,934,train
cluster,3,936,train
cluster,3,937,train
cluster,3,938,train
cluster,3,939,train
cluster,3,940,train
cluster,3,941,train
cluster,3,942,train
cluster,3,943,train
cluster,3,944,train
cluster,3,945,train
cluster,3,948,train
cluster,3,949,train
cluster,3,952,train
cluster,3,953,train
cluster,3,954,train
cluster,3,956,train
cluster,3,958,train
cluster,3,959,train
cluster,3,960,train
cluster,3,965,train
cluster,3,967,train
cluster,3,969,train
cluster,3,970,train
cluster,3,971,train
cluster,3,972,train
cluster,3,973,train
cluster,3,974,train
cluster,3,975,train
cluster,3,976,train
cluster,3,977,train
cluster,3,978,train
cluster,3,979,train
cluster,3,980,train
cluster,3,981,train
cluster,3,983,train
cluster,3,984,train
cluster,3,985,train
cluster,3,986,train
cluster,3,987,train
cluster,3,988,train
cluster,3,989,train
cluster,3,990,train
cluster,3,992,train
cluster,3,993,train
cluster,3,995,train
cluster,3,997,train
cluster,3,998,train
cluster,3,999,train
cluster,3,1000,train
cluster,3,1001,train
cluster,3,1003,train
cluster,3,1004,train
cluster,3,1005,train
cluster,3,1006,train
cluster,3,1009,train
cluster,3,1010,train
cluster,3,1011,train
cluster,3,1012,train
cluster,3,1013,train
cluster,3,1014,train
cluster,3,1015,train
cluster,3,1016,train
cluster,3,1017,train
cluster,3,1018,train
cluster,3,1019,train
cluster,3,1020,train
cluster,3,1021,train
cluster,3,1022,train
cluster,3,1023,train
cluster,3,1024,train
cluster,3,1025,train
cluster,3,1027,train
cluster,3,1028,train
cluster,3,1029,train
cluster,3,1030,train
cluster,3,1031,train
cluster,3,1032,train
cluster,3,1033,train
cluster,3,1034,train
cluster,3,1035,train
cluster,3,1036,train
cluster,3,1037,train
cluster,3,1038,train
cluster,3,1039,train
cluster,3,1040,train
cluster,3,1041,train
cluster,3,1042,train
cluster,3,1043,train
cluster,3,1044,train
cluster,3,1045,train
cluster,3,1046,train
cluster,3,1047,train
cluster,3,1048,train
cluster,3,1049,train
cluster,3,1050,train
cluster,3,1052,train
cluster,3,1053,train
cluster,3,1054,train
cluster,3,1055,train
cluster,3,1056,train
cluster,3,1059,train
cluster,3,1060,train
cluster,3,1061,train
cluster,3,1062,train
cluster,3,1063,train
cluster,3,1064,train
cluster,3,1065,train
cluster,3,1066,train
cluster,3,1067,train
cluster,3,1068,train
cluster,3,1069,train
cluster,3,1070,train
cluster,3,1071,train
cluster,3,1072,train
cluster,3,1073,train
cluster,3,1074,train
cluster,3,1075,train
cluster,3,1076,train
cluster,3,1077,train
cluster,3,1078,train
cluster,3,1079,train
cluster,3,1080,train
cluster,3,1081,train
cluster,3,1082,train
cluster,3,1083,train
cluster,3,1084,train
cluster,3,1085,train
cluster,3,1086,train
cluster,3,1087,train
cluster,3,1088,train
cluster,3,1089,train
cluster,3,1090,train
cluster,3,1091,train
cluster,3,1093,train
cluster,3,1094,train
cluster,3,1095,train
cluster,3,1096,train
cluster,3,1097,train
cluster,3,1098,train
cluster,3,1099,train
cluster,3,1100,train
cluster,3,1101,train
cluster,3,1102,train
cluster,3,1103,train
cluster,3,1104,train
cluster,3,1105,train
cluster,3,1106,train
cluster,3,1107,train
cluster,3,1108,train
cluster,3,1109,train
cluster,3,1110,train
cluster,3,1111,train
cluster,3,1112,train
cluster,3,1113,train
cluster,3,1114,train
cluster,3,1115,train
cluster,3,1116,train
cluster,3,1117,train
cluster,3,1118,train
cluster,3,1119,train
cluster,3,1120,train
cluster,3,1121,train
cluster,3,1122,train
cluster,3,1123,train
cluster,3,1124,train
cluster,3,1125,train
cluster,3,1126,train
cluster,3,1128,train
cluster,3,1129,train
cluster,3,1130,train
cluster,3,1132,train
cluster,3,1133,train
cluster,3,1134,train
cluster,3,1135,train
cluster,3,1136,train
cluster,3,1137,train
cluster,3,1138,train
cluster,3,1139,train
cluster,3,1140,train
cluster,3,1141,train
cluster,3,1142,train
cluster,3,1144,train
cluster,3,1145,train
cluster,3,1146,train
cluster,3,1147,train
cluster,3,1148,train
cluster,3,1149,train
cluster,3,1150,train
cluster,3,1151,train
cluster,3,1152,train
cluster,3,1153,train
cluster,3,1165,train
cluster,3,1166,train
cluster,3,1167,train
cluster,3,1168,train
cluster,3,1169,train
cluster,3,1170,train
cluster,3,1171,train
cluster,3,1172,train
cluster,3,1173,train
cluster,3,1174,train
cluster,3,1175,train
cluster,3,1176,train
cluster,3,1177,train
cluster,3,1178,train
cluster,3,1179,train
cluster,3,1180,train
cluster,3,1181,train
cluster,3,1182,train
cluster,3,1183,train
cluster,3,1184,train
cluster,3,1185,train
cluster,3,1186,train
cluster,3,1187,train
cluster,3,1188,train
cluster,3,1189,train
cluster,3,1190,train
cluster,3,1191,train
cluster,3,1192,train
cluster,3,1193,train
cluster,3,1194,train
cluster,3,1195,train
cluster,3,1196,train
cluster,3,1197,train
cluster,3,1198,train
cluster,3,1199,train
cluster,3,1200,train
cluster,3,1201,train
cluster,3,1202,train
cluster,3,1203,train
cluster,3,1204,train
cluster,3,1205,train
cluster,3,1206,train
cluster,3,1207,train
cluster,3,1208,train
cluster,3,1209,train
cluster,3,1210,train
cluster,3,1211,train
cluster,3,1212,train
cluster,3,1213,train
cluster,3,1214,train
cluster,3,1215,train
cluster,3,1216,train
cluster,3,1217,train
cluster,3,1218,train
cluster,3,1219,train
cluster,3,1220,train
cluster,3,1221,train
cluster,3,1222,train
cluster,3,1223,train
cluster,3,1224,train
cluster,3,1225,train
cluster,3,1226,train
cluster,3,1227,train
cluster,3,1228,train
cluster,3,1229,train
cluster,3,1230,train
cluster,3,1231,train
cluster,3,1232,train
cluster,3,1233,train
cluster,3,1234,train
cluster,3,1235,train
cluster,3,1236,train
cluster,3,1237,train
cluster,3,1238,train
cluster,3,1239,train
cluster,3,1240,train
cluster,3,1241,train
cluster,3,1242,train
cluster,3,1243,train
cluster,3,1244,train
cluster,3,1245,train
cluster,3,1246,train
cluster,3,1247,train
cluster,3,1248,train
cluster,3,1249,train
cluster,3,1250,train
cluster,3,1251,train
cluster,3,1252,train
cluster,3,1253,train
cluster,3,1254,train
cluster,3,1255,train
cluster,3,1256,train
cluster,3,1257,train
cluster,3,1258,train
cluster,3,1259,train
cluster,3,1260,train
cluster,3,1261,train
cluster,3,1262,train
cluster,3,1263,train
cluster,3,1264,train
cluster,3,1265,train
cluster,3,1266,train
cluster,3,1267,train
cluster,3,1268,train
cluster,3,1269,train
cluster,3,1270,train
cluster,3,1271,train
cluster,3,1272,train
cluster,3,1273,train
cluster,3,1274,train
cluster,3,1275,train
cluster,3,1276,train
cluster,3,1277,train
cluster,3,1278,train
cluster,3,1279,train
cluster,3,1280,train
cluster,3,1281,train
cluster,3,1282,train
cluster,3,1283,train
cluster,3,1284,train
cluster,3,1285,train
cluster,3,1286,train
cluster,3,1287,train
cluster,3,1288,train
cluster,3,1289,train
cluster,3,1290,train
cluster,3,1291,train
cluster,3,1292,train
cluster,3,1293,train
cluster,3,1294,train
cluster,3,1295,train
cluster,3,1296,train
cluster,3,1297,train
cluster,3,1298,train
cluster,3,1299,train
cluster,3,1300,train
cluster,3,1301,train
cluster,3,1302,train
cluster,3,1303,train
cluster,3,1304,train
cluster,3,1305,train
cluster,3,1306,train
cluster,3,1307,train
cluster,3,1308,train
cluster,3,1309,train
cluster,3,1310,train
cluster,3,1311,train
cluster,3,1312,train
cluster,3,1313,train
cluster,3,1314,train
cluster,3,1315,train
cluster,3,1316,train
cluster,3,1317,train
cluster,3,1318,train
cluster,3,1319,train
cluster,3,1320,train
cluster,3,1321,train
cluster,3,1322,train
cluster,3,1323,train
cluster,3,1324,train
cluster,3,1325,train
cluster,3,1326,train
cluster,3,1327,train
cluster,3,1328,train
cluster,3,1329,train
cluster,3,1330,train
cluster,3,1331,train
cluster,3,1332,train
cluster,3,1333,train
cluster,3,1334,train
cluster,3,1335,train
cluster,3,1336,train
cluster,3,1337,train
cluster,3,1338,train
cluster,3,1339,train
cluster,3,1340,train
cluster,3,1341,train
cluster,3,1342,train
cluster,3,1343,train
cluster,3,1344,train
cluster,3,1345,train
cluster,3,1346,train
cluster,3,1347,train
cluster,3,1348,train
cluster,3,1349,train
cluster,3,1350,train
cluster,3,1351,train
cluster,3,1352,train
cluster,3,1353,train
cluster,3,1354,train
cluster,3,1369,train
cluster,3,1370,train
cluster,3,1371,train
cluster,3,1372,train
cluster,3,1373,train
cluster,3,1374,train
cluster,3,1375,train
cluster,3,1376,train
cluster,3,1377,train
cluster,3,1378,train
cluster,3,1379,train
cluster,3,1380,train
cluster,3,1381,train
cluster,3,1383,train
cluster,3,1384,train
cluster,3,1385,train
cluster,3,1386,train
cluster,3,1387,train
cluster,3,1388,train
cluster,3,1389,train
cluster,3,1390,train
cluster,3,1391,train
cluster,3,1392,train
cluster,3,1393,train
cluster,3,1394,train
cluster,3,1395,train
cluster,3,1396,train
cluster,3,1397,train
cluster,3,1398,train
cluster,3,1399,train
cluster,3,1400,train
cluster,3,1401,train
cluster,3,1402,train
cluster,3,1403,train
cluster,3,1404,train
cluster,3,1405,train
cluster,3,1406,train
cluster,3,1407,train
cluster,3,1408,train
cluster,3,1411,train
cluster,3,1412,train
cluster,3,1413,train
cluster,3,1414,train
cluster,3,1415,train
cluster,3,1416,train
cluster,3,1417,train
cluster,3,1418,train
cluster,3,1421,train
cluster,3,1422,train
cluster,3,1423,train
cluster,3,1424,train
cluster,3,1425,train
cluster,3,1426,train
cluster,3,1427,train
cluster,3,1428,train
cluster,3,1429,train
cluster,3,1430,train
cluster,3,1431,train
cluster,3,1432,train
cluster,3,1433,train
cluster,3,1434,train
cluster,3,1435,train
cluster,3,1436,train
cluster,3,1437,train
cluster,3,1438,train
cluster,3,1439,train
cluster,3,1440,train
cluster,3,1441,train
cluster,3,1442,train
cluster,3,1443,train
cluster,3,1444,train
cluster,3,1445,train
cluster,3,1446,train
cluster,3,1447,train
cluster,3,1448,train
cluster,3,1449,train
cluster,3,1450,train
cluster,3,1451,train
cluster,3,1452,train
cluster,3,1453,train
cluster,3,1454,train
cluster,3,1455,train
cluster,3,1460,train
cluster,3,1462,train
cluster,3,1463,train
cluster,3,1464,train
cluster,3,1465,train
cluster,3,1466,train
cluster,3,1469,train
cluster,3,1470,train
cluster,3,1471,train
cluster,3,1472,train
cluster,3,1473,train
cluster,3,1474,train
cluster,3,1475,train
cluster,3,1476,train
cluster,3,1477,train
cluster,3,1478,train
cluster,3,1479,train
cluster,3,1480,train
cluster,3,1481,train
cluster,3,1482,train
cluster,3,1483,train
cluster,3,1484,train
cluster,3,1485,train
cluster,3,1486,train
cluster,3,1487,train
cluster,3,1488,train
cluster,3,1489,train
cluster,3,1490,train
cluster,3,1491,train
cluster,3,1492,train
cluster,3,1493,train
cluster,3,1494,train
cluster,3,1495,train
cluster,3,1496,train
cluster,3,1497,train
cluster,3,1498,train
cluster,3,1499,train
cluster,3,1500,train
cluster,3,1501,train
cluster,3,1502,train
cluster,3,1503,train
cluster,3,1504,train
cluster,3,1505,train
cluster,3,1506,train
cluster,3,1507,train
cluster,3,1508,train
cluster,3,1509,train
cluster,3,1510,train
cluster,3,1511,train
cluster,3,1512,train
cluster,3,1513,train
cluster,3,1514,train
cluster,3,1515,train
cluster,3,1516,train
cluster,3,1517,train
cluster,3,1518,train
cluster,3,1519,train
cluster,3,1520,train
cluster,3,1521,train
cluster,3,1522,train
cluster,3,1523,train
cluster,3,1524,train
cluster,3,1526,train
cluster,3,1527,train
cluster,3,1528,train
cluster,3,1529,train
cluster,3,1530,train
cluster,3,1531,train
cluster,3,1532,train
cluster,3,1533,train
cluster,3,1534,train
cluster,3,1535,train
cluster,3,1536,train
cluster,3,1537,train
cluster,3,1538,train
cluster,3,1539,train
cluster,3,1541,train
cluster,3,1542,train
cluster,3,1544,train
cluster,3,1545,train
cluster,3,1546,train
cluster,3,1547,train
cluster,3,1548,train
cluster,3,1549,train
cluster,3,1550,train
cluster,3,1551,train
cluster,3,1552,train
cluster,3,1553,train
cluster,3,1554,train
cluster,3,1555,train
cluster,3,1556,train
cluster,3,1557,train
cluster,3,1558,train
cluster,3,1559,train
cluster,3,1562,train
cluster,3,1563,train
cluster,3,1565,train
cluster,3,1566,train
cluster,3,1567,train
cluster,3,1568,train
cluster,3,1569,train
cluster,3,1570,train
cluster,3,1571,train
cluster,3,1572,train
cluster,3,1573,train
cluster,3,1574,train
cluster,3,1575,train
cluster,3,1576,train
cluster,3,1577,train
cluster,3,1578,train
cluster,3,1579,train
cluster,3,1580,train
cluster,3,1581,train
cluster,3,1582,train
cluster,3,1583,train
cluster,3,1584,train
cluster,3,1585,train
cluster,3,1586,train
cluster,3,1587,train
cluster,3,1588,train
cluster,3,1589,train
cluster,3,1590,train
cluster,3,1591,train
cluster,3,1593,train
cluster,3,1595,train
cluster,3,1596,train
cluster,3,1597,train
cluster,3,1598,train
cluster,3,1599,train
cluster,3,1600,train
cluster,3,1601,train
cluster,3,1603,train
cluster,3,1604,train
cluster,3,1605,train
cluster,3,1606,train
cluster,3,1607,train
cluster,3,1608,train
cluster,3,1609,train
cluster,3,1610,train
cluster,3,1611,train
cluster,3,1612,train
cluster,3,1613,train
cluster,3,1614,train
cluster,3,1615,train
cluster,3,1616,train
cluster,3,1617,train
cluster,3,1618,train
cluster,3,1619,train
cluster,3,1620,train
cluster,3,1621,train
cluster,3,1622,train
cluster,3,1623,train
cluster,3,1624,train
cluster,3,1625,train
cluster,3,1626,train
cluster,3,1628,train
cluster,3,1629,train
cluster,3,1630,train
cluster,3,1631,train
cluster,3,1632,train
cluster,3,1633,train
cluster,3,1634,train
cluster,3,1635,train
cluster,3,1636,train
cluster,3,1637,train
cluster,3,1638,train
cluster,3,1639,train
cluster,3,1640,train
cluster,3,1641,train
cluster,3,1642,train
cluster,3,1647,train
cluster,3,1651,train
cluster,3,1652,train
cluster,3,1653,train
cluster,3,1654,train
cluster,3,1655,train
cluster,3,1656,train
cluster,3,1657,train
cluster,3,1658,train
cluster,3,1659,train
cluster,3,1660,train
cluster,3,1661,train
cluster,3,1678,train
cluster,3,1679,train
cluster,3,1680,train
cluster,3,1681,train
cluster,3,1682,train
cluster,3,1683,train
cluster,3,1684,train
cluster,3,1685,train
cluster,3,1686,train
cluster,3,1687,train
cluster,3,1688,train
cluster,3,1689,train
cluster,3,1690,train
cluster,3,1691,train
cluster,3,1692,train
cluster,3,1693,train
cluster,3,1694,train
cluster,3,1695,train
cluster,3,1696,train
cluster,3,1697,train
cluster,3,1698,train
cluster,3,1700,train
cluster,3,1701,train
cluster,3,1702,train
cluster,3,1703,train
cluster,3,1704,train
cluster,3,1705,train
cluster,3,1706,train
cluster,3,1707,train
cluster,3,1708,train
cluster,3,1709,train
cluster,3,1710,train
cluster,3,1711,train
cluster,3,1712,train
cluster,3,1713,train
cluster,3,1714,train
cluster,3,1715,train
cluster,3,1716,train
cluster,3,1717,train
cluster,3,1718,train
cluster,3,1719,train
cluster,3,1720,train
cluster,3,1721,train
cluster,3,1722,train
cluster,3,1723,train
cluster,3,1724,train
cluster,3,1725,train
cluster,3,1726,train
cluster,3,1727,train
cluster,3,1728,train
cluster,3,1729,train
cluster,3,1730,train
cluster,3,1731,train
cluster,3,1732,train
cluster,3,1733,train
cluster,3,1734,train
cluster,3,1735,train
cluster,3,1736,train
cluster,3,1737,train
cluster,3,1738,train
cluster,3,1739,train
cluster,3,1740,train
cluster,3,1741,train
cluster,3,1742,train
cluster,3,1743,train
cluster,3,1744,train
cluster,3,1745,train
cluster,3,1746,train
cluster,3,1747,train
cluster,3,1748,train
cluster,3,1749,train
cluster,3,1750,train
cluster,3,1751,train
cluster,3,1752,train
cluster,3,1753,train
cluster,3,1754,train
cluster,3,1755,train
cluster,3,1756,train
cluster,3,1757,train
cluster,3,1758,train
cluster,3,1759,train
cluster,3,1760,train
cluster,3,1761,train
cluster,3,1762,train
cluster,3,1763,train
cluster,3,1764,train
cluster,3,1765,train
cluster,3,1766,train
cluster,3,1767,train
cluster,3,1768,train
cluster,3,1769,train
cluster,3,1770,train
cluster,3,1771,train
cluster,3,1772,train
cluster,3,1773,train
cluster,3,1774,train
cluster,3,1775,train
cluster,3,1776,train
cluster,3,1777,train
cluster,3,1783,train
cluster,3,1785,train
cluster,3,1786,train
cluster,3,1787,train
cluster,3,1797,train
cluster,3,1798,train
cluster,3,1799,train
cluster,3,1800,train
cluster,3,1801,train
cluster,3,1802,train
cluster,3,1803,train
cluster,3,1804,train
cluster,3,1805,train
cluster,3,1806,train
cluster,3,1807,train
cluster,3,1812,train
cluster,3,1813,train
cluster,3,1814,train
cluster,3,1815,train
cluster,3,1816,train
cluster,3,1817,train
cluster,3,1818,train
cluster,3,1819,train
cluster,3,1820,train
cluster,3,1822,train
cluster,3,1823,train
cluster,3,1824,train
cluster,3,1825,train
cluster,3,1826,train
cluster,3,1827,train
cluster,3,1828,train
cluster,3,1830,train
cluster,3,1832,train
cluster,3,1833,train
cluster,3,1834,train
cluster,3,1837,train
cluster,3,1838,train
cluster,3,1839,train
cluster,3,1840,train
cluster,3,1841,train
cluster,3,1842,train
cluster,3,1843,train
cluster,3,1844,train
cluster,3,1845,train
cluster,3,1846,train
cluster,3,1847,train
cluster,3,1848,train
cluster,3,1849,train
cluster,3,1850,train
cluster,3,1851,train
cluster,3,1852,train
cluster,3,1853,train
cluster,3,1854,train
cluster,3,1855,train
cluster,3,1856,train
cluster,3,1857,train
cluster,3,1859,train
cluster,3,1860,train
cluster,3,1861,train
cluster,3,1862,train
cluster,3,1864,train
cluster,3,1867,train
cluster,3,1868,train
cluster,3,1869,train
cluster,3,1870,train
cluster,3,1871,train
cluster,3,1872,train
cluster,3,1873,train
cluster,3,1874,train
cluster,3,1875,train
cluster,3,1876,train
cluster,3,1877,train
cluster,3,1878,train
cluster,3,1879,train
cluster,3,1880,train
cluster,3,1881,train
cluster,3,1882,train
cluster,3,1883,train
cluster,3,1884,train
cluster,3,1885,train
cluster,3,1886,train
cluster,3,1887,train
cluster,3,1888,train
cluster,3,1889,train
cluster,3,1890,train
cluster,3,1891,train
cluster,3,1895,train
cluster,3,1896,train
cluster,3,1897,train
cluster,3,1898,train
cluster,3,1899,train
cluster,3,1900,train
cluster,3,1901,train
cluster,3,1902,train
cluster,3,1903,train
cluster,3,1904,train
cluster,3,1905,train
cluster,3,1906,train
cluster,3,1907,train
cluster,3,1908,train
cluster,3,1909,train
cluster,3,1910,train
cluster,3,44,test
cluster,3,50,test
cluster,3,54,test
cluster,3,56,test
cluster,3,62,test
cluster,3,76,test
cluster,3,107,test
cluster,3,118,test
cluster,3,120,test
cluster,3,155,test
cluster,3,221,test
cluster,3,283,test
cluster,3,287,test
cluster,3,331,test
cluster,3,395,test
cluster,3,396,test
cluster,3,418,test
cluster,3,459,test
cluster,3,463,test
cluster,3,467,test
cluster,3,468,test
cluster,3,469,test
cluster,3,470,test
cluster,3,471,test
cluster,3,472,test
cluster,3,482,test
cluster,3,483,test
cluster,3,485,test
cluster,3,487,test
cluster,3,489,test
cluster,3,490,test
cluster,3,492,test
cluster,3,496,test
cluster,3,516,test
cluster,3,517,test
cluster,3,521,test
cluster,3,627,test
cluster,3,628,test
cluster,3,647,test
cluster,3,648,test
cluster,3,681,test
cluster,3,683,test
cluster,3,697,test
cluster,3,700,test
cluster,3,701,test
cluster,3,703,test
cluster,3,783,test
cluster,3,787,test
cluster,3,811,test
cluster,3,820,test
cluster,3,823,test
cluster,3,846,test
cluster,3,851,test
cluster,3,853,test
cluster,3,858,test
cluster,3,880,test
cluster,3,887,test
cluster,3,888,test
cluster,3,896,test
cluster,3,932,test
cluster,3,933,test
cluster,3,935,test
cluster,3,946,test
cluster,3,947,test
cluster,3,950,test
cluster,3,951,test
cluster,3,955,test
cluster,3,957,test
cluster,3,961,test
cluster,3,962,test
cluster,3,963,test
cluster,3,964,test
cluster,3,966,test
cluster,3,968,test
cluster,3,982,test
cluster,3,991,test
cluster,3,994,test
cluster,3,996,test
cluster,3,1002,test
cluster,3,1007,test
cluster,3,1008,test
cluster,3,1026,test
cluster,3,1051,test
cluster,3,1057,test
cluster,3,1058,test
cluster,3,1092,test
cluster,3,1127,test
cluster,3,1131,test
cluster,3,1143,test
cluster,3,1154,test
cluster,3,1155,test
cluster,3,1156,test
cluster,3,1157,test
cluster,3,1158,test
cluster,3,1159,test
cluster,3,1160,test
cluster,3,1161,test
cluster,3,1162,test
cluster,3,1163,test
cluster,3,1164,test
cluster,3,1355,test
cluster,3,1356,test
cluster,3,1357,test
cluster,3,1358,test
cluster,3,1359,test
cluster,3,1360,test
cluster,3,1361,test
cluster,3,1362,test
cluster,3,1363,test
cluster,3,1364,test
cluster,3,1365,test
cluster,3,1366,test
cluster,3,1367,test
cluster,3,1368,test
cluster,3,1382,test
cluster,3,1409,test
cluster,3,1410,test
cluster,3,1419,test
cluster,3,1420,test
cluster,3,1456,test
cluster,3,1457,test
cluster,3,1458,test
cluster,3,1459,test
cluster,3,1461,test
cluster,3,1467,test
cluster,3,1468,test
cluster,3,1525,test
cluster,3,1540,test
cluster,3,1543,test
cluster,3,1560,test
cluster,3,1561,test
cluster,3,1564,test
cluster,3,1592,test
cluster,3,1594,test
cluster,3,1602,test
cluster,3,1627,test
cluster,3,1643,test
cluster,3,1644,test
cluster,3,1645,test
cluster,3,1646,test
cluster,3,1648,test
cluster,3,1649,test
cluster,3,1650,test
cluster,3,1662,test
cluster,3,1663,test
cluster,3,1664,test
cluster,3,1665,test
cluster,3,1666,test
cluster,3,1667,test
cluster,3,1668,test
cluster,3,1669,test
cluster,3,1670,test
cluster,3,1671,test
cluster,3,1672,test
cluster,3,1673,test
cluster,3,1674,test
cluster,3,1675,test
cluster,3,1676,test
cluster,3,1677,test
cluster,3,1699,test
cluster,3,1778,test
cluster,3,1779,test
cluster,3,1780,test
cluster,3,1781,test
cluster,3,1782,test
cluster,3,1784,test
cluster,3,1788,test
cluster,3,1789,test
cluster,3,1790,test
cluster,3,1791,test
cluster,3,1792,test
cluster,3,1793,test
cluster,3,1794,test
cluster,3,1795,test
cluster,3,1796,test
cluster,3,1808,test
cluster,3,1809,test
cluster,3,1810,test
cluster,3,1811,test
cluster,3,1821,test
cluster,3,1829,test
cluster,3,1831,test
cluster,3,1835,test
cluster,3,1836,test
cluster,3,1858,test
cluster,3,1863,test
cluster,3,1865,test
cluster,3,1866,test
cluster,3,1892,test
cluster,3,1893,test
cluster,3,1894,test
cluster,4,0,train
cluster,4,1,train
cluster,4,2,train
cluster,4,3,train
cluster,4,4,train
cluster,4,5,train
cluster,4,6,train
cluster,4,7,train
cluster,4,8,train
cluster,4,9,train
cluster,4,10,train
cluster,4,11,train
cluster,4,12,train
cluster,4,13,train
cluster,4,14,train
cluster,4,15,train
cluster,4,16,train
cluster,4,17,train
cluster,4,18,train
cluster,4,19,train
cluster,4,20,train
cluster,4,21,train
cluster,4,22,train
cluster,4,23,train
cluster,4,24,train
cluster,4,25,train
cluster,4,26,train
cluster,4,27,train
cluster,4,28,train
cluster,4,29,train
cluster,4,30,train
cluster,4,31,train
cluster,4,32,train
cluster,4,33,train
cluster,4,34,train
cluster,4,35,train
cluster,4,36,train
cluster,4,37,train
cluster,4,38,train
cluster,4,39,train
cluster,4,40,train
cluster,4,41,train
cluster,4,42,train
cluster,4,43,train
cluster,4,44,train
cluster,4,45,train
cluster,4,46,train
cluster,4,47,train
cluster,4,48,train
cluster,4,49,train
cluster,4,50,train
cluster,4,51,train
cluster,4,52,train
cluster,4,53,train
cluster,4,54,train
cluster,4,55,train
cluster,4,56,train
cluster,4,57,train
cluster,4,58,train
cluster,4,59,train
cluster,4,60,train
cluster,4,61,train
cluster,4,62,train
cluster,4,63,train
cluster,4,64,train
cluster,4,65,train
cluster,4,66,train
cluster,4,67,train
cluster,4,68,train
cluster,4,69,train
cluster,4,70,train
cluster,4,71,train
cluster,4,72,train
cluster,4,73,train
cluster,4,74,train
cluster,4,75,train
cluster,4,76,train
cluster,4,77,train
cluster,4,78,train
cluster,4,79,train
cluster,4,80,train
cluster,4,81,train
cluster,4,82,train
cluster,4,83,train
cluster,4,84,train
cluster,4,85,train
cluster,4,86,train
cluster,4,87,train
cluster,4,88,train
cluster,4,89,train
cluster,4,90,train
cluster,4,91,train
cluster,4,92,train
cluster,4,93,train
cluster,4,94,train
cluster,4,95,train
cluster,4,96,train
cluster,4,97,train
cluster,4,98,train
cluster,4,99,train
cluster,4,100,train
cluster,4,101,train
cluster,4,102,train
cluster,4,103,train
cluster,4,104,train
cluster,4,105,train
cluster,4,106,train
cluster,4,107,train
cluster,4,108,train
cluster,4,109,train
cluster,4,110,train
cluster,4,111,train
cluster,4,112,train
cluster,4,117,train
cluster,4,118,train
cluster,4,119,train
cluster,4,120,train
cluster,4,121,train
cluster,4,126,train
cluster,4,136,train
cluster,4,137,train
cluster,4,138,train
cluster,4,139,train
cluster,4,140,train
cluster,4,142,train
cluster,4,143,train
cluster,4,144,train
cluster,4,145,train
cluster,4,146,train
cluster,4,147,train
cluster,4,148,train
cluster,4,149,train
cluster,4,150,train
cluster,4,151,train
cluster,4,152,train
cluster,4,153,train
cluster,4,154,train
cluster,4,155,train
cluster,4,156,train
cluster,4,157,train
cluster,4,158,train
cluster,4,159,train
cluster,4,160,train
cluster,4,161,train
cluster,4,162,train
cluster,4,163,train
cluster,4,165,train
cluster,4,166,train
cluster,4,167,train
cluster,4,171,train
cluster,4,174,train
cluster,4,175,train
cluster,4,176,train
cluster,4,177,train
cluster,4,178,train
cluster,4,179,train
cluster,4,180,train
cluster,4,181,train
cluster,4,182,train
cluster,4,183,train
cluster,4,184,train
cluster,4,185,train
cluster,4,186,train
cluster,4,187,train
cluster,4,188,train
cluster,4,189,train
cluster,4,190,train
cluster,4,191,train
cluster,4,192,train
cluster,4,193,train
cluster,4,194,train
cluster,4,195,train
cluster,4,196,train
cluster,4,197,train
cluster,4,198,train
cluster,4,199,train
cluster,4,200,train
cluster,4,201,train
cluster,4,202,train
cluster,4,203,train
cluster,4,204,train
cluster,4,205,train
cluster,4,206,train
cluster,4,207,train
cluster,4,208,train
cluster,4,209,train
cluster,4,210,train
cluster,4,211,train
cluster,4,212,train
cluster,4,213,train
cluster,4,214,train
cluster,4,215,train
cluster,4,216,train
cluster,4,217,train
cluster,4,218,train
cluster,4,219,train
cluster,4,220,train
cluster,4,221,train
cluster,4,222,train
cluster,4,223,train
cluster,4,224,train
cluster,4,225,train
cluster,4,226,train
cluster,4,227,train
cluster,4,228,train
cluster,4,229,train
cluster,4,230,train
cluster,4,231,train
cluster,4,232,train
cluster,4,233,train
cluster,4,234,train
cluster,4,235,train
cluster,4,236,train
cluster,4,237,train
cluster,4,238,train
cluster,4,239,train
cluster,4,240,train
cluster,4,241,train
cluster,4,242,train
cluster,4,243,train
cluster,4,244,train
cluster,4,245,train
cluster,4,246,train
cluster,4,247,train
cluster,4,248,train
cluster,4,249,train
cluster,4,250,train
cluster,4,251,train
cluster,4,252,train
cluster,4,253,train
cluster,4,254,train
cluster,4,255,train
cluster,4,256,train
cluster,4,257,train
cluster,4,258,train
cluster,4,259,train
cluster,4,260,train
cluster,4,261,train
cluster,4,262,train
cluster,4,263,train
cluster,4,264,train
cluster,4,265,train
cluster,4,266,train
cluster,4,267,train
cluster,4,268,train
cluster,4,269,train
cluster,4,270,train
cluster,4,271,train
cluster,4,272,train
cluster,4,273,train
cluster,4,274,train
cluster,4,275,train
cluster,4,276,train
cluster,4,277,train
cluster,4,278,train
cluster,4,279,train
cluster,4,280,train
cluster,4,282,train
cluster,4,283,train
cluster,4,284,train
cluster,4,285,train
cluster,4,287,train
cluster,4,288,train
cluster,4,289,train
cluster,4,290,train
cluster,4,291,train
cluster,4,292,train
cluster,4,293,train
cluster,4,294,train
cluster,4,295,train
cluster,4,296,train
cluster,4,297,train
cluster,4,298,train
cluster,4,299,train
cluster,4,300,train
cluster,4,301,train
cluster,4,302,train
cluster,4,303,train
cluster,4,304,train
cluster,4,305,train
cluster,4,306,train
cluster,4,307,train
cluster,4,308,train
cluster,4,309,train
cluster,4,310,train
cluster,4,311,train
cluster,4,312,train
cluster,4,313,train
cluster,4,314,train
cluster,4,315,train
cluster,4,316,train
cluster,4,317,train
cluster,4,318,train
cluster,4,320,train
cluster,4,321,train
cluster,4,322,train
cluster,4,323,train
cluster,4,324,train
cluster,4,325,train
cluster,4,326,train
cluster,4,330,train
cluster,4,331,train
cluster,4,332,train
cluster,4,334,train
cluster,4,335,train
cluster,4,336,train
cluster,4,337,train
cluster,4,338,train
cluster,4,339,train
cluster,4,340,train
cluster,4,341,train
cluster,4,342,train
cluster,4,343,train
cluster,4,344,train
cluster,4,345,train
cluster,4,346,train
cluster,4,347,train
cluster,4,348,train
cluster,4,349,train
cluster,4,350,train
cluster,4,351,train
cluster,4,352,train
cluster,4,353,train
cluster,4,357,train
cluster,4,358,train
cluster,4,359,train
cluster,4,360,train
cluster,4,361,train
cluster,4,362,train
cluster,4,363,train
cluster,4,364,train
cluster,4,365,train
cluster,4,366,train
cluster,4,367,train
cluster,4,368,train
cluster,4,369,train
cluster,4,370,train
cluster,4,371,train
cluster,4,372,train
cluster,4,373,train
cluster,4,374,train
cluster,4,375,train
cluster,4,376,train
cluster,4,377,train
cluster,4,378,train
cluster,4,379,train
cluster,4,380,train
cluster,4,381,train
cluster,4,382,train
cluster,4,383,train
cluster,4,384,train
cluster,4,385,train
cluster,4,386,train
cluster,4,387,train
cluster,4,388,train
cluster,4,391,train
cluster,4,392,train
cluster,4,393,train
cluster,4,394,train
cluster,4,395,train
cluster,4,396,train
cluster,4,397,train
cluster,4,398,train
cluster,4,399,train
cluster,4,400,train
cluster,4,401,train
cluster,4,402,train
cluster,4,403,train
cluster,4,404,train
cluster,4,405,train
cluster,4,406,train
cluster,4,407,train
cluster,4,408,train
cluster,4,409,train
cluster,4,410,train
cluster,4,411,train
cluster,4,412,train
cluster,4,413,train
cluster,4,414,train
cluster,4,415,train
cluster,4,416,train
cluster,4,417,train
cluster,4,418,train
cluster,4,419,train
cluster,4,420,train
cluster,4,421,train
cluster,4,422,train
cluster,4,423,train
cluster,4,424,train
cluster,4,425,train
cluster,4,427,train
cluster,4,428,train
cluster,4,429,train
cluster,4,430,train
cluster,4,431,train
cluster,4,432,train
cluster,4,433,train
cluster,4,434,train
cluster,4,435,train
cluster,4,436,train
cluster,4,437,train
cluster,4,438,train
cluster,4,439,train
cluster,4,440,train
cluster,4,441,train
cluster,4,442,train
cluster,4,444,train
cluster,4,445,train
cluster,4,446,train
cluster,4,455,train
cluster,4,456,train
cluster,4,457,train
cluster,4,458,train
cluster,4,459,train
cluster,4,460,train
cluster,4,461,train
cluster,4,462,train
cluster,4,463,train
cluster,4,464,train
cluster,4,465,train
cluster,4,467,train
cluster,4,468,train
cluster,4,469,train
cluster,4,470,train
cluster,4,471,train
cluster,4,472,train
cluster,4,473,train
cluster,4,474,train
cluster,4,475,train
cluster,4,476,train
cluster,4,477,train
cluster,4,478,train
cluster,4,479,train
cluster,4,480,train
cluster,4,481,train
cluster,4,482,train
cluster,4,483,train
cluster,4,485,train
cluster,4,486,train
cluster,4,487,train
cluster,4,488,train
cluster,4,489,train
cluster,4,490,train
cluster,4,491,train
cluster,4,492,train
cluster,4,493,train
cluster,4,494,train
cluster,4,495,train
cluster,4,496,train
cluster,4,497,train
cluster,4,498,train
cluster,4,499,train
cluster,4,500,train
cluster,4,501,train
cluster,4,502,train
cluster,4,503,train
cluster,4,504,train
cluster,4,505,train
cluster,4,506,train
cluster,4,507,train
cluster,4,508,train
cluster,4,509,train
cluster,4,510,train
cluster,4,511,train
cluster,4,512,train
cluster,4,513,train
cluster,4,514,train
cluster,4,515,train
cluster,4,516,train
cluster,4,517,train
cluster,4,521,train
cluster,4,522,train
cluster,4,523,train
cluster,4,524,train
cluster,4,525,train
cluster,4,526,train
cluster,4,527,train
cluster,4,528,train
cluster,4,529,train
cluster,4,530,train
cluster,4,531,train
cluster,4,532,train
cluster,4,533,train
cluster,4,534,train
cluster,4,535,train
cluster,4,536,train
cluster,4,537,train
cluster,4,538,train
cluster,4,539,train
cluster,4,540,train
cluster,4,541,train
cluster,4,542,train
cluster,4,543,train
cluster,4,544,train
cluster,4,545,train
cluster,4,546,train
cluster,4,547,train
cluster,4,548,train
cluster,4,549,train
cluster,4,551,train
cluster,4,552,train
cluster,4,553,train
cluster,4,554,train
cluster,4,555,train
cluster,4,556,train
cluster,4,557,train
cluster,4,558,train
cluster,4,559,train
cluster,4,560,train
cluster,4,561,train
cluster,4,562,train
cluster,4,563,train
cluster,4,564,train
cluster,4,565,train
cluster,4,566,train
cluster,4,567,train
cluster,4,568,train
cluster,4,569,train
cluster,4,570,train
cluster,4,571,train
cluster,4,572,train
cluster,4,573,train
cluster,4,574,train
cluster,4,575,train
cluster,4,576,train
cluster,4,577,train
cluster,4,578,train
cluster,4,579,train
cluster,4,580,train
cluster,4,581,train
cluster,4,582,train
cluster,4,583,train
cluster,4,584,train
cluster,4,585,train
cluster,4,586,train
cluster,4,587,train
cluster,4,588,train
cluster,4,589,train
cluster,4,590,train
cluster,4,591,train
cluster,4,592,train
cluster,4,593,train
cluster,4,594,train
cluster,4,595,train
cluster,4,596,train
cluster,4,597,train
cluster,4,598,train
cluster,4,599,train
cluster,4,600,train
cluster,4,601,train
cluster,4,602,train
cluster,4,603,train
cluster,4,604,train
cluster,4,605,train
cluster,4,606,train
cluster,4,607,train
cluster,4,608,train
cluster,4,609,train
cluster,4,610,train
cluster,4,611,train
cluster,4,612,train
cluster,4,613,train
cluster,4,614,train
cluster,4,615,train
cluster,4,616,train
cluster,4,617,train
cluster,4,618,train
cluster,4,619,train
cluster,4,620,train
cluster,4,621,train
cluster,4,622,train
cluster,4,623,train
cluster,4,624,train
cluster,4,625,train
cluster,4,626,train
cluster,4,627,train
cluster,4,628,train
cluster,4,632,train
cluster,4,633,train
cluster,4,634,train
cluster,4,635,train
cluster,4,636,train
cluster,4,637,train
cluster,4,638,train
cluster,4,641,train
cluster,4,642,train
cluster,4,643,train
cluster,4,644,train
cluster,4,645,train
cluster,4,646,train
cluster,4,647,train
cluster,4,648,train
cluster,4,649,train
cluster,4,650,train
cluster,4,651,train
cluster,4,652,train
cluster,4,653,train
cluster,4,654,train
cluster,4,655,train
cluster,4,656,train
cluster,4,657,train
cluster,4,658,train
cluster,4,659,train
cluster,4,660,train
cluster,4,661,train
cluster,4,662,train
cluster,4,663,train
cluster,4,664,train
cluster,4,665,train
cluster,4,666,train
cluster,4,667,train
cluster,4,668,train
cluster,4,669,train
cluster,4,670,train
cluster,4,671,train
cluster,4,672,train
cluster,4,673,train
cluster,4,674,train
cluster,4,675,train
cluster,4,676,train
cluster,4,677,train
cluster,4,678,train
cluster,4,679,train
cluster,4,680,train
cluster,4,681,train
cluster,4,682,train
cluster,4,683,train
cluster,4,684,train
cluster,4,685,train
cluster,4,686,train
cluster,4,687,train
cluster,4,688,train
cluster,4,689,train
cluster,4,690,train
cluster,4,691,train
cluster,4,692,train
cluster,4,693,train
cluster,4,694,train
cluster,4,695,train
cluster,4,696,train
cluster,4,697,train
cluster,4,698,train
cluster,4,699,train
cluster,4,700,train
cluster,4,701,train
cluster,4,702,train
cluster,4,703,train
cluster,4,704,train
cluster,4,705,train
cluster,4,706,train
cluster,4,707,train
cluster,4,708,train
cluster,4,709,train
cluster,4,710,train
cluster,4,711,train
cluster,4,712,train
cluster,4,713,train
cluster,4,714,train
cluster,4,732,train
cluster,4,733,train
cluster,4,734,train
cluster,4,735,train
cluster,4,736,train
cluster,4,737,train
cluster,4,738,train
cluster,4,739,train
cluster,4,740,train
cluster,4,741,train
cluster,4,742,train
cluster,4,743,train
cluster,4,744,train
cluster,4,745,train
cluster,4,746,train
cluster,4,747,train
cluster,4,748,train
cluster,4,749,train
cluster,4,750,train
cluster,4,751,train
cluster,4,752,train
cluster,4,753,train
cluster,4,754,train
cluster,4,756,train
cluster,4,757,train
cluster,4,758,train
cluster,4,759,train
cluster,4,760,train
cluster,4,761,train
cluster,4,762,train
cluster,4,763,train
cluster,4,764,train
cluster,4,765,train
cluster,4,766,train
cluster,4,767,train
cluster,4,768,train
cluster,4,769,train
cluster,4,770,train
cluster,4,771,train
cluster,4,772,train
cluster,4,773,train
cluster,4,774,train
cluster,4,775,train
cluster,4,776,train
cluster,4,777,train
cluster,4,778,train
cluster,4,779,train
cluster,4,780,train
cluster,4,781,train
cluster,4,782,train
cluster,4,783,train
cluster,4,784,train
cluster,4,785,train
cluster,4,786,train
cluster,4,787,train
cluster,4,788,train
cluster,4,789,train
cluster,4,790,train
cluster,4,791,train
cluster,4,792,train
cluster,4,793,train
cluster,4,794,train
cluster,4,795,train
cluster,4,796,train
cluster,4,797,train
cluster,4,798,train
cluster,4,799,train
cluster,4,800,train
cluster,4,801,train
cluster,4,802,train
cluster,4,803,train
cluster,4,804,train
cluster,4,805,train
cluster,4,806,train
cluster,4,807,train
cluster,4,809,train
cluster,4,810,train
cluster,4,811,train
cluster,4,814,train
cluster,4,815,train
cluster,4,816,train
cluster,4,817,train
cluster,4,818,train
cluster,4,819,train
cluster,4,820,train
cluster,4,821,train
cluster,4,822,train
cluster,4,823,train
cluster,4,824,train
cluster,4,825,train
cluster,4,826,train
cluster,4,827,train
cluster,4,828,train
cluster,4,829,train
cluster,4,830,train
cluster,4,831,train
cluster,4,832,train
cluster,4,833,train
cluster,4,834,train
cluster,4,835,train
cluster,4,836,train
cluster,4,837,train
cluster,4,838,train
cluster,4,839,train
cluster,4,840,train
cluster,4,841,train
cluster,4,842,train
cluster,4,843,train
cluster,4,844,train
cluster,4,845,train
cluster,4,846,train
cluster,4,847,train
cluster,4,848,train
cluster,4,851,train
cluster,4,852,train
cluster,4,853,train
cluster,4,854,train
cluster,4,855,train
cluster,4,856,train
cluster,4,857,train
cluster,4,858,train
cluster,4,859,train
cluster,4,860,train
cluster,4,861,train
cluster,4,862,train
cluster,4,863,train
cluster,4,864,train
cluster,4,865,train
cluster,4,866,train
cluster,4,867,train
cluster,4,868,train
cluster,4,869,train
cluster,4,870,train
cluster,4,871,train
cluster,4,872,train
cluster,4,873,train
cluster,4,874,train
cluster,4,875,train
cluster,4,876,train
cluster,4,877,train
cluster,4,878,train
cluster,4,879,train
cluster,4,880,train
cluster,4,881,train
cluster,4,882,train
cluster,4,883,train
cluster,4,884,train
cluster,4,885,train
cluster,4,886,train
cluster,4,887,train
cluster,4,888,train
cluster,4,889,train
cluster,4,890,train
cluster,4,891,train
cluster,4,892,train
cluster,4,893,train
cluster,4,895,train
cluster,4,896,train
cluster,4,897,train
cluster,4,898,train
cluster,4,899,train
cluster,4,900,train
cluster,4,901,train
cluster,4,902,train
cluster,4,903,train
cluster,4,904,train
cluster,4,905,train
cluster,4,906,train
cluster,4,907,train
cluster,4,908,train
cluster,4,909,train
cluster,4,910,train
cluster,4,911,train
cluster,4,912,train
cluster,4,913,train
cluster,4,914,train
cluster,4,915,train
cluster,4,916,train
cluster,4,919,train
cluster,4,920,train
cluster,4,921,train
cluster,4,922,train
cluster,4,923,train
cluster,4,924,train
cluster,4,925,train
cluster,4,926,train
cluster,4,927,train
cluster,4,928,train
cluster,4,929,train
cluster,4,930,train
cluster,4,931,train
cluster,4,932,train
cluster,4,933,train
cluster,4,934,train
cluster,4,935,train
cluster,4,936,train
cluster,4,937,train
cluster,4,938,train
cluster,4,939,train
cluster,4,940,train
cluster,4,941,train
cluster,4,942,train
cluster,4,943,train
cluster,4,944,train
cluster,4,945,train
cluster,4,946,train
cluster,4,947,train
cluster,4,948,train
cluster,4,949,train
cluster,4,950,train
cluster,4,951,train
cluster,4,952,train
cluster,4,953,train
cluster,4,954,train
cluster,4,955,train
cluster,4,956,train
cluster,4,957,train
cluster,4,958,train
cluster,4,959,train
cluster,4,960,train
cluster,4,961,train
cluster,4,962,train
cluster,4,963,train
cluster,4,964,train
cluster,4,965,train
cluster,4,966,train
cluster,4,967,train
cluster,4,968,train
cluster,4,969,train
cluster,4,970,train
cluster,4,971,train
cluster,4,972,train
cluster,4,973,train
cluster,4,974,train
cluster,4,975,train
cluster,4,976,train
cluster,4,977,train
cluster,4,978,train
cluster,4,979,train
cluster,4,980,train
cluster,4,981,train
cluster,4,982,train
cluster,4,983,train
cluster,4,984,train
cluster,4,985,train
cluster,4,986,train
cluster,4,987,train
cluster,4,988,train
cluster,4,989,train
cluster,4,990,train
cluster,4,991,train
cluster,4,992,train
cluster,4,993,train
cluster,4,994,train
cluster,4,995,train
cluster,4,996,train
cluster,4,997,train
cluster,4,998,train
cluster,4,999,train
cluster,4,1000,train
cluster,4,1001,train
cluster,4,1002,train
cluster,4,1003,train
cluster,4,1005,train
cluster,4,1006,train
cluster,4,1007,train
cluster,4,1008,train
cluster,4,1009,train
cluster,4,1010,train
cluster,4,1011,train
cluster,4,1012,train
cluster,4,1013,train
cluster,4,1014,train
cluster,4,1015,train
cluster,4,1016,train
cluster,4,1017,train
cluster,4,1018,train
cluster,4,1019,train
cluster,4,1020,train
cluster,4,1021,train
cluster,4,1022,train
cluster,4,1023,train
cluster,4,1024,train
cluster,4,1025,train
cluster,4,1026,train
cluster,4,1027,train
cluster,4,1028,train
cluster,4,1039,train
cluster,4,1040,train
cluster,4,1042,train
cluster,4,1043,train
cluster,4,1045,train
cluster,4,1046,train
cluster,4,1048,train
cluster,4,1049,train
cluster,4,1050,train
cluster,4,1051,train
cluster,4,1052,train
cluster,4,1053,train
cluster,4,1054,train
cluster,4,1055,train
cluster,4,1056,train
cluster,4,1057,train
cluster,4,1058,train
cluster,4,1068,train
cluster,4,1069,train
cluster,4,1070,train
cluster,4,1072,train
cluster,4,1076,train
cluster,4,1077,train
cluster,4,1078,train
cluster,4,1079,train
cluster,4,1080,train
cluster,4,1081,train
cluster,4,1082,train
cluster,4,1083,train
cluster,4,1084,train
cluster,4,1085,train
cluster,4,1086,train
cluster,4,1087,train
cluster,4,1088,train
cluster,4,1089,train
cluster,4,1090,train
cluster,4,1091,train
cluster,4,1092,train
cluster,4,1093,train
cluster,4,1097,train
cluster,4,1099,train
cluster,4,1100,train
cluster,4,1101,train
cluster,4,1102,train
cluster,4,1103,train
cluster,4,1104,train
cluster,4,1105,train
cluster,4,1106,train
cluster,4,1107,train
cluster,4,1108,train
cluster,4,1109,train
cluster,4,1110,train
cluster,4,1111,train
cluster,4,1112,train
cluster,4,1113,train
cluster,4,1114,train
cluster,4,1115,train
cluster,4,1116,train
cluster,4,1117,train
cluster,4,1118,train
cluster,4,1119,train
cluster,4,1120,train
cluster,4,1121,train
cluster,4,1122,train
cluster,4,1123,train
cluster,4,1124,train
cluster,4,1125,train
cluster,4,1126,train
cluster,4,1127,train
cluster,4,1128,train
cluster,4,1129,train
cluster,4,1130,train
cluster,4,1131,train
cluster,4,1132,train
cluster,4,1133,train
cluster,4,1134,train
cluster,4,1135,train
cluster,4,1136,train
cluster,4,1137,train
cluster,4,1139,train
cluster,4,1140,train
cluster,4,1141,train
cluster,4,1142,train
cluster,4,1143,train
cluster,4,1144,train
cluster,4,1145,train
cluster,4,1146,train
cluster,4,1147,train
cluster,4,1148,train
cluster,4,1149,train
cluster,4,1150,train
cluster,4,1151,train
cluster,4,1152,train
cluster,4,1153,train
cluster,4,1154,train
cluster,4,1155,train
cluster,4,1156,train
cluster,4,1157,train
cluster,4,1158,train
cluster,4,1159,train
cluster,4,1160,train
cluster,4,1161,train
cluster,4,1162,train
cluster,4,1163,train
cluster,4,1164,train
cluster,4,1165,train
cluster,4,1166,train
cluster,4,1167,train
cluster,4,1168,train
cluster,4,1169,train
cluster,4,1170,train
cluster,4,1171,train
cluster,4,1172,train
cluster,4,1173,train
cluster,4,1174,train
cluster,4,1175,train
cluster,4,1176,train
cluster,4,1177,train
cluster,4,1178,train
cluster,4,1179,train
cluster,4,1180,train
cluster,4,1181,train
cluster,4,1182,train
cluster,4,1183,train
cluster,4,1184,train
cluster,4,1185,train
cluster,4,1186,train
cluster,4,1187,train
cluster,4,1188,train
cluster,4,1189,train
cluster,4,1190,train
cluster,4,1191,train
cluster,4,1192,train
cluster,4,1193,train
cluster,4,1194,train
cluster,4,1195,train
cluster,4,1196,train
cluster,4,1197,train
cluster,4,1198,train
cluster,4,1199,train
cluster,4,1200,train
cluster,4,1201,train
cluster,4,1202,train
cluster,4,1203,train
cluster,4,1204,train
cluster,4,1205,train
cluster,4,1206,train
cluster,4,1207,train
cluster,4,1208,train
cluster,4,1209,train
cluster,4,1210,train
cluster,4,1211,train
cluster,4,1212,train
cluster,4,1213,train
cluster,4,1214,train
cluster,4,1215,train
cluster,4,1216,train
cluster,4,1217,train
cluster,4,1218,train
cluster,4,1219,train
cluster,4,1220,train
cluster,4,1221,train
cluster,4,1222,train
cluster,4,1223,train
cluster,4,1224,train
cluster,4,1225,train
cluster,4,1226,train
cluster,4,1227,train
cluster,4,1228,train
cluster,4,1229,train
cluster,4,1230,train
cluster,4,1231,train
cluster,4,1232,train
cluster,4,1233,train
cluster,4,1234,train
cluster,4,1235,train
cluster,4,1236,train
cluster,4,1237,train
cluster,4,1238,train
cluster,4,1239,train
cluster,4,1240,train
cluster,4,1241,train
cluster,4,1242,train
cluster,4,1243,train
cluster,4,1244,train
cluster,4,1245,train
cluster,4,1246,train
cluster,4,1247,train
cluster,4,1248,train
cluster,4,1249,train
cluster,4,1250,train
cluster,4,1251,train
cluster,4,1252,train
cluster,4,1253,train
cluster,4,1254,train
cluster,4,1255,train
cluster,4,1256,train
cluster,4,1257,train
cluster,4,1258,train
cluster,4,1259,train
cluster,4,1260,train
cluster,4,1261,train
cluster,4,1262,train
cluster,4,1263,train
cluster,4,1264,train
cluster,4,1265,train
cluster,4,1266,train
cluster,4,1267,train
cluster,4,1268,train
cluster,4,1269,train
cluster,4,1270,train
cluster,4,1271,train
cluster,4,1272,train
cluster,4,1273,train
cluster,4,1274,train
cluster,4,1275,train
cluster,4,1276,train
cluster,4,1277,train
cluster,4,1278,train
cluster,4,1279,train
cluster,4,1280,train
cluster,4,1281,train
cluster,4,1282,train
cluster,4,1283,train
cluster,4,1284,train
cluster,4,1285,train
cluster,4,1307,train
cluster,4,1308,train
cluster,4,1309,train
cluster,4,1310,train
cluster,4,1311,train
cluster,4,1312,train
cluster,4,1313,train
cluster,4,1314,train
cluster,4,1315,train
cluster,4,1316,train
cluster,4,1317,train
cluster,4,1318,train
cluster,4,1319,train
cluster,4,1320,train
cluster,4,1321,train
cluster,4,1322,train
cluster,4,1323,train
cluster,4,1324,train
cluster,4,1325,train
cluster,4,1326,train
cluster,4,1327,train
cluster,4,1328,train
cluster,4,1329,train
cluster,4,1330,train
cluster,4,1331,train
cluster,4,1332,train
cluster,4,1333,train
cluster,4,1334,train
cluster,4,1335,train
cluster,4,1336,train
cluster,4,1337,train
cluster,4,1338,train
cluster,4,1341,train
cluster,4,1348,train
cluster,4,1349,train
cluster,4,1351,train
cluster,4,1352,train
cluster,4,1353,train
cluster,4,1354,train
cluster,4,1355,train
cluster,4,1356,train
cluster,4,1357,train
cluster,4,1358,train
cluster,4,1359,train
cluster,4,1360,train
cluster,4,1361,train
cluster,4,1362,train
cluster,4,1363,train
cluster,4,1364,train
cluster,4,1365,train
cluster,4,1366,train
cluster,4,1367,train
cluster,4,1368,train
cluster,4,1369,train
cluster,4,1370,train
cluster,4,1372,train
cluster,4,1373,train
cluster,4,1374,train
cluster,4,1375,train
cluster,4,1376,train
cluster,4,1377,train
cluster,4,1378,train
cluster,4,1379,train
cluster,4,1380,train
cluster,4,1381,train
cluster,4,1382,train
cluster,4,1383,train
cluster,4,1384,train
cluster,4,1386,train
cluster,4,1387,train
cluster,4,1388,train
cluster,4,1389,train
cluster,4,1390,train
cluster,4,1391,train
cluster,4,1392,train
cluster,4,1393,train
cluster,4,1394,train
cluster,4,1395,train
cluster,4,1396,train
cluster,4,1397,train
cluster,4,1398,train
cluster,4,1399,train
cluster,4,1400,train
cluster,4,1401,train
cluster,4,1402,train
cluster,4,1403,train
cluster,4,1404,train
cluster,4,1405,train
cluster,4,1406,train
cluster,4,1408,train
cluster,4,1409,train
cluster,4,1410,train
cluster,4,1411,train
cluster,4,1412,train
cluster,4,1413,train
cluster,4,1414,train
cluster,4,1415,train
cluster,4,1416,train
cluster,4,1417,train
cluster,4,1419,train
cluster,4,1420,train
cluster,4,1421,train
cluster,4,1422,train
cluster,4,1423,train
cluster,4,1424,train
cluster,4,1425,train
cluster,4,1426,train
cluster,4,1427,train
cluster,4,1428,train
cluster,4,1429,train
cluster,4,1430,train
cluster,4,1431,train
cluster,4,1432,train
cluster,4,1433,train
cluster,4,1434,train
cluster,4,1435,train
cluster,4,1455,train
cluster,4,1456,train
cluster,4,1457,train
cluster,4,1458,train
cluster,4,1459,train
cluster,4,1460,train
cluster,4,1461,train
cluster,4,1462,train
cluster,4,1463,train
cluster,4,1464,train
cluster,4,1465,train
cluster,4,1466,train
cluster,4,1467,train
cluster,4,1468,train
cluster,4,1469,train
cluster,4,1470,train
cluster,4,1471,train
cluster,4,1472,train
cluster,4,1473,train
cluster,4,1474,train
cluster,4,1475,train
cluster,4,1476,train
cluster,4,1477,train
cluster,4,1478,train
cluster,4,1479,train
cluster,4,1480,train
cluster,4,1481,train
cluster,4,1482,train
cluster,4,1483,train
cluster,4,1484,train
cluster,4,1485,train
cluster,4,1486,train
cluster,4,1487,train
cluster,4,1488,train
cluster,4,1489,train
cluster,4,1490,train
cluster,4,1492,train
cluster,4,1493,train
cluster,4,1494,train
cluster,4,1495,train
cluster,4,1496,train
cluster,4,1497,train
cluster,4,1498,train
cluster,4,1499,train
cluster,4,1500,train
cluster,4,1501,train
cluster,4,1502,train
cluster,4,1503,train
cluster,4,1504,train
cluster,4,1505,train
cluster,4,1506,train
cluster,4,1507,train
cluster,4,1508,train
cluster,4,1509,train
cluster,4,1510,train
cluster,4,1511,train
cluster,4,1512,train
cluster,4,1513,train
cluster,4,1515,train
cluster,4,1516,train
cluster,4,1517,train
cluster,4,1518,train
cluster,4,1519,train
cluster,4,1522,train
cluster,4,1523,train
cluster,4,1524,train
cluster,4,1525,train
cluster,4,1526,train
cluster,4,1527,train
cluster,4,1528,train
cluster,4,1529,train
cluster,4,1530,train
cluster,4,1531,train
cluster,4,1532,train
cluster,4,1533,train
cluster,4,1534,train
cluster,4,1535,train
cluster,4,1536,train
cluster,4,1538,train
cluster,4,1539,train
cluster,4,1540,train
cluster,4,1541,train
cluster,4,1542,train
cluster,4,1543,train
cluster,4,1544,train
cluster,4,1545,train
cluster,4,1546,train
cluster,4,1547,train
cluster,4,1548,train
cluster,4,1550,train
cluster,4,1551,train
cluster,4,1552,train
cluster,4,1553,train
cluster,4,1554,train
cluster,4,1555,train
cluster,4,1556,train
cluster,4,1557,train
cluster,4,1559,train
cluster,4,1560,train
cluster,4,1561,train
cluster,4,1562,train
cluster,4,1563,train
cluster,4,1564,train
cluster,4,1565,train
cluster,4,1566,train
cluster,4,1567,train
cluster,4,1568,train
cluster,4,1569,train
cluster,4,1570,train
cluster,4,1571,train
cluster,4,1574,train
cluster,4,1575,train
cluster,4,1576,train
cluster,4,1577,train
cluster,4,1578,train
cluster,4,1579,train
cluster,4,1580,train
cluster,4,1581,train
cluster,4,1582,train
cluster,4,1583,train
cluster,4,1584,train
cluster,4,1585,train
cluster,4,1586,train
cluster,4,1587,train
cluster,4,1588,train
cluster,4,1589,train
cluster,4,1590,train
cluster,4,1591,train
cluster,4,1592,train
cluster,4,1593,train
cluster,4,1594,train
cluster,4,1595,train
cluster,4,1596,train
cluster,4,1597,train
cluster,4,1598,train
cluster,4,1599,train
cluster,4,1600,train
cluster,4,1601,train
cluster,4,1602,train
cluster,4,1603,train
cluster,4,1604,train
cluster,4,1605,train
cluster,4,1606,train
cluster,4,1607,train
cluster,4,1608,train
cluster,4,1609,train
cluster,4,1610,train
cluster,4,1611,train
cluster,4,1612,train
cluster,4,1613,train
cluster,4,1614,train
cluster,4,1615,train
cluster,4,1616,train
cluster,4,1617,train
cluster,4,1618,train
cluster,4,1619,train
cluster,4,1620,train
cluster,4,1621,train
cluster,4,1622,train
cluster,4,1623,train
cluster,4,1624,train
cluster,4,1625,train
cluster,4,1626,train
cluster,4,1627,train
cluster,4,1629,train
cluster,4,1633,train
cluster,4,1634,train
cluster,4,1635,train
cluster,4,1636,train
cluster,4,1637,train
cluster,4,1638,train
cluster,4,1639,train
cluster,4,1640,train
cluster,4,1641,train
cluster,4,1642,train
cluster,4,1643,train
cluster,4,1644,train
cluster,4,1645,train
cluster,4,1646,train
cluster,4,1647,train
cluster,4,1648,train
cluster,4,1649,train
cluster,4,1650,train
cluster,4,1651,train
cluster,4,1652,train
cluster,4,1653,train
cluster,4,1654,train
cluster,4,1655,train
cluster,4,1656,train
cluster,4,1657,train
cluster,4,1658,train
cluster,4,1659,train
cluster,4,1660,train
cluster,4,1661,train
cluster,4,1662,train
cluster,4,1663,train
cluster,4,1664,train
cluster,4,1665,train
cluster,4,1666,train
cluster,4,1667,train
cluster,4,1668,train
cluster,4,1669,train
cluster,4,1670,train
cluster,4,1671,train
cluster,4,1672,train
cluster,4,1673,train
cluster,4,1674,train
cluster,4,1675,train
cluster,4,1676,train
cluster,4,1677,train
cluster,4,1678,train
cluster,4,1679,train
cluster,4,1680,train
cluster,4,1681,train
cluster,4,1682,train
cluster,4,1683,train
cluster,4,1684,train
cluster,4,1685,train
cluster,4,1686,train
cluster,4,1687,train
cluster,4,1688,train
cluster,4,1689,train
cluster,4,1690,train
cluster,4,1691,train
cluster,4,1692,train
cluster,4,1693,train
cluster,4,1694,train
cluster,4,1695,train
cluster,4,1697,train
cluster,4,1698,train
cluster,4,1699,train
cluster,4,1700,train
cluster,4,1701,train
cluster,4,1702,train
cluster,4,1703,train
cluster,4,1704,train
cluster,4,1705,train
cluster,4,1706,train
cluster,4,1707,train
cluster,4,1708,train
cluster,4,1709,train
cluster,4,1710,train
cluster,4,1711,train
cluster,4,1712,train
cluster,4,1713,train
cluster,4,1714,train
cluster,4,1715,train
cluster,4,1716,train
cluster,4,1717,train
cluster,4,1718,train
cluster,4,1719,train
cluster,4,1720,train
cluster,4,1721,train
cluster,4,1722,train
cluster,4,1723,train
cluster,4,1724,train
cluster,4,1725,train
cluster,4,1726,train
cluster,4,1727,train
cluster,4,1728,train
cluster,4,1729,train
cluster,4,1730,train
cluster,4,1731,train
cluster,4,1732,train
cluster,4,1733,train
cluster,4,1734,train
cluster,4,1735,train
cluster,4,1736,train
cluster,4,1737,train
cluster,4,1738,train
cluster,4,1739,train
cluster,4,1740,train
cluster,4,1741,train
cluster,4,1742,train
cluster,4,1743,train
cluster,4,1744,train
cluster,4,1745,train
cluster,4,1747,train
cluster,4,1749,train
cluster,4,1750,train
cluster,4,1751,train
cluster,4,1752,train
cluster,4,1753,train
cluster,4,1754,train
cluster,4,1755,train
cluster,4,1756,train
cluster,4,1757,train
cluster,4,1758,train
cluster,4,1759,train
cluster,4,1760,train
cluster,4,1761,train
cluster,4,1762,train
cluster,4,1763,train
cluster,4,1764,train
cluster,4,1766,train
cluster,4,1767,train
cluster,4,1768,train
cluster,4,1769,train
cluster,4,1770,train
cluster,4,1771,train
cluster,4,1772,train
cluster,4,1773,train
cluster,4,1774,train
cluster,4,1775,train
cluster,4,1776,train
cluster,4,1777,train
cluster,4,1778,train
cluster,4,1779,train
cluster,4,1780,train
cluster,4,1781,train
cluster,4,1782,train
cluster,4,1783,train
cluster,4,1784,train
cluster,4,1785,train
cluster,4,1786,train
cluster,4,1787,train
cluster,4,1788,train
cluster,4,1789,train
cluster,4,1790,train
cluster,4,1791,train
cluster,4,1792,train
cluster,4,1793,train
cluster,4,1794,train
cluster,4,1795,train
cluster,4,1796,train
cluster,4,1797,train
cluster,4,1798,train
cluster,4,1799,train
cluster,4,1800,train
cluster,4,1801,train
cluster,4,1802,train
cluster,4,1803,train
cluster,4,1804,train
cluster,4,1805,train
cluster,4,1806,train
cluster,4,1807,train
cluster,4,1808,train
cluster,4,1809,train
cluster,4,1810,train
cluster,4,1811,train
cluster,4,1812,train
cluster,4,1813,train
cluster,4,1814,train
cluster,4,1815,train
cluster,4,1816,train
cluster,4,1817,train
cluster,4,1818,train
cluster,4,1819,train
cluster,4,1820,train
cluster,4,1821,train
cluster,4,1822,train
cluster,4,1823,train
cluster,4,1824,train
cluster,4,1825,train
cluster,4,1826,train
cluster,4,1827,train
cluster,4,1828,train
cluster,4,1829,train
cluster,4,1830,train
cluster,4,1831,train
cluster,4,1832,train
cluster,4,1833,train
cluster,4,1834,train
cluster,4,1835,train
cluster,4,1836,train
cluster,4,1837,train
cluster,4,1838,train
cluster,4,1839,train
cluster,4,1840,train
cluster,4,1841,train
cluster,4,1842,train
cluster,4,1843,train
cluster,4,1844,train
cluster,4,1845,train
cluster,4,1846,train
cluster,4,1847,train
cluster,4,1848,train
cluster,4,1849,train
cluster,4,1850,train
cluster,4,1851,train
cluster,4,1854,train
cluster,4,1855,train
cluster,4,1856,train
cluster,4,1857,train
cluster,4,1858,train
cluster,4,1859,train
cluster,4,1860,train
cluster,4,1861,train
cluster,4,1862,train
cluster,4,1863,train
cluster,4,1864,train
cluster,4,1865,train
cluster,4,1866,train
cluster,4,1867,train
cluster,4,1868,train
cluster,4,1869,train
cluster,4,1870,train
cluster,4,1871,train
cluster,4,1872,train
cluster,4,1873,train
cluster,4,1874,train
cluster,4,1875,train
cluster,4,1876,train
cluster,4,1877,train
cluster,4,1878,train
cluster,4,1879,train
cluster,4,1880,train
cluster,4,1881,train
cluster,4,1882,train
cluster,4,1883,train
cluster,4,1884,train
cluster,4,1885,train
cluster,4,1886,train
cluster,4,1887,train
cluster,4,1888,train
cluster,4,1889,train
cluster,4,1890,train
cluster,4,1891,train
cluster,4,1892,train
cluster,4,1893,train
cluster,4,1894,train
cluster,4,1895,train
cluster,4,1896,train
cluster,4,1897,train
cluster,4,1898,train
cluster,4,1899,train
cluster,4,1900,train
cluster,4,1901,train
cluster,4,1902,train
cluster,4,1904,train
cluster,4,1905,train
cluster,4,1906,train
cluster,4,1907,train
cluster,4,113,test
cluster,4,114,test
cluster,4,115,test
cluster,4,116,test
cluster,4,122,test
cluster,4,123,test
cluster,4,124,test
cluster,4,125,test
cluster,4,127,test
cluster,4,128,test
cluster,4,129,test
cluster,4,130,test
cluster,4,131,test
cluster,4,132,test
cluster,4,133,test
cluster,4,134,test
cluster,4,135,test
cluster,4,141,test
cluster,4,164,test
cluster,4,168,test
cluster,4,169,test
cluster,4,170,test
cluster,4,172,test
cluster,4,173,test
cluster,4,281,test
cluster,4,286,test
cluster,4,319,test
cluster,4,327,test
cluster,4,328,test
cluster,4,329,test
cluster,4,333,test
cluster,4,354,test
cluster,4,355,test
cluster,4,356,test
cluster,4,389,test
cluster,4,390,test
cluster,4,426,test
cluster,4,443,test
cluster,4,447,test
cluster,4,448,test
cluster,4,449,test
cluster,4,450,test
cluster,4,451,test
cluster,4,452,test
cluster,4,453,test
cluster,4,454,test
cluster,4,466,test
cluster,4,484,test
cluster,4,518,test
cluster,4,519,test
cluster,4,520,test
cluster,4,550,test
cluster,4,629,test
cluster,4,630,test
cluster,4,631,test
cluster,4,639,test
cluster,4,640,test
cluster,4,715,test
cluster,4,716,test
cluster,4,717,test
cluster,4,718,test
cluster,4,719,test
cluster,4,720,test
cluster,4,721,test
cluster,4,722,test
cluster,4,723,test
cluster,4,724,test
cluster,4,725,test
cluster,4,726,test
cluster,4,727,test
cluster,4,728,test
cluster,4,729,test
cluster,4,730,test
cluster,4,731,test
cluster,4,755,test
cluster,4,808,test
cluster,4,812,test
cluster,4,813,test
cluster,4,849,test
cluster,4,850,test
cluster,4,894,test
cluster,4,917,test
cluster,4,918,test
cluster,4,1004,test
cluster,4,1029,test
cluster,4,1030,test
cluster,4,1031,test
cluster,4,1032,test
cluster,4,1033,test
cluster,4,1034,test
cluster,4,1035,test
cluster,4,1036,test
cluster,4,1037,test
cluster,4,1038,test
cluster,4,1041,test
cluster,4,1044,test
cluster,4,1047,test
cluster,4,1059,test
cluster,4,1060,test
cluster,4,1061,test
cluster,4,1062,test
cluster,4,1063,test
cluster,4,1064,test
cluster,4,1065,test
cluster,4,1066,test
cluster,4,1067,test
cluster,4,1071,test
cluster,4,1073,test
cluster,4,1074,test
cluster,4,1075,test
cluster,4,1094,test
cluster,4,1095,test
cluster,4,1096,test
cluster,4,1098,test
cluster,4,1138,test
cluster,4,1286,test
cluster,4,1287,test
cluster,4,1288,test
cluster,4,1289,test
cluster,4,1290,test
cluster,4,1291,test
cluster,4,1292,test
cluster,4,1293,test
cluster,4,1294,test
cluster,4,1295,test
cluster,4,1296,test
cluster,4,1297,test
cluster,4,1298,test
cluster,4,1299,test
cluster,4,1300,test
cluster,4,1301,test
cluster,4,1302,test
cluster,4,1303,test
cluster,4,1304,test
cluster,4,1305,test
cluster,4,1306,test
cluster,4,1339,test
cluster,4,1340,test
cluster,4,1342,test
cluster,4,1343,test
cluster,4,1344,test
cluster,4,1345,test
cluster,4,1346,test
cluster,4,1347,test
cluster,4,1350,test
cluster,4,1371,test
cluster,4,1385,test
cluster,4,1407,test
cluster,4,1418,test
cluster,4,1436,test
cluster,4,1437,test
cluster,4,1438,test
cluster,4,1439,test
cluster,4,1440,test
cluster,4,1441,test
cluster,4,1442,test
cluster,4,1443,test
cluster,4,1444,test
cluster,4,1445,test
cluster,4,1446,test
cluster,4,1447,test
cluster,4,1448,test
cluster,4,1449,test
cluster,4,1450,test
cluster,4,1451,test
cluster,4,1452,test
cluster,4,1453,test
cluster,4,1454,test
cluster,4,1491,test
cluster,4,1514,test
cluster,4,1520,test
cluster,4,1521,test
cluster,4,1537,test
cluster,4,1549,test
cluster,4,1558,test
cluster,4,1572,test
cluster,4,1573,test
cluster,4,1628,test
cluster,4,1630,test
cluster,4,1631,test
cluster,4,1632,test
cluster,4,1696,test
cluster,4,1746,test
cluster,4,1748,test
cluster,4,1765,test
cluster,4,1852,test
cluster,4,1853,test
cluster,4,1903,test
cluster,4,1908,test
cluster,4,1909,test
cluster,4,1910,test
cluster,5,0,train
cluster,5,1,train
cluster,5,2,train
cluster,5,3,train
cluster,5,4,train
cluster,5,5,train
cluster,5,6,train
cluster,5,7,train
cluster,5,8,train
cluster,5,9,train
cluster,5,10,train
cluster,5,11,train
cluster,5,12,train
cluster,5,13,train
cluster,5,14,train
cluster,5,15,train
cluster,5,16,train
cluster,5,17,train
cluster,5,18,train
cluster,5,19,train
cluster,5,20,train
cluster,5,21,train
cluster,5,22,train
cluster,5,24,train
cluster,5,25,train
cluster,5,26,train
cluster,5,27,train
cluster,5,28,train
cluster,5,29,train
cluster,5,30,train
cluster,5,31,train
cluster,5,32,train
cluster,5,33,train
cluster,5,34,train
cluster,5,35,train
cluster,5,36,train
cluster,5,37,train
cluster,5,38,train
cluster,5,39,train
cluster,5,40,train
cluster,5,41,train
cluster,5,42,train
cluster,5,43,train
cluster,5,44,train
cluster,5,45,train
cluster,5,46,train
cluster,5,47,train
cluster,5,48,train
cluster,5,49,train
cluster,5,50,train
cluster,5,51,train
cluster,5,52,train
cluster,5,53,train
cluster,5,54,train
cluster,5,55,train
cluster,5,56,train
cluster,5,57,train
cluster,5,58,train
cluster,5,59,train
cluster,5,60,train
cluster,5,61,train
cluster,5,62,train
cluster,5,63,train
cluster,5,64,train
cluster,5,65,train
cluster,5,66,train
cluster,5,67,train
cluster,5,68,train
cluster,5,69,train
cluster,5,70,train
cluster,5,71,train
cluster,5,72,train
cluster,5,73,train
cluster,5,74,train
cluster,5,75,train
cluster,5,76,train
cluster,5,77,train
cluster,5,78,train
cluster,5,79,train
cluster,5,80,train
cluster,5,81,train
cluster,5,82,train
cluster,5,83,train
cluster,5,84,train
cluster,5,86,train
cluster,5,87,train
cluster,5,88,train
cluster,5,89,train
cluster,5,90,train
cluster,5,91,train
cluster,5,92,train
cluster,5,93,train
cluster,5,94,train
cluster,5,95,train
cluster,5,96,train
cluster,5,97,train
cluster,5,98,train
cluster,5,99,train
cluster,5,100,train
cluster,5,101,train
cluster,5,102,train
cluster,5,103,train
cluster,5,104,train
cluster,5,105,train
cluster,5,106,train
cluster,5,107,train
cluster,5,108,train
cluster,5,109,train
cluster,5,110,train
cluster,5,111,train
cluster,5,112,train
cluster,5,113,train
cluster,5,114,train
cluster,5,115,train
cluster,5,116,train
cluster,5,117,train
cluster,5,118,train
cluster,5,119,train
cluster,5,120,train
cluster,5,121,train
cluster,5,122,train
cluster,5,123,train
cluster,5,124,train
cluster,5,125,train
cluster,5,127,train
cluster,5,128,train
cluster,5,129,train
cluster,5,130,train
cluster,5,131,train
cluster,5,132,train
cluster,5,133,train
cluster,5,134,train
cluster,5,135,train
cluster,5,136,train
cluster,5,137,train
cluster,5,138,train
cluster,5,139,train
cluster,5,141,train
cluster,5,142,train
cluster,5,143,train
cluster,5,144,train
cluster,5,145,train
cluster,5,146,train
cluster,5,147,train
cluster,5,148,train
cluster,5,149,train
cluster,5,150,train
cluster,5,151,train
cluster,5,152,train
cluster,5,153,train
cluster,5,154,train
cluster,5,155,train
cluster,5,156,train
cluster,5,163,train
cluster,5,164,train
cluster,5,165,train
cluster,5,166,train
cluster,5,167,train
cluster,5,168,train
cluster,5,169,train
cluster,5,170,train
cluster,5,171,train
cluster,5,172,train
cluster,5,173,train
cluster,5,174,train
cluster,5,175,train
cluster,5,176,train
cluster,5,177,train
cluster,5,178,train
cluster,5,179,train
cluster,5,180,train
cluster,5,181,train
cluster,5,182,train
cluster,5,183,train
cluster,5,184,train
cluster,5,185,train
cluster,5,186,train
cluster,5,187,train
cluster,5,188,train
cluster,5,189,train
cluster,5,190,train
cluster,5,191,train
cluster,5,192,train
cluster,5,193,train
cluster,5,194,train
cluster,5,195,train
cluster,5,196,train
cluster,5,197,train
cluster,5,198,train
cluster,5,199,train
cluster,5,200,train
cluster,5,201,train
cluster,5,202,train
cluster,5,203,train
cluster,5,204,train
cluster,5,205,train
cluster,5,206,train
cluster,5,207,train
cluster,5,208,train
cluster,5,209,train
cluster,5,210,train
cluster,5,211,train
cluster,5,212,train
cluster,5,213,train
cluster,5,214,train
cluster,5,215,train
cluster,5,216,train
cluster,5,217,train
cluster,5,219,train
cluster,5,220,train
cluster,5,221,train
cluster,5,222,train
cluster,5,223,train
cluster,5,225,train
cluster,5,233,train
cluster,5,234,train
cluster,5,235,train
cluster,5,236,train
cluster,5,237,train
cluster,5,238,train
cluster,5,239,train
cluster,5,240,train
cluster,5,241,train
cluster,5,242,train
cluster,5,243,train
cluster,5,244,train
cluster,5,245,train
cluster,5,246,train
cluster,5,247,train
cluster,5,248,train
cluster,5,249,train
cluster,5,250,train
cluster,5,251,train
cluster,5,252,train
cluster,5,253,train
cluster,5,254,train
cluster,5,255,train
cluster,5,256,train
cluster,5,257,train
cluster,5,258,train
cluster,5,259,train
cluster,5,260,train
cluster,5,261,train
cluster,5,262,train
cluster,5,263,train
cluster,5,264,train
cluster,5,265,train
cluster,5,266,train
cluster,5,267,train
cluster,5,268,train
cluster,5,269,train
cluster,5,270,train
cluster,5,271,train
cluster,5,272,train
cluster,5,273,train
cluster,5,274,train
cluster,5,275,train
cluster,5,276,train
cluster,5,277,train
cluster,5,278,train
cluster,5,279,train
cluster,5,280,train
cluster,5,281,train
cluster,5,282,train
cluster,5,283,train
cluster,5,284,train
cluster,5,285,train
cluster,5,286,train
cluster,5,287,train
cluster,5,288,train
cluster,5,289,train
cluster,5,290,train
cluster,5,294,train
cluster,5,295,train
cluster,5,296,train
cluster,5,297,train
cluster,5,298,train
cluster,5,301,train
cluster,5,306,train
cluster,5,314,train
cluster,5,315,train
cluster,5,316,train
cluster,5,319,train
cluster,5,320,train
cluster,5,321,train
cluster,5,322,train
cluster,5,323,train
cluster,5,324,train
cluster,5,325,train
cluster,5,326,train
cluster,5,327,train
cluster,5,328,train
cluster,5,329,train
cluster,5,330,train
cluster,5,331,train
cluster,5,332,train
cluster,5,333,train
cluster,5,334,train
cluster,5,335,train
cluster,5,338,train
cluster,5,339,train
cluster,5,340,train
cluster,5,341,train
cluster,5,342,train
cluster,5,343,train
cluster,5,344,train
cluster,5,345,train
cluster,5,346,train
cluster,5,351,train
cluster,5,352,train
cluster,5,353,train
cluster,5,354,train
cluster,5,355,train
cluster,5,356,train
cluster,5,357,train
cluster,5,358,train
cluster,5,359,train
cluster,5,360,train
cluster,5,361,train
cluster,5,362,train
cluster,5,363,train
cluster,5,364,train
cluster,5,365,train
cluster,5,366,train
cluster,5,367,train
cluster,5,368,train
cluster,5,369,train
cluster,5,370,train
cluster,5,371,train
cluster,5,372,train
cluster,5,373,train
cluster,5,374,train
cluster,5,375,train
cluster,5,376,train
cluster,5,377,train
cluster,5,378,train
cluster,5,379,train
cluster,5,380,train
cluster,5,381,train
cluster,5,382,train
cluster,5,383,train
cluster,5,384,train
cluster,5,385,train
cluster,5,386,train
cluster,5,387,train
cluster,5,388,train
cluster,5,389,train
cluster,5,390,train
cluster,5,391,train
cluster,5,392,train
cluster,5,393,train
cluster,5,394,train
cluster,5,395,train
cluster,5,396,train
cluster,5,397,train
cluster,5,398,train
cluster,5,399,train
cluster,5,400,train
cluster,5,401,train
cluster,5,402,train
cluster,5,404,train
cluster,5,405,train
cluster,5,406,train
cluster,5,407,train
cluster,5,408,train
cluster,5,409,train
cluster,5,410,train
cluster,5,411,train
cluster,5,413,train
cluster,5,414,train
cluster,5,415,train
cluster,5,416,train
cluster,5,417,train
cluster,5,418,train
cluster,5,419,train
cluster,5,420,train
cluster,5,421,train
cluster,5,422,train
cluster,5,423,train
cluster,5,424,train
cluster,5,425,train
cluster,5,426,train
cluster,5,427,train
cluster,5,428,train
cluster,5,429,train
cluster,5,430,train
cluster,5,431,train
cluster,5,432,train
cluster,5,433,train
cluster,5,434,train
cluster,5,435,train
cluster,5,436,train
cluster,5,437,train
cluster,5,438,train
cluster,5,439,train
cluster,5,440,train
cluster,5,441,train
cluster,5,442,train
cluster,5,443,train
cluster,5,444,train
cluster,5,445,train
cluster,5,446,train
cluster,5,447,train
cluster,5,448,train
cluster,5,449,train
cluster,5,450,train
cluster,5,451,train
cluster,5,452,train
cluster,5,453,train
cluster,5,454,train
cluster,5,455,train
cluster,5,456,train
cluster,5,457,train
cluster,5,458,train
cluster,5,459,train
cluster,5,460,train
cluster,5,461,train
cluster,5,462,train
cluster,5,463,train
cluster,5,464,train
cluster,5,465,train
cluster,5,466,train
cluster,5,467,train
cluster,5,468,train
cluster,5,469,train
cluster,5,470,train
cluster,5,471,train
cluster,5,472,train
cluster,5,481,train
cluster,5,482,train
cluster,5,483,train
cluster,5,484,train
cluster,5,485,train
cluster,5,486,train
cluster,5,487,train
cluster,5,488,train
cluster,5,489,train
cluster,5,490,train
cluster,5,491,train
cluster,5,492,train
cluster,5,494,train
cluster,5,495,train
cluster,5,496,train
cluster,5,497,train
cluster,5,498,train
cluster,5,499,train
cluster,5,500,train
cluster,5,501,train
cluster,5,502,train
cluster,5,503,train
cluster,5,504,train
cluster,5,505,train
cluster,5,506,train
cluster,5,507,train
cluster,5,508,train
cluster,5,509,train
cluster,5,510,train
cluster,5,511,train
cluster,5,512,train
cluster,5,513,train
cluster,5,514,train
cluster,5,515,train
cluster,5,516,train
cluster,5,517,train
cluster,5,518,train
cluster,5,519,train
cluster,5,520,train
cluster,5,521,train
cluster,5,522,train
cluster,5,523,train
cluster,5,524,train
cluster,5,525,train
cluster,5,526,train
cluster,5,527,train
cluster,5,528,train
cluster,5,529,train
cluster,5,530,train
cluster,5,531,train
cluster,5,532,train
cluster,5,533,train
cluster,5,534,train
cluster,5,535,train
cluster,5,536,train
cluster,5,538,train
cluster,5,539,train
cluster,5,540,train
cluster,5,541,train
cluster,5,542,train
cluster,5,543,train
cluster,5,544,train
cluster,5,545,train
cluster,5,546,train
cluster,5,547,train
cluster,5,548,train
cluster,5,550,train
cluster,5,552,train
cluster,5,562,train
cluster,5,563,train
cluster,5,564,train
cluster,5,565,train
cluster,5,566,train
cluster,5,567,train
cluster,5,568,train
cluster,5,569,train
cluster,5,570,train
cluster,5,571,train
cluster,5,572,train
cluster,5,573,train
cluster,5,574,train
cluster,5,575,train
cluster,5,576,train
cluster,5,578,train
cluster,5,579,train
cluster,5,580,train
cluster,5,581,train
cluster,5,582,train
cluster,5,583,train
cluster,5,584,train
cluster,5,585,train
cluster,5,586,train
cluster,5,587,train
cluster,5,588,train
cluster,5,589,train
cluster,5,590,train
cluster,5,591,train
cluster,5,592,train
cluster,5,593,train
cluster,5,594,train
cluster,5,595,train
cluster,5,596,train
cluster,5,597,train
cluster,5,598,train
cluster,5,599,train
cluster,5,600,train
cluster,5,601,train
cluster,5,602,train
cluster,5,604,train
cluster,5,605,train
cluster,5,606,train
cluster,5,607,train
cluster,5,608,train
cluster,5,609,train
cluster,5,610,train
cluster,5,611,train
cluster,5,612,train
cluster,5,613,train
cluster,5,614,train
cluster,5,615,train
cluster,5,616,train
cluster,5,617,train
cluster,5,618,train
cluster,5,619,train
cluster,5,620,train
cluster,5,621,train
cluster,5,622,train
cluster,5,623,train
cluster,5,624,train
cluster,5,625,train
cluster,5,626,train
cluster,5,627,train
cluster,5,628,train
cluster,5,629,train
cluster,5,630,train
cluster,5,631,train
cluster,5,632,train
cluster,5,633,train
cluster,5,634,train
cluster,5,635,train
cluster,5,636,train
cluster,5,637,train
cluster,5,638,train
cluster,5,639,train
cluster,5,640,train
cluster,5,641,train
cluster,5,642,train
cluster,5,644,train
cluster,5,645,train
cluster,5,646,train
cluster,5,647,train
cluster,5,648,train
cluster,5,649,train
cluster,5,650,train
cluster,5,651,train
cluster,5,652,train
cluster,5,653,train
cluster,5,654,train
cluster,5,655,train
cluster,5,656,train
cluster,5,657,train
cluster,5,658,train
cluster,5,659,train
cluster,5,660,train
cluster,5,661,train
cluster,5,662,train
cluster,5,663,train
cluster,5,664,train
cluster,5,665,train
cluster,5,666,train
cluster,5,667,train
cluster,5,668,train
cluster,5,669,train
cluster,5,670,train
cluster,5,671,train
cluster,5,672,train
cluster,5,673,train
cluster,5,674,train
cluster,5,675,train
cluster,5,676,train
cluster,5,677,train
cluster,5,678,train
cluster,5,679,train
cluster,5,680,train
cluster,5,681,train
cluster,5,682,train
cluster,5,683,train
cluster,5,684,train
cluster,5,685,train
cluster,5,686,train
cluster,5,687,train
cluster,5,688,train
cluster,5,689,train
cluster,5,690,train
cluster,5,691,train
cluster,5,692,train
cluster,5,693,train
cluster,5,694,train
cluster,5,695,train
cluster,5,697,train
cluster,5,698,train
cluster,5,700,train
cluster,5,701,train
cluster,5,702,train
cluster,5,703,train
cluster,5,705,train
cluster,5,706,train
cluster,5,707,train
cluster,5,708,train
cluster,5,709,train
cluster,5,710,train
cluster,5,711,train
cluster,5,712,train
cluster,5,715,train
cluster,5,716,train
cluster,5,717,train
cluster,5,718,train
cluster,5,719,train
cluster,5,720,train
cluster,5,721,train
cluster,5,722,train
cluster,5,723,train
cluster,5,724,train
cluster,5,725,train
cluster,5,726,train
cluster,5,727,train
cluster,5,728,train
cluster,5,729,train
cluster,5,730,train
cluster,5,731,train
cluster,5,732,train
cluster,5,733,train
cluster,5,734,train
cluster,5,735,train
cluster,5,736,train
cluster,5,737,train
cluster,5,738,train
cluster,5,739,train
cluster,5,740,train
cluster,5,741,train
cluster,5,742,train
cluster,5,743,train
cluster,5,744,train
cluster,5,745,train
cluster,5,746,train
cluster,5,747,train
cluster,5,748,train
cluster,5,749,train
cluster,5,750,train
cluster,5,751,train
cluster,5,752,train
cluster,5,753,train
cluster,5,754,train
cluster,5,755,train
cluster,5,756,train
cluster,5,757,train
cluster,5,758,train
cluster,5,759,train
cluster,5,760,train
cluster,5,761,train
cluster,5,762,train
cluster,5,763,train
cluster,5,764,train
cluster,5,765,train
cluster,5,766,train
cluster,5,767,train
cluster,5,768,train
cluster,5,769,train
cluster,5,770,train
cluster,5,771,train
cluster,5,772,train
cluster,5,782,train
cluster,5,783,train
cluster,5,784,train
cluster,5,785,train
cluster,5,786,train
cluster,5,787,train
cluster,5,788,train
cluster,5,789,train
cluster,5,790,train
cluster,5,791,train
cluster,5,792,train
cluster,5,793,train
cluster,5,794,train
cluster,5,795,train
cluster,5,796,train
cluster,5,797,train
cluster,5,798,train
cluster,5,799,train
cluster,5,800,train
cluster,5,801,train
cluster,5,802,train
cluster,5,803,train
cluster,5,806,train
cluster,5,807,train
cluster,5,808,train
cluster,5,810,train
cluster,5,811,train
cluster,5,812,train
cluster,5,813,train
cluster,5,816,train
cluster,5,817,train
cluster,5,818,train
cluster,5,819,train
cluster,5,820,train
cluster,5,821,train
cluster,5,822,train
cluster,5,823,train
cluster,5,824,train
cluster,5,825,train
cluster,5,826,train
cluster,5,827,train
cluster,5,828,train
cluster,5,829,train
cluster,5,830,train
cluster,5,831,train
cluster,5,832,train
cluster,5,833,train
cluster,5,834,train
cluster,5,836,train
cluster,5,837,train
cluster,5,838,train
cluster,5,839,train
cluster,5,840,train
cluster,5,841,train
cluster,5,842,train
cluster,5,843,train
cluster,5,844,train
cluster,5,845,train
cluster,5,846,train
cluster,5,847,train
cluster,5,848,train
cluster,5,849,train
cluster,5,850,train
cluster,5,851,train
cluster,5,852,train
cluster,5,853,train
cluster,5,855,train
cluster,5,856,train
cluster,5,857,train
cluster,5,858,train
cluster,5,859,train
cluster,5,860,train
cluster,5,861,train
cluster,5,862,train
cluster,5,863,train
cluster,5,864,train
cluster,5,865,train
cluster,5,866,train
cluster,5,867,train
cluster,5,868,train
cluster,5,869,train
cluster,5,870,train
cluster,5,871,train
cluster,5,872,train
cluster,5,873,train
cluster,5,874,train
cluster,5,875,train
cluster,5,876,train
cluster,5,877,train
cluster,5,878,train
cluster,5,879,train
cluster,5,880,train
cluster,5,881,train
cluster,5,882,train
cluster,5,883,train
cluster,5,884,train
cluster,5,885,train
cluster,5,887,train
cluster,5,888,train
cluster,5,889,train
cluster,5,890,train
cluster,5,891,train
cluster,5,892,train
cluster,5,893,train
cluster,5,894,train
cluster,5,895,train
cluster,5,896,train
cluster,5,897,train
cluster,5,898,train
cluster,5,899,train
cluster,5,900,train
cluster,5,901,train
cluster,5,903,train
cluster,5,904,train
cluster,5,905,train
cluster,5,907,train
cluster,5,908,train
cluster,5,909,train
cluster,5,910,train
cluster,5,911,train
cluster,5,912,train
cluster,5,913,train
cluster,5,914,train
cluster,5,915,train
cluster,5,916,train
cluster,5,917,train
cluster,5,918,train
cluster,5,919,train
cluster,5,925,train
cluster,5,926,train
cluster,5,927,train
cluster,5,928,train
cluster,5,929,train
cluster,5,930,train
cluster,5,931,train
cluster,5,932,train
cluster,5,933,train
cluster,5,934,train
cluster,5,935,train
cluster,5,936,train
cluster,5,937,train
cluster,5,938,train
cluster,5,939,train
cluster,5,940,train
cluster,5,941,train
cluster,5,942,train
cluster,5,944,train
cluster,5,945,train
cluster,5,946,train
cluster,5,947,train
cluster,5,948,train
cluster,5,949,train
cluster,5,950,train
cluster,5,951,train
cluster,5,952,train
cluster,5,954,train
cluster,5,955,train
cluster,5,956,train
cluster,5,957,train
cluster,5,958,train
cluster,5,959,train
cluster,5,960,train
cluster,5,961,train
cluster,5,962,train
cluster,5,963,train
cluster,5,964,train
cluster,5,965,train
cluster,5,966,train
cluster,5,967,train
cluster,5,968,train
cluster,5,969,train
cluster,5,970,train
cluster,5,971,train
cluster,5,972,train
cluster,5,973,train
cluster,5,974,train
cluster,5,975,train
cluster,5,976,train
cluster,5,977,train
cluster,5,978,train
cluster,5,979,train
cluster,5,980,train
cluster,5,981,train
cluster,5,982,train
cluster,5,983,train
cluster,5,984,train
cluster,5,989,train
cluster,5,990,train
cluster,5,991,train
cluster,5,992,train
cluster,5,993,train
cluster,5,994,train
cluster,5,995,train
cluster,5,996,train
cluster,5,997,train
cluster,5,998,train
cluster,5,1000,train
cluster,5,1001,train
cluster,5,1002,train
cluster,5,1004,train
cluster,5,1006,train
cluster,5,1007,train
cluster,5,1008,train
cluster,5,1009,train
cluster,5,1010,train
cluster,5,1011,train
cluster,5,1012,train
cluster,5,1013,train
cluster,5,1014,train
cluster,5,1015,train
cluster,5,1016,train
cluster,5,1017,train
cluster,5,1018,train
cluster,5,1019,train
cluster,5,1020,train
cluster,5,1021,train
cluster,5,1022,train
cluster,5,1023,train
cluster,5,1024,train
cluster,5,1025,train
cluster,5,1026,train
cluster,5,1027,train
cluster,5,1028,train
cluster,5,1029,train
cluster,5,1030,train
cluster,5,1031,train
cluster,5,1032,train
cluster,5,1033,train
cluster,5,1034,train
cluster,5,1035,train
cluster,5,1036,train
cluster,5,1037,train
cluster,5,1038,train
cluster,5,1039,train
cluster,5,1040,train
cluster,5,1041,train
cluster,5,1042,train
cluster,5,1043,train
cluster,5,1044,train
cluster,5,1045,train
cluster,5,1046,train
cluster,5,1047,train
cluster,5,1048,train
cluster,5,1049,train
cluster,5,1050,train
cluster,5,1051,train
cluster,5,1052,train
cluster,5,1053,train
cluster,5,1054,train
cluster,5,1055,train
cluster,5,1056,train
cluster,5,1057,train
cluster,5,1058,train
cluster,5,1059,train
cluster,5,1060,train
cluster,5,1061,train
cluster,5,1062,train
cluster,5,1063,train
cluster,5,1064,train
cluster,5,1065,train
cluster,5,1066,train
cluster,5,1067,train
cluster,5,1068,train
cluster,5,1069,train
cluster,5,1070,train
cluster,5,1071,train
cluster,5,1072,train
cluster,5,1073,train
cluster,5,1074,train
cluster,5,1075,train
cluster,5,1077,train
cluster,5,1078,train
cluster,5,1079,train
cluster,5,1080,train
cluster,5,1081,train
cluster,5,1083,train
cluster,5,1084,train
cluster,5,1085,train
cluster,5,1086,train
cluster,5,1088,train
cluster,5,1089,train
cluster,5,1090,train
cluster,5,1091,train
cluster,5,1092,train
cluster,5,1093,train
cluster,5,1094,train
cluster,5,1095,train
cluster,5,1096,train
cluster,5,1097,train
cluster,5,1098,train
cluster,5,1099,train
cluster,5,1100,train
cluster,5,1101,train
cluster,5,1102,train
cluster,5,1106,train
cluster,5,1107,train
cluster,5,1108,train
cluster,5,1109,train
cluster,5,1110,train
cluster,5,1111,train
cluster,5,1112,train
cluster,5,1113,train
cluster,5,1114,train
cluster,5,1115,train
cluster,5,1116,train
cluster,5,1117,train
cluster,5,1118,train
cluster,5,1119,train
cluster,5,1120,train
cluster,5,1121,train
cluster,5,1122,train
cluster,5,1123,train
cluster,5,1124,train
cluster,5,1125,train
cluster,5,1126,train
cluster,5,1127,train
cluster,5,1128,train
cluster,5,1129,train
cluster,5,1130,train
cluster,5,1131,train
cluster,5,1133,train
cluster,5,1134,train
cluster,5,1135,train
cluster,5,1136,train
cluster,5,1137,train
cluster,5,1138,train
cluster,5,1139,train
cluster,5,1140,train
cluster,5,1141,train
cluster,5,1142,train
cluster,5,1143,train
cluster,5,1144,train
cluster,5,1145,train
cluster,5,1146,train
cluster,5,1147,train
cluster,5,1148,train
cluster,5,1149,train
cluster,5,1150,train
cluster,5,1151,train
cluster,5,1154,train
cluster,5,1155,train
cluster,5,1156,train
cluster,5,1157,train
cluster,5,1158,train
cluster,5,1159,train
cluster,5,1160,train
cluster,5,1161,train
cluster,5,1162,train
cluster,5,1163,train
cluster,5,1164,train
cluster,5,1174,train
cluster,5,1176,train
cluster,5,1177,train
cluster,5,1178,train
cluster,5,1179,train
cluster,5,1182,train
cluster,5,1183,train
cluster,5,1184,train
cluster,5,1185,train
cluster,5,1186,train
cluster,5,1187,train
cluster,5,1188,train
cluster,5,1189,train
cluster,5,1190,train
cluster,5,1191,train
cluster,5,1192,train
cluster,5,1193,train
cluster,5,1194,train
cluster,5,1195,train
cluster,5,1196,train
cluster,5,1197,train
cluster,5,1198,train
cluster,5,1199,train
cluster,5,1200,train
cluster,5,1201,train
cluster,5,1202,train
cluster,5,1203,train
cluster,5,1204,train
cluster,5,1205,train
cluster,5,1206,train
cluster,5,1207,train
cluster,5,1208,train
cluster,5,1209,train
cluster,5,1210,train
cluster,5,1211,train
cluster,5,1212,train
cluster,5,1213,train
cluster,5,1214,train
cluster,5,1215,train
cluster,5,1216,train
cluster,5,1217,train
cluster,5,1218,train
cluster,5,1219,train
cluster,5,1220,train
cluster,5,1221,train
cluster,5,1222,train
cluster,5,1223,train
cluster,5,1224,train
cluster,5,1225,train
cluster,5,1226,train
cluster,5,1227,train
cluster,5,1228,train
cluster,5,1229,train
cluster,5,1230,train
cluster,5,1231,train
cluster,5,1232,train
cluster,5,1233,train
cluster,5,1234,train
cluster,5,1235,train
cluster,5,1236,train
cluster,5,1237,train
cluster,5,1238,train
cluster,5,1239,train
cluster,5,1240,train
cluster,5,1241,train
cluster,5,1242,train
cluster,5,1243,train
cluster,5,1244,train
cluster,5,1245,train
cluster,5,1246,train
cluster,5,1247,train
cluster,5,1248,train
cluster,5,1249,train
cluster,5,1250,train
cluster,5,1251,train
cluster,5,1252,train
cluster,5,1253,train
cluster,5,1257,train
cluster,5,1258,train
cluster,5,1262,train
cluster,5,1263,train
cluster,5,1277,train
cluster,5,1279,train
cluster,5,1280,train
cluster,5,1281,train
cluster,5,1282,train
cluster,5,1284,train
cluster,5,1285,train
cluster,5,1286,train
cluster,5,1287,train
cluster,5,1288,train
cluster,5,1289,train
cluster,5,1290,train
cluster,5,1291,train
cluster,5,1292,train
cluster,5,1293,train
cluster,5,1294,train
cluster,5,1295,train
cluster,5,1296,train
cluster,5,1297,train
cluster,5,1298,train
cluster,5,1299,train
cluster,5,1300,train
cluster,5,1301,train
cluster,5,1302,train
cluster,5,1303,train
cluster,5,1304,train
cluster,5,1305,train
cluster,5,1306,train
cluster,5,1307,train
cluster,5,1308,train
cluster,5,1309,train
cluster,5,1310,train
cluster,5,1311,train
cluster,5,1312,train
cluster,5,1313,train
cluster,5,1314,train
cluster,5,1315,train
cluster,5,1316,train
cluster,5,1317,train
cluster,5,1318,train
cluster,5,1319,train
cluster,5,1320,train
cluster,5,1321,train
cluster,5,1322,train
cluster,5,1323,train
cluster,5,1324,train
cluster,5,1325,train
cluster,5,1326,train
cluster,5,1327,train
cluster,5,1328,train
cluster,5,1329,train
cluster,5,1330,train
cluster,5,1331,train
cluster,5,1332,train
cluster,5,1333,train
cluster,5,1334,train
cluster,5,1335,train
cluster,5,1336,train
cluster,5,1337,train
cluster,5,1339,train
cluster,5,1340,train
cluster,5,1342,train
cluster,5,1343,train
cluster,5,1344,train
cluster,5,1345,train
cluster,5,1346,train
cluster,5,1347,train
cluster,5,1350,train
cluster,5,1351,train
cluster,5,1355,train
cluster,5,1356,train
cluster,5,1357,train
cluster,5,1358,train
cluster,5,1359,train
cluster,5,1360,train
cluster,5,1361,train
cluster,5,1362,train
cluster,5,1363,train
cluster,5,1364,train
cluster,5,1365,train
cluster,5,1366,train
cluster,5,1367,train
cluster,5,1368,train
cluster,5,1369,train
cluster,5,1370,train
cluster,5,1371,train
cluster,5,1372,train
cluster,5,1373,train
cluster,5,1374,train
cluster,5,1376,train
cluster,5,1378,train
cluster,5,1379,train
cluster,5,1380,train
cluster,5,1381,train
cluster,5,1382,train
cluster,5,1383,train
cluster,5,1384,train
cluster,5,1385,train
cluster,5,1386,train
cluster,5,1387,train
cluster,5,1388,train
cluster,5,1389,train
cluster,5,1390,train
cluster,5,1391,train
cluster,5,1392,train
cluster,5,1393,train
cluster,5,1394,train
cluster,5,1395,train
cluster,5,1396,train
cluster,5,1397,train
cluster,5,1398,train
cluster,5,1399,train
cluster,5,1400,train
cluster,5,1401,train
cluster,5,1402,train
cluster,5,1403,train
cluster,5,1404,train
cluster,5,1405,train
cluster,5,1406,train
cluster,5,1407,train
cluster,5,1408,train
cluster,5,1409,train
cluster,5,1410,train
cluster,5,1411,train
cluster,5,1413,train
cluster,5,1414,train
cluster,5,1416,train
cluster,5,1417,train
cluster,5,1418,train
cluster,5,1419,train
cluster,5,1420,train
cluster,5,1421,train
cluster,5,1422,train
cluster,5,1423,train
cluster,5,1424,train
cluster,5,1425,train
cluster,5,1426,train
cluster,5,1427,train
cluster,5,1428,train
cluster,5,1429,train
cluster,5,1430,train
cluster,5,1431,train
cluster,5,1432,train
cluster,5,1433,train
cluster,5,1434,train
cluster,5,1435,train
cluster,5,1436,train
cluster,5,1437,train
cluster,5,1438,train
cluster,5,1439,train
cluster,5,1440,train
cluster,5,1441,train
cluster,5,1442,train
cluster,5,1443,train
cluster,5,1444,train
cluster,5,1445,train
cluster,5,1446,train
cluster,5,1447,train
cluster,5,1448,train
cluster,5,1449,train
cluster,5,1450,train
cluster,5,1451,train
cluster,5,1452,train
cluster,5,1453,train
cluster,5,1454,train
cluster,5,1455,train
cluster,5,1456,train
cluster,5,1457,train
cluster,5,1458,train
cluster,5,1459,train
cluster,5,1460,train
cluster,5,1461,train
cluster,5,1462,train
cluster,5,1463,train
cluster,5,1464,train
cluster,5,1465,train
cluster,5,1466,train
cluster,5,1467,train
cluster,5,1468,train
cluster,5,1469,train
cluster,5,1470,train
cluster,5,1471,train
cluster,5,1472,train
cluster,5,1473,train
cluster,5,1474,train
cluster,5,1475,train
cluster,5,1476,train
cluster,5,1477,train
cluster,5,1478,train
cluster,5,1479,train
cluster,5,1480,train
cluster,5,1481,train
cluster,5,1482,train
cluster,5,1483,train
cluster,5,1484,train
cluster,5,1485,train
cluster,5,1486,train
cluster,5,1487,train
cluster,5,1488,train
cluster,5,1489,train
cluster,5,1490,train
cluster,5,1491,train
cluster,5,1492,train
cluster,5,1493,train
cluster,5,1494,train
cluster,5,1495,train
cluster,5,1496,train
cluster,5,1497,train
cluster,5,1498,train
cluster,5,1499,train
cluster,5,1500,train
cluster,5,1501,train
cluster,5,1502,train
cluster,5,1503,train
cluster,5,1504,train
cluster,5,1505,train
cluster,5,1506,train
cluster,5,1507,train
cluster,5,1508,train
cluster,5,1509,train
cluster,5,1510,train
cluster,5,1511,train
cluster,5,1512,train
cluster,5,1513,train
cluster,5,1514,train
cluster,5,1515,train
cluster,5,1516,train
cluster,5,1517,train
cluster,5,1518,train
cluster,5,1519,train
cluster,5,1520,train
cluster,5,1521,train
cluster,5,1522,train
cluster,5,1523,train
cluster,5,1524,train
cluster,5,1525,train
cluster,5,1526,train
cluster,5,1527,train
cluster,5,1528,train
cluster,5,1529,train
cluster,5,1530,train
cluster,5,1531,train
cluster,5,1532,train
cluster,5,1533,train
cluster,5,1534,train
cluster,5,1535,train
cluster,5,1536,train
cluster,5,1537,train
cluster,5,1539,train
cluster,5,1540,train
cluster,5,1541,train
cluster,5,1542,train
cluster,5,1543,train
cluster,5,1544,train
cluster,5,1545,train
cluster,5,1546,train
cluster,5,1547,train
cluster,5,1548,train
cluster,5,1549,train
cluster,5,1550,train
cluster,5,1551,train
cluster,5,1552,train
cluster,5,1553,train
cluster,5,1554,train
cluster,5,1555,train
cluster,5,1556,train
cluster,5,1557,train
cluster,5,1558,train
cluster,5,1559,train
cluster,5,1560,train
cluster,5,1561,train
cluster,5,1562,train
cluster,5,1563,train
cluster,5,1564,train
cluster,5,1565,train
cluster,5,1566,train
cluster,5,1567,train
cluster,5,1568,train
cluster,5,1569,train
cluster,5,1570,train
cluster,5,1571,train
cluster,5,1572,train
cluster,5,1573,train
cluster,5,1574,train
cluster,5,1575,train
cluster,5,1576,train
cluster,5,1578,train
cluster,5,1579,train
cluster,5,1580,train
cluster,5,1581,train
cluster,5,1582,train
cluster,5,1583,train
cluster,5,1584,train
cluster,5,1585,train
cluster,5,1586,train
cluster,5,1587,train
cluster,5,1588,train
cluster,5,1589,train
cluster,5,1592,train
cluster,5,1593,train
cluster,5,1594,train
cluster,5,1595,train
cluster,5,1596,train
cluster,5,1597,train
cluster,5,1598,train
cluster,5,1599,train
cluster,5,1600,train
cluster,5,1601,train
cluster,5,1602,train
cluster,5,1603,train
cluster,5,1604,train
cluster,5,1605,train
cluster,5,1606,train
cluster,5,1607,train
cluster,5,1608,train
cluster,5,1609,train
cluster,5,1610,train
cluster,5,1611,train
cluster,5,1612,train
cluster,5,1613,train
cluster,5,1614,train
cluster,5,1615,train
cluster,5,1616,train
cluster,5,1617,train
cluster,5,1618,train
cluster,5,1619,train
cluster,5,1620,train
cluster,5,1621,train
cluster,5,1622,train
cluster,5,1623,train
cluster,5,1625,train
cluster,5,1626,train
cluster,5,1627,train
cluster,5,1628,train
cluster,5,1629,train
cluster,5,1630,train
cluster,5,1631,train
cluster,5,1632,train
cluster,5,1633,train
cluster,5,1637,train
cluster,5,1638,train
cluster,5,1639,train
cluster,5,1640,train
cluster,5,1641,train
cluster,5,1642,train
cluster,5,1643,train
cluster,5,1644,train
cluster,5,1645,train
cluster,5,1646,train
cluster,5,1647,train
cluster,5,1648,train
cluster,5,1649,train
cluster,5,1650,train
cluster,5,1651,train
cluster,5,1652,train
cluster,5,1653,train
cluster,5,1654,train
cluster,5,1655,train
cluster,5,1656,train
cluster,5,1657,train
cluster,5,1658,train
cluster,5,1659,train
cluster,5,1660,train
cluster,5,1661,train
cluster,5,1662,train
cluster,5,1663,train
cluster,5,1664,train
cluster,5,1665,train
cluster,5,1666,train
cluster,5,1667,train
cluster,5,1668,train
cluster,5,1669,train
cluster,5,1670,train
cluster,5,1671,train
cluster,5,1672,train
cluster,5,1673,train
cluster,5,1674,train
cluster,5,1675,train
cluster,5,1676,train
cluster,5,1677,train
cluster,5,1678,train
cluster,5,1679,train
cluster,5,1680,train
cluster,5,1681,train
cluster,5,1682,train
cluster,5,1683,train
cluster,5,1684,train
cluster,5,1685,train
cluster,5,1686,train
cluster,5,1687,train
cluster,5,1688,train
cluster,5,1689,train
cluster,5,1690,train
cluster,5,1691,train
cluster,5,1692,train
cluster,5,1693,train
cluster,5,1694,train
cluster,5,1695,train
cluster,5,1696,train
cluster,5,1697,train
cluster,5,1698,train
cluster,5,1699,train
cluster,5,1700,train
cluster,5,1701,train
cluster,5,1702,train
cluster,5,1703,train
cluster,5,1704,train
cluster,5,1705,train
cluster,5,1706,train
cluster,5,1707,train
cluster,5,1708,train
cluster,5,1709,train
cluster,5,1710,train
cluster,5,1711,train
cluster,5,1712,train
cluster,5,1713,train
cluster,5,1714,train
cluster,5,1715,train
cluster,5,1716,train
cluster,5,1717,train
cluster,5,1718,train
cluster,5,1720,train
cluster,5,1721,train
cluster,5,1729,train
cluster,5,1730,train
cluster,5,1731,train
cluster,5,1732,train
cluster,5,1733,train
cluster,5,1734,train
cluster,5,1735,train
cluster,5,1736,train
cluster,5,1737,train
cluster,5,1738,train
cluster,5,1739,train
cluster,5,1740,train
cluster,5,1741,train
cluster,5,1742,train
cluster,5,1743,train
cluster,5,1744,train
cluster,5,1745,train
cluster,5,1746,train
cluster,5,1747,train
cluster,5,1748,train
cluster,5,1749,train
cluster,5,1750,train
cluster,5,1751,train
cluster,5,1752,train
cluster,5,1753,train
cluster,5,1754,train
cluster,5,1755,train
cluster,5,1756,train
cluster,5,1757,train
cluster,5,1758,train
cluster,5,1759,train
cluster,5,1760,train
cluster,5,1761,train
cluster,5,1762,train
cluster,5,1763,train
cluster,5,1764,train
cluster,5,1765,train
cluster,5,1766,train
cluster,5,1767,train
cluster,5,1768,train
cluster,5,1769,train
cluster,5,1770,train
cluster,5,1771,train
cluster,5,1772,train
cluster,5,1773,train
cluster,5,1774,train
cluster,5,1775,train
cluster,5,1776,train
cluster,5,1777,train
cluster,5,1778,train
cluster,5,1779,train
cluster,5,1780,train
cluster,5,1781,train
cluster,5,1782,train
cluster,5,1783,train
cluster,5,1784,train
cluster,5,1785,train
cluster,5,1786,train
cluster,5,1787,train
cluster,5,1788,train
cluster,5,1789,train
cluster,5,1790,train
cluster,5,1791,train
cluster,5,1792,train
cluster,5,1793,train
cluster,5,1794,train
cluster,5,1795,train
cluster,5,1796,train
cluster,5,1797,train
cluster,5,1798,train
cluster,5,1799,train
cluster,5,1800,train
cluster,5,1801,train
cluster,5,1802,train
cluster,5,1803,train
cluster,5,1804,train
cluster,5,1805,train
cluster,5,1806,train
cluster,5,1807,train
cluster,5,1808,train
cluster,5,1809,train
cluster,5,1810,train
cluster,5,1811,train
cluster,5,1812,train
cluster,5,1813,train
cluster,5,1814,train
cluster,5,1815,train
cluster,5,1816,train
cluster,5,1817,train
cluster,5,1818,train
cluster,5,1819,train
cluster,5,1820,train
cluster,5,1821,train
cluster,5,1823,train
cluster,5,1824,train
cluster,5,1825,train
cluster,5,1826,train
cluster,5,1827,train
cluster,5,1828,train
cluster,5,1829,train
cluster,5,1830,train
cluster,5,1831,train
cluster,5,1832,train
cluster,5,1833,train
cluster,5,1834,train
cluster,5,1835,train
cluster,5,1836,train
cluster,5,1837,train
cluster,5,1838,train
cluster,5,1839,train
cluster,5,1840,train
cluster,5,1841,train
cluster,5,1842,train
cluster,5,1843,train
cluster,5,1844,train
cluster,5,1845,train
cluster,5,1846,train
cluster,5,1847,train
cluster,5,1848,train
cluster,5,1849,train
cluster,5,1850,train
cluster,5,1851,train
cluster,5,1852,train
cluster,5,1853,train
cluster,5,1854,train
cluster,5,1856,train
cluster,5,1857,train
cluster,5,1858,train
cluster,5,1859,train
cluster,5,1860,train
cluster,5,1861,train
cluster,5,1862,train
cluster,5,1863,train
cluster,5,1864,train
cluster,5,1865,train
cluster,5,1866,train
cluster,5,1868,train
cluster,5,1870,train
cluster,5,1871,train
cluster,5,1872,train
cluster,5,1874,train
cluster,5,1875,train
cluster,5,1879,train
cluster,5,1880,train
cluster,5,1883,train
cluster,5,1885,train
cluster,5,1890,train
cluster,5,1891,train
cluster,5,1892,train
cluster,5,1893,train
cluster,5,1894,train
cluster,5,1895,train
cluster,5,1896,train
cluster,5,1897,train
cluster,5,1898,train
cluster,5,1899,train
cluster,5,1900,train
cluster,5,1901,train
cluster,5,1902,train
cluster,5,1903,train
cluster,5,1904,train
cluster,5,1905,train
cluster,5,1906,train
cluster,5,1907,train
cluster,5,1908,train
cluster,5,1909,train
cluster,5,1910,train
cluster,5,23,test
cluster,5,85,test
cluster,5,126,test
cluster,5,140,test
cluster,5,157,test
cluster,5,158,test
cluster,5,159,test
cluster,5,160,test
cluster,5,161,test
cluster,5,162,test
cluster,5,218,test
cluster,5,224,test
cluster,5,226,test
cluster,5,227,test
cluster,5,228,test
cluster,5,229,test
cluster,5,230,test
cluster,5,231,test
cluster,5,232,test
cluster,5,291,test
cluster,5,292,test
cluster,5,293,test
cluster,5,299,test
cluster,5,300,test
cluster,5,302,test
cluster,5,303,test
cluster,5,304,test
cluster,5,305,test
cluster,5,307,test
cluster,5,308,test
cluster,5,309,test
cluster,5,310,test
cluster,5,311,test
cluster,5,312,test
cluster,5,313,test
cluster,5,317,test
cluster,5,318,test
cluster,5,336,test
cluster,5,337,test
cluster,5,347,test
cluster,5,348,test
cluster,5,349,test
cluster,5,350,test
cluster,5,403,test
cluster,5,412,test
cluster,5,473,test
cluster,5,474,test
cluster,5,475,test
cluster,5,476,test
cluster,5,477,test
cluster,5,478,test
cluster,5,479,test
cluster,5,480,test
cluster,5,493,test
cluster,5,537,test
cluster,5,549,test
cluster,5,551,test
cluster,5,553,test
cluster,5,554,test
cluster,5,555,test
cluster,5,556,test
cluster,5,557,test
cluster,5,558,test
cluster,5,559,test
cluster,5,560,test
cluster,5,561,test
cluster,5,577,test
cluster,5,603,test
cluster,5,643,test
cluster,5,696,test
cluster,5,699,test
cluster,5,704,test
cluster,5,713,test
cluster,5,714,test
cluster,5,773,test
cluster,5,774,test
cluster,5,775,test
cluster,5,776,test
cluster,5,777,test
cluster,5,778,test
cluster,5,779,test
cluster,5,780,test
cluster,5,781,test
cluster,5,804,test
cluster,5,805,test
cluster,5,809,test
cluster,5,814,test
cluster,5,815,test
cluster,5,835,test
cluster,5,854,test
cluster,5,886,test
cluster,5,902,test
cluster,5,906,test
cluster,5,920,test
cluster,5,921,test
cluster,5,922,test
cluster,5,923,test
cluster,5,924,test
cluster,5,943,test
cluster,5,953,test
cluster,5,985,test
cluster,5,986,test
cluster,5,987,test
cluster,5,988,test
cluster,5,999,test
cluster,5,1003,test
cluster,5,1005,test
cluster,5,1076,test
cluster,5,1082,test
cluster,5,1087,test
cluster,5,1103,test
cluster,5,1104,test
cluster,5,1105,test
cluster,5,1132,test
cluster,5,1152,test
cluster,5,1153,test
cluster,5,1165,test
cluster,5,1166,test
cluster,5,1167,test
cluster,5,1168,test
cluster,5,1169,test
cluster,5,1170,test
cluster,5,1171,test
cluster,5,1172,test
cluster,5,1173,test
cluster,5,1175,test
cluster,5,1180,test
cluster,5,1181,test
cluster,5,1254,test
cluster,5,1255,test
cluster,5,1256,test
cluster,5,1259,test
cluster,5,1260,test
cluster,5,1261,test
cluster,5,1264,test
cluster,5,1265,test
cluster,5,1266,test
cluster,5,1267,test
cluster,5,1268,test
cluster,5,1269,test
cluster,5,1270,test
cluster,5,1271,test
cluster,5,1272,test
cluster,5,1273,test
cluster,5,1274,test
cluster,5,1275,test
cluster,5,1276,test
cluster,5,1278,test
cluster,5,1283,test
cluster,5,1338,test
cluster,5,1341,test
cluster,5,1348,test
cluster,5,1349,test
cluster,5,1352,test
cluster,5,1353,test
cluster,5,1354,test
cluster,5,1375,test
cluster,5,1377,test
cluster,5,1412,test
cluster,5,1415,test
cluster,5,1538,test
cluster,5,1577,test
cluster,5,1590,test
cluster,5,1591,test
cluster,5,1624,test
cluster,5,1634,test
cluster,5,1635,test
cluster,5,1636,test
cluster,5,1719,test
cluster,5,1722,test
cluster,5,1723,test
cluster,5,1724,test
cluster,5,1725,test
cluster,5,1726,test
cluster,5,1727,test
cluster,5,1728,test
cluster,5,1822,test
cluster,5,1855,test
cluster,5,1867,test
cluster,5,1869,test
cluster,5,1873,test
cluster,5,1876,test
cluster,5,1877,test
cluster,5,1878,test
cluster,5,1881,test
cluster,5,1882,test
cluster,5,1884,test
cluster,5,1886,test
cluster,5,1887,test
cluster,5,1888,test
cluster,5,1889,test
source,1,0,train
source,1,1,train
source,1,2,train
source,1,3,train
source,1,4,train
source,1,5,train
source,1,6,train
source,1,7,train
source,1,8,train
source,1,9,train
source,1,10,train
source,1,11,train
source,1,12,train
source,1,13,train
source,1,14,train
source,1,15,train
source,1,16,train
source,1,17,train
source,1,18,train
source,1,19,train
source,1,20,train
source,1,21,train
source,1,22,train
source,1,23,train
source,1,24,train
source,1,25,train
source,1,26,train
source,1,27,train
source,1,28,train
source,1,29,train
source,1,30,train
source,1,31,train
source,1,32,train
source,1,33,train
source,1,34,train
source,1,35,train
source,1,36,train
source,1,37,train
source,1,38,train
source,1,39,train
source,1,40,train
source,1,41,train
source,1,42,train
source,1,43,train
source,1,44,train
source,1,45,train
source,1,46,train
source,1,47,train
source,1,48,train
source,1,49,train
source,1,50,train
source,1,51,train
source,1,52,train
source,1,53,train
source,1,54,train
source,1,55,train
source,1,56,train
source,1,57,train
source,1,58,train
source,1,59,train
source,1,60,train
source,1,61,train
source,1,62,train
source,1,63,train
source,1,64,train
source,1,65,train
source,1,66,train
source,1,67,train
source,1,68,train
source,1,69,train
source,1,70,train
source,1,71,train
source,1,72,train
source,1,73,train
source,1,76,train
source,1,106,train
source,1,107,train
source,1,108,train
source,1,109,train
source,1,110,train
source,1,111,train
source,1,112,train
source,1,113,train
source,1,114,train
source,1,115,train
source,1,116,train
source,1,117,train
source,1,118,train
source,1,119,train
source,1,120,train
source,1,121,train
source,1,122,train
source,1,123,train
source,1,124,train
source,1,125,train
source,1,126,train
source,1,127,train
source,1,128,train
source,1,129,train
source,1,130,train
source,1,131,train
source,1,132,train
source,1,133,train
source,1,134,train
source,1,135,train
source,1,136,train
source,1,137,train
source,1,138,train
source,1,139,train
source,1,140,train
source,1,141,train
source,1,142,train
source,1,143,train
source,1,144,train
source,1,145,train
source,1,146,train
source,1,147,train
source,1,148,train
source,1,149,train
source,1,150,train
source,1,151,train
source,1,152,train
source,1,153,train
source,1,154,train
source,1,155,train
source,1,156,train
source,1,157,train
source,1,158,train
source,1,159,train
source,1,160,train
source,1,161,train
source,1,162,train
source,1,163,train
source,1,164,train
source,1,165,train
source,1,166,train
source,1,167,train
source,1,168,train
source,1,169,train
source,1,170,train
source,1,171,train
source,1,172,train
source,1,173,train
source,1,174,train
source,1,175,train
source,1,176,train
source,1,177,train
source,1,178,train
source,1,179,train
source,1,180,train
source,1,181,train
source,1,182,train
source,1,183,train
source,1,184,train
source,1,185,train
source,1,186,train
source,1,187,train
source,1,188,train
source,1,189,train
source,1,190,train
source,1,191,train
source,1,192,train
source,1,193,train
source,1,194,train
source,1,195,train
source,1,196,train
source,1,197,train
source,1,198,train
source,1,199,train
source,1,200,train
source,1,201,train
source,1,202,train
source,1,203,train
source,1,204,train
source,1,205,train
source,1,216,train
source,1,217,train
source,1,218,train
source,1,219,train
source,1,220,train
source,1,221,train
source,1,222,train
source,1,223,train
source,1,224,train
source,1,225,train
source,1,226,train
source,1,227,train
source,1,228,train
source,1,229,train
source,1,230,train
source,1,231,train
source,1,232,train
source,1,233,train
source,1,234,train
source,1,235,train
source,1,236,train
source,1,237,train
source,1,238,train
source,1,239,train
source,1,240,train
source,1,241,train
source,1,242,train
source,1,243,train
source,1,244,train
source,1,245,train
source,1,246,train
source,1,247,train
source,1,248,train
source,1,249,train
source,1,250,train
source,1,251,train
source,1,252,train
source,1,253,train
source,1,254,train
source,1,255,train
source,1,256,train
source,1,257,train
source,1,258,train
source,1,259,train
source,1,260,train
source,1,261,train
source,1,262,train
source,1,263,train
source,1,264,train
source,1,265,train
source,1,266,train
source,1,267,train
source,1,268,train
source,1,269,train
source,1,270,train
source,1,271,train
source,1,272,train
source,1,273,train
source,1,274,train
source,1,275,train
source,1,276,train
source,1,277,train
source,1,278,train
source,1,279,train
source,1,280,train
source,1,281,train
source,1,282,train
source,1,283,train
source,1,284,train
source,1,286,train
source,1,287,train
source,1,288,train
source,1,289,train
source,1,290,train
source,1,291,train
source,1,292,train
source,1,293,train
source,1,294,train
source,1,295,train
source,1,296,train
source,1,297,train
source,1,298,train
source,1,299,train
source,1,300,train
source,1,301,train
source,1,302,train
source,1,303,train
source,1,304,train
source,1,305,train
source,1,306,train
source,1,307,train
source,1,308,train
source,1,309,train
source,1,310,train
source,1,311,train
source,1,312,train
source,1,313,train
source,1,314,train
source,1,315,train
source,1,316,train
source,1,317,train
source,1,318,train
source,1,319,train
source,1,320,train
source,1,321,train
source,1,322,train
source,1,323,train
source,1,324,train
source,1,325,train
source,1,326,train
source,1,327,train
source,1,328,train
source,1,329,train
source,1,330,train
source,1,331,train
source,1,332,train
source,1,333,train
source,1,334,train
source,1,335,train
source,1,336,train
source,1,337,train
source,1,338,train
source,1,339,train
source,1,340,train
source,1,341,train
source,1,342,train
source,1,343,train
source,1,344,train
source,1,345,train
source,1,346,train
source,1,347,train
source,1,348,train
source,1,349,train
source,1,350,train
source,1,351,train
source,1,352,train
source,1,353,train
source,1,372,train
source,1,373,train
source,1,374,train
source,1,375,train
source,1,376,train
source,1,377,train
source,1,378,train
source,1,379,train
source,1,380,train
source,1,381,train
source,1,382,train
source,1,383,train
source,1,384,train
source,1,385,train
source,1,386,train
source,1,387,train
source,1,388,train
source,1,389,train
source,1,390,train
source,1,391,train
source,1,392,train
source,1,393,train
source,1,394,train
source,1,395,train
source,1,396,train
source,1,397,train
source,1,398,train
source,1,399,train
source,1,400,train
source,1,401,train
source,1,402,train
source,1,403,train
source,1,404,train
source,1,405,train
source,1,406,train
source,1,407,train
source,1,408,train
source,1,409,train
source,1,410,train
source,1,411,train
source,1,412,train
source,1,413,train
source,1,414,train
source,1,415,train
source,1,416,train
source,1,417,train
source,1,418,train
source,1,419,train
source,1,420,train
source,1,421,train
source,1,422,train
source,1,423,train
source,1,424,train
source,1,425,train
source,1,426,train
source,1,427,train
source,1,428,train
source,1,429,train
source,1,430,train
source,1,431,train
source,1,432,train
source,1,433,train
source,1,434,train
source,1,435,train
source,1,436,train
source,1,437,train
source,1,438,train
source,1,439,train
source,1,440,train
source,1,441,train
source,1,442,train
source,1,443,train
source,1,444,train
source,1,445,train
source,1,446,train
source,1,447,train
source,1,448,train
source,1,449,train
source,1,450,train
source,1,451,train
source,1,452,train
source,1,453,train
source,1,454,train
source,1,455,train
source,1,456,train
source,1,457,train
source,1,458,train
source,1,459,train
source,1,460,train
source,1,461,train
source,1,462,train
source,1,463,train
source,1,464,train
source,1,465,train
source,1,466,train
source,1,467,train
source,1,468,train
source,1,469,train
source,1,470,train
source,1,471,train
source,1,472,train
source,1,473,train
source,1,474,train
source,1,475,train
source,1,476,train
source,1,477,train
source,1,478,train
source,1,479,train
source,1,480,train
source,1,481,train
source,1,497,train
source,1,498,train
source,1,499,train
source,1,500,train
source,1,501,train
source,1,502,train
source,1,503,train
source,1,504,train
source,1,505,train
source,1,506,train
source,1,507,train
source,1,508,train
source,1,509,train
source,1,510,train
source,1,511,train
source,1,512,train
source,1,513,train
source,1,514,train
source,1,515,train
source,1,516,train
source,1,517,train
source,1,518,train
source,1,519,train
source,1,520,train
source,1,521,train
source,1,522,train
source,1,523,train
source,1,524,train
source,1,525,train
source,1,526,train
source,1,527,train
source,1,528,train
source,1,529,train
source,1,530,train
source,1,531,train
source,1,532,train
source,1,533,train
source,1,534,train
source,1,535,train
source,1,536,train
source,1,537,train
source,1,538,train
source,1,539,train
source,1,540,train
source,1,541,train
source,1,542,train
source,1,543,train
source,1,544,train
source,1,545,train
source,1,546,train
source,1,547,train
source,1,548,train
source,1,549,train
source,1,550,train
source,1,551,train
source,1,552,train
source,1,553,train
source,1,554,train
source,1,555,train
source,1,556,train
source,1,557,train
source,1,558,train
source,1,559,train
source,1,560,train
source,1,561,train
source,1,562,train
source,1,563,train
source,1,564,train
source,1,565,train
source,1,567,train
source,1,568,train
source,1,569,train
source,1,570,train
source,1,571,train
source,1,572,train
source,1,573,train
source,1,574,train
source,1,575,train
source,1,576,train
source,1,577,train
source,1,579,train
source,1,580,train
source,1,581,train
source,1,582,train
source,1,583,train
source,1,584,train
source,1,585,train
source,1,586,train
source,1,587,train
source,1,588,train
source,1,589,train
source,1,590,train
source,1,591,train
source,1,592,train
source,1,600,train
source,1,601,train
source,1,602,train
source,1,603,train
source,1,604,train
source,1,605,train
source,1,606,train
source,1,607,train
source,1,608,train
source,1,609,train
source,1,610,train
source,1,611,train
source,1,612,train
source,1,613,train
source,1,614,train
source,1,615,train
source,1,616,train
source,1,617,train
source,1,618,train
source,1,619,train
source,1,620,train
source,1,621,train
source,1,622,train
source,1,623,train
source,1,624,train
source,1,625,train
source,1,626,train
source,1,627,train
source,1,628,train
source,1,629,train
source,1,630,train
source,1,631,train
source,1,632,train
source,1,633,train
source,1,634,train
source,1,635,train
source,1,636,train
source,1,637,train
source,1,638,train
source,1,639,train
source,1,640,train
source,1,641,train
source,1,642,train
source,1,643,train
source,1,644,train
source,1,645,train
source,1,646,train
source,1,647,train
source,1,648,train
source,1,649,train
source,1,650,train
source,1,651,train
source,1,652,train
source,1,653,train
source,1,654,train
source,1,655,train
source,1,656,train
source,1,657,train
source,1,658,train
source,1,659,train
source,1,660,train
source,1,661,train
source,1,662,train
source,1,663,train
source,1,664,train
source,1,665,train
source,1,666,train
source,1,667,train
source,1,668,train
source,1,669,train
source,1,670,train
source,1,671,train
source,1,672,train
source,1,673,train
source,1,674,train
source,1,675,train
source,1,676,train
source,1,677,train
source,1,678,train
source,1,679,train
source,1,680,train
source,1,681,train
source,1,682,train
source,1,683,train
source,1,684,train
source,1,685,train
source,1,686,train
source,1,687,train
source,1,688,train
source,1,689,train
source,1,690,train
source,1,691,train
source,1,692,train
source,1,693,train
source,1,694,train
source,1,695,train
source,1,705,train
source,1,706,train
source,1,707,train
source,1,708,train
source,1,709,train
source,1,710,train
source,1,711,train
source,1,712,train
source,1,713,train
source,1,714,train
source,1,715,train
source,1,716,train
source,1,717,train
source,1,718,train
source,1,719,train
source,1,720,train
source,1,721,train
source,1,722,train
source,1,723,train
source,1,724,train
source,1,725,train
source,1,726,train
source,1,727,train
source,1,728,train
source,1,729,train
source,1,730,train
source,1,731,train
source,1,732,train
source,1,733,train
source,1,734,train
source,1,735,train
source,1,736,train
source,1,737,train
source,1,738,train
source,1,739,train
source,1,740,train
source,1,741,train
source,1,742,train
source,1,743,train
source,1,744,train
source,1,745,train
source,1,746,train
source,1,747,train
source,1,748,train
source,1,749,train
source,1,750,train
source,1,751,train
source,1,752,train
source,1,753,train
source,1,754,train
source,1,755,train
source,1,756,train
source,1,757,train
source,1,758,train
source,1,759,train
source,1,760,train
source,1,761,train
source,1,762,train
source,1,763,train
source,1,764,train
source,1,765,train
source,1,766,train
source,1,767,train
source,1,768,train
source,1,769,train
source,1,770,train
source,1,771,train
source,1,772,train
source,1,773,train
source,1,774,train
source,1,775,train
source,1,776,train
source,1,777,train
source,1,778,train
source,1,779,train
source,1,780,train
source,1,781,train
source,1,782,train
source,1,783,train
source,1,784,train
source,1,785,train
source,1,786,train
source,1,787,train
source,1,788,train
source,1,789,train
source,1,790,train
source,1,791,train
source,1,792,train
source,1,793,train
source,1,794,train
source,1,795,train
source,1,796,train
source,1,797,train
source,1,798,train
source,1,799,train
source,1,800,train
source,1,801,train
source,1,802,train
source,1,803,train
source,1,804,train
source,1,805,train
source,1,806,train
source,1,807,train
source,1,808,train
source,1,809,train
source,1,810,train
source,1,811,train
source,1,812,train
source,1,813,train
source,1,814,train
source,1,815,train
source,1,822,train
source,1,823,train
source,1,824,train
source,1,825,train
source,1,826,train
source,1,827,train
source,1,828,train
source,1,829,train
source,1,830,train
source,1,831,train
source,1,832,train
source,1,833,train
source,1,834,train
source,1,835,train
source,1,836,train
source,1,837,train
source,1,838,train
source,1,839,train
source,1,840,train
source,1,841,train
source,1,842,train
source,1,843,train
source,1,844,train
source,1,845,train
source,1,846,train
source,1,847,train
source,1,848,train
source,1,849,train
source,1,850,train
source,1,851,train
source,1,852,train
source,1,853,train
source,1,854,train
source,1,855,train
source,1,856,train
source,1,857,train
source,1,858,train
source,1,859,train
source,1,860,train
source,1,861,train
source,1,862,train
source,1,863,train
source,1,864,train
source,1,865,train
source,1,866,train
source,1,867,train
source,1,868,train
source,1,869,train
source,1,870,train
source,1,871,train
source,1,872,train
source,1,873,train
source,1,874,train
source,1,875,train
source,1,876,train
source,1,877,train
source,1,878,train
source,1,879,train
source,1,880,train
source,1,881,train
source,1,882,train
source,1,883,train
source,1,884,train
source,1,885,train
source,1,886,train
source,1,887,train
source,1,888,train
source,1,889,train
source,1,890,train
source,1,891,train
source,1,892,train
source,1,893,train
source,1,894,train
source,1,895,train
source,1,896,train
source,1,897,train
source,1,898,train
source,1,899,train
source,1,900,train
source,1,902,train
source,1,903,train
source,1,904,train
source,1,905,train
source,1,906,train
source,1,907,train
source,1,908,train
source,1,909,train
source,1,910,train
source,1,911,train
source,1,912,train
source,1,913,train
source,1,914,train
source,1,915,train
source,1,916,train
source,1,917,train
source,1,918,train
source,1,919,train
source,1,920,train
source,1,921,train
source,1,922,train
source,1,923,train
source,1,924,train
source,1,925,train
source,1,926,train
source,1,927,train
source,1,928,train
source,1,929,train
source,1,930,train
source,1,931,train
source,1,932,train
source,1,933,train
source,1,934,train
source,1,935,train
source,1,936,train
source,1,937,train
source,1,938,train
source,1,939,train
source,1,940,train
source,1,941,train
source,1,942,train
source,1,943,train
source,1,944,train
source,1,945,train
source,1,946,train
source,1,951,train
source,1,952,train
source,1,953,train
source,1,954,train
source,1,955,train
source,1,956,train
source,1,957,train
source,1,958,train
source,1,959,train
source,1,960,train
source,1,961,train
source,1,962,train
source,1,963,train
source,1,964,train
source,1,965,train
source,1,966,train
source,1,967,train
source,1,968,train
source,1,969,train
source,1,970,train
source,1,971,train
source,1,972,train
source,1,973,train
source,1,974,train
source,1,975,train
source,1,976,train
source,1,977,train
source,1,978,train
source,1,979,train
source,1,980,train
source,1,981,train
source,1,982,train
source,1,983,train
source,1,984,train
source,1,985,train
source,1,986,train
source,1,987,train
source,1,999,train
source,1,1000,train
source,1,1001,train
source,1,1003,train
source,1,1004,train
source,1,1005,train
source,1,1006,train
source,1,1007,train
source,1,1008,train
source,1,1009,train
source,1,1010,train
source,1,1011,train
source,1,1012,train
source,1,1013,train
source,1,1014,train
source,1,1015,train
source,1,1016,train
source,1,1017,train
source,1,1018,train
source,1,1019,train
source,1,1020,train
source,1,1021,train
source,1,1022,train
source,1,1023,train
source,1,1024,train
source,1,1025,train
source,1,1027,train
source,1,1028,train
source,1,1029,train
source,1,1030,train
source,1,1031,train
source,1,1032,train
source,1,1033,train
source,1,1034,train
source,1,1035,train
source,1,1036,train
source,1,1037,train
source,1,1038,train
source,1,1039,train
source,1,1040,train
source,1,1041,train
source,1,1042,train
source,1,1043,train
source,1,1044,train
source,1,1045,train
source,1,1046,train
source,1,1047,train
source,1,1048,train
source,1,1049,train
source,1,1051,train
source,1,1053,train
source,1,1058,train
source,1,1059,train
source,1,1060,train
source,1,1061,train
source,1,1062,train
source,1,1063,train
source,1,1064,train
source,1,1065,train
source,1,1066,train
source,1,1067,train
source,1,1068,train
source,1,1069,train
source,1,1070,train
source,1,1071,train
source,1,1072,train
source,1,1073,train
source,1,1074,train
source,1,1075,train
source,1,1076,train
source,1,1077,train
source,1,1078,train
source,1,1079,train
source,1,1080,train
source,1,1081,train
source,1,1082,train
source,1,1083,train
source,1,1084,train
source,1,1085,train
source,1,1086,train
source,1,1087,train
source,1,1088,train
source,1,1089,train
source,1,1090,train
source,1,1091,train
source,1,1092,train
source,1,1093,train
source,1,1094,train
source,1,1095,train
source,1,1096,train
source,1,1097,train
source,1,1098,train
source,1,1099,train
source,1,1100,train
source,1,1101,train
source,1,1102,train
source,1,1103,train
source,1,1104,train
source,1,1105,train
source,1,1106,train
source,1,1107,train
source,1,1108,train
source,1,1109,train
source,1,1110,train
source,1,1111,train
source,1,1112,train
source,1,1113,train
source,1,1114,train
source,1,1115,train
source,1,1116,train
source,1,1117,train
source,1,1118,train
source,1,1119,train
source,1,1120,train
source,1,1121,train
source,1,1122,train
source,1,1123,train
source,1,1124,train
source,1,1126,train
source,1,1132,train
source,1,1133,train
source,1,1134,train
source,1,1135,train
source,1,1136,train
source,1,1137,train
source,1,1139,train
source,1,1140,train
source,1,1141,train
source,1,1142,train
source,1,1143,train
source,1,1144,train
source,1,1145,train
source,1,1146,train
source,1,1147,train
source,1,1148,train
source,1,1149,train
source,1,1150,train
source,1,1151,train
source,1,1152,train
source,1,1153,train
source,1,1154,train
source,1,1155,train
source,1,1156,train
source,1,1157,train
source,1,1158,train
source,1,1159,train
source,1,1160,train
source,1,1161,train
source,1,1162,train
source,1,1163,train
source,1,1164,train
source,1,1165,train
source,1,1166,train
source,1,1167,train
source,1,1168,train
source,1,1169,train
source,1,1170,train
source,1,1171,train
source,1,1172,train
source,1,1173,train
source,1,1174,train
source,1,1175,train
source,1,1176,train
source,1,1177,train
source,1,1178,train
source,1,1179,train
source,1,1180,train
source,1,1181,train
source,1,1182,train
source,1,1183,train
source,1,1184,train
source,1,1185,train
source,1,1186,train
source,1,1187,train
source,1,1188,train
source,1,1189,train
source,1,1190,train
source,1,1191,train
source,1,1192,train
source,1,1193,train
source,1,1194,train
source,1,1195,train
source,1,1196,train
source,1,1197,train
source,1,1198,train
source,1,1199,train
source,1,1200,train
source,1,1201,train
source,1,1202,train
source,1,1203,train
source,1,1204,train
source,1,1205,train
source,1,1206,train
source,1,1207,train
source,1,1208,train
source,1,1209,train
source,1,1210,train
source,1,1211,train
source,1,1212,train
source,1,1213,train
source,1,1214,train
source,1,1215,train
source,1,1216,train
source,1,1217,train
source,1,1218,train
source,1,1219,train
source,1,1220,train
source,1,1221,train
source,1,1222,train
source,1,1223,train
source,1,1224,train
source,1,1225,train
source,1,1226,train
source,1,1227,train
source,1,1228,train
source,1,1229,train
source,1,1230,train
source,1,1231,train
source,1,1232,train
source,1,1233,train
source,1,1234,train
source,1,1235,train
source,1,1236,train
source,1,1237,train
source,1,1238,train
source,1,1239,train
source,1,1240,train
source,1,1241,train
source,1,1242,train
source,1,1243,train
source,1,1244,train
source,1,1245,train
source,1,1246,train
source,1,1247,train
source,1,1248,train
source,1,1249,train
source,1,1250,train
source,1,1251,train
source,1,1252,train
source,1,1253,train
source,1,1254,train
source,1,1255,train
source,1,1256,train
source,1,1257,train
source,1,1258,train
source,1,1259,train
source,1,1260,train
source,1,1261,train
source,1,1262,train
source,1,1263,train
source,1,1264,train
source,1,1265,train
source,1,1266,train
source,1,1267,train
source,1,1268,train
source,1,1269,train
source,1,1270,train
source,1,1271,train
source,1,1272,train
source,1,1273,train
source,1,1274,train
source,1,1275,train
source,1,1276,train
source,1,1277,train
source,1,1278,train
source,1,1279,train
source,1,1280,train
source,1,1281,train
source,1,1282,train
source,1,1283,train
source,1,1284,train
source,1,1285,train
source,1,1286,train
source,1,1287,train
source,1,1288,train
source,1,1289,train
source,1,1290,train
source,1,1291,train
source,1,1292,train
source,1,1293,train
source,1,1294,train
source,1,1295,train
source,1,1296,train
source,1,1297,train
source,1,1298,train
source,1,1299,train
source,1,1300,train
source,1,1301,train
source,1,1302,train
source,1,1303,train
source,1,1304,train
source,1,1305,train
source,1,1306,train
source,1,1307,train
source,1,1308,train
source,1,1309,train
source,1,1310,train
source,1,1311,train
source,1,1312,train
source,1,1313,train
source,1,1314,train
source,1,1315,train
source,1,1316,train
source,1,1317,train
source,1,1318,train
source,1,1319,train
source,1,1320,train
source,1,1321,train
source,1,1322,train
source,1,1323,train
source,1,1324,train
source,1,1325,train
source,1,1326,train
source,1,1327,train
source,1,1328,train
source,1,1329,train
source,1,1330,train
source,1,1331,train
source,1,1332,train
source,1,1333,train
source,1,1334,train
source,1,1335,train
source,1,1336,train
source,1,1337,train
source,1,1338,train
source,1,1339,train
source,1,1340,train
source,1,1341,train
source,1,1342,train
source,1,1343,train
source,1,1344,train
source,1,1345,train
source,1,1346,train
source,1,1347,train
source,1,1348,train
source,1,1349,train
source,1,1350,train
source,1,1351,train
source,1,1352,train
source,1,1353,train
source,1,1354,train
source,1,1355,train
source,1,1356,train
source,1,1357,train
source,1,1358,train
source,1,1359,train
source,1,1360,train
source,1,1361,train
source,1,1362,train
source,1,1363,train
source,1,1364,train
source,1,1365,train
source,1,1366,train
source,1,1367,train
source,1,1368,train
source,1,1369,train
source,1,1370,train
source,1,1371,train
source,1,1372,train
source,1,1373,train
source,1,1374,train
source,1,1375,train
source,1,1376,train
source,1,1377,train
source,1,1378,train
source,1,1379,train
source,1,1380,train
source,1,1381,train
source,1,1382,train
source,1,1383,train
source,1,1384,train
source,1,1385,train
source,1,1386,train
source,1,1387,train
source,1,1388,train
source,1,1389,train
source,1,1390,train
source,1,1391,train
source,1,1392,train
source,1,1393,train
source,1,1394,train
source,1,1395,train
source,1,1396,train
source,1,1397,train
source,1,1398,train
source,1,1399,train
source,1,1400,train
source,1,1401,train
source,1,1402,train
source,1,1403,train
source,1,1404,train
source,1,1405,train
source,1,1406,train
source,1,1407,train
source,1,1408,train
source,1,1426,train
source,1,1427,train
source,1,1428,train
source,1,1429,train
source,1,1430,train
source,1,1431,train
source,1,1432,train
source,1,1433,train
source,1,1434,train
source,1,1435,train
source,1,1436,train
source,1,1437,train
source,1,1438,train
source,1,1439,train
source,1,1440,train
source,1,1441,train
source,1,1442,train
source,1,1443,train
source,1,1444,train
source,1,1445,train
source,1,1446,train
source,1,1447,train
source,1,1448,train
source,1,1449,train
source,1,1450,train
source,1,1451,train
source,1,1452,train
source,1,1453,train
source,1,1454,train
source,1,1455,train
source,1,1456,train
source,1,1457,train
source,1,1458,train
source,1,1459,train
source,1,1460,train
source,1,1461,train
source,1,1462,train
source,1,1463,train
source,1,1464,train
source,1,1465,train
source,1,1466,train
source,1,1467,train
source,1,1468,train
source,1,1469,train
source,1,1470,train
source,1,1471,train
source,1,1472,train
source,1,1473,train
source,1,1474,train
source,1,1475,train
source,1,1476,train
source,1,1477,train
source,1,1478,train
source,1,1479,train
source,1,1480,train
source,1,1481,train
source,1,1482,train
source,1,1483,train
source,1,1484,train
source,1,1485,train
source,1,1486,train
source,1,1487,train
source,1,1488,train
source,1,1489,train
source,1,1490,train
source,1,1491,train
source,1,1492,train
source,1,1493,train
source,1,1494,train
source,1,1495,train
source,1,1496,train
source,1,1497,train
source,1,1498,train
source,1,1499,train
source,1,1500,train
source,1,1501,train
source,1,1502,train
source,1,1503,train
source,1,1504,train
source,1,1505,train
source,1,1506,train
source,1,1507,train
source,1,1508,train
source,1,1509,train
source,1,1510,train
source,1,1511,train
source,1,1512,train
source,1,1513,train
source,1,1514,train
source,1,1515,train
source,1,1516,train
source,1,1517,train
source,1,1518,train
source,1,1519,train
source,1,1520,train
source,1,1521,train
source,1,1522,train
source,1,1525,train
source,1,1526,train
source,1,1527,train
source,1,1528,train
source,1,1529,train
source,1,1530,train
source,1,1531,train
source,1,1532,train
source,1,1533,train
source,1,1534,train
source,1,1535,train
source,1,1536,train
source,1,1537,train
source,1,1538,train
source,1,1539,train
source,1,1540,train
source,1,1541,train
source,1,1542,train
source,1,1543,train
source,1,1544,train
source,1,1545,train
source,1,1546,train
source,1,1547,train
source,1,1548,train
source,1,1560,train
source,1,1561,train
source,1,1565,train
source,1,1566,train
source,1,1567,train
source,1,1568,train
source,1,1569,train
source,1,1570,train
source,1,1571,train
source,1,1572,train
source,1,1573,train
source,1,1574,train
source,1,1575,train
source,1,1576,train
source,1,1577,train
source,1,1578,train
source,1,1579,train
source,1,1580,train
source,1,1581,train
source,1,1582,train
source,1,1583,train
source,1,1584,train
source,1,1585,train
source,1,1586,train
source,1,1587,train
source,1,1588,train
source,1,1589,train
source,1,1590,train
source,1,1591,train
source,1,1592,train
source,1,1593,train
source,1,1594,train
source,1,1595,train
source,1,1596,train
source,1,1597,train
source,1,1598,train
source,1,1599,train
source,1,1600,train
source,1,1601,train
source,1,1602,train
source,1,1603,train
source,1,1604,train
source,1,1605,train
source,1,1606,train
source,1,1607,train
source,1,1608,train
source,1,1609,train
source,1,1610,train
source,1,1611,train
source,1,1612,train
source,1,1613,train
source,1,1614,train
source,1,1615,train
source,1,1616,train
source,1,1617,train
source,1,1618,train
source,1,1619,train
source,1,1620,train
source,1,1621,train
source,1,1622,train
source,1,1623,train
source,1,1624,train
source,1,1625,train
source,1,1637,train
source,1,1638,train
source,1,1639,train
source,1,1640,train
source,1,1641,train
source,1,1642,train
source,1,1643,train
source,1,1644,train
source,1,1645,train
source,1,1646,train
source,1,1647,train
source,1,1648,train
source,1,1649,train
source,1,1650,train
source,1,1651,train
source,1,1652,train
source,1,1653,train
source,1,1654,train
source,1,1655,train
source,1,1656,train
source,1,1657,train
source,1,1658,train
source,1,1659,train
source,1,1660,train
source,1,1661,train
source,1,1662,train
source,1,1663,train
source,1,1664,train
source,1,1665,train
source,1,1666,train
source,1,1667,train
source,1,1668,train
source,1,1669,train
source,1,1670,train
source,1,1671,train
source,1,1672,train
source,1,1673,train
source,1,1674,train
source,1,1675,train
source,1,1676,train
source,1,1677,train
source,1,1678,train
source,1,1679,train
source,1,1680,train
source,1,1681,train
source,1,1682,train
source,1,1683,train
source,1,1684,train
source,1,1685,train
source,1,1686,train
source,1,1687,train
source,1,1688,train
source,1,1689,train
source,1,1690,train
source,1,1691,train
source,1,1692,train
source,1,1693,train
source,1,1696,train
source,1,1697,train
source,1,1698,train
source,1,1699,train
source,1,1702,train
source,1,1703,train
source,1,1704,train
source,1,1705,train
source,1,1706,train
source,1,1707,train
source,1,1708,train
source,1,1709,train
source,1,1710,train
source,1,1711,train
source,1,1712,train
source,1,1713,train
source,1,1714,train
source,1,1715,train
source,1,1716,train
source,1,1717,train
source,1,1718,train
source,1,1719,train
source,1,1720,train
source,1,1721,train
source,1,1722,train
source,1,1723,train
source,1,1724,train
source,1,1725,train
source,1,1726,train
source,1,1727,train
source,1,1728,train
source,1,1729,train
source,1,1730,train
source,1,1731,train
source,1,1732,train
source,1,1733,train
source,1,1734,train
source,1,1735,train
source,1,1736,train
source,1,1737,train
source,1,1738,train
source,1,1739,train
source,1,1740,train
source,1,1741,train
source,1,1742,train
source,1,1743,train
source,1,1744,train
source,1,1745,train
source,1,1746,train
source,1,1747,train
source,1,1748,train
source,1,1749,train
source,1,1750,train
source,1,1751,train
source,1,1752,train
source,1,1753,train
source,1,1754,train
source,1,1755,train
source,1,1756,train
source,1,1757,train
source,1,1758,train
source,1,1759,train
source,1,1760,train
source,1,1761,train
source,1,1762,train
source,1,1763,train
source,1,1764,train
source,1,1765,train
source,1,1778,train
source,1,1779,train
source,1,1780,train
source,1,1781,train
source,1,1782,train
source,1,1783,train
source,1,1784,train
source,1,1785,train
source,1,1786,train
source,1,1787,train
source,1,1788,train
source,1,1789,train
source,1,1790,train
source,1,1791,train
source,1,1792,train
source,1,1793,train
source,1,1794,train
source,1,1795,train
source,1,1796,train
source,1,1797,train
source,1,1798,train
source,1,1799,train
source,1,1800,train
source,1,1801,train
source,1,1802,train
source,1,1803,train
source,1,1804,train
source,1,1805,train
source,1,1806,train
source,1,1807,train
source,1,1808,train
source,1,1809,train
source,1,1810,train
source,1,1811,train
source,1,1812,train
source,1,1813,train
source,1,1814,train
source,1,1815,train
source,1,1816,train
source,1,1817,train
source,1,1818,train
source,1,1819,train
source,1,1820,train
source,1,1821,train
source,1,1822,train
source,1,1823,train
source,1,1824,train
source,1,1825,train
source,1,1826,train
source,1,1827,train
source,1,1828,train
source,1,1829,train
source,1,1830,train
source,1,1831,train
source,1,1832,train
source,1,1833,train
source,1,1835,train
source,1,1836,train
source,1,1837,train
source,1,1838,train
source,1,1839,train
source,1,1840,train
source,1,1841,train
source,1,1842,train
source,1,1843,train
source,1,1844,train
source,1,1845,train
source,1,1846,train
source,1,1847,train
source,1,1848,train
source,1,1849,train
source,1,1850,train
source,1,1851,train
source,1,1852,train
source,1,1853,train
source,1,1854,train
source,1,1855,train
source,1,1856,train
source,1,1857,train
source,1,1858,train
source,1,1859,train
source,1,1860,train
source,1,1861,train
source,1,1862,train
source,1,1863,train
source,1,1864,train
source,1,1865,train
source,1,1866,train
source,1,1867,train
source,1,1868,train
source,1,1869,train
source,1,1870,train
source,1,1871,train
source,1,1872,train
source,1,1873,train
source,1,1874,train
source,1,1875,train
source,1,1876,train
source,1,1877,train
source,1,1878,train
source,1,1879,train
source,1,1880,train
source,1,1881,train
source,1,1882,train
source,1,1883,train
source,1,1884,train
source,1,1885,train
source,1,1886,train
source,1,1887,train
source,1,1888,train
source,1,1889,train
source,1,1890,train
source,1,1891,train
source,1,1892,train
source,1,1893,train
source,1,1894,train
source,1,1895,train
source,1,1896,train
source,1,1897,train
source,1,1898,train
source,1,1899,train
source,1,1900,train
source,1,1901,train
source,1,1902,train
source,1,1903,train
source,1,1904,train
source,1,1905,train
source,1,1906,train
source,1,1907,train
source,1,1908,train
source,1,1909,train
source,1,1910,train
source,1,74,test
source,1,75,test
source,1,77,test
source,1,78,test
source,1,79,test
source,1,80,test
source,1,81,test
source,1,82,test
source,1,83,test
source,1,84,test
source,1,85,test
source,1,86,test
source,1,87,test
source,1,88,test
source,1,89,test
source,1,90,test
source,1,91,test
source,1,92,test
source,1,93,test
source,1,94,test
source,1,95,test
source,1,96,test
source,1,97,test
source,1,98,test
source,1,99,test
source,1,100,test
source,1,101,test
source,1,102,test
source,1,103,test
source,1,104,test
source,1,105,test
source,1,206,test
source,1,207,test
source,1,208,test
source,1,209,test
source,1,210,test
source,1,211,test
source,1,212,test
source,1,213,test
source,1,214,test
source,1,215,test
source,1,285,test
source,1,354,test
source,1,355,test
source,1,356,test
source,1,357,test
source,1,358,test
source,1,359,test
source,1,360,test
source,1,361,test
source,1,362,test
source,1,363,test
source,1,364,test
source,1,365,test
source,1,366,test
source,1,367,test
source,1,368,test
source,1,369,test
source,1,370,test
source,1,371,test
source,1,482,test
source,1,483,test
source,1,484,test
source,1,485,test
source,1,486,test
source,1,487,test
source,1,488,test
source,1,489,test
source,1,490,test
source,1,491,test
source,1,492,test
source,1,493,test
source,1,494,test
source,1,495,test
source,1,496,test
source,1,566,test
source,1,578,test
source,1,593,test
source,1,594,test
source,1,595,test
source,1,596,test
source,1,597,test
source,1,598,test
source,1,599,test
source,1,696,test
source,1,697,test
source,1,698,test
source,1,699,test
source,1,700,test
source,1,701,test
source,1,702,test
source,1,703,test
source,1,704,test
source,1,816,test
source,1,817,test
source,1,818,test
source,1,819,test
source,1,820,test
source,1,821,test
source,1,901,test
source,1,947,test
source,1,948,test
source,1,949,test
source,1,950,test
source,1,988,test
source,1,989,test
source,1,990,test
source,1,991,test
source,1,992,test
source,1,993,test
source,1,994,test
source,1,995,test
source,1,996,test
source,1,997,test
source,1,998,test
source,1,1002,test
source,1,1026,test
source,1,1050,test
source,1,1052,test
source,1,1054,test
source,1,1055,test
source,1,1056,test
source,1,1057,test
source,1,1125,test
source,1,1127,test
source,1,1128,test
source,1,1129,test
source,1,1130,test
source,1,1131,test
source,1,1138,test
source,1,1409,test
source,1,1410,test
source,1,1411,test
source,1,1412,test
source,1,1413,test
source,1,1414,test
source,1,1415,test
source,1,1416,test
source,1,1417,test
source,1,1418,test
source,1,1419,test
source,1,1420,test
source,1,1421,test
source,1,1422,test
source,1,1423,test
source,1,1424,test
source,1,1425,test
source,1,1523,test
source,1,1524,test
source,1,1549,test
source,1,1550,test
source,1,1551,test
source,1,1552,test
source,1,1553,test
source,1,1554,test
source,1,1555,test
source,1,1556,test
source,1,1557,test
source,1,1558,test
source,1,1559,test
source,1,1562,test
source,1,1563,test
source,1,1564,test
source,1,1626,test
source,1,1627,test
source,1,1628,test
source,1,1629,test
source,1,1630,test
source,1,1631,test
source,1,1632,test
source,1,1633,test
source,1,1634,test
source,1,1635,test
source,1,1636,test
source,1,1694,test
source,1,1695,test
source,1,1700,test
source,1,1701,test
source,1,1766,test
source,1,1767,test
source,1,1768,test
source,1,1769,test
source,1,1770,test
source,1,1771,test
source,1,1772,test
source,1,1773,test
source,1,1774,test
source,1,1775,test
source,1,1776,test
source,1,1777,test
source,1,1834,test
source,2,0,train
source,2,1,train
source,2,2,train
source,2,3,train
source,2,4,train
source,2,5,train
source,2,6,train
source,2,7,train
source,2,8,train
source,2,9,train
source,2,10,train
source,2,11,train
source,2,12,train
source,2,13,train
source,2,14,train
source,2,15,train
source,2,16,train
source,2,17,train
source,2,18,train
source,2,19,train
source,2,20,train
source,2,21,train
source,2,22,train
source,2,24,train
source,2,25,train
source,2,26,train
source,2,27,train
source,2,41,train
source,2,42,train
source,2,43,train
source,2,44,train
source,2,45,train
source,2,46,train
source,2,47,train
source,2,48,train
source,2,49,train
source,2,50,train
source,2,51,train
source,2,52,train
source,2,53,train
source,2,54,train
source,2,55,train
source,2,56,train
source,2,57,train
source,2,58,train
source,2,59,train
source,2,60,train
source,2,61,train
source,2,62,train
source,2,63,train
source,2,64,train
source,2,65,train
source,2,66,train
source,2,67,train
source,2,68,train
source,2,69,train
source,2,70,train
source,2,71,train
source,2,72,train
source,2,73,train
source,2,74,train
source,2,75,train
source,2,76,train
source,2,77,train
source,2,78,train
source,2,79,train
source,2,80,train
source,2,81,train
source,2,82,train
source,2,83,train
source,2,84,train
source,2,85,train
source,2,86,train
source,2,87,train
source,2,88,train
source,2,89,train
source,2,90,train
source,2,91,train
source,2,92,train
source,2,93,train
source,2,94,train
source,2,95,train
source,2,96,train
source,2,97,train
source,2,98,train
source,2,99,train
source,2,100,train
source,2,101,train
source,2,102,train
source,2,103,train
source,2,104,train
source,2,105,train
source,2,106,train
source,2,107,train
source,2,108,train
source,2,109,train
source,2,110,train
source,2,111,train
source,2,112,train
source,2,113,train
source,2,114,train
source,2,115,train
source,2,116,train
source,2,117,train
source,2,118,train
source,2,119,train
source,2,120,train
source,2,121,train
source,2,122,train
source,2,123,train
source,2,124,train
source,2,125,train
source,2,126,train
source,2,127,train
source,2,128,train
source,2,129,train
source,2,130,train
source,2,131,train
source,2,132,train
source,2,133,train
source,2,134,train
source,2,135,train
source,2,136,train
source,2,137,train
source,2,138,train
source,2,139,train
source,2,140,train
source,2,141,train
source,2,142,train
source,2,143,train
source,2,144,train
source,2,145,train
source,2,146,train
source,2,147,train
source,2,148,train
source,2,149,train
source,2,150,train
source,2,151,train
source,2,152,train
source,2,153,train
source,2,154,train
source,2,155,train
source,2,156,train
source,2,157,train
source,2,158,train
source,2,159,train
source,2,160,train
source,2,161,train
source,2,162,train
source,2,163,train
source,2,164,train
source,2,165,train
source,2,166,train
source,2,167,train
source,2,168,train
source,2,169,train
source,2,170,train
source,2,171,train
source,2,172,train
source,2,173,train
source,2,174,train
source,2,175,train
source,2,176,train
source,2,177,train
source,2,178,train
source,2,179,train
source,2,180,train
source,2,181,train
source,2,182,train
source,2,183,train
source,2,184,train
source,2,185,train
source,2,186,train
source,2,187,train
source,2,188,train
source,2,189,train
source,2,190,train
source,2,191,train
source,2,192,train
source,2,193,train
source,2,194,train
source,2,195,train
source,2,196,train
source,2,197,train
source,2,198,train
source,2,199,train
source,2,200,train
source,2,201,train
source,2,202,train
source,2,203,train
source,2,204,train
source,2,205,train
source,2,206,train
source,2,207,train
source,2,208,train
source,2,209,train
source,2,210,train
source,2,211,train
source,2,212,train
source,2,213,train
source,2,214,train
source,2,215,train
source,2,216,train
source,2,217,train
source,2,218,train
source,2,219,train
source,2,220,train
source,2,221,train
source,2,222,train
source,2,223,train
source,2,224,train
source,2,225,train
source,2,226,train
source,2,227,train
source,2,228,train
source,2,229,train
source,2,230,train
source,2,231,train
source,2,232,train
source,2,233,train
source,2,234,train
source,2,235,train
source,2,236,train
source,2,237,train
source,2,238,train
source,2,239,train
source,2,240,train
source,2,241,train
source,2,242,train
source,2,243,train
source,2,244,train
source,2,245,train
source,2,246,train
source,2,247,train
source,2,248,train
source,2,249,train
source,2,250,train
source,2,251,train
source,2,252,train
source,2,253,train
source,2,254,train
source,2,255,train
source,2,256,train
source,2,257,train
source,2,258,train
source,2,259,train
source,2,260,train
source,2,261,train
source,2,262,train
source,2,263,train
source,2,264,train
source,2,265,train
source,2,266,train
source,2,267,train
source,2,268,train
source,2,269,train
source,2,270,train
source,2,271,train
source,2,272,train
source,2,273,train
source,2,274,train
source,2,275,train
source,2,276,train
source,2,277,train
source,2,278,train
source,2,279,train
source,2,280,train
source,2,281,train
source,2,282,train
source,2,283,train
source,2,284,train
source,2,285,train
source,2,286,train
source,2,287,train
source,2,288,train
source,2,289,train
source,2,290,train
source,2,291,train
source,2,292,train
source,2,293,train
source,2,294,train
source,2,295,train
source,2,296,train
source,2,297,train
source,2,298,train
source,2,299,train
source,2,300,train
source,2,301,train
source,2,302,train
source,2,303,train
source,2,304,train
source,2,305,train
source,2,306,train
source,2,307,train
source,2,308,train
source,2,309,train
source,2,310,train
source,2,311,train
source,2,312,train
source,2,313,train
source,2,314,train
source,2,315,train
source,2,316,train
source,2,317,train
source,2,318,train
source,2,319,train
source,2,320,train
source,2,321,train
source,2,322,train
source,2,323,train
source,2,324,train
source,2,325,train
source,2,326,train
source,2,327,train
source,2,328,train
source,2,329,train
source,2,330,train
source,2,334,train
source,2,335,train
source,2,336,train
source,2,337,train
source,2,338,train
source,2,339,train
source,2,340,train
source,2,341,train
source,2,342,train
source,2,343,train
source,2,344,train
source,2,345,train
source,2,346,train
source,2,347,train
source,2,348,train
source,2,349,train
source,2,350,train
source,2,351,train
source,2,352,train
source,2,353,train
source,2,354,train
source,2,355,train
source,2,356,train
source,2,357,train
source,2,358,train
source,2,359,train
source,2,360,train
source,2,361,train
source,2,362,train
source,2,363,train
source,2,364,train
source,2,365,train
source,2,366,train
source,2,367,train
source,2,368,train
source,2,369,train
source,2,370,train
source,2,371,train
source,2,384,train
source,2,385,train
source,2,386,train
source,2,387,train
source,2,388,train
source,2,389,train
source,2,390,train
source,2,391,train
source,2,392,train
source,2,393,train
source,2,394,train
source,2,395,train
source,2,396,train
source,2,397,train
source,2,398,train
source,2,399,train
source,2,400,train
source,2,401,train
source,2,402,train
source,2,403,train
source,2,404,train
source,2,405,train
source,2,406,train
source,2,407,train
source,2,408,train
source,2,409,train
source,2,410,train
source,2,411,train
source,2,412,train
source,2,413,train
source,2,414,train
source,2,415,train
source,2,416,train
source,2,417,train
source,2,418,train
source,2,419,train
source,2,420,train
source,2,421,train
source,2,422,train
source,2,423,train
source,2,424,train
source,2,425,train
source,2,426,train
source,2,427,train
source,2,428,train
source,2,429,train
source,2,430,train
source,2,431,train
source,2,432,train
source,2,433,train
source,2,434,train
source,2,435,train
source,2,436,train
source,2,437,train
source,2,438,train
source,2,439,train
source,2,444,train
source,2,445,train
source,2,446,train
source,2,447,train
source,2,448,train
source,2,449,train
source,2,450,train
source,2,451,train
source,2,452,train
source,2,453,train
source,2,454,train
source,2,455,train
source,2,456,train
source,2,457,train
source,2,458,train
source,2,459,train
source,2,460,train
source,2,461,train
source,2,462,train
source,2,463,train
source,2,464,train
source,2,465,train
source,2,470,train
source,2,471,train
source,2,472,train
source,2,481,train
source,2,482,train
source,2,483,train
source,2,484,train
source,2,485,train
source,2,486,train
source,2,487,train
source,2,488,train
source,2,489,train
source,2,490,train
source,2,491,train
source,2,492,train
source,2,493,train
source,2,494,train
source,2,495,train
source,2,496,train
source,2,497,train
source,2,498,train
source,2,499,train
source,2,500,train
source,2,501,train
source,2,502,train
source,2,503,train
source,2,504,train
source,2,505,train
source,2,506,train
source,2,507,train
source,2,508,train
source,2,509,train
source,2,510,train
source,2,511,train
source,2,512,train
source,2,513,train
source,2,514,train
source,2,515,train
source,2,516,train
source,2,517,train
source,2,518,train
source,2,519,train
source,2,520,train
source,2,521,train
source,2,522,train
source,2,523,train
source,2,524,train
source,2,525,train
source,2,526,train
source,2,527,train
source,2,528,train
source,2,529,train
source,2,530,train
source,2,532,train
source,2,552,train
source,2,566,train
source,2,577,train
source,2,578,train
source,2,579,train
source,2,580,train
source,2,581,train
source,2,582,train
source,2,583,train
source,2,584,train
source,2,585,train
source,2,586,train
source,2,587,train
source,2,588,train
source,2,589,train
source,2,590,train
source,2,591,train
source,2,592,train
source,2,593,train
source,2,594,train
source,2,595,train
source,2,596,train
source,2,597,train
source,2,598,train
source,2,599,train
source,2,600,train
source,2,601,train
source,2,602,train
source,2,603,train
source,2,604,train
source,2,605,train
source,2,606,train
source,2,607,train
source,2,608,train
source,2,609,train
source,2,610,train
source,2,611,train
source,2,612,train
source,2,613,train
source,2,614,train
source,2,615,train
source,2,616,train
source,2,617,train
source,2,618,train
source,2,619,train
source,2,620,train
source,2,621,train
source,2,622,train
source,2,623,train
source,2,624,train
source,2,625,train
source,2,626,train
source,2,627,train
source,2,628,train
source,2,629,train
source,2,630,train
source,2,631,train
source,2,632,train
source,2,633,train
source,2,634,train
source,2,635,train
source,2,636,train
source,2,637,train
source,2,638,train
source,2,639,train
source,2,640,train
source,2,641,train
source,2,642,train
source,2,643,train
source,2,644,train
source,2,645,train
source,2,646,train
source,2,647,train
source,2,648,train
source,2,649,train
source,2,650,train
source,2,651,train
source,2,652,train
source,2,653,train
source,2,654,train
source,2,655,train
source,2,656,train
source,2,657,train
source,2,658,train
source,2,659,train
source,2,660,train
source,2,661,train
source,2,662,train
source,2,663,train
source,2,664,train
source,2,665,train
source,2,666,train
source,2,667,train
source,2,668,train
source,2,669,train
source,2,670,train
source,2,671,train
source,2,672,train
source,2,673,train
source,2,674,train
source,2,675,train
source,2,676,train
source,2,677,train
source,2,678,train
source,2,679,train
source,2,680,train
source,2,681,train
source,2,682,train
source,2,683,train
source,2,684,train
source,2,685,train
source,2,688,train
source,2,689,train
source,2,690,train
source,2,691,train
source,2,696,train
source,2,697,train
source,2,698,train
source,2,699,train
source,2,700,train
source,2,701,train
source,2,702,train
source,2,703,train
source,2,704,train
source,2,705,train
source,2,706,train
source,2,707,train
source,2,708,train
source,2,709,train
source,2,710,train
source,2,711,train
source,2,712,train
source,2,713,train
source,2,714,train
source,2,715,train
source,2,716,train
source,2,717,train
source,2,718,train
source,2,719,train
source,2,720,train
source,2,721,train
source,2,722,train
source,2,723,train
source,2,724,train
source,2,725,train
source,2,726,train
source,2,727,train
source,2,728,train
source,2,729,train
source,2,730,train
source,2,731,train
source,2,732,train
source,2,733,train
source,2,734,train
source,2,735,train
source,2,736,train
source,2,737,train
source,2,738,train
source,2,739,train
source,2,740,train
source,2,741,train
source,2,742,train
source,2,743,train
source,2,744,train
source,2,745,train
source,2,746,train
source,2,747,train
source,2,748,train
source,2,749,train
source,2,750,train
source,2,751,train
source,2,752,train
source,2,753,train
source,2,754,train
source,2,755,train
source,2,756,train
source,2,757,train
source,2,758,train
source,2,759,train
source,2,760,train
source,2,761,train
source,2,762,train
source,2,763,train
source,2,764,train
source,2,765,train
source,2,766,train
source,2,767,train
source,2,768,train
source,2,769,train
source,2,770,train
source,2,771,train
source,2,772,train
source,2,773,train
source,2,774,train
source,2,775,train
source,2,776,train
source,2,777,train
source,2,778,train
source,2,779,train
source,2,780,train
source,2,781,train
source,2,782,train
source,2,783,train
source,2,784,train
source,2,785,train
source,2,786,train
source,2,787,train
source,2,788,train
source,2,789,train
source,2,790,train
source,2,791,train
source,2,792,train
source,2,793,train
source,2,794,train
source,2,795,train
source,2,796,train
source,2,797,train
source,2,798,train
source,2,799,train
source,2,800,train
source,2,801,train
source,2,802,train
source,2,803,train
source,2,804,train
source,2,805,train
source,2,806,train
source,2,807,train
source,2,808,train
source,2,809,train
source,2,810,train
source,2,811,train
source,2,812,train
source,2,813,train
source,2,814,train
source,2,815,train
source,2,816,train
source,2,817,train
source,2,818,train
source,2,819,train
source,2,820,train
source,2,821,train
source,2,822,train
source,2,823,train
source,2,824,train
source,2,825,train
source,2,826,train
source,2,827,train
source,2,828,train
source,2,829,train
source,2,830,train
source,2,831,train
source,2,832,train
source,2,833,train
source,2,834,train
source,2,835,train
source,2,836,train
source,2,837,train
source,2,838,train
source,2,839,train
source,2,840,train
source,2,841,train
source,2,842,train
source,2,843,train
source,2,844,train
source,2,846,train
source,2,848,train
source,2,851,train
source,2,852,train
source,2,853,train
source,2,854,train
source,2,855,train
source,2,856,train
source,2,858,train
source,2,862,train
source,2,863,train
source,2,864,train
source,2,865,train
source,2,866,train
source,2,867,train
source,2,868,train
source,2,869,train
source,2,870,train
source,2,871,train
source,2,872,train
source,2,873,train
source,2,874,train
source,2,875,train
source,2,876,train
source,2,877,train
source,2,878,train
source,2,879,train
source,2,887,train
source,2,888,train
source,2,889,train
source,2,890,train
source,2,891,train
source,2,892,train
source,2,893,train
source,2,896,train
source,2,897,train
source,2,898,train
source,2,899,train
source,2,901,train
source,2,902,train
source,2,903,train
source,2,904,train
source,2,905,train
source,2,906,train
source,2,908,train
source,2,909,train
source,2,910,train
source,2,911,train
source,2,912,train
source,2,913,train
source,2,914,train
source,2,915,train
source,2,917,train
source,2,918,train
source,2,919,train
source,2,931,train
source,2,932,train
source,2,933,train
source,2,934,train
source,2,935,train
source,2,936,train
source,2,937,train
source,2,938,train
source,2,939,train
source,2,940,train
source,2,941,train
source,2,942,train
source,2,944,train
source,2,945,train
source,2,946,train
source,2,947,train
source,2,948,train
source,2,949,train
source,2,950,train
source,2,951,train
source,2,952,train
source,2,954,train
source,2,955,train
source,2,956,train
source,2,957,train
source,2,958,train
source,2,959,train
source,2,960,train
source,2,961,train
source,2,962,train
source,2,963,train
source,2,964,train
source,2,965,train
source,2,966,train
source,2,967,train
source,2,968,train
source,2,969,train
source,2,970,train
source,2,971,train
source,2,972,train
source,2,973,train
source,2,976,train
source,2,978,train
source,2,980,train
source,2,981,train
source,2,982,train
source,2,983,train
source,2,984,train
source,2,985,train
source,2,986,train
source,2,987,train
source,2,988,train
source,2,989,train
source,2,990,train
source,2,991,train
source,2,992,train
source,2,993,train
source,2,994,train
source,2,995,train
source,2,996,train
source,2,997,train
source,2,998,train
source,2,1002,train
source,2,1006,train
source,2,1007,train
source,2,1008,train
source,2,1009,train
source,2,1011,train
source,2,1012,train
source,2,1013,train
source,2,1014,train
source,2,1015,train
source,2,1016,train
source,2,1017,train
source,2,1018,train
source,2,1019,train
source,2,1020,train
source,2,1021,train
source,2,1022,train
source,2,1023,train
source,2,1024,train
source,2,1026,train
source,2,1027,train
source,2,1028,train
source,2,1029,train
source,2,1030,train
source,2,1031,train
source,2,1032,train
source,2,1033,train
source,2,1034,train
source,2,1035,train
source,2,1036,train
source,2,1037,train
source,2,1038,train
source,2,1039,train
source,2,1040,train
source,2,1041,train
source,2,1042,train
source,2,1043,train
source,2,1044,train
source,2,1045,train
source,2,1046,train
source,2,1047,train
source,2,1048,train
source,2,1049,train
source,2,1050,train
source,2,1051,train
source,2,1052,train
source,2,1053,train
source,2,1054,train
source,2,1055,train
source,2,1056,train
source,2,1057,train
source,2,1058,train
source,2,1059,train
source,2,1060,train
source,2,1061,train
source,2,1062,train
source,2,1063,train
source,2,1064,train
source,2,1065,train
source,2,1066,train
source,2,1067,train
source,2,1068,train
source,2,1069,train
source,2,1070,train
source,2,1071,train
source,2,1072,train
source,2,1073,train
source,2,1074,train
source,2,1075,train
source,2,1076,train
source,2,1077,train
source,2,1078,train
source,2,1079,train
source,2,1080,train
source,2,1081,train
source,2,1082,train
source,2,1083,train
source,2,1084,train
source,2,1085,train
source,2,1086,train
source,2,1087,train
source,2,1088,train
source,2,1089,train
source,2,1090,train
source,2,1091,train
source,2,1092,train
source,2,1093,train
source,2,1103,train
source,2,1104,train
source,2,1105,train
source,2,1106,train
source,2,1107,train
source,2,1108,train
source,2,1109,train
source,2,1110,train
source,2,1111,train
source,2,1112,train
source,2,1113,train
source,2,1114,train
source,2,1120,train
source,2,1121,train
source,2,1122,train
source,2,1123,train
source,2,1124,train
source,2,1125,train
source,2,1126,train
source,2,1127,train
source,2,1128,train
source,2,1129,train
source,2,1130,train
source,2,1131,train
source,2,1133,train
source,2,1134,train
source,2,1135,train
source,2,1136,train
source,2,1137,train
source,2,1138,train
source,2,1139,train
source,2,1140,train
source,2,1141,train
source,2,1142,train
source,2,1144,train
source,2,1145,train
source,2,1146,train
source,2,1147,train
source,2,1148,train
source,2,1149,train
source,2,1150,train
source,2,1151,train
source,2,1152,train
source,2,1153,train
source,2,1154,train
source,2,1155,train
source,2,1156,train
source,2,1157,train
source,2,1158,train
source,2,1159,train
source,2,1160,train
source,2,1161,train
source,2,1162,train
source,2,1163,train
source,2,1164,train
source,2,1165,train
source,2,1166,train
source,2,1167,train
source,2,1168,train
source,2,1169,train
source,2,1170,train
source,2,1171,train
source,2,1172,train
source,2,1173,train
source,2,1174,train
source,2,1175,train
source,2,1176,train
source,2,1177,train
source,2,1178,train
source,2,1179,train
source,2,1180,train
source,2,1181,train
source,2,1182,train
source,2,1183,train
source,2,1184,train
source,2,1200,train
source,2,1201,train
source,2,1202,train
source,2,1203,train
source,2,1204,train
source,2,1205,train
source,2,1206,train
source,2,1207,train
source,2,1208,train
source,2,1209,train
source,2,1210,train
source,2,1211,train
source,2,1212,train
source,2,1213,train
source,2,1214,train
source,2,1215,train
source,2,1216,train
source,2,1217,train
source,2,1218,train
source,2,1219,train
source,2,1220,train
source,2,1221,train
source,2,1222,train
source,2,1223,train
source,2,1224,train
source,2,1225,train
source,2,1226,train
source,2,1227,train
source,2,1228,train
source,2,1229,train
source,2,1230,train
source,2,1231,train
source,2,1232,train
source,2,1233,train
source,2,1234,train
source,2,1235,train
source,2,1236,train
source,2,1237,train
source,2,1238,train
source,2,1239,train
source,2,1240,train
source,2,1241,train
source,2,1242,train
source,2,1243,train
source,2,1244,train
source,2,1245,train
source,2,1246,train
source,2,1247,train
source,2,1248,train
source,2,1249,train
source,2,1250,train
source,2,1251,train
source,2,1252,train
source,2,1253,train
source,2,1254,train
source,2,1255,train
source,2,1256,train
source,2,1257,train
source,2,1258,train
source,2,1259,train
source,2,1260,train
source,2,1261,train
source,2,1262,train
source,2,1263,train
source,2,1264,train
source,2,1265,train
source,2,1266,train
source,2,1267,train
source,2,1268,train
source,2,1269,train
source,2,1270,train
source,2,1271,train
source,2,1272,train
source,2,1273,train
source,2,1274,train
source,2,1275,train
source,2,1276,train
source,2,1277,train
source,2,1278,train
source,2,1279,train
source,2,1280,train
source,2,1281,train
source,2,1282,train
source,2,1283,train
source,2,1284,train
source,2,1285,train
source,2,1286,train
source,2,1287,train
source,2,1288,train
source,2,1289,train
source,2,1290,train
source,2,1291,train
source,2,1292,train
source,2,1293,train
source,2,1294,train
source,2,1295,train
source,2,1296,train
source,2,1297,train
source,2,1298,train
source,2,1299,train
source,2,1300,train
source,2,1301,train
source,2,1302,train
source,2,1303,train
source,2,1304,train
source,2,1305,train
source,2,1306,train
source,2,1307,train
source,2,1308,train
source,2,1309,train
source,2,1310,train
source,2,1311,train
source,2,1312,train
source,2,1313,train
source,2,1314,train
source,2,1315,train
source,2,1316,train
source,2,1317,train
source,2,1318,train
source,2,1319,train
source,2,1320,train
source,2,1321,train
source,2,1322,train
source,2,1323,train
source,2,1324,train
source,2,1325,train
source,2,1326,train
source,2,1327,train
source,2,1328,train
source,2,1329,train
source,2,1330,train
source,2,1331,train
source,2,1332,train
source,2,1333,train
source,2,1334,train
source,2,1335,train
source,2,1336,train
source,2,1337,train
source,2,1338,train
source,2,1339,train
source,2,1340,train
source,2,1341,train
source,2,1342,train
source,2,1343,train
source,2,1344,train
source,2,1345,train
source,2,1346,train
source,2,1347,train
source,2,1348,train
source,2,1349,train
source,2,1350,train
source,2,1351,train
source,2,1352,train
source,2,1353,train
source,2,1354,train
source,2,1355,train
source,2,1356,train
source,2,1357,train
source,2,1358,train
source,2,1359,train
source,2,1360,train
source,2,1361,train
source,2,1362,train
source,2,1363,train
source,2,1364,train
source,2,1365,train
source,2,1366,train
source,2,1367,train
source,2,1368,train
source,2,1369,train
source,2,1370,train
source,2,1371,train
source,2,1372,train
source,2,1373,train
source,2,1374,train
source,2,1375,train
source,2,1376,train
source,2,1377,train
source,2,1389,train
source,2,1390,train
source,2,1391,train
source,2,1392,train
source,2,1393,train
source,2,1394,train
source,2,1395,train
source,2,1396,train
source,2,1397,train
source,2,1398,train
source,2,1399,train
source,2,1400,train
source,2,1401,train
source,2,1402,train
source,2,1403,train
source,2,1404,train
source,2,1405,train
source,2,1406,train
source,2,1407,train
source,2,1408,train
source,2,1409,train
source,2,1410,train
source,2,1411,train
source,2,1412,train
source,2,1413,train
source,2,1414,train
source,2,1415,train
source,2,1416,train
source,2,1417,train
source,2,1418,train
source,2,1419,train
source,2,1420,train
source,2,1421,train
source,2,1422,train
source,2,1423,train
source,2,1424,train
source,2,1425,train
source,2,1426,train
source,2,1427,train
source,2,1428,train
source,2,1429,train
source,2,1430,train
source,2,1431,train
source,2,1432,train
source,2,1433,train
source,2,1434,train
source,2,1435,train
source,2,1436,train
source,2,1437,train
source,2,1438,train
source,2,1439,train
source,2,1440,train
source,2,1441,train
source,2,1442,train
source,2,1443,train
source,2,1444,train
source,2,1445,train
source,2,1446,train
source,2,1447,train
source,2,1448,train
source,2,1449,train
source,2,1450,train
source,2,1451,train
source,2,1452,train
source,2,1453,train
source,2,1454,train
source,2,1455,train
source,2,1456,train
source,2,1457,train
source,2,1458,train
source,2,1459,train
source,2,1460,train
source,2,1461,train
source,2,1462,train
source,2,1463,train
source,2,1464,train
source,2,1465,train
source,2,1466,train
source,2,1467,train
source,2,1468,train
source,2,1469,train
source,2,1470,train
source,2,1471,train
source,2,1472,train
source,2,1473,train
source,2,1474,train
source,2,1475,train
source,2,1476,train
source,2,1477,train
source,2,1478,train
source,2,1479,train
source,2,1480,train
source,2,1481,train
source,2,1482,train
source,2,1483,train
source,2,1484,train
source,2,1485,train
source,2,1486,train
source,2,1487,train
source,2,1488,train
source,2,1489,train
source,2,1490,train
source,2,1491,train
source,2,1492,train
source,2,1493,train
source,2,1494,train
source,2,1495,train
source,2,1496,train
source,2,1497,train
source,2,1498,train
source,2,1499,train
source,2,1500,train
source,2,1501,train
source,2,1502,train
source,2,1503,train
source,2,1504,train
source,2,1505,train
source,2,1506,train
source,2,1507,train
source,2,1508,train
source,2,1509,train
source,2,1510,train
source,2,1511,train
source,2,1512,train
source,2,1513,train
source,2,1514,train
source,2,1515,train
source,2,1516,train
source,2,1517,train
source,2,1518,train
source,2,1519,train
source,2,1520,train
source,2,1521,train
source,2,1522,train
source,2,1523,train
source,2,1524,train
source,2,1526,train
source,2,1527,train
source,2,1528,train
source,2,1529,train
source,2,1530,train
source,2,1531,train
source,2,1532,train
source,2,1533,train
source,2,1534,train
source,2,1535,train
source,2,1536,train
source,2,1537,train
source,2,1538,train
source,2,1539,train
source,2,1540,train
source,2,1541,train
source,2,1542,train
source,2,1543,train
source,2,1544,train
source,2,1545,train
source,2,1546,train
source,2,1547,train
source,2,1548,train
source,2,1549,train
source,2,1550,train
source,2,1551,train
source,2,1552,train
source,2,1553,train
source,2,1554,train
source,2,1555,train
source,2,1556,train
source,2,1557,train
source,2,1558,train
source,2,1559,train
source,2,1560,train
source,2,1561,train
source,2,1562,train
source,2,1563,train
source,2,1564,train
source,2,1565,train
source,2,1566,train
source,2,1567,train
source,2,1568,train
source,2,1569,train
source,2,1570,train
source,2,1571,train
source,2,1572,train
source,2,1573,train
source,2,1574,train
source,2,1575,train
source,2,1576,train
source,2,1577,train
source,2,1578,train
source,2,1579,train
source,2,1580,train
source,2,1581,train
source,2,1582,train
source,2,1583,train
source,2,1584,train
source,2,1585,train
source,2,1586,train
source,2,1587,train
source,2,1588,train
source,2,1589,train
source,2,1590,train
source,2,1593,train
source,2,1594,train
source,2,1595,train
source,2,1596,train
source,2,1597,train
source,2,1598,train
source,2,1599,train
source,2,1600,train
source,2,1601,train
source,2,1602,train
source,2,1603,train
source,2,1604,train
source,2,1605,train
source,2,1606,train
source,2,1607,train
source,2,1608,train
source,2,1609,train
source,2,1610,train
source,2,1611,train
source,2,1612,train
source,2,1613,train
source,2,1614,train
source,2,1615,train
source,2,1616,train
source,2,1617,train
source,2,1618,train
source,2,1619,train
source,2,1620,train
source,2,1621,train
source,2,1622,train
source,2,1623,train
source,2,1624,train
source,2,1625,train
source,2,1626,train
source,2,1627,train
source,2,1628,train
source,2,1629,train
source,2,1630,train
source,2,1631,train
source,2,1632,train
source,2,1633,train
source,2,1634,train
source,2,1635,train
source,2,1636,train
source,2,1637,train
source,2,1638,train
source,2,1639,train
source,2,1640,train
source,2,1643,train
source,2,1644,train
source,2,1645,train
source,2,1646,train
source,2,1647,train
source,2,1648,train
source,2,1649,train
source,2,1650,train
source,2,1651,train
source,2,1652,train
source,2,1653,train
source,2,1654,train
source,2,1655,train
source,2,1656,train
source,2,1657,train
source,2,1658,train
source,2,1659,train
source,2,1660,train
source,2,1661,train
source,2,1662,train
source,2,1663,train
source,2,1664,train
source,2,1665,train
source,2,1666,train
source,2,1667,train
source,2,1668,train
source,2,1669,train
source,2,1670,train
source,2,1671,train
source,2,1672,train
source,2,1673,train
source,2,1674,train
source,2,1675,train
source,2,1676,train
source,2,1677,train
source,2,1678,train
source,2,1679,train
source,2,1680,train
source,2,1681,train
source,2,1682,train
source,2,1683,train
source,2,1684,train
source,2,1685,train
source,2,1686,train
source,2,1687,train
source,2,1688,train
source,2,1689,train
source,2,1690,train
source,2,1691,train
source,2,1692,train
source,2,1693,train
source,2,1694,train
source,2,1695,train
source,2,1696,train
source,2,1697,train
source,2,1698,train
source,2,1699,train
source,2,1700,train
source,2,1701,train
source,2,1702,train
source,2,1703,train
source,2,1704,train
source,2,1705,train
source,2,1706,train
source,2,1707,train
source,2,1708,train
source,2,1709,train
source,2,1710,train
source,2,1711,train
source,2,1712,train
source,2,1713,train
source,2,1714,train
source,2,1715,train
source,2,1716,train
source,2,1717,train
source,2,1718,train
source,2,1719,train
source,2,1720,train
source,2,1721,train
source,2,1722,train
source,2,1723,train
source,2,1724,train
source,2,1725,train
source,2,1726,train
source,2,1727,train
source,2,1728,train
source,2,1729,train
source,2,1730,train
source,2,1731,train
source,2,1732,train
source,2,1733,train
source,2,1734,train
source,2,1735,train
source,2,1736,train
source,2,1737,train
source,2,1738,train
source,2,1739,train
source,2,1740,train
source,2,1743,train
source,2,1744,train
source,2,1747,train
source,2,1748,train
source,2,1749,train
source,2,1750,train
source,2,1751,train
source,2,1752,train
source,2,1753,train
source,2,1754,train
source,2,1755,train
source,2,1756,train
source,2,1757,train
source,2,1758,train
source,2,1759,train
source,2,1760,train
source,2,1761,train
source,2,1762,train
source,2,1763,train
source,2,1764,train
source,2,1765,train
source,2,1766,train
source,2,1767,train
source,2,1768,train
source,2,1769,train
source,2,1770,train
source,2,1771,train
source,2,1772,train
source,2,1773,train
source,2,1774,train
source,2,1775,train
source,2,1776,train
source,2,1777,train
source,2,1778,train
source,2,1779,train
source,2,1780,train
source,2,1781,train
source,2,1782,train
source,2,1783,train
source,2,1784,train
source,2,1785,train
source,2,1786,train
source,2,1787,train
source,2,1788,train
source,2,1789,train
source,2,1790,train
source,2,1791,train
source,2,1792,train
source,2,1793,train
source,2,1794,train
source,2,1795,train
source,2,1796,train
source,2,1797,train
source,2,1798,train
source,2,1799,train
source,2,1800,train
source,2,1801,train
source,2,1802,train
source,2,1803,train
source,2,1804,train
source,2,1805,train
source,2,1806,train
source,2,1807,train
source,2,1808,train
source,2,1809,train
source,2,1810,train
source,2,1811,train
source,2,1812,train
source,2,1813,train
source,2,1814,train
source,2,1815,train
source,2,1816,train
source,2,1817,train
source,2,1818,train
source,2,1819,train
source,2,1820,train
source,2,1821,train
source,2,1823,train
source,2,1824,train
source,2,1825,train
source,2,1826,train
source,2,1827,train
source,2,1828,train
source,2,1829,train
source,2,1830,train
source,2,1831,train
source,2,1832,train
source,2,1833,train
source,2,1834,train
source,2,1835,train
source,2,1836,train
source,2,1837,train
source,2,1838,train
source,2,1839,train
source,2,1840,train
source,2,1841,train
source,2,1842,train
source,2,1843,train
source,2,1844,train
source,2,1845,train
source,2,1846,train
source,2,1847,train
source,2,1848,train
source,2,1849,train
source,2,1850,train
source,2,1851,train
source,2,1852,train
source,2,1853,train
source,2,1854,train
source,2,1855,train
source,2,1856,train
source,2,1857,train
source,2,1858,train
source,2,1859,train
source,2,1860,train
source,2,1861,train
source,2,1862,train
source,2,1863,train
source,2,1864,train
source,2,1865,train
source,2,1866,train
source,2,1867,train
source,2,1868,train
source,2,1869,train
source,2,1870,train
source,2,1871,train
source,2,1872,train
source,2,1873,train
source,2,1874,train
source,2,1875,train
source,2,1876,train
source,2,1877,train
source,2,1878,train
source,2,1879,train
source,2,1880,train
source,2,1881,train
source,2,1882,train
source,2,1883,train
source,2,1884,train
source,2,1885,train
source,2,1886,train
source,2,1887,train
source,2,1888,train
source,2,1889,train
source,2,1890,train
source,2,1891,train
source,2,1892,train
source,2,1893,train
source,2,1894,train
source,2,1895,train
source,2,1896,train
source,2,1897,train
source,2,1898,train
source,2,1899,train
source,2,1900,train
source,2,1901,train
source,2,1902,train
source,2,1903,train
source,2,1904,train
source,2,1905,train
source,2,1906,train
source,2,1907,train
source,2,1908,train
source,2,1909,train
source,2,1910,train
source,2,23,test
source,2,28,test
source,2,29,test
source,2,30,test
source,2,31,test
source,2,32,test
source,2,33,test
source,2,34,test
source,2,35,test
source,2,36,test
source,2,37,test
source,2,38,test
source,2,39,test
source,2,40,test
source,2,331,test
source,2,332,test
source,2,333,test
source,2,372,test
source,2,373,test
source,2,374,test
source,2,375,test
source,2,376,test
source,2,377,test
source,2,378,test
source,2,379,test
source,2,380,test
source,2,381,test
source,2,382,test
source,2,383,test
source,2,440,test
source,2,441,test
source,2,442,test
source,2,443,test
source,2,466,test
source,2,467,test
source,2,468,test
source,2,469,test
source,2,473,test
source,2,474,test
source,2,475,test
source,2,476,test
source,2,477,test
source,2,478,test
source,2,479,test
source,2,480,test
source,2,531,test
source,2,533,test
source,2,534,test
source,2,535,test
source,2,536,test
source,2,537,test
source,2,538,test
source,2,539,test
source,2,540,test
source,2,541,test
source,2,542,test
source,2,543,test
source,2,544,test
source,2,545,test
source,2,546,test
source,2,547,test
source,2,548,test
source,2,549,test
source,2,550,test
source,2,551,test
source,2,553,test
source,2,554,test
source,2,555,test
source,2,556,test
source,2,557,test
source,2,558,test
source,2,559,test
source,2,560,test
source,2,561,test
source,2,562,test
source,2,563,test
source,2,564,test
source,2,565,test
source,2,567,test
source,2,568,test
source,2,569,test
source,2,570,test
source,2,571,test
source,2,572,test
source,2,573,test
source,2,574,test
source,2,575,test
source,2,576,test
source,2,686,test
source,2,687,test
source,2,692,test
source,2,693,test
source,2,694,test
source,2,695,test
source,2,845,test
source,2,847,test
source,2,849,test
source,2,850,test
source,2,857,test
source,2,859,test
source,2,860,test
source,2,861,test
source,2,880,test
source,2,881,test
source,2,882,test
source,2,883,test
source,2,884,test
source,2,885,test
source,2,886,test
source,2,894,test
source,2,895,test
source,2,900,test
source,2,907,test
source,2,916,test
source,2,920,test
source,2,921,test
source,2,922,test
source,2,923,test
source,2,924,test
source,2,925,test
source,2,926,test
source,2,927,test
source,2,928,test
source,2,929,test
source,2,930,test
source,2,943,test
source,2,953,test
source,2,974,test
source,2,975,test
source,2,977,test
source,2,979,test
source,2,999,test
source,2,1000,test
source,2,1001,test
source,2,1003,test
source,2,1004,test
source,2,1005,test
source,2,1010,test
source,2,1025,test
source,2,1094,test
source,2,1095,test
source,2,1096,test
source,2,1097,test
source,2,1098,test
source,2,1099,test
source,2,1100,test
source,2,1101,test
source,2,1102,test
source,2,1115,test
source,2,1116,test
source,2,1117,test
source,2,1118,test
source,2,1119,test
source,2,1132,test
source,2,1143,test
source,2,1185,test
source,2,1186,test
source,2,1187,test
source,2,1188,test
source,2,1189,test
source,2,1190,test
source,2,1191,test
source,2,1192,test
source,2,1193,test
source,2,1194,test
source,2,1195,test
source,2,1196,test
source,2,1197,test
source,2,1198,test
source,2,1199,test
source,2,1378,test
source,2,1379,test
source,2,1380,test
source,2,1381,test
source,2,1382,test
source,2,1383,test
source,2,1384,test
source,2,1385,test
source,2,1386,test
source,2,1387,test
source,2,1388,test
source,2,1525,test
source,2,1591,test
source,2,1592,test
source,2,1641,test
source,2,1642,test
source,2,1741,test
source,2,1742,test
source,2,1745,test
source,2,1746,test
source,2,1822,test
source,3,0,train
source,3,1,train
source,3,2,train
source,3,3,train
source,3,4,train
source,3,5,train
source,3,6,train
source,3,7,train
source,3,8,train
source,3,9,train
source,3,10,train
source,3,11,train
source,3,12,train
source,3,13,train
source,3,14,train
source,3,15,train
source,3,16,train
source,3,17,train
source,3,18,train
source,3,19,train
source,3,20,train
source,3,21,train
source,3,22,train
source,3,23,train
source,3,24,train
source,3,25,train
source,3,26,train
source,3,27,train
source,3,28,train
source,3,29,train
source,3,30,train
source,3,31,train
source,3,32,train
source,3,33,train
source,3,34,train
source,3,35,train
source,3,36,train
source,3,37,train
source,3,38,train
source,3,39,train
source,3,40,train
source,3,41,train
source,3,42,train
source,3,43,train
source,3,44,train
source,3,45,train
source,3,46,train
source,3,47,train
source,3,48,train
source,3,49,train
source,3,50,train
source,3,51,train
source,3,52,train
source,3,53,train
source,3,54,train
source,3,55,train
source,3,56,train
source,3,57,train
source,3,58,train
source,3,59,train
source,3,60,train
source,3,61,train
source,3,62,train
source,3,63,train
source,3,64,train
source,3,65,train
source,3,66,train
source,3,67,train
source,3,68,train
source,3,69,train
source,3,70,train
source,3,71,train
source,3,72,train
source,3,73,train
source,3,74,train
source,3,75,train
source,3,76,train
source,3,77,train
source,3,78,train
source,3,79,train
source,3,80,train
source,3,81,train
source,3,82,train
source,3,83,train
source,3,84,train
source,3,85,train
source,3,86,train
source,3,87,train
source,3,88,train
source,3,89,train
source,3,90,train
source,3,91,train
source,3,92,train
source,3,93,train
source,3,94,train
source,3,95,train
source,3,96,train
source,3,97,train
source,3,98,train
source,3,99,train
source,3,100,train
source,3,101,train
source,3,102,train
source,3,103,train
source,3,104,train
source,3,105,train
source,3,106,train
source,3,107,train
source,3,108,train
source,3,109,train
source,3,110,train
source,3,111,train
source,3,112,train
source,3,113,train
source,3,114,train
source,3,115,train
source,3,116,train
source,3,117,train
source,3,118,train
source,3,119,train
source,3,120,train
source,3,121,train
source,3,122,train
source,3,123,train
source,3,124,train
source,3,125,train
source,3,126,train
source,3,127,train
source,3,128,train
source,3,129,train
source,3,130,train
source,3,131,train
source,3,132,train
source,3,133,train
source,3,134,train
source,3,135,train
source,3,136,train
source,3,137,train
source,3,138,train
source,3,139,train
source,3,140,train
source,3,141,train
source,3,142,train
source,3,143,train
source,3,144,train
source,3,145,train
source,3,146,train
source,3,147,train
source,3,148,train
source,3,149,train
source,3,150,train
source,3,151,train
source,3,152,train
source,3,153,train
source,3,154,train
source,3,155,train
source,3,156,train
source,3,157,train
source,3,158,train
source,3,159,train
source,3,160,train
source,3,161,train
source,3,162,train
source,3,163,train
source,3,168,train
source,3,169,train
source,3,170,train
source,3,171,train
source,3,172,train
source,3,173,train
source,3,174,train
source,3,175,train
source,3,176,train
source,3,177,train
source,3,178,train
source,3,179,train
source,3,180,train
source,3,181,train
source,3,182,train
source,3,183,train
source,3,184,train
source,3,185,train
source,3,186,train
source,3,187,train
source,3,188,train
source,3,189,train
source,3,190,train
source,3,191,train
source,3,192,train
source,3,193,train
source,3,194,train
source,3,195,train
source,3,196,train
source,3,197,train
source,3,198,train
source,3,199,train
source,3,200,train
source,3,201,train
source,3,202,train
source,3,203,train
source,3,204,train
source,3,205,train
source,3,206,train
source,3,207,train
source,3,208,train
source,3,209,train
source,3,210,train
source,3,211,train
source,3,212,train
source,3,213,train
source,3,214,train
source,3,215,train
source,3,216,train
source,3,217,train
source,3,218,train
source,3,219,train
source,3,220,train
source,3,221,train
source,3,222,train
source,3,223,train
source,3,224,train
source,3,225,train
source,3,226,train
source,3,227,train
source,3,228,train
source,3,229,train
source,3,230,train
source,3,231,train
source,3,232,train
source,3,233,train
source,3,234,train
source,3,235,train
source,3,236,train
source,3,237,train
source,3,238,train
source,3,239,train
source,3,240,train
source,3,241,train
source,3,242,train
source,3,243,train
source,3,244,train
source,3,245,train
source,3,246,train
source,3,247,train
source,3,248,train
source,3,249,train
source,3,250,train
source,3,251,train
source,3,252,train
source,3,253,train
source,3,254,train
source,3,255,train
source,3,256,train
source,3,257,train
source,3,258,train
source,3,259,train
source,3,260,train
source,3,261,train
source,3,262,train
source,3,263,train
source,3,264,train
source,3,265,train
source,3,266,train
source,3,267,train
source,3,268,train
source,3,269,train
source,3,270,train
source,3,271,train
source,3,272,train
source,3,273,train
source,3,274,train
source,3,275,train
source,3,276,train
source,3,277,train
source,3,278,train
source,3,279,train
source,3,280,train
source,3,281,train
source,3,282,train
source,3,283,train
source,3,284,train
source,3,285,train
source,3,286,train
source,3,287,train
source,3,288,train
source,3,289,train
source,3,290,train
source,3,291,train
source,3,292,train
source,3,293,train
source,3,294,train
source,3,295,train
source,3,296,train
source,3,297,train
source,3,298,train
source,3,299,train
source,3,300,train
source,3,301,train
source,3,302,train
source,3,303,train
source,3,304,train
source,3,305,train
source,3,306,train
source,3,307,train
source,3,308,train
source,3,309,train
source,3,310,train
source,3,311,train
source,3,312,train
source,3,313,train
source,3,314,train
source,3,315,train
source,3,316,train
source,3,317,train
source,3,318,train
source,3,331,train
source,3,332,train
source,3,333,train
source,3,334,train
source,3,335,train
source,3,336,train
source,3,337,train
source,3,338,train
source,3,339,train
source,3,340,train
source,3,341,train
source,3,342,train
source,3,343,train
source,3,344,train
source,3,345,train
source,3,346,train
source,3,347,train
source,3,348,train
source,3,349,train
source,3,350,train
source,3,351,train
source,3,352,train
source,3,353,train
source,3,354,train
source,3,355,train
source,3,356,train
source,3,357,train
source,3,358,train
source,3,359,train
source,3,360,train
source,3,361,train
source,3,362,train
source,3,363,train
source,3,364,train
source,3,365,train
source,3,366,train
source,3,367,train
source,3,368,train
source,3,369,train
source,3,370,train
source,3,371,train
source,3,372,train
source,3,373,train
source,3,374,train
source,3,375,train
source,3,376,train
source,3,377,train
source,3,378,train
source,3,379,train
source,3,380,train
source,3,381,train
source,3,382,train
source,3,383,train
source,3,384,train
source,3,385,train
source,3,386,train
source,3,387,train
source,3,388,train
source,3,389,train
source,3,390,train
source,3,391,train
source,3,392,train
source,3,393,train
source,3,394,train
source,3,395,train
source,3,396,train
source,3,397,train
source,3,398,train
source,3,399,train
source,3,400,train
source,3,401,train
source,3,402,train
source,3,403,train
source,3,404,train
source,3,405,train
source,3,406,train
source,3,407,train
source,3,408,train
source,3,409,train
source,3,410,train
source,3,411,train
source,3,412,train
source,3,413,train
source,3,414,train
source,3,415,train
source,3,416,train
source,3,417,train
source,3,418,train
source,3,419,train
source,3,420,train
source,3,421,train
source,3,422,train
source,3,423,train
source,3,424,train
source,3,425,train
source,3,426,train
source,3,427,train
source,3,428,train
source,3,429,train
source,3,430,train
source,3,431,train
source,3,432,train
source,3,433,train
source,3,434,train
source,3,435,train
source,3,436,train
source,3,437,train
source,3,438,train
source,3,439,train
source,3,440,train
source,3,441,train
source,3,442,train
source,3,443,train
source,3,444,train
source,3,445,train
source,3,446,train
source,3,447,train
source,3,448,train
source,3,449,train
source,3,450,train
source,3,451,train
source,3,452,train
source,3,453,train
source,3,454,train
source,3,461,train
source,3,462,train
source,3,463,train
source,3,464,train
source,3,465,train
source,3,466,train
source,3,467,train
source,3,468,train
source,3,469,train
source,3,470,train
source,3,471,train
source,3,472,train
source,3,473,train
source,3,474,train
source,3,475,train
source,3,476,train
source,3,477,train
source,3,478,train
source,3,479,train
source,3,480,train
source,3,481,train
source,3,482,train
source,3,483,train
source,3,484,train
source,3,485,train
source,3,486,train
source,3,487,train
source,3,488,train
source,3,489,train
source,3,490,train
source,3,491,train
source,3,492,train
source,3,493,train
source,3,494,train
source,3,495,train
source,3,496,train
source,3,509,train
source,3,510,train
source,3,511,train
source,3,512,train
source,3,513,train
source,3,514,train
source,3,515,train
source,3,516,train
source,3,517,train
source,3,518,train
source,3,519,train
source,3,520,train
source,3,521,train
source,3,522,train
source,3,523,train
source,3,524,train
source,3,525,train
source,3,526,train
source,3,527,train
source,3,528,train
source,3,529,train
source,3,530,train
source,3,531,train
source,3,532,train
source,3,533,train
source,3,534,train
source,3,535,train
source,3,536,train
source,3,537,train
source,3,538,train
source,3,539,train
source,3,540,train
source,3,541,train
source,3,542,train
source,3,543,train
source,3,544,train
source,3,545,train
source,3,546,train
source,3,547,train
source,3,548,train
source,3,549,train
source,3,550,train
source,3,551,train
source,3,553,train
source,3,554,train
source,3,555,train
source,3,556,train
source,3,557,train
source,3,558,train
source,3,559,train
source,3,560,train
source,3,561,train
source,3,562,train
source,3,563,train
source,3,564,train
source,3,565,train
source,3,566,train
source,3,567,train
source,3,568,train
source,3,569,train
source,3,570,train
source,3,571,train
source,3,572,train
source,3,573,train
source,3,574,train
source,3,575,train
source,3,576,train
source,3,578,train
source,3,579,train
source,3,593,train
source,3,594,train
source,3,595,train
source,3,596,train
source,3,597,train
source,3,598,train
source,3,599,train
source,3,626,train
source,3,627,train
source,3,628,train
source,3,629,train
source,3,630,train
source,3,631,train
source,3,639,train
source,3,640,train
source,3,641,train
source,3,642,train
source,3,643,train
source,3,644,train
source,3,645,train
source,3,646,train
source,3,647,train
source,3,648,train
source,3,649,train
source,3,650,train
source,3,651,train
source,3,652,train
source,3,653,train
source,3,654,train
source,3,655,train
source,3,656,train
source,3,657,train
source,3,658,train
source,3,659,train
source,3,660,train
source,3,661,train
source,3,662,train
source,3,663,train
source,3,664,train
source,3,665,train
source,3,666,train
source,3,667,train
source,3,668,train
source,3,669,train
source,3,680,train
source,3,681,train
source,3,682,train
source,3,683,train
source,3,684,train
source,3,685,train
source,3,686,train
source,3,687,train
source,3,688,train
source,3,689,train
source,3,690,train
source,3,691,train
source,3,692,train
source,3,693,train
source,3,694,train
source,3,695,train
source,3,696,train
source,3,697,train
source,3,698,train
source,3,699,train
source,3,700,train
source,3,701,train
source,3,702,train
source,3,703,train
source,3,704,train
source,3,705,train
source,3,706,train
source,3,707,train
source,3,708,train
source,3,709,train
source,3,710,train
source,3,711,train
source,3,712,train
source,3,713,train
source,3,714,train
source,3,715,train
source,3,716,train
source,3,717,train
source,3,718,train
source,3,719,train
source,3,720,train
source,3,721,train
source,3,722,train
source,3,723,train
source,3,724,train
source,3,725,train
source,3,726,train
source,3,727,train
source,3,728,train
source,3,729,train
source,3,730,train
source,3,731,train
source,3,732,train
source,3,733,train
source,3,734,train
source,3,735,train
source,3,736,train
source,3,737,train
source,3,738,train
source,3,739,train
source,3,740,train
source,3,741,train
source,3,742,train
source,3,743,train
source,3,744,train
source,3,745,train
source,3,746,train
source,3,747,train
source,3,748,train
source,3,749,train
source,3,750,train
source,3,751,train
source,3,752,train
source,3,753,train
source,3,754,train
source,3,755,train
source,3,756,train
source,3,757,train
source,3,758,train
source,3,759,train
source,3,760,train
source,3,761,train
source,3,762,train
source,3,763,train
source,3,764,train
source,3,765,train
source,3,766,train
source,3,767,train
source,3,768,train
source,3,769,train
source,3,770,train
source,3,771,train
source,3,772,train
source,3,773,train
source,3,774,train
source,3,775,train
source,3,776,train
source,3,777,train
source,3,778,train
source,3,779,train
source,3,780,train
source,3,781,train
source,3,782,train
source,3,783,train
source,3,784,train
source,3,785,train
source,3,786,train
source,3,787,train
source,3,788,train
source,3,789,train
source,3,790,train
source,3,791,train
source,3,792,train
source,3,793,train
source,3,794,train
source,3,795,train
source,3,796,train
source,3,797,train
source,3,798,train
source,3,799,train
source,3,800,train
source,3,801,train
source,3,802,train
source,3,803,train
source,3,804,train
source,3,805,train
source,3,808,train
source,3,809,train
source,3,810,train
source,3,811,train
source,3,812,train
source,3,813,train
source,3,814,train
source,3,815,train
source,3,816,train
source,3,817,train
source,3,818,train
source,3,819,train
source,3,820,train
source,3,821,train
source,3,822,train
source,3,823,train
source,3,824,train
source,3,825,train
source,3,826,train
source,3,827,train
source,3,828,train
source,3,829,train
source,3,830,train
source,3,831,train
source,3,832,train
source,3,833,train
source,3,834,train
source,3,835,train
source,3,836,train
source,3,837,train
source,3,838,train
source,3,839,train
source,3,840,train
source,3,841,train
source,3,842,train
source,3,843,train
source,3,844,train
source,3,845,train
source,3,846,train
source,3,847,train
source,3,848,train
source,3,849,train
source,3,850,train
source,3,851,train
source,3,852,train
source,3,853,train
source,3,854,train
source,3,855,train
source,3,856,train
source,3,857,train
source,3,858,train
source,3,859,train
source,3,860,train
source,3,861,train
source,3,862,train
source,3,863,train
source,3,864,train
source,3,865,train
source,3,866,train
source,3,867,train
source,3,868,train
source,3,869,train
source,3,870,train
source,3,871,train
source,3,872,train
source,3,873,train
source,3,874,train
source,3,875,train
source,3,876,train
source,3,877,train
source,3,878,train
source,3,879,train
source,3,880,train
source,3,881,train
source,3,882,train
source,3,883,train
source,3,884,train
source,3,885,train
source,3,886,train
source,3,887,train
source,3,888,train
source,3,889,train
source,3,890,train
source,3,891,train
source,3,892,train
source,3,893,train
source,3,894,train
source,3,895,train
source,3,896,train
source,3,897,train
source,3,898,train
source,3,899,train
source,3,900,train
source,3,901,train
source,3,902,train
source,3,903,train
source,3,904,train
source,3,905,train
source,3,906,train
source,3,907,train
source,3,916,train
source,3,919,train
source,3,920,train
source,3,921,train
source,3,922,train
source,3,923,train
source,3,924,train
source,3,925,train
source,3,926,train
source,3,927,train
source,3,928,train
source,3,929,train
source,3,930,train
source,3,931,train
source,3,932,train
source,3,933,train
source,3,934,train
source,3,935,train
source,3,936,train
source,3,937,train
source,3,938,train
source,3,939,train
source,3,940,train
source,3,941,train
source,3,942,train
source,3,943,train
source,3,944,train
source,3,945,train
source,3,946,train
source,3,947,train
source,3,948,train
source,3,949,train
source,3,950,train
source,3,951,train
source,3,952,train
source,3,953,train
source,3,954,train
source,3,955,train
source,3,956,train
source,3,957,train
source,3,958,train
source,3,959,train
source,3,960,train
source,3,961,train
source,3,962,train
source,3,963,train
source,3,964,train
source,3,965,train
source,3,966,train
source,3,967,train
source,3,968,train
source,3,969,train
source,3,970,train
source,3,971,train
source,3,972,train
source,3,973,train
source,3,974,train
source,3,975,train
source,3,976,train
source,3,977,train
source,3,978,train
source,3,979,train
source,3,980,train
source,3,981,train
source,3,982,train
source,3,983,train
source,3,984,train
source,3,985,train
source,3,986,train
source,3,987,train
source,3,988,train
source,3,989,train
source,3,990,train
source,3,991,train
source,3,992,train
source,3,993,train
source,3,994,train
source,3,995,train
source,3,996,train
source,3,997,train
source,3,998,train
source,3,999,train
source,3,1000,train
source,3,1001,train
source,3,1002,train
source,3,1003,train
source,3,1004,train
source,3,1005,train
source,3,1006,train
source,3,1007,train
source,3,1008,train
source,3,1009,train
source,3,1010,train
source,3,1011,train
source,3,1012,train
source,3,1013,train
source,3,1014,train
source,3,1015,train
source,3,1016,train
source,3,1017,train
source,3,1018,train
source,3,1019,train
source,3,1020,train
source,3,1021,train
source,3,1022,train
source,3,1023,train
source,3,1024,train
source,3,1025,train
source,3,1026,train
source,3,1031,train
source,3,1032,train
source,3,1033,train
source,3,1034,train
source,3,1035,train
source,3,1036,train
source,3,1037,train
source,3,1038,train
source,3,1039,train
source,3,1040,train
source,3,1041,train
source,3,1042,train
source,3,1043,train
source,3,1044,train
source,3,1045,train
source,3,1046,train
source,3,1047,train
source,3,1048,train
source,3,1049,train
source,3,1050,train
source,3,1052,train
source,3,1053,train
source,3,1054,train
source,3,1055,train
source,3,1056,train
source,3,1057,train
source,3,1058,train
source,3,1059,train
source,3,1060,train
source,3,1061,train
source,3,1062,train
source,3,1063,train
source,3,1064,train
source,3,1065,train
source,3,1066,train
source,3,1067,train
source,3,1068,train
source,3,1069,train
source,3,1070,train
source,3,1071,train
source,3,1072,train
source,3,1073,train
source,3,1074,train
source,3,1075,train
source,3,1076,train
source,3,1077,train
source,3,1078,train
source,3,1079,train
source,3,1080,train
source,3,1081,train
source,3,1082,train
source,3,1083,train
source,3,1084,train
source,3,1085,train
source,3,1086,train
source,3,1087,train
source,3,1088,train
source,3,1089,train
source,3,1090,train
source,3,1091,train
source,3,1092,train
source,3,1093,train
source,3,1094,train
source,3,1095,train
source,3,1096,train
source,3,1097,train
source,3,1098,train
source,3,1099,train
source,3,1100,train
source,3,1101,train
source,3,1102,train
source,3,1103,train
source,3,1104,train
source,3,1105,train
source,3,1106,train
source,3,1107,train
source,3,1108,train
source,3,1109,train
source,3,1110,train
source,3,1111,train
source,3,1112,train
source,3,1113,train
source,3,1114,train
source,3,1115,train
source,3,1116,train
source,3,1117,train
source,3,1118,train
source,3,1119,train
source,3,1120,train
source,3,1121,train
source,3,1122,train
source,3,1123,train
source,3,1124,train
source,3,1125,train
source,3,1126,train
source,3,1127,train
source,3,1128,train
source,3,1129,train
source,3,1130,train
source,3,1131,train
source,3,1132,train
source,3,1133,train
source,3,1134,train
source,3,1135,train
source,3,1136,train
source,3,1137,train
source,3,1138,train
source,3,1139,train
source,3,1140,train
source,3,1141,train
source,3,1142,train
source,3,1143,train
source,3,1144,train
source,3,1145,train
source,3,1146,train
source,3,1147,train
source,3,1148,train
source,3,1149,train
source,3,1150,train
source,3,1151,train
source,3,1152,train
source,3,1153,train
source,3,1154,train
source,3,1155,train
source,3,1156,train
source,3,1157,train
source,3,1158,train
source,3,1159,train
source,3,1160,train
source,3,1161,train
source,3,1162,train
source,3,1163,train
source,3,1164,train
source,3,1165,train
source,3,1166,train
source,3,1167,train
source,3,1168,train
source,3,1169,train
source,3,1170,train
source,3,1171,train
source,3,1172,train
source,3,1173,train
source,3,1174,train
source,3,1175,train
source,3,1176,train
source,3,1177,train
source,3,1178,train
source,3,1179,train
source,3,1180,train
source,3,1181,train
source,3,1182,train
source,3,1183,train
source,3,1185,train
source,3,1186,train
source,3,1187,train
source,3,1188,train
source,3,1189,train
source,3,1190,train
source,3,1191,train
source,3,1192,train
source,3,1193,train
source,3,1194,train
source,3,1195,train
source,3,1196,train
source,3,1197,train
source,3,1198,train
source,3,1199,train
source,3,1202,train
source,3,1203,train
source,3,1204,train
source,3,1205,train
source,3,1206,train
source,3,1207,train
source,3,1208,train
source,3,1209,train
source,3,1210,train
source,3,1211,train
source,3,1212,train
source,3,1213,train
source,3,1214,train
source,3,1215,train
source,3,1216,train
source,3,1217,train
source,3,1218,train
source,3,1219,train
source,3,1220,train
source,3,1221,train
source,3,1222,train
source,3,1223,train
source,3,1224,train
source,3,1225,train
source,3,1226,train
source,3,1227,train
source,3,1228,train
source,3,1229,train
source,3,1230,train
source,3,1231,train
source,3,1232,train
source,3,1233,train
source,3,1234,train
source,3,1235,train
source,3,1236,train
source,3,1237,train
source,3,1238,train
source,3,1239,train
source,3,1240,train
source,3,1241,train
source,3,1242,train
source,3,1243,train
source,3,1244,train
source,3,1245,train
source,3,1246,train
source,3,1247,train
source,3,1248,train
source,3,1249,train
source,3,1250,train
source,3,1251,train
source,3,1252,train
source,3,1253,train
source,3,1254,train
source,3,1255,train
source,3,1256,train
source,3,1257,train
source,3,1258,train
source,3,1259,train
source,3,1260,train
source,3,1261,train
source,3,1262,train
source,3,1263,train
source,3,1264,train
source,3,1265,train
source,3,1266,train
source,3,1267,train
source,3,1268,train
source,3,1269,train
source,3,1270,train
source,3,1271,train
source,3,1272,train
source,3,1273,train
source,3,1274,train
source,3,1275,train
source,3,1276,train
source,3,1277,train
source,3,1278,train
source,3,1279,train
source,3,1280,train
source,3,1281,train
source,3,1282,train
source,3,1283,train
source,3,1284,train
source,3,1285,train
source,3,1286,train
source,3,1287,train
source,3,1288,train
source,3,1289,train
source,3,1290,train
source,3,1291,train
source,3,1292,train
source,3,1293,train
source,3,1294,train
source,3,1295,train
source,3,1296,train
source,3,1297,train
source,3,1298,train
source,3,1299,train
source,3,1300,train
source,3,1301,train
source,3,1302,train
source,3,1303,train
source,3,1304,train
source,3,1305,train
source,3,1306,train
source,3,1307,train
source,3,1308,train
source,3,1309,train
source,3,1310,train
source,3,1311,train
source,3,1312,train
source,3,1313,train
source,3,1314,train
source,3,1315,train
source,3,1316,train
source,3,1317,train
source,3,1318,train
source,3,1319,train
source,3,1320,train
source,3,1321,train
source,3,1322,train
source,3,1323,train
source,3,1324,train
source,3,1325,train
source,3,1326,train
source,3,1327,train
source,3,1328,train
source,3,1329,train
source,3,1330,train
source,3,1331,train
source,3,1332,train
source,3,1333,train
source,3,1334,train
source,3,1335,train
source,3,1336,train
source,3,1337,train
source,3,1338,train
source,3,1339,train
source,3,1340,train
source,3,1341,train
source,3,1342,train
source,3,1343,train
source,3,1344,train
source,3,1345,train
source,3,1346,train
source,3,1347,train
source,3,1348,train
source,3,1349,train
source,3,1350,train
source,3,1351,train
source,3,1352,train
source,3,1353,train
source,3,1354,train
source,3,1355,train
source,3,1356,train
source,3,1357,train
source,3,1358,train
source,3,1359,train
source,3,1360,train
source,3,1361,train
source,3,1362,train
source,3,1363,train
source,3,1364,train
source,3,1365,train
source,3,1366,train
source,3,1367,train
source,3,1368,train
source,3,1369,train
source,3,1370,train
source,3,1371,train
source,3,1372,train
source,3,1373,train
source,3,1374,train
source,3,1375,train
source,3,1376,train
source,3,1377,train
source,3,1378,train
source,3,1379,train
source,3,1380,train
source,3,1381,train
source,3,1382,train
source,3,1383,train
source,3,1384,train
source,3,1385,train
source,3,1386,train
source,3,1387,train
source,3,1388,train
source,3,1389,train
source,3,1390,train
source,3,1391,train
source,3,1392,train
source,3,1393,train
source,3,1394,train
source,3,1395,train
source,3,1396,train
source,3,1397,train
source,3,1398,train
source,3,1399,train
source,3,1400,train
source,3,1401,train
source,3,1402,train
source,3,1403,train
source,3,1404,train
source,3,1405,train
source,3,1406,train
source,3,1407,train
source,3,1408,train
source,3,1409,train
source,3,1410,train
source,3,1411,train
source,3,1412,train
source,3,1413,train
source,3,1414,train
source,3,1415,train
source,3,1416,train
source,3,1417,train
source,3,1418,train
source,3,1419,train
source,3,1420,train
source,3,1421,train
source,3,1422,train
source,3,1423,train
source,3,1424,train
source,3,1425,train
source,3,1426,train
source,3,1427,train
source,3,1428,train
source,3,1429,train
source,3,1430,train
source,3,1431,train
source,3,1432,train
source,3,1433,train
source,3,1434,train
source,3,1435,train
source,3,1454,train
source,3,1455,train
source,3,1456,train
source,3,1457,train
source,3,1458,train
source,3,1459,train
source,3,1460,train
source,3,1461,train
source,3,1462,train
source,3,1463,train
source,3,1464,train
source,3,1465,train
source,3,1466,train
source,3,1467,train
source,3,1468,train
source,3,1469,train
source,3,1470,train
source,3,1471,train
source,3,1472,train
source,3,1473,train
source,3,1474,train
source,3,1495,train
source,3,1496,train
source,3,1497,train
source,3,1498,train
source,3,1499,train
source,3,1500,train
source,3,1501,train
source,3,1502,train
source,3,1503,train
source,3,1504,train
source,3,1505,train
source,3,1506,train
source,3,1507,train
source,3,1508,train
source,3,1509,train
source,3,1510,train
source,3,1511,train
source,3,1512,train
source,3,1513,train
source,3,1514,train
source,3,1515,train
source,3,1516,train
source,3,1517,train
source,3,1518,train
source,3,1519,train
source,3,1520,train
source,3,1521,train
source,3,1522,train
source,3,1523,train
source,3,1524,train
source,3,1525,train
source,3,1526,train
source,3,1527,train
source,3,1528,train
source,3,1539,train
source,3,1540,train
source,3,1541,train
source,3,1542,train
source,3,1543,train
source,3,1544,train
source,3,1545,train
source,3,1546,train
source,3,1547,train
source,3,1548,train
source,3,1549,train
source,3,1550,train
source,3,1551,train
source,3,1552,train
source,3,1553,train
source,3,1554,train
source,3,1555,train
source,3,1556,train
source,3,1557,train
source,3,1558,train
source,3,1559,train
source,3,1560,train
source,3,1561,train
source,3,1562,train
source,3,1563,train
source,3,1564,train
source,3,1565,train
source,3,1566,train
source,3,1567,train
source,3,1568,train
source,3,1569,train
source,3,1570,train
source,3,1571,train
source,3,1572,train
source,3,1573,train
source,3,1574,train
source,3,1575,train
source,3,1576,train
source,3,1577,train
source,3,1578,train
source,3,1579,train
source,3,1580,train
source,3,1581,train
source,3,1582,train
source,3,1583,train
source,3,1584,train
source,3,1585,train
source,3,1586,train
source,3,1587,train
source,3,1588,train
source,3,1590,train
source,3,1591,train
source,3,1592,train
source,3,1593,train
source,3,1594,train
source,3,1595,train
source,3,1596,train
source,3,1597,train
source,3,1598,train
source,3,1599,train
source,3,1600,train
source,3,1601,train
source,3,1602,train
source,3,1603,train
source,3,1604,train
source,3,1605,train
source,3,1606,train
source,3,1607,train
source,3,1608,train
source,3,1609,train
source,3,1610,train
source,3,1611,train
source,3,1612,train
source,3,1613,train
source,3,1614,train
source,3,1615,train
source,3,1616,train
source,3,1617,train
source,3,1618,train
source,3,1619,train
source,3,1620,train
source,3,1621,train
source,3,1622,train
source,3,1623,train
source,3,1624,train
source,3,1625,train
source,3,1626,train
source,3,1627,train
source,3,1628,train
source,3,1629,train
source,3,1630,train
source,3,1631,train
source,3,1632,train
source,3,1633,train
source,3,1634,train
source,3,1635,train
source,3,1636,train
source,3,1637,train
source,3,1638,train
source,3,1639,train
source,3,1640,train
source,3,1641,train
source,3,1642,train
source,3,1643,train
source,3,1644,train
source,3,1645,train
source,3,1646,train
source,3,1648,train
source,3,1649,train
source,3,1650,train
source,3,1651,train
source,3,1652,train
source,3,1653,train
source,3,1654,train
source,3,1655,train
source,3,1656,train
source,3,1657,train
source,3,1658,train
source,3,1659,train
source,3,1660,train
source,3,1661,train
source,3,1662,train
source,3,1663,train
source,3,1664,train
source,3,1665,train
source,3,1666,train
source,3,1667,train
source,3,1668,train
source,3,1669,train
source,3,1670,train
source,3,1671,train
source,3,1672,train
source,3,1673,train
source,3,1674,train
source,3,1675,train
source,3,1676,train
source,3,1677,train
source,3,1678,train
source,3,1679,train
source,3,1680,train
source,3,1681,train
source,3,1682,train
source,3,1683,train
source,3,1684,train
source,3,1685,train
source,3,1686,train
source,3,1687,train
source,3,1688,train
source,3,1689,train
source,3,1690,train
source,3,1691,train
source,3,1692,train
source,3,1693,train
source,3,1694,train
source,3,1695,train
source,3,1696,train
source,3,1697,train
source,3,1698,train
source,3,1699,train
source,3,1700,train
source,3,1701,train
source,3,1702,train
source,3,1703,train
source,3,1704,train
source,3,1705,train
source,3,1706,train
source,3,1707,train
source,3,1708,train
source,3,1709,train
source,3,1710,train
source,3,1711,train
source,3,1712,train
source,3,1713,train
source,3,1714,train
source,3,1715,train
source,3,1716,train
source,3,1717,train
source,3,1718,train
source,3,1719,train
source,3,1720,train
source,3,1721,train
source,3,1741,train
source,3,1742,train
source,3,1743,train
source,3,1744,train
source,3,1745,train
source,3,1746,train
source,3,1747,train
source,3,1748,train
source,3,1749,train
source,3,1750,train
source,3,1751,train
source,3,1752,train
source,3,1753,train
source,3,1754,train
source,3,1755,train
source,3,1756,train
source,3,1757,train
source,3,1758,train
source,3,1759,train
source,3,1760,train
source,3,1761,train
source,3,1762,train
source,3,1763,train
source,3,1764,train
source,3,1765,train
source,3,1766,train
source,3,1767,train
source,3,1768,train
source,3,1769,train
source,3,1770,train
source,3,1771,train
source,3,1772,train
source,3,1773,train
source,3,1774,train
source,3,1775,train
source,3,1776,train
source,3,1777,train
source,3,1778,train
source,3,1779,train
source,3,1780,train
source,3,1781,train
source,3,1782,train
source,3,1783,train
source,3,1784,train
source,3,1785,train
source,3,1786,train
source,3,1787,train
source,3,1788,train
source,3,1789,train
source,3,1790,train
source,3,1791,train
source,3,1792,train
source,3,1793,train
source,3,1794,train
source,3,1795,train
source,3,1796,train
source,3,1797,train
source,3,1798,train
source,3,1799,train
source,3,1800,train
source,3,1801,train
source,3,1802,train
source,3,1803,train
source,3,1804,train
source,3,1805,train
source,3,1806,train
source,3,1807,train
source,3,1808,train
source,3,1809,train
source,3,1810,train
source,3,1811,train
source,3,1812,train
source,3,1813,train
source,3,1814,train
source,3,1815,train
source,3,1816,train
source,3,1817,train
source,3,1818,train
source,3,1819,train
source,3,1820,train
source,3,1821,train
source,3,1822,train
source,3,1823,train
source,3,1824,train
source,3,1825,train
source,3,1826,train
source,3,1827,train
source,3,1828,train
source,3,1829,train
source,3,1830,train
source,3,1831,train
source,3,1832,train
source,3,1833,train
source,3,1834,train
source,3,1836,train
source,3,1837,train
source,3,1838,train
source,3,1839,train
source,3,1840,train
source,3,1841,train
source,3,1842,train
source,3,1843,train
source,3,1844,train
source,3,1845,train
source,3,1846,train
source,3,1847,train
source,3,1848,train
source,3,1849,train
source,3,1850,train
source,3,1851,train
source,3,1852,train
source,3,1853,train
source,3,1854,train
source,3,1855,train
source,3,1856,train
source,3,1857,train
source,3,1858,train
source,3,1859,train
source,3,1860,train
source,3,1861,train
source,3,1862,train
source,3,1863,train
source,3,1864,train
source,3,1865,train
source,3,1866,train
source,3,1867,train
source,3,1868,train
source,3,1869,train
source,3,1870,train
source,3,1871,train
source,3,1872,train
source,3,1873,train
source,3,1874,train
source,3,1875,train
source,3,1876,train
source,3,1877,train
source,3,1878,train
source,3,1879,train
source,3,1880,train
source,3,1881,train
source,3,1882,train
source,3,1883,train
source,3,1884,train
source,3,1885,train
source,3,1886,train
source,3,1887,train
source,3,1888,train
source,3,1889,train
source,3,1900,train
source,3,1901,train
source,3,1902,train
source,3,1903,train
source,3,1904,train
source,3,1905,train
source,3,1906,train
source,3,1907,train
source,3,1908,train
source,3,1909,train
source,3,1910,train
source,3,164,test
source,3,165,test
source,3,166,test
source,3,167,test
source,3,319,test
source,3,320,test
source,3,321,test
source,3,322,test
source,3,323,test
source,3,324,test
source,3,325,test
source,3,326,test
source,3,327,test
source,3,328,test
source,3,329,test
source,3,330,test
source,3,455,test
source,3,456,test
source,3,457,test
source,3,458,test
source,3,459,test
source,3,460,test
source,3,497,test
source,3,498,test
source,3,499,test
source,3,500,test
source,3,501,test
source,3,502,test
source,3,503,test
source,3,504,test
source,3,505,test
source,3,506,test
source,3,507,test
source,3,508,test
source,3,552,test
source,3,577,test
source,3,580,test
source,3,581,test
source,3,582,test
source,3,583,test
source,3,584,test
source,3,585,test
source,3,586,test
source,3,587,test
source,3,588,test
source,3,589,test
source,3,590,test
source,3,591,test
source,3,592,test
source,3,600,test
source,3,601,test
source,3,602,test
source,3,603,test
source,3,604,test
source,3,605,test
source,3,606,test
source,3,607,test
source,3,608,test
source,3,609,test
source,3,610,test
source,3,611,test
source,3,612,test
source,3,613,test
source,3,614,test
source,3,615,test
source,3,616,test
source,3,617,test
source,3,618,test
source,3,619,test
source,3,620,test
source,3,621,test
source,3,622,test
source,3,623,test
source,3,624,test
source,3,625,test
source,3,632,test
source,3,633,test
source,3,634,test
source,3,635,test
source,3,636,test
source,3,637,test
source,3,638,test
source,3,670,test
source,3,671,test
source,3,672,test
source,3,673,test
source,3,674,test
source,3,675,test
source,3,676,test
source,3,677,test
source,3,678,test
source,3,679,test
source,3,806,test
source,3,807,test
source,3,908,test
source,3,909,test
source,3,910,test
source,3,911,test
source,3,912,test
source,3,913,test
source,3,914,test
source,3,915,test
source,3,917,test
source,3,918,test
source,3,1027,test
source,3,1028,test
source,3,1029,test
source,3,1030,test
source,3,1051,test
source,3,1184,test
source,3,1200,test
source,3,1201,test
source,3,1436,test
source,3,1437,test
source,3,1438,test
source,3,1439,test
source,3,1440,test
source,3,1441,test
source,3,1442,test
source,3,1443,test
source,3,1444,test
source,3,1445,test
source,3,1446,test
source,3,1447,test
source,3,1448,test
source,3,1449,test
source,3,1450,test
source,3,1451,test
source,3,1452,test
source,3,1453,test
source,3,1475,test
source,3,1476,test
source,3,1477,test
source,3,1478,test
source,3,1479,test
source,3,1480,test
source,3,1481,test
source,3,1482,test
source,3,1483,test
source,3,1484,test
source,3,1485,test
source,3,1486,test
source,3,1487,test
source,3,1488,test
source,3,1489,test
source,3,1490,test
source,3,1491,test
source,3,1492,test
source,3,1493,test
source,3,1494,test
source,3,1529,test
source,3,1530,test
source,3,1531,test
source,3,1532,test
source,3,1533,test
source,3,1534,test
source,3,1535,test
source,3,1536,test
source,3,1537,test
source,3,1538,test
source,3,1589,test
source,3,1647,test
source,3,1722,test
source,3,1723,test
source,3,1724,test
source,3,1725,test
source,3,1726,test
source,3,1727,test
source,3,1728,test
source,3,1729,test
source,3,1730,test
source,3,1731,test
source,3,1732,test
source,3,1733,test
source,3,1734,test
source,3,1735,test
source,3,1736,test
source,3,1737,test
source,3,1738,test
source,3,1739,test
source,3,1740,test
source,3,1835,test
source,3,1890,test
source,3,1891,test
source,3,1892,test
source,3,1893,test
source,3,1894,test
source,3,1895,test
source,3,1896,test
source,3,1897,test
source,3,1898,test
source,3,1899,test
source,4,0,train
source,4,1,train
source,4,2,train
source,4,3,train
source,4,4,train
source,4,5,train
source,4,6,train
source,4,7,train
source,4,8,train
source,4,9,train
source,4,10,train
source,4,11,train
source,4,12,train
source,4,13,train
source,4,14,train
source,4,15,train
source,4,16,train
source,4,17,train
source,4,18,train
source,4,19,train
source,4,20,train
source,4,21,train
source,4,22,train
source,4,23,train
source,4,24,train
source,4,25,train
source,4,26,train
source,4,27,train
source,4,28,train
source,4,29,train
source,4,30,train
source,4,31,train
source,4,32,train
source,4,33,train
source,4,34,train
source,4,35,train
source,4,36,train
source,4,37,train
source,4,38,train
source,4,39,train
source,4,40,train
source,4,41,train
source,4,42,train
source,4,43,train
source,4,44,train
source,4,45,train
source,4,46,train
source,4,47,train
source,4,48,train
source,4,49,train
source,4,50,train
source,4,51,train
source,4,52,train
source,4,53,train
source,4,54,train
source,4,55,train
source,4,56,train
source,4,57,train
source,4,58,train
source,4,59,train
source,4,60,train
source,4,61,train
source,4,62,train
source,4,63,train
source,4,64,train
source,4,65,train
source,4,66,train
source,4,67,train
source,4,68,train
source,4,69,train
source,4,70,train
source,4,71,train
source,4,72,train
source,4,73,train
source,4,74,train
source,4,75,train
source,4,76,train
source,4,77,train
source,4,78,train
source,4,79,train
source,4,80,train
source,4,81,train
source,4,82,train
source,4,83,train
source,4,84,train
source,4,85,train
source,4,86,train
source,4,87,train
source,4,88,train
source,4,89,train
source,4,90,train
source,4,91,train
source,4,92,train
source,4,93,train
source,4,94,train
source,4,95,train
source,4,96,train
source,4,97,train
source,4,98,train
source,4,99,train
source,4,100,train
source,4,101,train
source,4,102,train
source,4,103,train
source,4,104,train
source,4,105,train
source,4,106,train
source,4,107,train
source,4,108,train
source,4,109,train
source,4,110,train
source,4,111,train
source,4,120,train
source,4,121,train
source,4,122,train
source,4,123,train
source,4,124,train
source,4,125,train
source,4,126,train
source,4,127,train
source,4,128,train
source,4,129,train
source,4,130,train
source,4,131,train
source,4,132,train
source,4,133,train
source,4,134,train
source,4,135,train
source,4,136,train
source,4,137,train
source,4,138,train
source,4,139,train
source,4,140,train
source,4,141,train
source,4,142,train
source,4,143,train
source,4,144,train
source,4,145,train
source,4,146,train
source,4,147,train
source,4,148,train
source,4,149,train
source,4,150,train
source,4,151,train
source,4,152,train
source,4,153,train
source,4,154,train
source,4,156,train
source,4,157,train
source,4,158,train
source,4,159,train
source,4,160,train
source,4,161,train
source,4,162,train
source,4,163,train
source,4,164,train
source,4,165,train
source,4,166,train
source,4,167,train
source,4,168,train
source,4,169,train
source,4,170,train
source,4,171,train
source,4,172,train
source,4,173,train
source,4,174,train
source,4,175,train
source,4,176,train
source,4,177,train
source,4,178,train
source,4,179,train
source,4,180,train
source,4,181,train
source,4,182,train
source,4,183,train
source,4,184,train
source,4,185,train
source,4,186,train
source,4,187,train
source,4,188,train
source,4,189,train
source,4,190,train
source,4,191,train
source,4,192,train
source,4,193,train
source,4,194,train
source,4,195,train
source,4,196,train
source,4,197,train
source,4,198,train
source,4,199,train
source,4,200,train
source,4,201,train
source,4,202,train
source,4,203,train
source,4,204,train
source,4,205,train
source,4,206,train
source,4,207,train
source,4,208,train
source,4,209,train
source,4,210,train
source,4,211,train
source,4,212,train
source,4,213,train
source,4,214,train
source,4,215,train
source,4,216,train
source,4,217,train
source,4,218,train
source,4,219,train
source,4,220,train
source,4,221,train
source,4,222,train
source,4,223,train
source,4,224,train
source,4,225,train
source,4,226,train
source,4,227,train
source,4,228,train
source,4,229,train
source,4,230,train
source,4,231,train
source,4,232,train
source,4,233,train
source,4,234,train
source,4,235,train
source,4,236,train
source,4,237,train
source,4,238,train
source,4,239,train
source,4,240,train
source,4,241,train
source,4,242,train
source,4,243,train
source,4,244,train
source,4,245,train
source,4,246,train
source,4,247,train
source,4,248,train
source,4,249,train
source,4,250,train
source,4,251,train
source,4,252,train
source,4,253,train
source,4,254,train
source,4,255,train
source,4,256,train
source,4,257,train
source,4,258,train
source,4,259,train
source,4,260,train
source,4,261,train
source,4,262,train
source,4,263,train
source,4,264,train
source,4,265,train
source,4,266,train
source,4,267,train
source,4,268,train
source,4,269,train
source,4,270,train
source,4,271,train
source,4,272,train
source,4,273,train
source,4,274,train
source,4,275,train
source,4,276,train
source,4,277,train
source,4,278,train
source,4,279,train
source,4,280,train
source,4,281,train
source,4,282,train
source,4,283,train
source,4,285,train
source,4,297,train
source,4,298,train
source,4,299,train
source,4,300,train
source,4,301,train
source,4,302,train
source,4,303,train
source,4,304,train
source,4,305,train
source,4,306,train
source,4,307,train
source,4,308,train
source,4,309,train
source,4,310,train
source,4,311,train
source,4,312,train
source,4,313,train
source,4,314,train
source,4,315,train
source,4,316,train
source,4,317,train
source,4,318,train
source,4,319,train
source,4,320,train
source,4,321,train
source,4,322,train
source,4,323,train
source,4,324,train
source,4,325,train
source,4,326,train
source,4,327,train
source,4,328,train
source,4,329,train
source,4,330,train
source,4,331,train
source,4,332,train
source,4,333,train
source,4,334,train
source,4,335,train
source,4,336,train
source,4,337,train
source,4,338,train
source,4,339,train
source,4,340,train
source,4,341,train
source,4,342,train
source,4,343,train
source,4,344,train
source,4,345,train
source,4,346,train
source,4,347,train
source,4,348,train
source,4,349,train
source,4,350,train
source,4,351,train
source,4,352,train
source,4,353,train
source,4,354,train
source,4,355,train
source,4,356,train
source,4,357,train
source,4,358,train
source,4,359,train
source,4,360,train
source,4,361,train
source,4,362,train
source,4,363,train
source,4,364,train
source,4,365,train
source,4,366,train
source,4,367,train
source,4,368,train
source,4,369,train
source,4,370,train
source,4,371,train
source,4,372,train
source,4,373,train
source,4,374,train
source,4,375,train
source,4,376,train
source,4,377,train
source,4,378,train
source,4,379,train
source,4,380,train
source,4,381,train
source,4,382,train
source,4,383,train
source,4,384,train
source,4,385,train
source,4,386,train
source,4,387,train
source,4,388,train
source,4,389,train
source,4,390,train
source,4,391,train
source,4,392,train
source,4,393,train
source,4,394,train
source,4,398,train
source,4,399,train
source,4,400,train
source,4,401,train
source,4,402,train
source,4,403,train
source,4,404,train
source,4,405,train
source,4,406,train
source,4,407,train
source,4,408,train
source,4,410,train
source,4,411,train
source,4,412,train
source,4,413,train
source,4,414,train
source,4,415,train
source,4,416,train
source,4,417,train
source,4,418,train
source,4,419,train
source,4,420,train
source,4,421,train
source,4,422,train
source,4,423,train
source,4,424,train
source,4,425,train
source,4,426,train
source,4,427,train
source,4,428,train
source,4,429,train
source,4,430,train
source,4,431,train
source,4,432,train
source,4,433,train
source,4,434,train
source,4,435,train
source,4,436,train
source,4,437,train
source,4,438,train
source,4,439,train
source,4,440,train
source,4,441,train
source,4,442,train
source,4,443,train
source,4,444,train
source,4,445,train
source,4,446,train
source,4,447,train
source,4,449,train
source,4,450,train
source,4,451,train
source,4,452,train
source,4,453,train
source,4,454,train
source,4,455,train
source,4,456,train
source,4,457,train
source,4,458,train
source,4,459,train
source,4,460,train
source,4,461,train
source,4,462,train
source,4,463,train
source,4,464,train
source,4,465,train
source,4,466,train
source,4,467,train
source,4,468,train
source,4,469,train
source,4,470,train
source,4,471,train
source,4,472,train
source,4,473,train
source,4,474,train
source,4,475,train
source,4,476,train
source,4,477,train
source,4,478,train
source,4,479,train
source,4,480,train
source,4,481,train
source,4,482,train
source,4,483,train
source,4,484,train
source,4,485,train
source,4,486,train
source,4,487,train
source,4,488,train
source,4,489,train
source,4,490,train
source,4,491,train
source,4,492,train
source,4,493,train
source,4,494,train
source,4,495,train
source,4,496,train
source,4,497,train
source,4,498,train
source,4,499,train
source,4,500,train
source,4,501,train
source,4,502,train
source,4,503,train
source,4,504,train
source,4,505,train
source,4,506,train
source,4,507,train
source,4,508,train
source,4,509,train
source,4,510,train
source,4,511,train
source,4,512,train
source,4,513,train
source,4,514,train
source,4,515,train
source,4,516,train
source,4,517,train
source,4,518,train
source,4,519,train
source,4,520,train
source,4,521,train
source,4,522,train
source,4,523,train
source,4,524,train
source,4,525,train
source,4,526,train
source,4,527,train
source,4,528,train
source,4,529,train
source,4,530,train
source,4,531,train
source,4,532,train
source,4,533,train
source,4,534,train
source,4,535,train
source,4,536,train
source,4,537,train
source,4,538,train
source,4,539,train
source,4,540,train
source,4,541,train
source,4,542,train
source,4,543,train
source,4,544,train
source,4,545,train
source,4,546,train
source,4,547,train
source,4,548,train
source,4,549,train
source,4,550,train
source,4,551,train
source,4,552,train
source,4,553,train
source,4,554,train
source,4,555,train
source,4,556,train
source,4,557,train
source,4,558,train
source,4,559,train
source,4,560,train
source,4,561,train
source,4,562,train
source,4,563,train
source,4,564,train
source,4,565,train
source,4,566,train
source,4,567,train
source,4,568,train
source,4,569,train
source,4,570,train
source,4,571,train
source,4,572,train
source,4,573,train
source,4,574,train
source,4,575,train
source,4,576,train
source,4,577,train
source,4,578,train
source,4,579,train
source,4,580,train
source,4,581,train
source,4,582,train
source,4,583,train
source,4,584,train
source,4,585,train
source,4,586,train
source,4,587,train
source,4,588,train
source,4,589,train
source,4,590,train
source,4,591,train
source,4,592,train
source,4,593,train
source,4,594,train
source,4,595,train
source,4,596,train
source,4,597,train
source,4,598,train
source,4,599,train
source,4,600,train
source,4,601,train
source,4,602,train
source,4,603,train
source,4,604,train
source,4,605,train
source,4,606,train
source,4,607,train
source,4,608,train
source,4,609,train
source,4,610,train
source,4,611,train
source,4,612,train
source,4,613,train
source,4,614,train
source,4,615,train
source,4,616,train
source,4,617,train
source,4,618,train
source,4,619,train
source,4,620,train
source,4,621,train
source,4,622,train
source,4,623,train
source,4,624,train
source,4,625,train
source,4,626,train
source,4,627,train
source,4,628,train
source,4,629,train
source,4,630,train
source,4,631,train
source,4,632,train
source,4,633,train
source,4,634,train
source,4,635,train
source,4,636,train
source,4,637,train
source,4,638,train
source,4,639,train
source,4,640,train
source,4,641,train
source,4,642,train
source,4,643,train
source,4,644,train
source,4,645,train
source,4,646,train
source,4,647,train
source,4,648,train
source,4,662,train
source,4,663,train
source,4,664,train
source,4,665,train
source,4,666,train
source,4,667,train
source,4,668,train
source,4,669,train
source,4,670,train
source,4,671,train
source,4,672,train
source,4,673,train
source,4,674,train
source,4,675,train
source,4,676,train
source,4,677,train
source,4,678,train
source,4,679,train
source,4,680,train
source,4,681,train
source,4,682,train
source,4,683,train
source,4,684,train
source,4,685,train
source,4,686,train
source,4,687,train
source,4,688,train
source,4,689,train
source,4,690,train
source,4,691,train
source,4,692,train
source,4,693,train
source,4,694,train
source,4,695,train
source,4,696,train
source,4,697,train
source,4,698,train
source,4,699,train
source,4,700,train
source,4,701,train
source,4,702,train
source,4,703,train
source,4,704,train
source,4,709,train
source,4,710,train
source,4,711,train
source,4,712,train
source,4,713,train
source,4,714,train
source,4,715,train
source,4,716,train
source,4,717,train
source,4,718,train
source,4,719,train
source,4,720,train
source,4,721,train
source,4,722,train
source,4,723,train
source,4,724,train
source,4,725,train
source,4,726,train
source,4,727,train
source,4,728,train
source,4,729,train
source,4,730,train
source,4,731,train
source,4,732,train
source,4,733,train
source,4,734,train
source,4,735,train
source,4,736,train
source,4,737,train
source,4,738,train
source,4,739,train
source,4,740,train
source,4,741,train
source,4,742,train
source,4,743,train
source,4,744,train
source,4,745,train
source,4,746,train
source,4,747,train
source,4,748,train
source,4,749,train
source,4,750,train
source,4,751,train
source,4,752,train
source,4,753,train
source,4,754,train
source,4,755,train
source,4,756,train
source,4,757,train
source,4,758,train
source,4,759,train
source,4,760,train
source,4,761,train
source,4,762,train
source,4,763,train
source,4,764,train
source,4,765,train
source,4,766,train
source,4,767,train
source,4,768,train
source,4,769,train
source,4,770,train
source,4,771,train
source,4,772,train
source,4,773,train
source,4,774,train
source,4,775,train
source,4,776,train
source,4,777,train
source,4,778,train
source,4,779,train
source,4,780,train
source,4,781,train
source,4,782,train
source,4,783,train
source,4,784,train
source,4,785,train
source,4,786,train
source,4,787,train
source,4,788,train
source,4,789,train
source,4,790,train
source,4,792,train
source,4,793,train
source,4,794,train
source,4,795,train
source,4,796,train
source,4,797,train
source,4,802,train
source,4,804,train
source,4,805,train
source,4,806,train
source,4,807,train
source,4,808,train
source,4,809,train
source,4,810,train
source,4,811,train
source,4,812,train
source,4,813,train
source,4,814,train
source,4,815,train
source,4,816,train
source,4,817,train
source,4,818,train
source,4,819,train
source,4,820,train
source,4,821,train
source,4,822,train
source,4,823,train
source,4,824,train
source,4,825,train
source,4,826,train
source,4,827,train
source,4,828,train
source,4,829,train
source,4,830,train
source,4,831,train
source,4,832,train
source,4,833,train
source,4,834,train
source,4,835,train
source,4,836,train
source,4,837,train
source,4,838,train
source,4,839,train
source,4,840,train
source,4,841,train
source,4,842,train
source,4,843,train
source,4,844,train
source,4,845,train
source,4,846,train
source,4,847,train
source,4,848,train
source,4,849,train
source,4,850,train
source,4,851,train
source,4,852,train
source,4,853,train
source,4,854,train
source,4,855,train
source,4,856,train
source,4,857,train
source,4,858,train
source,4,859,train
source,4,860,train
source,4,861,train
source,4,862,train
source,4,863,train
source,4,864,train
source,4,865,train
source,4,866,train
source,4,867,train
source,4,868,train
source,4,869,train
source,4,870,train
source,4,871,train
source,4,872,train
source,4,873,train
source,4,874,train
source,4,875,train
source,4,876,train
source,4,877,train
source,4,878,train
source,4,879,train
source,4,880,train
source,4,881,train
source,4,882,train
source,4,883,train
source,4,884,train
source,4,885,train
source,4,886,train
source,4,887,train
source,4,888,train
source,4,889,train
source,4,890,train
source,4,891,train
source,4,892,train
source,4,893,train
source,4,894,train
source,4,895,train
source,4,896,train
source,4,897,train
source,4,898,train
source,4,899,train
source,4,900,train
source,4,901,train
source,4,902,train
source,4,903,train
source,4,904,train
source,4,905,train
source,4,906,train
source,4,907,train
source,4,908,train
source,4,909,train
source,4,910,train
source,4,911,train
source,4,912,train
source,4,913,train
source,4,914,train
source,4,915,train
source,4,916,train
source,4,917,train
source,4,918,train
source,4,919,train
source,4,920,train
source,4,921,train
source,4,922,train
source,4,923,train
source,4,924,train
source,4,925,train
source,4,926,train
source,4,927,train
source,4,928,train
source,4,929,train
source,4,930,train
source,4,931,train
source,4,932,train
source,4,933,train
source,4,934,train
source,4,935,train
source,4,936,train
source,4,937,train
source,4,938,train
source,4,939,train
source,4,940,train
source,4,941,train
source,4,942,train
source,4,943,train
source,4,944,train
source,4,945,train
source,4,946,train
source,4,947,train
source,4,948,train
source,4,949,train
source,4,950,train
source,4,951,train
source,4,953,train
source,4,974,train
source,4,975,train
source,4,976,train
source,4,977,train
source,4,978,train
source,4,979,train
source,4,980,train
source,4,981,train
source,4,982,train
source,4,983,train
source,4,984,train
source,4,985,train
source,4,986,train
source,4,987,train
source,4,988,train
source,4,989,train
source,4,990,train
source,4,991,train
source,4,992,train
source,4,993,train
source,4,994,train
source,4,995,train
source,4,996,train
source,4,997,train
source,4,998,train
source,4,999,train
source,4,1000,train
source,4,1001,train
source,4,1002,train
source,4,1003,train
source,4,1004,train
source,4,1005,train
source,4,1006,train
source,4,1007,train
source,4,1008,train
source,4,1010,train
source,4,1025,train
source,4,1026,train
source,4,1027,train
source,4,1028,train
source,4,1029,train
source,4,1030,train
source,4,1031,train
source,4,1032,train
source,4,1033,train
source,4,1034,train
source,4,1035,train
source,4,1036,train
source,4,1037,train
source,4,1038,train
source,4,1039,train
source,4,1040,train
source,4,1041,train
source,4,1042,train
source,4,1043,train
source,4,1044,train
source,4,1045,train
source,4,1046,train
source,4,1047,train
source,4,1049,train
source,4,1050,train
source,4,1051,train
source,4,1052,train
source,4,1053,train
source,4,1054,train
source,4,1055,train
source,4,1056,train
source,4,1057,train
source,4,1058,train
source,4,1059,train
source,4,1060,train
source,4,1061,train
source,4,1062,train
source,4,1063,train
source,4,1064,train
source,4,1065,train
source,4,1066,train
source,4,1067,train
source,4,1068,train
source,4,1069,train
source,4,1070,train
source,4,1071,train
source,4,1072,train
source,4,1073,train
source,4,1074,train
source,4,1075,train
source,4,1076,train
source,4,1077,train
source,4,1078,train
source,4,1079,train
source,4,1080,train
source,4,1081,train
source,4,1082,train
source,4,1083,train
source,4,1084,train
source,4,1085,train
source,4,1086,train
source,4,1087,train
source,4,1088,train
source,4,1089,train
source,4,1090,train
source,4,1091,train
source,4,1092,train
source,4,1094,train
source,4,1095,train
source,4,1096,train
source,4,1097,train
source,4,1098,train
source,4,1099,train
source,4,1100,train
source,4,1101,train
source,4,1102,train
source,4,1103,train
source,4,1104,train
source,4,1105,train
source,4,1106,train
source,4,1107,train
source,4,1108,train
source,4,1109,train
source,4,1110,train
source,4,1111,train
source,4,1112,train
source,4,1113,train
source,4,1114,train
source,4,1115,train
source,4,1116,train
source,4,1117,train
source,4,1118,train
source,4,1119,train
source,4,1124,train
source,4,1125,train
source,4,1127,train
source,4,1128,train
source,4,1129,train
source,4,1130,train
source,4,1131,train
source,4,1132,train
source,4,1133,train
source,4,1134,train
source,4,1135,train
source,4,1136,train
source,4,1137,train
source,4,1138,train
source,4,1139,train
source,4,1140,train
source,4,1141,train
source,4,1142,train
source,4,1143,train
source,4,1144,train
source,4,1145,train
source,4,1146,train
source,4,1147,train
source,4,1148,train
source,4,1149,train
source,4,1150,train
source,4,1151,train
source,4,1152,train
source,4,1153,train
source,4,1154,train
source,4,1155,train
source,4,1156,train
source,4,1157,train
source,4,1158,train
source,4,1159,train
source,4,1160,train
source,4,1161,train
source,4,1162,train
source,4,1163,train
source,4,1164,train
source,4,1165,train
source,4,1166,train
source,4,1167,train
source,4,1168,train
source,4,1169,train
source,4,1170,train
source,4,1171,train
source,4,1172,train
source,4,1173,train
source,4,1184,train
source,4,1185,train
source,4,1186,train
source,4,1187,train
source,4,1188,train
source,4,1189,train
source,4,1190,train
source,4,1191,train
source,4,1192,train
source,4,1193,train
source,4,1194,train
source,4,1195,train
source,4,1196,train
source,4,1197,train
source,4,1198,train
source,4,1199,train
source,4,1200,train
source,4,1201,train
source,4,1202,train
source,4,1203,train
source,4,1204,train
source,4,1205,train
source,4,1206,train
source,4,1207,train
source,4,1208,train
source,4,1209,train
source,4,1210,train
source,4,1211,train
source,4,1212,train
source,4,1213,train
source,4,1214,train
source,4,1215,train
source,4,1216,train
source,4,1217,train
source,4,1218,train
source,4,1219,train
source,4,1220,train
source,4,1221,train
source,4,1222,train
source,4,1223,train
source,4,1224,train
source,4,1225,train
source,4,1226,train
source,4,1227,train
source,4,1228,train
source,4,1229,train
source,4,1230,train
source,4,1231,train
source,4,1232,train
source,4,1233,train
source,4,1234,train
source,4,1235,train
source,4,1236,train
source,4,1237,train
source,4,1238,train
source,4,1239,train
source,4,1240,train
source,4,1241,train
source,4,1242,train
source,4,1243,train
source,4,1244,train
source,4,1245,train
source,4,1246,train
source,4,1247,train
source,4,1248,train
source,4,1249,train
source,4,1250,train
source,4,1251,train
source,4,1252,train
source,4,1253,train
source,4,1254,train
source,4,1255,train
source,4,1256,train
source,4,1257,train
source,4,1258,train
source,4,1259,train
source,4,1260,train
source,4,1261,train
source,4,1262,train
source,4,1263,train
source,4,1264,train
source,4,1265,train
source,4,1266,train
source,4,1267,train
source,4,1268,train
source,4,1269,train
source,4,1270,train
source,4,1271,train
source,4,1272,train
source,4,1273,train
source,4,1274,train
source,4,1275,train
source,4,1276,train
source,4,1277,train
source,4,1278,train
source,4,1279,train
source,4,1280,train
source,4,1281,train
source,4,1282,train
source,4,1283,train
source,4,1284,train
source,4,1285,train
source,4,1286,train
source,4,1287,train
source,4,1288,train
source,4,1289,train
source,4,1290,train
source,4,1291,train
source,4,1292,train
source,4,1293,train
source,4,1294,train
source,4,1295,train
source,4,1296,train
source,4,1297,train
source,4,1298,train
source,4,1299,train
source,4,1300,train
source,4,1301,train
source,4,1302,train
source,4,1303,train
source,4,1304,train
source,4,1305,train
source,4,1306,train
source,4,1307,train
source,4,1308,train
source,4,1309,train
source,4,1310,train
source,4,1311,train
source,4,1312,train
source,4,1313,train
source,4,1314,train
source,4,1315,train
source,4,1316,train
source,4,1317,train
source,4,1318,train
source,4,1319,train
source,4,1320,train
source,4,1321,train
source,4,1322,train
source,4,1323,train
source,4,1324,train
source,4,1325,train
source,4,1326,train
source,4,1327,train
source,4,1328,train
source,4,1329,train
source,4,1330,train
source,4,1331,train
source,4,1332,train
source,4,1333,train
source,4,1334,train
source,4,1335,train
source,4,1336,train
source,4,1337,train
source,4,1338,train
source,4,1339,train
source,4,1340,train
source,4,1341,train
source,4,1342,train
source,4,1343,train
source,4,1344,train
source,4,1345,train
source,4,1346,train
source,4,1347,train
source,4,1348,train
source,4,1349,train
source,4,1350,train
source,4,1351,train
source,4,1352,train
source,4,1353,train
source,4,1354,train
source,4,1355,train
source,4,1356,train
source,4,1357,train
source,4,1358,train
source,4,1359,train
source,4,1360,train
source,4,1361,train
source,4,1362,train
source,4,1363,train
source,4,1364,train
source,4,1365,train
source,4,1366,train
source,4,1367,train
source,4,1368,train
source,4,1369,train
source,4,1370,train
source,4,1371,train
source,4,1372,train
source,4,1373,train
source,4,1374,train
source,4,1375,train
source,4,1376,train
source,4,1377,train
source,4,1378,train
source,4,1379,train
source,4,1380,train
source,4,1381,train
source,4,1382,train
source,4,1383,train
source,4,1384,train
source,4,1385,train
source,4,1386,train
source,4,1387,train
source,4,1388,train
source,4,1389,train
source,4,1390,train
source,4,1391,train
source,4,1392,train
source,4,1393,train
source,4,1394,train
source,4,1395,train
source,4,1396,train
source,4,1397,train
source,4,1398,train
source,4,1399,train
source,4,1400,train
source,4,1401,train
source,4,1402,train
source,4,1403,train
source,4,1404,train
source,4,1405,train
source,4,1406,train
source,4,1407,train
source,4,1408,train
source,4,1409,train
source,4,1410,train
source,4,1411,train
source,4,1412,train
source,4,1413,train
source,4,1414,train
source,4,1415,train
source,4,1416,train
source,4,1417,train
source,4,1418,train
source,4,1419,train
source,4,1420,train
source,4,1421,train
source,4,1422,train
source,4,1423,train
source,4,1424,train
source,4,1425,train
source,4,1426,train
source,4,1427,train
source,4,1428,train
source,4,1429,train
source,4,1430,train
source,4,1431,train
source,4,1432,train
source,4,1433,train
source,4,1434,train
source,4,1435,train
source,4,1436,train
source,4,1437,train
source,4,1438,train
source,4,1439,train
source,4,1440,train
source,4,1441,train
source,4,1442,train
source,4,1443,train
source,4,1444,train
source,4,1445,train
source,4,1446,train
source,4,1447,train
source,4,1448,train
source,4,1449,train
source,4,1450,train
source,4,1451,train
source,4,1452,train
source,4,1453,train
source,4,1464,train
source,4,1465,train
source,4,1466,train
source,4,1467,train
source,4,1468,train
source,4,1469,train
source,4,1470,train
source,4,1471,train
source,4,1472,train
source,4,1475,train
source,4,1476,train
source,4,1477,train
source,4,1478,train
source,4,1479,train
source,4,1480,train
source,4,1481,train
source,4,1482,train
source,4,1483,train
source,4,1484,train
source,4,1485,train
source,4,1486,train
source,4,1487,train
source,4,1488,train
source,4,1489,train
source,4,1490,train
source,4,1491,train
source,4,1492,train
source,4,1493,train
source,4,1494,train
source,4,1495,train
source,4,1496,train
source,4,1497,train
source,4,1498,train
source,4,1499,train
source,4,1500,train
source,4,1501,train
source,4,1502,train
source,4,1503,train
source,4,1504,train
source,4,1505,train
source,4,1506,train
source,4,1507,train
source,4,1508,train
source,4,1509,train
source,4,1510,train
source,4,1511,train
source,4,1512,train
source,4,1513,train
source,4,1514,train
source,4,1515,train
source,4,1516,train
source,4,1517,train
source,4,1518,train
source,4,1519,train
source,4,1520,train
source,4,1521,train
source,4,1522,train
source,4,1523,train
source,4,1524,train
source,4,1525,train
source,4,1526,train
source,4,1527,train
source,4,1528,train
source,4,1529,train
source,4,1530,train
source,4,1531,train
source,4,1532,train
source,4,1533,train
source,4,1534,train
source,4,1535,train
source,4,1536,train
source,4,1537,train
source,4,1538,train
source,4,1539,train
source,4,1540,train
source,4,1541,train
source,4,1542,train
source,4,1543,train
source,4,1544,train
source,4,1545,train
source,4,1546,train
source,4,1547,train
source,4,1549,train
source,4,1550,train
source,4,1551,train
source,4,1552,train
source,4,1553,train
source,4,1554,train
source,4,1555,train
source,4,1556,train
source,4,1557,train
source,4,1558,train
source,4,1559,train
source,4,1560,train
source,4,1561,train
source,4,1562,train
source,4,1563,train
source,4,1564,train
source,4,1565,train
source,4,1566,train
source,4,1567,train
source,4,1568,train
source,4,1569,train
source,4,1570,train
source,4,1571,train
source,4,1572,train
source,4,1573,train
source,4,1584,train
source,4,1585,train
source,4,1586,train
source,4,1587,train
source,4,1588,train
source,4,1589,train
source,4,1590,train
source,4,1591,train
source,4,1592,train
source,4,1593,train
source,4,1594,train
source,4,1595,train
source,4,1596,train
source,4,1598,train
source,4,1599,train
source,4,1600,train
source,4,1601,train
source,4,1602,train
source,4,1603,train
source,4,1604,train
source,4,1605,train
source,4,1606,train
source,4,1607,train
source,4,1608,train
source,4,1609,train
source,4,1610,train
source,4,1611,train
source,4,1612,train
source,4,1613,train
source,4,1614,train
source,4,1615,train
source,4,1616,train
source,4,1617,train
source,4,1618,train
source,4,1619,train
source,4,1620,train
source,4,1621,train
source,4,1622,train
source,4,1623,train
source,4,1624,train
source,4,1625,train
source,4,1626,train
source,4,1627,train
source,4,1628,train
source,4,1629,train
source,4,1630,train
source,4,1631,train
source,4,1632,train
source,4,1633,train
source,4,1634,train
source,4,1635,train
source,4,1636,train
source,4,1637,train
source,4,1638,train
source,4,1639,train
source,4,1640,train
source,4,1641,train
source,4,1642,train
source,4,1643,train
source,4,1644,train
source,4,1645,train
source,4,1646,train
source,4,1647,train
source,4,1648,train
source,4,1649,train
source,4,1650,train
source,4,1651,train
source,4,1652,train
source,4,1653,train
source,4,1654,train
source,4,1655,train
source,4,1656,train
source,4,1657,train
source,4,1658,train
source,4,1659,train
source,4,1660,train
source,4,1661,train
source,4,1678,train
source,4,1679,train
source,4,1680,train
source,4,1681,train
source,4,1682,train
source,4,1683,train
source,4,1684,train
source,4,1685,train
source,4,1686,train
source,4,1687,train
source,4,1688,train
source,4,1689,train
source,4,1690,train
source,4,1691,train
source,4,1692,train
source,4,1693,train
source,4,1694,train
source,4,1695,train
source,4,1696,train
source,4,1697,train
source,4,1698,train
source,4,1699,train
source,4,1700,train
source,4,1701,train
source,4,1702,train
source,4,1703,train
source,4,1704,train
source,4,1705,train
source,4,1706,train
source,4,1707,train
source,4,1708,train
source,4,1709,train
source,4,1710,train
source,4,1711,train
source,4,1712,train
source,4,1713,train
source,4,1714,train
source,4,1715,train
source,4,1716,train
source,4,1717,train
source,4,1718,train
source,4,1719,train
source,4,1720,train
source,4,1721,train
source,4,1722,train
source,4,1723,train
source,4,1724,train
source,4,1725,train
source,4,1726,train
source,4,1727,train
source,4,1728,train
source,4,1729,train
source,4,1730,train
source,4,1731,train
source,4,1732,train
source,4,1733,train
source,4,1734,train
source,4,1735,train
source,4,1736,train
source,4,1737,train
source,4,1738,train
source,4,1739,train
source,4,1740,train
source,4,1741,train
source,4,1742,train
source,4,1743,train
source,4,1744,train
source,4,1745,train
source,4,1746,train
source,4,1747,train
source,4,1748,train
source,4,1749,train
source,4,1750,train
source,4,1751,train
source,4,1752,train
source,4,1753,train
source,4,1754,train
source,4,1755,train
source,4,1756,train
source,4,1757,train
source,4,1758,train
source,4,1759,train
source,4,1760,train
source,4,1761,train
source,4,1762,train
source,4,1763,train
source,4,1764,train
source,4,1765,train
source,4,1766,train
source,4,1767,train
source,4,1768,train
source,4,1769,train
source,4,1770,train
source,4,1771,train
source,4,1772,train
source,4,1773,train
source,4,1774,train
source,4,1775,train
source,4,1776,train
source,4,1777,train
source,4,1778,train
source,4,1779,train
source,4,1780,train
source,4,1781,train
source,4,1782,train
source,4,1783,train
source,4,1784,train
source,4,1785,train
source,4,1786,train
source,4,1787,train
source,4,1788,train
source,4,1789,train
source,4,1790,train
source,4,1791,train
source,4,1792,train
source,4,1793,train
source,4,1794,train
source,4,1795,train
source,4,1796,train
source,4,1822,train
source,4,1823,train
source,4,1824,train
source,4,1825,train
source,4,1826,train
source,4,1827,train
source,4,1828,train
source,4,1829,train
source,4,1830,train
source,4,1831,train
source,4,1832,train
source,4,1833,train
source,4,1834,train
source,4,1835,train
source,4,1839,train
source,4,1852,train
source,4,1853,train
source,4,1854,train
source,4,1855,train
source,4,1856,train
source,4,1857,train
source,4,1858,train
source,4,1859,train
source,4,1860,train
source,4,1861,train
source,4,1862,train
source,4,1863,train
source,4,1864,train
source,4,1865,train
source,4,1866,train
source,4,1867,train
source,4,1868,train
source,4,1869,train
source,4,1870,train
source,4,1871,train
source,4,1872,train
source,4,1873,train
source,4,1874,train
source,4,1875,train
source,4,1876,train
source,4,1877,train
source,4,1878,train
source,4,1879,train
source,4,1880,train
source,4,1881,train
source,4,1882,train
source,4,1883,train
source,4,1884,train
source,4,1885,train
source,4,1886,train
source,4,1887,train
source,4,1888,train
source,4,1889,train
source,4,1890,train
source,4,1891,train
source,4,1892,train
source,4,1893,train
source,4,1894,train
source,4,1895,train
source,4,1896,train
source,4,1897,train
source,4,1898,train
source,4,1899,train
source,4,1900,train
source,4,1901,train
source,4,112,test
source,4,113,test
source,4,114,test
source,4,115,test
source,4,116,test
source,4,117,test
source,4,118,test
source,4,119,test
source,4,155,test
source,4,284,test
source,4,286,test
source,4,287,test
source,4,288,test
source,4,289,test
source,4,290,test
source,4,291,test
source,4,292,test
source,4,293,test
source,4,294,test
source,4,295,test
source,4,296,test
source,4,395,test
source,4,396,test
source,4,397,test
source,4,409,test
source,4,448,test
source,4,649,test
source,4,650,test
source,4,651,test
source,4,652,test
source,4,653,test
source,4,654,test
source,4,655,test
source,4,656,test
source,4,657,test
source,4,658,test
source,4,659,test
source,4,660,test
source,4,661,test
source,4,705,test
source,4,706,test
source,4,707,test
source,4,708,test
source,4,791,test
source,4,798,test
source,4,799,test
source,4,800,test
source,4,801,test
source,4,803,test
source,4,952,test
source,4,954,test
source,4,955,test
source,4,956,test
source,4,957,test
source,4,958,test
source,4,959,test
source,4,960,test
source,4,961,test
source,4,962,test
source,4,963,test
source,4,964,test
source,4,965,test
source,4,966,test
source,4,967,test
source,4,968,test
source,4,969,test
source,4,970,test
source,4,971,test
source,4,972,test
source,4,973,test
source,4,1009,test
source,4,1011,test
source,4,1012,test
source,4,1013,test
source,4,1014,test
source,4,1015,test
source,4,1016,test
source,4,1017,test
source,4,1018,test
source,4,1019,test
source,4,1020,test
source,4,1021,test
source,4,1022,test
source,4,1023,test
source,4,1024,test
source,4,1048,test
source,4,1093,test
source,4,1120,test
source,4,1121,test
source,4,1122,test
source,4,1123,test
source,4,1126,test
source,4,1174,test
source,4,1175,test
source,4,1176,test
source,4,1177,test
source,4,1178,test
source,4,1179,test
source,4,1180,test
source,4,1181,test
source,4,1182,test
source,4,1183,test
source,4,1454,test
source,4,1455,test
source,4,1456,test
source,4,1457,test
source,4,1458,test
source,4,1459,test
source,4,1460,test
source,4,1461,test
source,4,1462,test
source,4,1463,test
source,4,1473,test
source,4,1474,test
source,4,1548,test
source,4,1574,test
source,4,1575,test
source,4,1576,test
source,4,1577,test
source,4,1578,test
source,4,1579,test
source,4,1580,test
source,4,1581,test
source,4,1582,test
source,4,1583,test
source,4,1597,test
source,4,1662,test
source,4,1663,test
source,4,1664,test
source,4,1665,test
source,4,1666,test
source,4,1667,test
source,4,1668,test
source,4,1669,test
source,4,1670,test
source,4,1671,test
source,4,1672,test
source,4,1673,test
source,4,1674,test
source,4,1675,test
source,4,1676,test
source,4,1677,test
source,4,1797,test
source,4,1798,test
source,4,1799,test
source,4,1800,test
source,4,1801,test
source,4,1802,test
source,4,1803,test
source,4,1804,test
source,4,1805,test
source,4,1806,test
source,4,1807,test
source,4,1808,test
source,4,1809,test
source,4,1810,test
source,4,1811,test
source,4,1812,test
source,4,1813,test
source,4,1814,test
source,4,1815,test
source,4,1816,test
source,4,1817,test
source,4,1818,test
source,4,1819,test
source,4,1820,test
source,4,1821,test
source,4,1836,test
source,4,1837,test
source,4,1838,test
source,4,1840,test
source,4,1841,test
source,4,1842,test
source,4,1843,test
source,4,1844,test
source,4,1845,test
source,4,1846,test
source,4,1847,test
source,4,1848,test
source,4,1849,test
source,4,1850,test
source,4,1851,test
source,4,1902,test
source,4,1903,test
source,4,1904,test
source,4,1905,test
source,4,1906,test
source,4,1907,test
source,4,1908,test
source,4,1909,test
source,4,1910,test
source,5,0,train
source,5,1,train
source,5,2,train
source,5,3,train
source,5,4,train
source,5,5,train
source,5,6,train
source,5,7,train
source,5,8,train
source,5,9,train
source,5,10,train
source,5,11,train
source,5,12,train
source,5,13,train
source,5,14,train
source,5,15,train
source,5,22,train
source,5,23,train
source,5,24,train
source,5,25,train
source,5,26,train
source,5,27,train
source,5,28,train
source,5,29,train
source,5,30,train
source,5,31,train
source,5,32,train
source,5,33,train
source,5,34,train
source,5,35,train
source,5,36,train
source,5,37,train
source,5,38,train
source,5,39,train
source,5,40,train
source,5,41,train
source,5,42,train
source,5,43,train
source,5,44,train
source,5,45,train
source,5,46,train
source,5,47,train
source,5,48,train
source,5,49,train
source,5,50,train
source,5,51,train
source,5,52,train
source,5,53,train
source,5,54,train
source,5,55,train
source,5,56,train
source,5,57,train
source,5,58,train
source,5,59,train
source,5,60,train
source,5,61,train
source,5,62,train
source,5,63,train
source,5,64,train
source,5,65,train
source,5,66,train
source,5,67,train
source,5,68,train
source,5,69,train
source,5,70,train
source,5,71,train
source,5,72,train
source,5,73,train
source,5,74,train
source,5,75,train
source,5,76,train
source,5,77,train
source,5,78,train
source,5,79,train
source,5,80,train
source,5,81,train
source,5,82,train
source,5,83,train
source,5,84,train
source,5,85,train
source,5,86,train
source,5,87,train
source,5,88,train
source,5,89,train
source,5,90,train
source,5,91,train
source,5,92,train
source,5,93,train
source,5,94,train
source,5,95,train
source,5,96,train
source,5,97,train
source,5,98,train
source,5,99,train
source,5,100,train
source,5,101,train
source,5,102,train
source,5,103,train
source,5,104,train
source,5,105,train
source,5,106,train
source,5,107,train
source,5,108,train
source,5,109,train
source,5,110,train
source,5,111,train
source,5,112,train
source,5,113,train
source,5,114,train
source,5,115,train
source,5,116,train
source,5,117,train
source,5,118,train
source,5,119,train
source,5,120,train
source,5,121,train
source,5,122,train
source,5,123,train
source,5,124,train
source,5,125,train
source,5,126,train
source,5,127,train
source,5,128,train
source,5,129,train
source,5,130,train
source,5,131,train
source,5,132,train
source,5,133,train
source,5,134,train
source,5,135,train
source,5,136,train
source,5,137,train
source,5,138,train
source,5,139,train
source,5,146,train
source,5,147,train
source,5,148,train
source,5,149,train
source,5,150,train
source,5,151,train
source,5,152,train
source,5,153,train
source,5,154,train
source,5,155,train
source,5,156,train
source,5,157,train
source,5,158,train
source,5,159,train
source,5,160,train
source,5,161,train
source,5,162,train
source,5,163,train
source,5,164,train
source,5,165,train
source,5,166,train
source,5,167,train
source,5,168,train
source,5,169,train
source,5,170,train
source,5,171,train
source,5,172,train
source,5,173,train
source,5,174,train
source,5,175,train
source,5,176,train
source,5,177,train
source,5,178,train
source,5,179,train
source,5,180,train
source,5,181,train
source,5,182,train
source,5,183,train
source,5,184,train
source,5,185,train
source,5,186,train
source,5,187,train
source,5,188,train
source,5,189,train
source,5,190,train
source,5,191,train
source,5,192,train
source,5,193,train
source,5,194,train
source,5,195,train
source,5,196,train
source,5,197,train
source,5,198,train
source,5,199,train
source,5,200,train
source,5,201,train
source,5,202,train
source,5,203,train
source,5,204,train
source,5,205,train
source,5,206,train
source,5,207,train
source,5,208,train
source,5,209,train
source,5,210,train
source,5,211,train
source,5,212,train
source,5,213,train
source,5,214,train
source,5,215,train
source,5,216,train
source,5,222,train
source,5,223,train
source,5,233,train
source,5,234,train
source,5,235,train
source,5,236,train
source,5,237,train
source,5,238,train
source,5,239,train
source,5,240,train
source,5,241,train
source,5,242,train
source,5,243,train
source,5,244,train
source,5,245,train
source,5,246,train
source,5,247,train
source,5,248,train
source,5,249,train
source,5,250,train
source,5,251,train
source,5,252,train
source,5,253,train
source,5,254,train
source,5,255,train
source,5,256,train
source,5,257,train
source,5,258,train
source,5,259,train
source,5,260,train
source,5,261,train
source,5,262,train
source,5,263,train
source,5,264,train
source,5,265,train
source,5,266,train
source,5,267,train
source,5,268,train
source,5,269,train
source,5,270,train
source,5,271,train
source,5,272,train
source,5,273,train
source,5,274,train
source,5,275,train
source,5,276,train
source,5,277,train
source,5,278,train
source,5,279,train
source,5,280,train
source,5,283,train
source,5,284,train
source,5,285,train
source,5,286,train
source,5,287,train
source,5,288,train
source,5,289,train
source,5,290,train
source,5,291,train
source,5,292,train
source,5,293,train
source,5,294,train
source,5,295,train
source,5,296,train
source,5,297,train
source,5,298,train
source,5,319,train
source,5,320,train
source,5,321,train
source,5,322,train
source,5,323,train
source,5,324,train
source,5,325,train
source,5,326,train
source,5,327,train
source,5,328,train
source,5,329,train
source,5,330,train
source,5,331,train
source,5,332,train
source,5,333,train
source,5,334,train
source,5,335,train
source,5,336,train
source,5,337,train
source,5,338,train
source,5,339,train
source,5,340,train
source,5,341,train
source,5,342,train
source,5,343,train
source,5,344,train
source,5,345,train
source,5,346,train
source,5,347,train
source,5,348,train
source,5,349,train
source,5,350,train
source,5,351,train
source,5,352,train
source,5,353,train
source,5,354,train
source,5,355,train
source,5,356,train
source,5,357,train
source,5,358,train
source,5,359,train
source,5,360,train
source,5,361,train
source,5,362,train
source,5,363,train
source,5,364,train
source,5,365,train
source,5,366,train
source,5,367,train
source,5,368,train
source,5,369,train
source,5,370,train
source,5,371,train
source,5,372,train
source,5,373,train
source,5,374,train
source,5,375,train
source,5,376,train
source,5,377,train
source,5,378,train
source,5,379,train
source,5,380,train
source,5,381,train
source,5,382,train
source,5,383,train
source,5,384,train
source,5,385,train
source,5,386,train
source,5,387,train
source,5,388,train
source,5,389,train
source,5,390,train
source,5,391,train
source,5,392,train
source,5,393,train
source,5,394,train
source,5,395,train
source,5,396,train
source,5,397,train
source,5,398,train
source,5,399,train
source,5,400,train
source,5,401,train
source,5,402,train
source,5,403,train
source,5,404,train
source,5,405,train
source,5,406,train
source,5,407,train
source,5,408,train
source,5,409,train
source,5,410,train
source,5,411,train
source,5,412,train
source,5,413,train
source,5,414,train
source,5,415,train
source,5,416,train
source,5,417,train
source,5,418,train
source,5,440,train
source,5,441,train
source,5,442,train
source,5,443,train
source,5,444,train
source,5,445,train
source,5,446,train
source,5,447,train
source,5,448,train
source,5,449,train
source,5,450,train
source,5,451,train
source,5,452,train
source,5,453,train
source,5,454,train
source,5,455,train
source,5,456,train
source,5,457,train
source,5,458,train
source,5,459,train
source,5,460,train
source,5,465,train
source,5,466,train
source,5,467,train
source,5,468,train
source,5,469,train
source,5,470,train
source,5,471,train
source,5,472,train
source,5,473,train
source,5,474,train
source,5,475,train
source,5,476,train
source,5,477,train
source,5,478,train
source,5,479,train
source,5,480,train
source,5,481,train
source,5,482,train
source,5,483,train
source,5,484,train
source,5,485,train
source,5,486,train
source,5,487,train
source,5,488,train
source,5,489,train
source,5,490,train
source,5,491,train
source,5,492,train
source,5,493,train
source,5,494,train
source,5,495,train
source,5,496,train
source,5,497,train
source,5,498,train
source,5,499,train
source,5,500,train
source,5,501,train
source,5,502,train
source,5,503,train
source,5,504,train
source,5,505,train
source,5,506,train
source,5,507,train
source,5,508,train
source,5,509,train
source,5,510,train
source,5,511,train
source,5,512,train
source,5,513,train
source,5,514,train
source,5,515,train
source,5,516,train
source,5,517,train
source,5,518,train
source,5,519,train
source,5,520,train
source,5,521,train
source,5,522,train
source,5,523,train
source,5,524,train
source,5,525,train
source,5,526,train
source,5,527,train
source,5,528,train
source,5,529,train
source,5,530,train
source,5,531,train
source,5,532,train
source,5,533,train
source,5,534,train
source,5,535,train
source,5,536,train
source,5,537,train
source,5,538,train
source,5,539,train
source,5,540,train
source,5,541,train
source,5,542,train
source,5,543,train
source,5,544,train
source,5,545,train
source,5,546,train
source,5,547,train
source,5,548,train
source,5,549,train
source,5,550,train
source,5,551,train
source,5,552,train
source,5,553,train
source,5,554,train
source,5,555,train
source,5,556,train
source,5,557,train
source,5,558,train
source,5,559,train
source,5,560,train
source,5,561,train
source,5,562,train
source,5,563,train
source,5,564,train
source,5,565,train
source,5,566,train
source,5,567,train
source,5,568,train
source,5,569,train
source,5,570,train
source,5,571,train
source,5,572,train
source,5,573,train
source,5,574,train
source,5,575,train
source,5,576,train
source,5,577,train
source,5,578,train
source,5,579,train
source,5,580,train
source,5,581,train
source,5,582,train
source,5,583,train
source,5,584,train
source,5,585,train
source,5,586,train
source,5,587,train
source,5,588,train
source,5,589,train
source,5,590,train
source,5,591,train
source,5,592,train
source,5,593,train
source,5,594,train
source,5,595,train
source,5,596,train
source,5,597,train
source,5,598,train
source,5,599,train
source,5,600,train
source,5,601,train
source,5,602,train
source,5,603,train
source,5,604,train
source,5,605,train
source,5,606,train
source,5,607,train
source,5,608,train
source,5,609,train
source,5,610,train
source,5,611,train
source,5,612,train
source,5,613,train
source,5,614,train
source,5,615,train
source,5,616,train
source,5,617,train
source,5,618,train
source,5,619,train
source,5,620,train
source,5,621,train
source,5,622,train
source,5,623,train
source,5,624,train
source,5,625,train
source,5,626,train
source,5,627,train
source,5,628,train
source,5,629,train
source,5,630,train
source,5,631,train
source,5,632,train
source,5,633,train
source,5,634,train
source,5,635,train
source,5,636,train
source,5,637,train
source,5,638,train
source,5,639,train
source,5,640,train
source,5,641,train
source,5,642,train
source,5,643,train
source,5,644,train
source,5,645,train
source,5,646,train
source,5,647,train
source,5,648,train
source,5,649,train
source,5,650,train
source,5,651,train
source,5,652,train
source,5,653,train
source,5,654,train
source,5,655,train
source,5,656,train
source,5,657,train
source,5,658,train
source,5,659,train
source,5,660,train
source,5,661,train
source,5,662,train
source,5,663,train
source,5,664,train
source,5,665,train
source,5,666,train
source,5,667,train
source,5,668,train
source,5,669,train
source,5,670,train
source,5,671,train
source,5,672,train
source,5,673,train
source,5,674,train
source,5,675,train
source,5,676,train
source,5,677,train
source,5,678,train
source,5,679,train
source,5,680,train
source,5,681,train
source,5,682,train
source,5,683,train
source,5,684,train
source,5,685,train
source,5,686,train
source,5,687,train
source,5,688,train
source,5,689,train
source,5,690,train
source,5,691,train
source,5,692,train
source,5,693,train
source,5,694,train
source,5,695,train
source,5,696,train
source,5,697,train
source,5,698,train
source,5,699,train
source,5,700,train
source,5,701,train
source,5,702,train
source,5,703,train
source,5,704,train
source,5,705,train
source,5,706,train
source,5,707,train
source,5,708,train
source,5,709,train
source,5,710,train
source,5,711,train
source,5,712,train
source,5,713,train
source,5,714,train
source,5,715,train
source,5,716,train
source,5,717,train
source,5,718,train
source,5,719,train
source,5,720,train
source,5,721,train
source,5,722,train
source,5,723,train
source,5,724,train
source,5,725,train
source,5,726,train
source,5,727,train
source,5,728,train
source,5,729,train
source,5,730,train
source,5,731,train
source,5,732,train
source,5,733,train
source,5,734,train
source,5,735,train
source,5,736,train
source,5,737,train
source,5,738,train
source,5,739,train
source,5,740,train
source,5,741,train
source,5,742,train
source,5,743,train
source,5,744,train
source,5,745,train
source,5,746,train
source,5,747,train
source,5,748,train
source,5,749,train
source,5,750,train
source,5,751,train
source,5,752,train
source,5,753,train
source,5,754,train
source,5,755,train
source,5,756,train
source,5,757,train
source,5,758,train
source,5,759,train
source,5,760,train
source,5,761,train
source,5,762,train
source,5,763,train
source,5,764,train
source,5,765,train
source,5,766,train
source,5,767,train
source,5,768,train
source,5,769,train
source,5,770,train
source,5,771,train
source,5,772,train
source,5,773,train
source,5,774,train
source,5,775,train
source,5,776,train
source,5,777,train
source,5,778,train
source,5,779,train
source,5,780,train
source,5,781,train
source,5,782,train
source,5,783,train
source,5,784,train
source,5,785,train
source,5,786,train
source,5,787,train
source,5,788,train
source,5,789,train
source,5,790,train
source,5,791,train
source,5,792,train
source,5,793,train
source,5,794,train
source,5,795,train
source,5,796,train
source,5,797,train
source,5,798,train
source,5,799,train
source,5,800,train
source,5,801,train
source,5,802,train
source,5,803,train
source,5,804,train
source,5,805,train
source,5,806,train
source,5,807,train
source,5,808,train
source,5,809,train
source,5,810,train
source,5,811,train
source,5,812,train
source,5,813,train
source,5,814,train
source,5,815,train
source,5,816,train
source,5,817,train
source,5,818,train
source,5,819,train
source,5,820,train
source,5,821,train
source,5,822,train
source,5,823,train
source,5,825,train
source,5,827,train
source,5,835,train
source,5,836,train
source,5,837,train
source,5,838,train
source,5,839,train
source,5,840,train
source,5,841,train
source,5,842,train
source,5,843,train
source,5,844,train
source,5,845,train
source,5,846,train
source,5,847,train
source,5,849,train
source,5,850,train
source,5,852,train
source,5,853,train
source,5,854,train
source,5,855,train
source,5,856,train
source,5,857,train
source,5,858,train
source,5,859,train
source,5,860,train
source,5,861,train
source,5,862,train
source,5,863,train
source,5,864,train
source,5,865,train
source,5,866,train
source,5,867,train
source,5,868,train
source,5,869,train
source,5,870,train
source,5,871,train
source,5,872,train
source,5,873,train
source,5,874,train
source,5,875,train
source,5,876,train
source,5,877,train
source,5,878,train
source,5,879,train
source,5,880,train
source,5,881,train
source,5,882,train
source,5,883,train
source,5,884,train
source,5,885,train
source,5,886,train
source,5,887,train
source,5,888,train
source,5,889,train
source,5,890,train
source,5,891,train
source,5,892,train
source,5,893,train
source,5,894,train
source,5,895,train
source,5,896,train
source,5,897,train
source,5,898,train
source,5,899,train
source,5,900,train
source,5,901,train
source,5,904,train
source,5,905,train
source,5,906,train
source,5,907,train
source,5,908,train
source,5,909,train
source,5,910,train
source,5,911,train
source,5,912,train
source,5,913,train
source,5,914,train
source,5,915,train
source,5,916,train
source,5,917,train
source,5,918,train
source,5,919,train
source,5,920,train
source,5,921,train
source,5,922,train
source,5,923,train
source,5,924,train
source,5,925,train
source,5,926,train
source,5,927,train
source,5,928,train
source,5,929,train
source,5,930,train
source,5,931,train
source,5,932,train
source,5,933,train
source,5,943,train
source,5,946,train
source,5,947,train
source,5,948,train
source,5,949,train
source,5,950,train
source,5,951,train
source,5,952,train
source,5,953,train
source,5,954,train
source,5,955,train
source,5,956,train
source,5,957,train
source,5,958,train
source,5,959,train
source,5,960,train
source,5,961,train
source,5,962,train
source,5,963,train
source,5,964,train
source,5,965,train
source,5,966,train
source,5,967,train
source,5,968,train
source,5,969,train
source,5,970,train
source,5,971,train
source,5,972,train
source,5,973,train
source,5,974,train
source,5,975,train
source,5,976,train
source,5,977,train
source,5,978,train
source,5,979,train
source,5,980,train
source,5,981,train
source,5,982,train
source,5,988,train
source,5,989,train
source,5,990,train
source,5,991,train
source,5,992,train
source,5,993,train
source,5,994,train
source,5,995,train
source,5,996,train
source,5,997,train
source,5,998,train
source,5,999,train
source,5,1000,train
source,5,1001,train
source,5,1002,train
source,5,1003,train
source,5,1004,train
source,5,1005,train
source,5,1006,train
source,5,1007,train
source,5,1008,train
source,5,1009,train
source,5,1010,train
source,5,1011,train
source,5,1012,train
source,5,1013,train
source,5,1014,train
source,5,1015,train
source,5,1016,train
source,5,1017,train
source,5,1018,train
source,5,1019,train
source,5,1020,train
source,5,1021,train
source,5,1022,train
source,5,1023,train
source,5,1024,train
source,5,1025,train
source,5,1026,train
source,5,1027,train
source,5,1028,train
source,5,1029,train
source,5,1030,train
source,5,1031,train
source,5,1032,train
source,5,1033,train
source,5,1034,train
source,5,1035,train
source,5,1036,train
source,5,1037,train
source,5,1038,train
source,5,1039,train
source,5,1040,train
source,5,1041,train
source,5,1042,train
source,5,1043,train
source,5,1044,train
source,5,1045,train
source,5,1046,train
source,5,1047,train
source,5,1048,train
source,5,1049,train
source,5,1050,train
source,5,1051,train
source,5,1052,train
source,5,1053,train
source,5,1054,train
source,5,1055,train
source,5,1056,train
source,5,1057,train
source,5,1058,train
source,5,1059,train
source,5,1060,train
source,5,1061,train
source,5,1062,train
source,5,1063,train
source,5,1064,train
source,5,1065,train
source,5,1066,train
source,5,1067,train
source,5,1093,train
source,5,1094,train
source,5,1095,train
source,5,1096,train
source,5,1097,train
source,5,1098,train
source,5,1099,train
source,5,1100,train
source,5,1101,train
source,5,1102,train
source,5,1103,train
source,5,1104,train
source,5,1105,train
source,5,1106,train
source,5,1107,train
source,5,1108,train
source,5,1109,train
source,5,1110,train
source,5,1111,train
source,5,1112,train
source,5,1113,train
source,5,1114,train
source,5,1115,train
source,5,1116,train
source,5,1117,train
source,5,1118,train
source,5,1119,train
source,5,1120,train
source,5,1121,train
source,5,1122,train
source,5,1123,train
source,5,1124,train
source,5,1125,train
source,5,1126,train
source,5,1127,train
source,5,1128,train
source,5,1129,train
source,5,1130,train
source,5,1131,train
source,5,1132,train
source,5,1133,train
source,5,1135,train
source,5,1136,train
source,5,1137,train
source,5,1138,train
source,5,1142,train
source,5,1143,train
source,5,1144,train
source,5,1145,train
source,5,1146,train
source,5,1147,train
source,5,1148,train
source,5,1149,train
source,5,1150,train
source,5,1151,train
source,5,1152,train
source,5,1153,train
source,5,1154,train
source,5,1155,train
source,5,1156,train
source,5,1157,train
source,5,1158,train
source,5,1159,train
source,5,1160,train
source,5,1161,train
source,5,1162,train
source,5,1163,train
source,5,1164,train
source,5,1165,train
source,5,1166,train
source,5,1167,train
source,5,1168,train
source,5,1169,train
source,5,1170,train
source,5,1171,train
source,5,1172,train
source,5,1173,train
source,5,1174,train
source,5,1175,train
source,5,1176,train
source,5,1177,train
source,5,1178,train
source,5,1179,train
source,5,1180,train
source,5,1181,train
source,5,1182,train
source,5,1183,train
source,5,1184,train
source,5,1185,train
source,5,1186,train
source,5,1187,train
source,5,1188,train
source,5,1189,train
source,5,1190,train
source,5,1191,train
source,5,1192,train
source,5,1193,train
source,5,1194,train
source,5,1195,train
source,5,1196,train
source,5,1197,train
source,5,1198,train
source,5,1199,train
source,5,1200,train
source,5,1201,train
source,5,1202,train
source,5,1203,train
source,5,1204,train
source,5,1205,train
source,5,1206,train
source,5,1207,train
source,5,1208,train
source,5,1209,train
source,5,1210,train
source,5,1211,train
source,5,1212,train
source,5,1213,train
source,5,1214,train
source,5,1215,train
source,5,1216,train
source,5,1217,train
source,5,1218,train
source,5,1219,train
source,5,1220,train
source,5,1221,train
source,5,1222,train
source,5,1223,train
source,5,1224,train
source,5,1225,train
source,5,1226,train
source,5,1227,train
source,5,1228,train
source,5,1229,train
source,5,1230,train
source,5,1231,train
source,5,1232,train
source,5,1233,train
source,5,1234,train
source,5,1235,train
source,5,1236,train
source,5,1237,train
source,5,1238,train
source,5,1239,train
source,5,1240,train
source,5,1241,train
source,5,1242,train
source,5,1243,train
source,5,1244,train
source,5,1245,train
source,5,1246,train
source,5,1247,train
source,5,1248,train
source,5,1249,train
source,5,1250,train
source,5,1251,train
source,5,1252,train
source,5,1253,train
source,5,1254,train
source,5,1255,train
source,5,1256,train
source,5,1257,train
source,5,1258,train
source,5,1259,train
source,5,1260,train
source,5,1261,train
source,5,1262,train
source,5,1263,train
source,5,1264,train
source,5,1265,train
source,5,1266,train
source,5,1267,train
source,5,1268,train
source,5,1269,train
source,5,1270,train
source,5,1271,train
source,5,1272,train
source,5,1273,train
source,5,1274,train
source,5,1275,train
source,5,1276,train
source,5,1277,train
source,5,1278,train
source,5,1279,train
source,5,1280,train
source,5,1281,train
source,5,1282,train
source,5,1283,train
source,5,1284,train
source,5,1285,train
source,5,1286,train
source,5,1287,train
source,5,1288,train
source,5,1289,train
source,5,1290,train
source,5,1291,train
source,5,1292,train
source,5,1293,train
source,5,1294,train
source,5,1295,train
source,5,1296,train
source,5,1297,train
source,5,1298,train
source,5,1299,train
source,5,1300,train
source,5,1301,train
source,5,1302,train
source,5,1303,train
source,5,1304,train
source,5,1305,train
source,5,1306,train
source,5,1307,train
source,5,1325,train
source,5,1326,train
source,5,1327,train
source,5,1328,train
source,5,1329,train
source,5,1330,train
source,5,1331,train
source,5,1332,train
source,5,1333,train
source,5,1334,train
source,5,1335,train
source,5,1336,train
source,5,1337,train
source,5,1338,train
source,5,1339,train
source,5,1340,train
source,5,1341,train
source,5,1342,train
source,5,1343,train
source,5,1344,train
source,5,1345,train
source,5,1346,train
source,5,1347,train
source,5,1348,train
source,5,1349,train
source,5,1350,train
source,5,1351,train
source,5,1352,train
source,5,1353,train
source,5,1354,train
source,5,1355,train
source,5,1356,train
source,5,1357,train
source,5,1358,train
source,5,1359,train
source,5,1360,train
source,5,1361,train
source,5,1362,train
source,5,1363,train
source,5,1364,train
source,5,1365,train
source,5,1366,train
source,5,1367,train
source,5,1368,train
source,5,1378,train
source,5,1379,train
source,5,1380,train
source,5,1381,train
source,5,1382,train
source,5,1383,train
source,5,1384,train
source,5,1385,train
source,5,1386,train
source,5,1387,train
source,5,1388,train
source,5,1389,train
source,5,1390,train
source,5,1391,train
source,5,1392,train
source,5,1393,train
source,5,1394,train
source,5,1395,train
source,5,1396,train
source,5,1397,train
source,5,1398,train
source,5,1399,train
source,5,1400,train
source,5,1401,train
source,5,1402,train
source,5,1403,train
source,5,1404,train
source,5,1405,train
source,5,1406,train
source,5,1407,train
source,5,1408,train
source,5,1409,train
source,5,1410,train
source,5,1411,train
source,5,1412,train
source,5,1413,train
source,5,1414,train
source,5,1415,train
source,5,1416,train
source,5,1417,train
source,5,1418,train
source,5,1419,train
source,5,1420,train
source,5,1421,train
source,5,1422,train
source,5,1423,train
source,5,1424,train
source,5,1425,train
source,5,1426,train
source,5,1427,train
source,5,1428,train
source,5,1429,train
source,5,1430,train
source,5,1431,train
source,5,1432,train
source,5,1433,train
source,5,1434,train
source,5,1435,train
source,5,1436,train
source,5,1437,train
source,5,1438,train
source,5,1439,train
source,5,1440,train
source,5,1441,train
source,5,1442,train
source,5,1443,train
source,5,1444,train
source,5,1445,train
source,5,1446,train
source,5,1447,train
source,5,1448,train
source,5,1449,train
source,5,1450,train
source,5,1451,train
source,5,1452,train
source,5,1453,train
source,5,1454,train
source,5,1455,train
source,5,1456,train
source,5,1457,train
source,5,1458,train
source,5,1459,train
source,5,1460,train
source,5,1461,train
source,5,1462,train
source,5,1463,train
source,5,1464,train
source,5,1465,train
source,5,1466,train
source,5,1467,train
source,5,1468,train
source,5,1469,train
source,5,1470,train
source,5,1471,train
source,5,1472,train
source,5,1473,train
source,5,1474,train
source,5,1475,train
source,5,1476,train
source,5,1477,train
source,5,1478,train
source,5,1479,train
source,5,1480,train
source,5,1481,train
source,5,1482,train
source,5,1483,train
source,5,1484,train
source,5,1485,train
source,5,1486,train
source,5,1487,train
source,5,1488,train
source,5,1489,train
source,5,1490,train
source,5,1491,train
source,5,1492,train
source,5,1493,train
source,5,1494,train
source,5,1495,train
source,5,1496,train
source,5,1497,train
source,5,1498,train
source,5,1499,train
source,5,1500,train
source,5,1501,train
source,5,1502,train
source,5,1503,train
source,5,1504,train
source,5,1505,train
source,5,1506,train
source,5,1507,train
source,5,1508,train
source,5,1509,train
source,5,1510,train
source,5,1511,train
source,5,1512,train
source,5,1513,train
source,5,1514,train
source,5,1515,train
source,5,1516,train
source,5,1520,train
source,5,1521,train
source,5,1522,train
source,5,1523,train
source,5,1524,train
source,5,1525,train
source,5,1529,train
source,5,1530,train
source,5,1531,train
source,5,1532,train
source,5,1533,train
source,5,1534,train
source,5,1535,train
source,5,1536,train
source,5,1537,train
source,5,1538,train
source,5,1539,train
source,5,1540,train
source,5,1541,train
source,5,1542,train
source,5,1543,train
source,5,1544,train
source,5,1545,train
source,5,1546,train
source,5,1547,train
source,5,1548,train
source,5,1549,train
source,5,1550,train
source,5,1551,train
source,5,1552,train
source,5,1553,train
source,5,1554,train
source,5,1555,train
source,5,1556,train
source,5,1557,train
source,5,1558,train
source,5,1559,train
source,5,1560,train
source,5,1561,train
source,5,1562,train
source,5,1563,train
source,5,1564,train
source,5,1565,train
source,5,1566,train
source,5,1567,train
source,5,1568,train
source,5,1569,train
source,5,1570,train
source,5,1571,train
source,5,1572,train
source,5,1573,train
source,5,1574,train
source,5,1575,train
source,5,1576,train
source,5,1577,train
source,5,1578,train
source,5,1579,train
source,5,1580,train
source,5,1581,train
source,5,1582,train
source,5,1583,train
source,5,1584,train
source,5,1585,train
source,5,1586,train
source,5,1587,train
source,5,1588,train
source,5,1589,train
source,5,1591,train
source,5,1592,train
source,5,1593,train
source,5,1594,train
source,5,1595,train
source,5,1596,train
source,5,1597,train
source,5,1598,train
source,5,1599,train
source,5,1600,train
source,5,1601,train
source,5,1602,train
source,5,1603,train
source,5,1604,train
source,5,1605,train
source,5,1606,train
source,5,1607,train
source,5,1608,train
source,5,1609,train
source,5,1610,train
source,5,1611,train
source,5,1612,train
source,5,1613,train
source,5,1614,train
source,5,1615,train
source,5,1616,train
source,5,1617,train
source,5,1618,train
source,5,1619,train
source,5,1620,train
source,5,1621,train
source,5,1622,train
source,5,1623,train
source,5,1624,train
source,5,1625,train
source,5,1626,train
source,5,1627,train
source,5,1628,train
source,5,1629,train
source,5,1630,train
source,5,1631,train
source,5,1632,train
source,5,1633,train
source,5,1634,train
source,5,1635,train
source,5,1636,train
source,5,1637,train
source,5,1638,train
source,5,1639,train
source,5,1640,train
source,5,1641,train
source,5,1642,train
source,5,1643,train
source,5,1644,train
source,5,1645,train
source,5,1646,train
source,5,1647,train
source,5,1648,train
source,5,1649,train
source,5,1650,train
source,5,1651,train
source,5,1652,train
source,5,1653,train
source,5,1654,train
source,5,1655,train
source,5,1656,train
source,5,1657,train
source,5,1658,train
source,5,1659,train
source,5,1660,train
source,5,1661,train
source,5,1662,train
source,5,1663,train
source,5,1664,train
source,5,1665,train
source,5,1666,train
source,5,1667,train
source,5,1668,train
source,5,1669,train
source,5,1670,train
source,5,1671,train
source,5,1672,train
source,5,1673,train
source,5,1674,train
source,5,1675,train
source,5,1676,train
source,5,1677,train
source,5,1678,train
source,5,1679,train
source,5,1680,train
source,5,1681,train
source,5,1682,train
source,5,1683,train
source,5,1684,train
source,5,1685,train
source,5,1686,train
source,5,1687,train
source,5,1688,train
source,5,1689,train
source,5,1690,train
source,5,1691,train
source,5,1692,train
source,5,1693,train
source,5,1694,train
source,5,1695,train
source,5,1696,train
source,5,1697,train
source,5,1698,train
source,5,1699,train
source,5,1700,train
source,5,1701,train
source,5,1702,train
source,5,1703,train
source,5,1704,train
source,5,1705,train
source,5,1706,train
source,5,1707,train
source,5,1708,train
source,5,1709,train
source,5,1710,train
source,5,1711,train
source,5,1712,train
source,5,1713,train
source,5,1714,train
source,5,1715,train
source,5,1716,train
source,5,1717,train
source,5,1718,train
source,5,1719,train
source,5,1720,train
source,5,1721,train
source,5,1722,train
source,5,1723,train
source,5,1724,train
source,5,1725,train
source,5,1726,train
source,5,1727,train
source,5,1728,train
source,5,1729,train
source,5,1730,train
source,5,1731,train
source,5,1732,train
source,5,1733,train
source,5,1734,train
source,5,1735,train
source,5,1736,train
source,5,1737,train
source,5,1738,train
source,5,1739,train
source,5,1740,train
source,5,1741,train
source,5,1742,train
source,5,1743,train
source,5,1744,train
source,5,1745,train
source,5,1746,train
source,5,1765,train
source,5,1766,train
source,5,1767,train
source,5,1768,train
source,5,1769,train
source,5,1770,train
source,5,1771,train
source,5,1772,train
source,5,1773,train
source,5,1774,train
source,5,1775,train
source,5,1776,train
source,5,1777,train
source,5,1778,train
source,5,1779,train
source,5,1780,train
source,5,1781,train
source,5,1782,train
source,5,1783,train
source,5,1784,train
source,5,1785,train
source,5,1786,train
source,5,1787,train
source,5,1788,train
source,5,1789,train
source,5,1790,train
source,5,1791,train
source,5,1792,train
source,5,1793,train
source,5,1794,train
source,5,1795,train
source,5,1796,train
source,5,1797,train
source,5,1798,train
source,5,1799,train
source,5,1800,train
source,5,1801,train
source,5,1802,train
source,5,1803,train
source,5,1804,train
source,5,1805,train
source,5,1806,train
source,5,1807,train
source,5,1808,train
source,5,1809,train
source,5,1810,train
source,5,1811,train
source,5,1812,train
source,5,1813,train
source,5,1814,train
source,5,1815,train
source,5,1816,train
source,5,1817,train
source,5,1818,train
source,5,1819,train
source,5,1820,train
source,5,1821,train
source,5,1822,train
source,5,1823,train
source,5,1824,train
source,5,1825,train
source,5,1834,train
source,5,1835,train
source,5,1836,train
source,5,1837,train
source,5,1838,train
source,5,1840,train
source,5,1841,train
source,5,1842,train
source,5,1843,train
source,5,1844,train
source,5,1845,train
source,5,1846,train
source,5,1847,train
source,5,1848,train
source,5,1849,train
source,5,1850,train
source,5,1851,train
source,5,1852,train
source,5,1853,train
source,5,1854,train
source,5,1855,train
source,5,1856,train
source,5,1857,train
source,5,1858,train
source,5,1859,train
source,5,1860,train
source,5,1861,train
source,5,1862,train
source,5,1863,train
source,5,1864,train
source,5,1865,train
source,5,1866,train
source,5,1867,train
source,5,1868,train
source,5,1869,train
source,5,1870,train
source,5,1871,train
source,5,1872,train
source,5,1873,train
source,5,1874,train
source,5,1875,train
source,5,1876,train
source,5,1877,train
source,5,1878,train
source,5,1879,train
source,5,1880,train
source,5,1881,train
source,5,1882,train
source,5,1883,train
source,5,1884,train
source,5,1885,train
source,5,1886,train
source,5,1887,train
source,5,1888,train
source,5,1889,train
source,5,1890,train
source,5,1891,train
source,5,1892,train
source,5,1893,train
source,5,1894,train
source,5,1895,train
source,5,1896,train
source,5,1897,train
source,5,1898,train
source,5,1899,train
source,5,1900,train
source,5,1901,train
source,5,1902,train
source,5,1903,train
source,5,1904,train
source,5,1905,train
source,5,1906,train
source,5,1907,train
source,5,1908,train
source,5,1909,train
source,5,1910,train
source,5,16,test
source,5,17,test
source,5,18,test
source,5,19,test
source,5,20,test
source,5,21,test
source,5,140,test
source,5,141,test
source,5,142,test
source,5,143,test
source,5,144,test
source,5,145,test
source,5,217,test
source,5,218,test
source,5,219,test
source,5,220,test
source,5,221,test
source,5,224,test
source,5,225,test
source,5,226,test
source,5,227,test
source,5,228,test
source,5,229,test
source,5,230,test
source,5,231,test
source,5,232,test
source,5,281,test
source,5,282,test
source,5,299,test
source,5,300,test
source,5,301,test
source,5,302,test
source,5,303,test
source,5,304,test
source,5,305,test
source,5,306,test
source,5,307,test
source,5,308,test
source,5,309,test
source,5,310,test
source,5,311,test
source,5,312,test
source,5,313,test
source,5,314,test
source,5,315,test
source,5,316,test
source,5,317,test
source,5,318,test
source,5,419,test
source,5,420,test
source,5,421,test
source,5,422,test
source,5,423,test
source,5,424,test
source,5,425,test
source,5,426,test
source,5,427,test
source,5,428,test
source,5,429,test
source,5,430,test
source,5,431,test
source,5,432,test
source,5,433,test
source,5,434,test
source,5,435,test
source,5,436,test
source,5,437,test
source,5,438,test
source,5,439,test
source,5,461,test
source,5,462,test
source,5,463,test
source,5,464,test
source,5,824,test
source,5,826,test
source,5,828,test
source,5,829,test
source,5,830,test
source,5,831,test
source,5,832,test
source,5,833,test
source,5,834,test
source,5,848,test
source,5,851,test
source,5,902,test
source,5,903,test
source,5,934,test
source,5,935,test
source,5,936,test
source,5,937,test
source,5,938,test
source,5,939,test
source,5,940,test
source,5,941,test
source,5,942,test
source,5,944,test
source,5,945,test
source,5,983,test
source,5,984,test
source,5,985,test
source,5,986,test
source,5,987,test
source,5,1068,test
source,5,1069,test
source,5,1070,test
source,5,1071,test
source,5,1072,test
source,5,1073,test
source,5,1074,test
source,5,1075,test
source,5,1076,test
source,5,1077,test
source,5,1078,test
source,5,1079,test
source,5,1080,test
source,5,1081,test
source,5,1082,test
source,5,1083,test
source,5,1084,test
source,5,1085,test
source,5,1086,test
source,5,1087,test
source,5,1088,test
source,5,1089,test
source,5,1090,test
source,5,1091,test
source,5,1092,test
source,5,1134,test
source,5,1139,test
source,5,1140,test
source,5,1141,test
source,5,1308,test
source,5,1309,test
source,5,1310,test
source,5,1311,test
source,5,1312,test
source,5,1313,test
source,5,1314,test
source,5,1315,test
source,5,1316,test
source,5,1317,test
source,5,1318,test
source,5,1319,test
source,5,1320,test
source,5,1321,test
source,5,1322,test
source,5,1323,test
source,5,1324,test
source,5,1369,test
source,5,1370,test
source,5,1371,test
source,5,1372,test
source,5,1373,test
source,5,1374,test
source,5,1375,test
source,5,1376,test
source,5,1377,test
source,5,1517,test
source,5,1518,test
source,5,1519,test
source,5,1526,test
source,5,1527,test
source,5,1528,test
source,5,1590,test
source,5,1747,test
source,5,1748,test
source,5,1749,test
source,5,1750,test
source,5,1751,test
source,5,1752,test
source,5,1753,test
source,5,1754,test
source,5,1755,test
source,5,1756,test
source,5,1757,test
source,5,1758,test
source,5,1759,test
source,5,1760,test
source,5,1761,test
source,5,1762,test
source,5,1763,test
source,5,1764,test
source,5,1826,test
source,5,1827,test
source,5,1828,test
source,5,1829,test
source,5,1830,test
source,5,1831,test
source,5,1832,test
source,5,1833,test
source,5,1839,test
