compound_index,pIC50,stratified__Fp,stratified__Desc,stratified__Frozen,stratified__Ft,stratified__Hyb,stratified__HybClm,stratified__Gnn,scaffold__Fp,scaffold__Desc,scaffold__Frozen,scaffold__Ft,scaffold__Hyb,scaffold__HybClm,scaffold__Gnn,cluster__Fp,cluster__Desc,cluster__Frozen,cluster__Ft,cluster__Hyb,cluster__HybClm,cluster__Gnn,source__Fp,source__Desc,source__Frozen,source__Ft,source__Hyb,source__HybClm,source__Gnn
0,3.91578131326076,,,,,,,,4.212182627744139,3.8591552286087527,3.9638240742571664,3.886344575881958,3.9937437379368554,4.055359979635053,3.968409299850464,,,,,,,,,,,,,,
1,4.50501102631683,,,,,,,,5.308588049910444,4.132354083999258,4.592011547417369,3.7860652923583986,4.487318721520742,4.601040849990593,4.8343377113342285,4.142000338395556,3.974473009258328,4.167239268432857,3.4900701999664308,4.015218737328257,4.055878024354189,4.219547271728516,,,,,,,
2,4.49921482708254,,,,,,,,5.286415167198481,4.082067282241114,4.613761131439973,3.9085169315338133,4.557499590062412,4.588890045058161,4.786367893218994,4.156974905858238,3.963361679926582,4.133904913554966,3.629285526275635,4.067955520098846,4.064858585192377,4.245828628540039,,,,,,,
3,5.61439372640169,,,,,,,,5.3151195477697,4.165484240641235,4.583930585817212,4.126866436004638,4.634143510719057,4.735297420983622,5.081271171569824,4.363709498033362,4.059483660705089,4.225060490624706,3.9632014274597167,4.201058989513396,4.244974417084191,4.274008750915527,,,,,,,
4,4.72584215073632,,,,,,,,4.469266335185665,4.08475210535446,4.789160573329442,4.024317598342895,4.289538360542785,4.244360478046737,4.964333534240723,4.211644154313798,4.093761064265887,4.243261377795046,3.674482583999634,4.133185924157541,4.173880466758685,4.283052921295166,,,,,,,
5,4.81616096294358,,,,,,,,5.262609159385749,4.082624134667688,4.510290408247329,4.423405170440674,4.576559756685594,4.6164106726106064,4.778046607971191,4.163549856919373,3.9843821176514043,4.027554023108865,4.247350835800171,4.128123795554497,4.135091356541453,4.218124866485596,,,,,,,
6,6.03151705144607,4.69680039613577,5.340982732564331,5.531246750120028,5.5561541557312015,4.890132757374684,4.6550755007321545,5.759016513824463,4.763346292390054,4.6172767793696785,4.8589996714274895,4.5494303703308105,4.849999395054622,4.593026454201997,5.137423515319824,4.8354093920109715,4.616117502279395,4.297690104348543,4.365929317474365,4.7494918681614084,4.69460691649113,4.465504169464111,,,,,,,
7,5.94692155651658,,,,,,,,4.231882901944978,4.1923721081963965,4.533681761446489,4.667821598052979,4.2445593694168755,4.281540663467781,5.0096235275268555,4.235884121248514,4.258873491719729,4.039600585989574,4.435378456115723,4.180249037031876,4.237462625550268,4.351645469665527,,,,,,,
8,5.13846558914096,5.16973261653484,5.166893482224578,5.180534428665305,5.251966762542724,5.398359827384853,5.086468390521569,5.149266242980957,5.248403885533963,4.117667020293585,4.504127399324064,4.3420257568359375,4.619861559551728,4.626301770153173,4.816102027893066,4.142901868499095,4.049351692597694,4.075939906039275,4.219219398498535,4.112592721301717,4.089025884186657,4.224206924438477,,,,,,,
9,5.60205999132796,,,,,,,,4.373685442545468,4.3875321093552495,4.99244383845402,4.458581638336182,4.392845682525397,4.41015999043843,5.038016319274902,4.2705716934785265,4.415033970106025,4.436964582411347,4.089667844772339,4.294749541292658,4.32270552244041,4.387709617614746,,,,,,,
10,4.83773438570198,5.314283891692884,5.150749809368124,5.196228612094724,5.0860676765441895,5.294637428699945,4.885638433295784,5.009603023529053,5.329195677899033,4.104464182555586,4.562815560069976,4.297779750823975,4.574854505767928,4.647645657245431,4.762820243835449,4.144707252853222,4.07003165248258,4.151053359967735,4.132547330856323,4.141852742147905,4.077099717463828,4.222414493560791,,,,,,,
11,6.35654732351381,,,,,,,,4.2263078869337,4.5853214489657,4.962928371529478,4.680233478546143,4.471314124678046,4.436757152198103,5.115870952606201,4.130199843977017,4.659043480739363,4.539410221949396,4.4759471893310545,4.379674375080341,4.346777543485931,4.494326591491699,,,,,,,
12,5.77989191195995,4.335637615158224,5.364532404681251,5.631485111621451,5.095972061157227,4.7778451724382505,4.695988138481409,5.688679218292236,4.0770814711110095,4.225542502708998,4.6493769468239,4.566800785064697,4.336941623386795,4.391984623093712,5.016122817993164,4.0187160873875145,4.245431738985514,4.230826262427417,4.399738597869873,4.303511000635043,4.422317973438373,4.3529863357543945,,,,,,,
13,5.28232949699774,5.026024089777277,4.914341696911033,5.008957830549858,5.2210235595703125,5.069392777995583,5.038351236305108,5.130161285400391,5.258221782132189,4.129119471506722,4.420002183874773,4.439148807525635,4.566676298416711,4.626143897148461,4.814560890197754,4.144154948272809,4.021517564071582,3.923306280268692,4.26431679725647,4.121441321770381,4.122579785010256,4.195008277893066,,,,,,,
14,4.46268472688799,5.412283439315101,4.350275068053381,4.787731156255969,4.341371536254883,4.7202258513046385,4.77626126900629,4.807767391204834,5.4358267057582035,3.9744030348298542,4.760409276074979,3.812845754623413,4.552226008055272,4.707573583196954,4.7669830322265625,4.088368757507333,3.8027680438929523,4.212678573920623,3.223260021209717,3.9917770050120622,4.064406260721833,4.183267593383789,,,,,,,
15,5.50307035192678,4.4797564498830065,4.5514522373374575,5.007182019940666,5.0529192924499515,4.754566724934176,4.851039636154556,5.941448211669922,4.479230881862895,4.613590593408559,5.032470111247129,5.158634376525879,4.572195118425444,4.93134103831754,6.343520641326904,4.134501716948828,4.042651889350183,4.107164942745755,4.118062686920166,4.138823732426921,4.200114399114301,3.831097364425659,,,,,,,
16,4.51201366887061,4.13080377086966,3.9095243395097925,4.2172751439918725,4.218661785125732,4.127851102916211,4.241312127608155,4.293437957763672,,,,,,,,4.029873669027411,3.824960575710868,4.366866113848597,4.309871101379395,4.0989099686981,4.176641075276017,4.30291223526001,4.287171739305046,3.907486514871185,4.337643398781446,4.467702198028564,4.176097764126769,4.25531789077966,4.207718372344971
17,4.45593195564972,,,,,,,,,,,,,,,4.395174206250853,4.51230811251648,4.671441892334316,4.605608081817627,4.520815268979046,4.364363921319537,4.608756065368652,4.396980303976645,4.570871728311396,4.660265563383114,4.5541023254394535,4.571565212522701,4.428746126133895,4.505587577819824
18,4.61083391563547,,,,,,,,,,,,,,,4.622200760887024,4.64408246206381,4.799054305587955,4.475352096557617,4.708983333067171,4.650912321748896,4.628448486328125,4.57466912760176,4.642457665381469,4.694339150483641,4.6487833023071286,4.766165747104333,4.702940846235932,4.686649799346924
19,4.59448289302362,,,,,,,,,,,,,,,4.615849012604244,4.634859245202862,4.925146584498124,4.46919994354248,4.776690619724215,4.643886060684174,4.678788661956787,4.5614737492931345,4.624777654041654,4.762588224031972,4.646366691589355,4.774891995724066,4.709049097550045,4.695614814758301
20,4.61439372640169,4.621393970692599,4.615783028776715,4.775035297703263,4.624483203887939,4.600893920522068,4.618023893253537,4.6345062255859375,,,,,,,,4.636276521769425,4.607744174737014,5.012790125047074,4.470245361328125,4.746417046090514,4.681678264735025,4.575917720794678,4.576214188149113,4.639304364162644,4.7933597738311216,4.6476898193359375,4.767872712177605,4.7056378345772085,4.661225318908691
21,4.56623016607513,4.623221230660046,4.529615456680061,4.650429024072337,4.718197917938232,4.640659953166119,4.602970830315204,4.781222820281982,,,,,,,,4.675869337133173,4.523844333282326,4.839781178814169,4.459888458251953,4.714493479771422,4.667458743897602,4.578442096710205,4.61089601972972,4.4600895277562005,4.700870517665288,4.640123081207276,4.718618354573397,4.692232407611141,4.545560836791992
22,4.31825335994381,,,,,,,,,,,,,,,,,,,,,,,,,,,,
23,4.73232912435972,4.821100688412279,4.4365025039021315,4.616161606185309,4.593758678436279,4.570834792505144,4.505330149946749,4.54945182800293,,,,,,,,4.798791157402713,4.376128945957628,4.572698471753713,4.493167304992676,4.507344776183588,4.505779618433212,4.626946926116943,4.840025481611345,4.4071105469739935,4.593391813905106,4.496036243438721,4.532474588971063,4.5098716385330935,4.633534908294678
24,3.65638752673979,4.350974230857672,3.911609746982735,4.020810738462281,4.094563817977905,4.1717671667138925,4.255918348712685,3.978163480758667,,,,,,,,4.381000918320754,3.7171394726258074,4.297034355553803,4.170269107818603,4.30018356419425,4.345456993004022,4.1437530517578125,,,,,,,
25,3.8208579894397,,,,,,,,,,,,,,,4.336417329447793,3.6827939934725458,4.219530750852573,4.1251305103302,4.498846804933054,4.474594855376522,4.131583213806152,,,,,,,
26,3.94694327069783,3.8835812293900176,4.018911877041847,4.410428832972338,4.391193199157715,4.265468013445263,4.2185982322431315,4.403550148010254,,,,,,,,4.253563759362075,3.969252567800686,4.47314469451472,4.385516738891601,4.363132916607489,4.299994611815609,4.220663070678711,,,,,,,
27,3.10005708824224,3.8852492824247573,3.866943740715202,3.614712624343271,3.8158023357391357,3.912330499170559,3.8614719051331887,4.024083137512207,3.5395629342405535,3.8554289514460347,3.570672041002988,3.93092737197876,3.884327824237337,3.7388954299564436,3.4891161918640137,3.8173802505181045,3.9239990388412513,3.556340448963968,3.7954411029815676,3.9985078604032016,3.8919762910855114,4.169346809387207,,,,,,,
28,2.89005041976941,3.520408252741232,4.003993521842023,2.9681869733472355,3.060527467727661,3.6283900199105807,3.541193877430764,3.3120110034942627,3.5492905867437603,3.950967444533141,2.9648757171183115,3.2645593166351317,3.6711906828333474,3.489236237612137,3.691577196121216,,,,,,,,3.722916977729325,4.08055922547928,3.355731362131065,3.483928918838501,3.7616141349194794,3.6159465460984337,3.152146577835083
29,4.23867367757854,,,,,,,,,,,,,,,,,,,,,,3.8744318116331624,4.166516143125274,3.957343706711042,4.160701560974121,3.8653066142910455,3.9832392134894756,3.8203787803649902
30,4.1170772093974,3.711329179994613,3.8841050447686256,4.354881919840402,4.142653274536133,3.6049505607815804,3.7059022181069445,4.155963897705078,4.0859441691152165,4.018748516432305,4.582124334464631,4.163642644882202,3.883571613201583,3.9682048749732424,4.217817783355713,,,,,,,,3.8926242050038984,4.136172120115486,3.889183730071319,4.237004947662354,3.819724648613002,3.9510997417334965,3.697144031524658
31,2.87071301578201,3.575157207511145,4.119898984828231,3.814534029121052,4.211593532562256,4.0920631139414665,4.049280600070681,3.7721962928771973,,,,,,,,,,,,,,,3.8949141184836384,4.186393758535416,4.234030652150051,4.35838212966919,3.9501821362579386,4.058826455444523,3.815333604812622
32,2.79364643992759,3.251348284622216,3.7932291486585954,3.687541911307383,4.112388849258423,3.7065454953567962,3.7844737901022567,3.904170513153076,3.183603578607446,3.7478934959453993,3.8651194063376093,3.895236682891846,3.6522578612585086,3.754933660196434,4.120135307312012,3.343072370139664,3.7871417465037167,3.6431014291315975,4.022521495819092,3.7499356136496176,3.816256929851298,3.913902759552002,3.914861752048943,4.14001813955841,4.124431970566578,4.373243808746338,3.8707857030983712,3.9552420896494693,3.749591827392578
33,4.97839728397176,3.1035890251979485,3.4210192084064124,2.95065942164175,3.518269157409668,3.2323245434071533,3.2203263024263573,3.2910244464874268,,,,,,,,,,,,,,,3.888414252204695,4.187642818322892,4.0265574995374385,4.255918407440186,3.930806176530153,4.0068268147085515,3.7288544178009033
34,3.06686717627327,3.4347819837862095,3.8077174804240403,3.7957595606830354,3.6082065105438232,3.71050852131782,3.585859382039092,3.987286329269409,3.3342470425336836,3.714472962640987,3.876623406107556,3.5932902336120605,3.654683898670155,3.6073869056592316,3.9189770221710205,,,,,,,,3.846276192585764,4.1220516261393145,3.8654640654100914,4.0380559921264645,3.803867637535538,3.8746668598354894,3.8552443981170654
35,3.50229650384796,3.1969683658598482,3.693308401276157,3.2317356762620983,3.540037727355957,3.5920864234379986,3.490591448851888,4.150500297546387,3.261942319696396,3.5650248777321707,3.1261893079013734,3.4356953620910646,3.520863270402287,3.4901839270900634,3.5636608600616455,3.198141060833481,3.541162286719071,3.1524742327397526,3.360175371170044,3.5712763001177223,3.4330167056032046,3.6459121704101562,3.8346581881111432,4.089203574719104,3.581474010589142,4.137005472183228,3.8279111679077342,3.831948585022246,3.6504623889923096
36,4.43616308133546,,,,,,,,4.694767065623334,4.398794427867912,4.631809521516371,4.447731685638428,4.516384602969242,4.546533366754693,4.2309889793396,,,,,,,,3.2851648401481466,4.111130096739815,4.005736745976643,4.2703962326049805,3.725300784018825,3.6561777564485687,3.8644542694091797
37,5.1605219526258,,,,,,,,4.412671399563481,4.146368692687841,4.1332640163161996,4.09262638092041,4.324737941551688,4.34048233403178,3.637500047683716,4.383286582008609,4.124206400564565,4.174388951434256,4.140340995788574,4.270891050712662,4.296799359714686,3.80877423286438,3.4438497457140556,4.038661668910151,3.9294337804097856,4.371751880645752,3.7017842934198986,3.774291143098815,3.6623737812042236
38,4.47768620484333,,,,,,,,4.598637570783754,4.513095383146408,4.596779660975861,4.437576770782471,4.4306828911799645,4.47367354081374,4.4129533767700195,,,,,,,,3.52859040631201,4.25845747340911,3.8984884319018662,4.248804092407227,3.7489632369325587,3.791853572992733,3.9417223930358887
39,4.79021698515148,,,,,,,,4.290365706514999,4.222157570800711,4.309803199074092,4.16821060180664,4.22583000327383,4.140428456666097,3.9993255138397217,4.368273249776192,4.180191954950379,4.3046809497044425,3.9123653411865233,4.127716214836126,4.175528589378982,4.170123100280762,3.572623575718288,4.173081206681883,3.934269671947491,4.3619739532470705,3.676069277720259,3.67289774583178,3.8561673164367676
40,2.61831826846901,3.7381837343214466,3.8873046177284993,3.7834040310502193,3.8669450283050537,3.710222869154357,3.731959445109021,3.7724075317382812,3.6377827764985113,3.9458758764364688,3.6991403233917963,4.2911341190338135,3.6576213024323767,3.6547605911711183,3.933638095855713,,,,,,,,3.5911520738107505,4.001730636530142,3.4655818191298633,3.9884077072143556,3.6523285884432157,3.5823757183539233,3.7144482135772705
41,2.4460126581604,2.757385334423164,2.3300739878745893,3.399487891292278,3.8269820690155028,3.032770343324478,3.578774289340599,3.282285213470459,,,,,,,,,,,,,,,,,,,,,
42,2.4753040650384,,,,,,,,3.2756866639228948,2.574168513170145,3.3052588303919888,3.1666069507598875,3.6049664951866873,3.5709834178047983,3.8225314617156982,3.4857936409329127,2.660187224831483,3.3773408689061397,3.410346794128418,3.6012955027343514,3.718245279490777,3.9128403663635254,,,,,,,
43,2.54557287306745,,,,,,,,,,,,,,,2.603167922049977,2.5182606747877427,3.4273231589106503,3.076304531097412,3.0851468978046834,3.555643905397923,2.9833786487579346,,,,,,,
44,2.77915998416582,3.778663166427022,3.446521288143345,3.6233208910495067,3.6962828159332277,3.687365694264638,3.752263819744954,4.0778913497924805,3.917673306021157,3.4595658132225497,3.658017001539621,4.035535669326782,3.6730824776525055,3.753980507410785,3.8692708015441895,3.861710132420547,3.6449674121837505,3.7913343530908867,3.877436304092407,3.7963661179395496,3.8180332667404446,4.165902137756348,,,,,,,
45,2.89091440559521,,,,,,,,3.3596571277469933,2.5651573943262327,3.3010686312682447,3.0690231800079344,3.6568461389972167,3.711665131823514,3.8574702739715576,3.62461110548174,2.7799209872133877,3.554282475680315,3.09513635635376,3.6831951299402523,3.8407012934935296,3.8473541736602783,,,,,,,
46,3.1370818767009,,,,,,,,3.4346148569948345,2.9328243935365856,3.5548662690438877,3.103428268432617,3.4103585041937396,3.4378099277550636,1.7784188985824585,3.8222485496594674,3.756179457924982,3.8563126737910616,3.270008611679077,3.8984112965120783,3.717615304771075,2.8435447216033936,,,,,,,
47,3.19312842016272,3.3551647658064665,3.239709792006832,3.706554452761851,3.784132957458496,3.5358095606142568,3.620125041906078,3.4975838661193848,3.4194390196963966,2.996833767841293,3.4472194435390224,3.2020729541778565,3.3232127957132334,3.428313236402107,2.29205584526062,3.838037380849944,3.5181004814790646,3.3929917766425985,2.9778181076049806,3.769675204883561,3.6188353626119403,3.1754698753356934,,,,,,,
48,3.30311090062194,3.7419069891790584,3.555434913832483,3.7461700874593578,3.343877935409546,3.693079371360773,3.6926107307682425,3.633061647415161,3.2186324953868604,2.8464857681561573,3.6638648161140814,2.8289535522460936,3.3303530512195807,3.3630349223672367,2.424250364303589,3.621434668566244,3.135165299581926,3.4806121836789528,2.796780490875244,3.5691042948407286,3.6089273693901665,3.425290584564209,,,,,,,
49,3.35707076627655,4.078242181463935,3.850254287941597,3.771571773006081,3.2185568809509277,3.9777297572870634,3.503466810355615,3.52466082572937,3.4059151941472363,2.7531077437498737,3.262823322632499,3.0592753410339357,3.3807887239147134,3.4117847360296234,1.7508054971694946,3.7595000463498702,3.3280206297985986,3.507106184486314,3.2513349056243896,3.6487328067409477,3.678296261368086,2.971064567565918,,,,,,,
50,3.57588640453197,3.6559832679820614,3.2155764741468027,3.520154394391703,3.3168146133422853,3.529985629080154,3.667326469651123,3.6735644340515137,3.7482820067084326,3.4208236238131615,3.7829350048168306,3.9752254486083984,3.7319074934538907,3.9158166823358442,3.549884080886841,3.940172126947889,3.704910914132808,3.7850603451618343,3.877212142944336,3.934354951952003,4.172838598314587,3.710902452468872,,,,,,,
51,3.72069816272538,4.09387388717089,3.528325713264498,4.205165162918557,3.6806289196014403,4.0549278502257025,3.880116604910017,3.998854160308838,3.7052475461444523,3.0320126571536594,4.191155596789322,3.544843244552612,4.026680865904811,3.6859777315946713,3.430328369140625,3.9397457479380322,3.576957954454301,4.225543048510573,3.655179023742676,4.020951599935961,3.878901135599837,4.132458209991455,,,,,,,
52,3.76919357153112,3.8480206181178023,3.8661158539032643,3.6384815086135425,3.772308015823364,3.798885649732174,3.85948861504935,3.91379976272583,3.5151688516898143,2.8807753187397,3.6477637108311978,3.5917986392974854,3.453294832637153,3.534501296243537,2.918426275253296,,,,,,,,,,,,,,
53,3.79634170054375,,,,,,,,3.0878086166654213,2.954952278861759,3.3180138701137007,2.9230495929718017,3.2555165641512414,3.280418667599199,2.0006229877471924,3.8315534306254624,3.656464774660663,3.259677725513921,2.857898807525635,3.7862341224079388,3.540268286034004,3.7006638050079346,,,,,,,
54,3.92933424654627,3.6824308087792423,3.528450942191162,3.658912158538564,3.817395639419556,3.5655050297172055,3.7845512265746195,3.321808338165283,3.0959896638730866,2.817664982847575,3.716786275831643,3.4520952701568604,3.300627147171523,3.34260723284775,1.3560904264450073,3.7331866468886084,3.6364993207215197,3.6374521104514055,3.7373891830444337,3.6389146447226746,3.7047216027703134,3.419348955154419,,,,,,,
55,3.96269304910291,,,,,,,,3.491599083888442,2.97348487671588,3.4105427262660686,3.515261650085449,3.4266838509420667,3.515066108146871,3.287057876586914,,,,,,,,,,,,,,
56,4.03574036980315,,,,,,,,4.354774722552546,3.8598459611470277,3.976846502453247,4.193482351303101,4.239715410538757,4.316468576234538,3.9169139862060547,4.12411456609609,4.112298402264144,4.111615194497832,4.20549840927124,4.176028412478448,4.287842992048632,4.144740581512451,,,,,,,
57,4.05286048235717,4.092673648194911,4.2343117454466075,4.398546916732137,4.325367069244384,4.2025969959727485,4.353436510201203,4.108608722686768,4.242106642077588,3.987070697217473,4.078682008256904,3.853849697113037,4.240634804105488,4.348567473574474,3.982344388961792,3.9915756336404495,4.012626208305106,3.9292747606954554,3.5700357437133787,4.050924543808169,4.184985446294673,3.960348606109619,,,,,,,
58,4.11633856484638,,,,,,,,3.4351118185831275,3.0791874303029902,3.8501501740384563,3.8900354862213136,3.4209947660129116,3.559687728299512,3.24216890335083,,,,,,,,,,,,,,
59,4.19900813873983,,,,,,,,3.3873094238810553,2.93202006833077,3.2821200630289074,2.922909688949585,3.2830923415602538,3.3779346487831776,2.284442901611328,3.767366928289428,3.3273373878370736,3.498169464924449,2.9179444313049316,3.5401672501882757,3.5582031538870926,3.1899826526641846,,,,,,,
60,4.20474581741912,,,,,,,,3.4217945331752473,3.079317193153124,3.6940345487686495,3.5368151664733887,3.3107700333670427,3.523756668583634,3.4710869789123535,4.06889835766643,3.908317107804999,3.692945565795094,3.346277618408203,3.8140405365496077,3.790844540461421,4.076973915100098,,,,,,,
61,4.58236226034777,,,,,,,,3.575143595383578,4.051726267119214,3.948159298951271,3.9213399410247805,4.124296808925248,4.056522119749269,4.391263008117676,3.7626049763367178,4.3228909612481985,3.8744160625735082,3.7135510444641113,4.260475146867315,3.9728996213778176,4.292262077331543,,,,,,,
62,4.64282774227697,,,,,,,,4.16006677405112,3.933217323858004,3.946631602700038,4.206673336029053,4.200856519108073,4.158866848109424,4.348509788513184,4.548804563487934,4.379702099981031,4.249032269979353,4.292833232879639,4.435090342136317,4.31682554972117,4.250267505645752,,,,,,,
63,3.67778070526608,3.588611717539409,3.5660015609242572,3.5733704019627166,3.533800745010376,3.5877052803190193,3.6345991402859976,3.5230414867401123,4.3918642356743405,3.6291506270567475,3.7299656793942964,3.1806511878967285,4.350892149356627,4.368740101227311,4.06015682220459,,,,,,,,,,,,,,
64,3.54821356447571,,,,,,,,4.23665948159125,3.6198823783294807,3.7839441950297985,3.374994707107544,4.3077470489303025,4.303455987836046,4.047721862792969,,,,,,,,,,,,,,
65,3.70553377383841,3.5996650263938146,3.6133194500195964,3.6729504942900455,3.8161782741546633,3.6570915360227714,3.7050248494830895,3.675713300704956,4.362020653536976,3.6732189955785355,3.9191942264620114,3.4460766315460205,4.414637141779621,4.382021398347302,4.1590166091918945,,,,,,,,,,,,,,
66,3.56863623584101,,,,,,,,4.316556646217246,3.6908258793492617,4.006078599871186,3.3989845752716064,4.402381076044192,4.3700654489029604,4.160569190979004,,,,,,,,,,,,,,
67,3.68613277963085,,,,,,,,4.3128725719773655,3.606842161266948,3.9644957534927827,3.419540214538574,4.361352375899428,4.364162129455641,4.163737773895264,,,,,,,,,,,,,,
68,3.96657624451305,3.9541223161552916,3.9262025850709446,3.8346175578331603,3.756642532348633,3.9347347797170342,3.9391738926074957,3.8062565326690674,4.266546543284754,3.8027535262729115,4.0497279098379515,3.4338546276092528,4.1910719459294565,4.15657244140873,4.300690650939941,,,,,,,,,,,,,,
69,3.55909091793478,3.616812531023795,3.7874447364670147,3.6580054578181183,3.9390838146209717,3.7546838002842797,3.798573196367188,3.6848602294921875,4.288027433099439,3.5971193327653834,3.7253287356709737,3.3051554203033446,4.347321663208377,4.287104717645129,4.144564628601074,,,,,,,,,,,,,,
70,3.73992861201493,3.9052502069170036,4.1206484832055015,3.8940922018680824,3.977990674972534,4.040974610850923,4.06687439327337,4.187008857727051,4.089260169826327,3.764252799828544,3.8584695985940374,3.3000956535339356,4.162114455083344,4.173539739543891,4.575779914855957,,,,,,,,,,,,,,
71,4.1249387366083,3.9741874104702397,3.761182602443306,3.824894873207378,3.7409387588500977,3.8623646886909797,3.8878099370371966,4.035988807678223,4.308560621590907,3.77245917549475,3.927565908006553,3.388746404647827,4.238289836809656,4.140640687873237,4.595474720001221,,,,,,,,,,,,,,
72,4.14874165128092,3.8704553051746444,3.8313124681871527,3.8580110132018146,3.7339751720428467,3.885600743663513,3.8916232007358076,4.045153617858887,4.136306915104167,3.758660003343942,3.969537038302395,3.381222105026245,4.219499746119329,4.135848732410505,4.590381145477295,,,,,,,,,,,,,,
73,4.2518119729938,3.69837334629551,3.5791664397378673,3.7592696746769723,3.969653272628784,3.6855755338955993,3.743352855919379,3.9868102073669434,4.405261407671935,3.660020565506942,3.9783120136800028,3.734971761703491,4.342343862681603,4.45620100903989,4.532750129699707,,,,,,,,,,,,,,
74,4.42840761663869,4.561227057168035,4.485245168892046,4.541659275484784,4.519244384765625,4.531562522166783,4.516593964390434,4.430024147033691,4.090077508547938,4.179784708662165,4.083172175621789,4.149217224121093,4.171522741615993,4.022463307476489,4.165596961975098,4.12737553418582,4.088108010789047,4.018166837106204,4.163479232788086,4.094026366683796,4.027375527337909,4.0814995765686035,4.019758160232309,4.2715997834747155,3.9439373898157206,3.9584447860717775,4.110352774765541,3.863372553736684,3.818429946899414
75,4.44903824770182,4.581231530848239,4.540845112902554,4.507239799519643,4.490413665771484,4.54655365927361,4.454142102649354,4.43165397644043,4.0639447845066465,4.224800846593613,4.017378146675735,4.158670377731323,4.205537977137095,3.9778327265685447,4.17410945892334,4.212425650507584,4.084043363582273,3.976498966806651,4.238587951660156,4.164583940869604,4.0393991375688385,4.190399169921875,3.930551016925099,4.343940367778489,3.924065702044734,4.085763597488404,4.088426649517874,3.855674096466954,3.871027708053589
76,4.81747138961684,5.18374779370125,4.740835141641291,4.830416221813599,4.496893501281738,4.842732481556222,4.7018139951473215,4.778003215789795,5.082892096958029,4.545241936068613,4.689236970742487,4.6142583847045895,4.799038389745878,4.733139495322057,4.934545040130615,4.742950739008377,4.7106425965693015,4.746535074082276,4.542861366271973,4.808555848028267,4.658676761749791,4.809579372406006,,,,,,,
77,4.05838919784637,3.663003431178746,3.4937390351334296,3.563761476109658,3.744498682022095,3.62373379293211,3.750759581693005,3.4106788635253906,3.8835396600826995,3.477747944139393,3.663968781906635,3.7835440635681152,3.6786644269489126,3.794041897294706,3.6748287677764893,,,,,,,,3.855495789360238,3.1529249509230795,3.498043798594741,3.811885404586792,3.60688812474652,3.7377381629712914,2.823294162750244
78,4.19470308384201,,,,,,,,4.084481745427787,3.698892771456767,4.0134043350052515,4.194759654998779,3.955216215875909,4.07889871805205,4.261843681335449,,,,,,,,4.03652659832973,3.455273454084493,3.736676217970013,3.7226133346557617,3.8877154287155222,3.8783001956882375,3.6089084148406982
79,4.04682039893437,,,,,,,,,,,,,,,4.090957174272616,3.5502150874044673,3.908678446655585,4.289660549163818,4.03859513187686,4.069539710947076,3.9687511920928955,4.0191256792117676,3.4676241089997175,3.8393144551331466,3.9772651195526123,3.88686525071482,3.882796190934077,3.8247876167297363
80,4.64975198166584,4.424024025094636,4.418229516381377,4.410764421506935,4.513934230804443,4.406830703323869,4.470494056844735,4.336592674255371,4.058286855259802,4.172038729687269,4.066841256500461,4.1411436080932615,4.1728223771404265,3.9912207835526385,4.155041694641113,4.082210108620384,4.165465609602433,4.029322561622046,4.1693323135375975,4.102519003929448,4.005564072063548,4.089182376861572,3.9057847178543357,4.19925532913616,3.9364585459919397,3.95229058265686,4.06100467423891,3.810424048394698,3.7657275199890137
81,4.49825627037201,4.563166383778234,4.541078995593617,4.562005117417681,4.515378379821778,4.52486042056749,4.57605460159912,4.474040508270264,4.062468551796446,4.188778044886814,4.111611827111475,4.215334796905518,4.22469760796706,4.056714172512204,4.188783645629883,4.149299352175279,4.20838534567837,4.112372580993711,4.249465656280518,4.1560527730517585,4.060353538846926,4.2043256759643555,3.986761700569449,4.3135311790676125,3.9872768639623772,4.104187250137329,4.117206773609009,3.91367127239249,3.7372193336486816
82,4.59911678445164,,,,,,,,4.045500568299353,4.227045096203629,4.039994022447157,4.204656505584717,4.221494493034184,4.039089923601439,4.112707138061523,4.1199339502764465,4.1657556760275325,4.124474602801012,4.25828332901001,4.140799514695377,4.071409639102867,4.148702144622803,3.9808593293454355,4.311139792264004,3.997945921148607,4.115657806396484,4.11253672135795,3.9029559317932736,3.7712206840515137
83,4.54302698636418,,,,,,,,4.0648046614247955,4.164962450707089,4.096714003491206,4.145125675201416,4.210878461126424,4.002085738476929,4.167267799377441,4.139967401817785,4.204139219848307,4.056293306072553,4.163222599029541,4.119920504760016,4.021066554581393,4.12050724029541,4.004348484504998,4.239794000563973,3.8946787231876883,3.94679970741272,4.089679861100105,3.8455452873263822,3.7640221118927
84,4.44009337496389,,,,,,,,4.064885692312053,4.184042838599095,4.075277818747086,4.144067001342774,4.199024700932606,4.01090708508829,4.120564937591553,4.1181980525843445,4.1707575420946785,4.11444164284006,4.171282386779785,4.124521451487024,4.0329133993573745,4.105362892150879,4.017690973363673,4.243007001547373,3.957506994441306,3.968174695968628,4.11720024825807,3.854547787296081,3.8176732063293457
85,4.07909439583598,4.316149301235397,4.360984215461898,4.405453350854962,4.437807559967041,4.3518654928960725,4.357019370712299,4.435762882232666,3.941738749849928,4.191712700352956,4.157862465936936,4.50054292678833,4.144571128665228,4.027149062894855,4.1835761070251465,4.323129934077099,4.379384930880325,4.399058640759346,4.483330535888672,4.343639400168888,4.338243104863989,4.324395656585693,3.7966460244619085,4.24183739300018,4.064283484807151,4.4054547309875485,4.063551270483997,3.8876729793752007,3.809321165084839
86,4.32039042822024,,,,,,,,3.9787903090199874,4.175117882751542,4.103017619772891,4.611870574951172,4.137199190477213,4.09926078330936,4.107388496398926,4.079438282562757,4.067290024079896,4.008447333717367,4.200747060775757,4.070875588304002,4.109205308800541,4.1273393630981445,3.856814940456223,4.253650453533494,3.9984618949585733,4.411203384399414,4.047986070649684,3.870650886864823,3.7695515155792236
87,4.41668784801692,4.278202145313843,4.305363142542279,4.188969124131829,4.216690731048584,4.311234034574929,4.205864178401041,4.413782596588135,3.8212048267599523,4.168253956148277,3.9902047770222113,4.494515323638916,4.037896707121421,3.931184431177442,4.107807159423828,4.007877874430232,4.075158470997476,3.8835736974009114,4.1398530960083,4.107135684843955,4.013186482409645,4.111497402191162,3.7181805427432164,4.241429930122729,3.8903214938218436,4.332024669647216,3.9992874879115363,3.7954578198488913,3.816610813140869
88,4.32039042822024,4.375369007606503,4.374709216815616,4.2501051264310306,4.220223617553711,4.358410358222902,4.2762002995175035,4.2870683670043945,4.088814057824456,4.1579648263260705,3.9797829928607165,4.283843898773194,4.146992360041851,4.0366866368267855,4.123100280761719,4.138241690024774,4.0966364182066535,3.8361718888779452,4.102456855773926,4.087725895540148,4.061704224928127,4.054076194763184,4.029680697637571,4.205926638528821,3.8109980703913746,4.113076972961426,4.061707805837855,3.8651406844840115,3.792720079421997
89,4.44466367200473,4.30864410398998,4.390561776475002,4.318594068340894,4.434134578704834,4.359112374759381,4.354074288804751,4.472033977508545,4.013532948470051,4.282240050439868,4.224955019160455,4.2741423606872555,4.306525509218511,4.177283810073617,4.2529144287109375,4.133864415583532,4.202679637892116,4.143157343210167,4.180137825012207,4.1827998888150555,4.104103098509049,4.177647590637207,3.9355906902617273,4.350633431792247,4.121839089173661,4.046272802352905,4.255536875949829,4.106919784273872,3.808490037918091
90,3.96830883137485,,,,,,,,4.411366309637008,3.5009877220890324,4.0090046289563075,4.172444438934326,3.7554332921472824,4.2064856885976,3.806419849395752,4.056594973091743,3.2284821683171514,3.84757036583998,3.7386442184448243,3.7520009412261963,3.9304698743862603,3.532597780227661,3.8992961015137153,3.3713308891232,3.814533696966737,3.5851064682006837,3.7620506049645086,3.7407805338238105,2.842158794403076
91,4.14697138528701,4.43847265655329,4.362713237852173,4.350766126251088,4.384354019165039,4.3871150318599526,4.41119815931201,4.480506420135498,4.064538589449208,4.254917262772587,4.136146205488372,4.186663627624512,4.259365845549416,4.105133735037811,4.1873602867126465,4.131667420304603,4.157391554151337,4.05580957750537,4.056024551391602,4.146897202771346,4.094483247097365,4.20068883895874,3.974445651218728,4.315805174537203,4.014043060593577,3.9712934494018555,4.140681525247405,4.025871175133634,3.787278652191162
92,4.44117147518299,,,,,,,,4.044571685535995,4.216992887022312,4.0868058916009495,4.149628639221191,4.23097725818115,4.068896515172094,4.1762895584106445,4.076965892916053,4.1991427448560055,4.0489889858310075,4.06553544998169,4.106662707706542,4.057585056077008,4.179001331329346,3.9794834548298486,4.310285889002563,3.9998719170180306,3.9581650733947753,4.153164107337852,4.0446317341868685,3.875659227371216
93,4.44297427761362,4.438153558473647,4.231513819689154,4.382281122518305,4.507791996002197,4.402902859743557,4.441553538218516,4.465601444244385,3.9967716882167417,4.228360887842055,4.1783856329187286,4.291950511932373,4.248001314514884,4.090999354562473,4.184326171875,4.116255355652949,4.146812517790274,4.077254101678085,4.189021396636963,4.16818198358736,4.069577684492392,4.0930962562561035,3.9180155837160733,4.265714149732186,4.020477497394942,4.095722579956055,4.164018802459065,4.010026852381509,3.783297300338745
94,4.29277058067271,4.394090836476814,4.19378280163887,4.283061825401702,4.280929183959961,4.373594538316816,4.35637569818706,4.475542068481445,4.0553154472293835,4.255843215278441,4.120692921232559,4.1009519577026365,4.272781257119852,4.0151922686702015,4.186065196990967,4.086372478442769,4.162329156975743,4.0726786552443555,4.011342144012451,4.161460334262261,4.053059783116271,4.199659824371338,3.9340255687934507,4.30971782997938,4.0209060437031585,3.9534274101257325,4.125395092234471,3.990358252653394,3.8216824531555176
95,4.45518808824222,4.482031044554932,4.370428490651038,4.425729459454077,4.509311771392822,4.409971566034452,4.413274321946164,4.478152275085449,4.12253134850884,4.216025009281554,4.108054682227108,4.315475177764893,4.242286988692523,4.149161035612484,4.210428714752197,4.124040966043009,4.1780810473153,4.071135354431994,4.2070920944213865,4.111992540784516,4.0873092285689605,4.1401848793029785,4.067170404907198,4.301274299881002,4.06046610576455,4.065574407577515,4.160575522104245,4.090741453926299,3.7621002197265625
96,4.36201021921531,,,,,,,,4.059944979391224,4.2259091056121045,4.134525647365586,4.303986835479736,4.224362775062869,4.070184810948095,4.218560218811035,4.12995787464127,4.188111972581092,4.071652582682825,4.199486923217774,4.113118269654215,4.097757576878227,4.147733211517334,3.9290017919104776,4.312063328424141,4.006505342174877,4.046756172180176,4.168417754179608,4.031252457830531,3.7974295616149902
97,4.50445566245355,4.525075912819208,4.609274933936221,4.416197288637907,4.387920951843261,4.532801848525391,4.352955963044781,4.4320173263549805,4.05083267162215,4.252731809092285,4.083246759186486,4.203079700469971,4.2454281505348055,4.1113203325069385,4.146219253540039,4.078415826457002,4.165785621865344,4.032204820369434,4.058228206634522,4.110103445293868,4.0887130374075324,4.197152614593506,3.965760817790312,4.32714629772109,3.948990874884574,3.9577295780181885,4.140993370042205,4.040605396470398,3.7732722759246826
98,4.64263696938486,4.450853911180875,4.498512400403241,4.4463211488807675,4.29450044631958,4.4890920464427655,4.394254914217706,4.470170021057129,4.111460017690006,4.250986628759247,4.070858531000705,4.120181369781494,4.257517643877394,4.026298224498368,4.18218469619751,4.12606247059656,4.167287820568011,4.051013602157408,4.017589426040649,4.143859756749477,4.047374312245085,4.210427284240723,3.933975512976581,4.317827046842381,3.976449023575612,3.953462600708008,4.126102585384853,4.004742904975244,3.8333802223205566
99,4.04914854111145,,,,,,,,4.046640734121348,4.147076438491675,4.0622313714510225,4.388996887207031,4.215370506905336,4.1322664389118415,4.054285049438477,4.106220668997754,4.097223962699564,4.1817131001766805,4.330741691589355,4.113473886190837,4.0960756751427345,4.0738019943237305,3.9664979673113536,4.212693707528646,4.167065591999582,4.4744161605834964,4.085921229630384,4.0290376566044825,4.030319690704346
100,4.51570016065321,,,,,,,,4.134447493503508,4.176625601847804,4.151409114254663,4.329393100738526,4.222571637527999,4.112983675171465,4.1876726150512695,4.125610752884168,4.1790042730538275,4.076336347141165,4.192574977874756,4.114182043596694,4.042602317330648,4.069283962249756,4.070602835013382,4.236085518731134,4.011842011722459,4.095969533920288,4.158464794321954,4.015914602276809,3.781076431274414
101,4.44952704289344,,,,,,,,4.0539677601115836,4.1628372382195264,4.064346645713565,4.5680567741394045,4.221752242292064,4.102704498017255,4.0789642333984375,4.086900604844425,4.115184646096305,4.061777832385213,4.3376038551330565,4.13304950084212,4.068311054632936,4.115251064300537,3.9342697730797362,4.246062258431937,4.053687557580949,4.452090740203857,4.123863799178029,3.9632133391006983,3.9779574871063232
102,4.66154350639539,4.371152231924056,4.495855151299209,4.331567239159872,4.188332176208496,4.415127304536149,4.303035983009312,4.497406005859375,4.0478968059034734,4.225902767657543,4.059948467206597,4.211524105072021,4.2092292817545625,4.027183651211616,4.142636775970459,4.1057149620724696,4.1004977533648885,3.9849624851074914,4.120813417434692,4.108912346059484,4.0181715964723095,4.126796722412109,3.9827228062017266,4.304776185266022,3.942572031852845,4.150132369995117,4.109405289098316,3.9080781641323425,3.8622729778289795
103,4.70730099695607,4.3835271213349944,4.505023796956226,4.6152314135408465,4.576689338684082,4.400738500364007,4.381723381493999,4.5483856201171875,4.054518793482807,4.259493962646154,4.245468348694052,4.271669864654541,4.232152974423748,4.140210367758861,4.233252048492432,4.102992483697635,4.133839313794026,4.254709176231528,4.49819974899292,4.087333059170379,4.080526155794121,4.224269866943359,3.9657513532226147,4.313448607793249,4.227188548187443,4.227569675445556,4.094274276552196,3.9791006771211017,4.066272735595703
104,4.16583371605738,,,,,,,,4.083853523240286,4.154433033037792,4.074286617800795,4.302039432525635,4.195822448133112,4.061957207258385,4.055177211761475,4.110945938247758,4.113212513519393,4.087345220608031,4.191728973388672,4.048174570806734,4.054909115034082,4.036099433898926,4.028194018443676,4.2227576136956095,4.072284328182321,4.236648797988892,4.087806973803941,3.987027463571559,3.897251605987549
105,4.53357727756621,,,,,,,,4.04100967877006,4.223788449045732,4.073601288063511,4.210083770751953,4.220873045591546,4.042203360703507,4.163683891296387,4.074872837976595,4.077725161430281,4.0355972850268484,4.242423343658447,4.098313605984789,4.06427579998605,4.174956321716309,3.9517992438436886,4.307798832594592,3.9603265150929303,4.107648515701294,4.0989070251330135,3.9038953137874715,3.8424172401428223
106,3.71896663275227,3.7171840869013426,3.798945428888698,3.9358490427152235,4.003192472457886,3.7863160845583312,3.7990293061007065,3.6512794494628906,3.689843216577547,3.771714550176093,3.8804652932122448,4.0733850479125975,3.8086771295360835,3.8563944030596202,3.671988010406494,,,,,,,,,,,,,,
107,3.73518217699046,,,,,,,,,,,,,,,3.7574690280622023,3.790097583510356,3.8399574093753044,3.8585839748382567,3.778680372651114,3.882464704689889,3.7140250205993652,,,,,,,
108,4.20065945054642,,,,,,,,4.180765281594448,4.188294665084636,4.009435230866207,4.181677532196045,4.182881376487624,4.18250899585659,4.155055046081543,4.090844419910814,4.1840609661216215,4.077794286267614,4.306355667114258,4.154322473407242,4.211523757599924,4.175815582275391,,,,,,,
109,4.19382002601611,4.151013398249974,4.10784895109869,4.086938074662922,4.115823459625244,4.205102541868106,4.2175644143759285,4.120965003967285,4.0864760393638155,4.118273345293535,4.0828863410634355,4.258461856842041,4.163813839552518,4.168840618470188,4.07662296295166,,,,,,,,,,,,,,
110,4.11350927482752,,,,,,,,,,,,,,,,,,,,,,,,,,,,
111,3.82390874094432,3.934633677297187,3.8983813960588667,4.059645282250208,4.2141063690185545,3.8766396177295857,3.977864085903598,3.844862461090088,3.9891806030366332,3.8790456815958914,4.037813630197896,4.1414563179016115,3.9498318758224253,3.937137182046481,3.7715766429901123,,,,,,,,,,,,,,
112,3.90680439215225,,,,,,,,3.6180026640198992,2.3945533340602188,3.834897688390866,2.004297339916229,3.023998049340513,2.314424784690017,3.552872896194458,3.6448969665997164,1.5340581631506631,2.611327674435356,2.008363461494446,2.796199295787952,2.788936379139737,2.8625545501708984,3.7513815205664596,1.9574488823631102,3.473206396150383,2.272457718849182,3.185722833106391,2.8799135996135177,3.782308578491211
113,4.03520092862704,4.618013704794333,4.115424053338686,4.4123332011252945,4.66357650756836,4.249305557955828,4.67459566589453,4.447878837585449,,,,,,,,3.7321652241313448,3.8304572574768887,3.748309358801787,3.9516157627105715,3.8453263567727554,3.9678257668445953,4.470024108886719,4.14584054238882,4.141216620352001,3.832880289319864,4.703592586517334,4.051264706761804,4.269961306181598,4.694186210632324
114,4.93437711451528,4.703456511141422,4.37398442614721,4.567587834442215,4.676663398742676,4.490849253504839,4.719614084034111,4.551346778869629,,,,,,,,3.711157791866891,3.825413603027232,3.6995797717783683,3.949031448364258,3.8073602710064938,3.952030079580014,4.448538303375244,4.148819045970765,4.1464180902448575,3.8076653641935616,4.701867961883545,4.1251417569959985,4.276273610441202,4.676277160644531
115,4.67835937887855,4.022494880427862,4.457846903196833,4.007589521522837,4.240956497192383,4.257361844749049,3.923575786868469,4.476790428161621,,,,,,,,3.777999972457365,3.8154456999734894,3.8744188575247853,3.9667362213134765,3.799380596056218,3.9012078076351195,4.2587504386901855,4.109065364907295,4.124843536452018,4.236992889339037,4.695860862731934,4.002413605421374,4.210703969415825,4.638883113861084
116,4.77786220246488,,,,,,,,,,,,,,,3.476171071788804,3.8340226228317804,3.633840130665957,3.954998779296875,3.740208721874524,3.7309840709341153,4.403975009918213,3.9310168279703452,4.1181212440967085,3.721007276335572,4.70873908996582,4.002523212249788,4.179136745348312,4.667359828948975
117,3.93715089842674,3.7944501177690313,3.90628192654725,4.014502742886494,4.689545822143555,4.016423759450525,4.206378833835634,4.151752471923828,,,,,,,,,,,,,,,4.20386616006236,4.118841004743318,3.8241764109227523,4.845551013946533,4.061613504229935,4.276954103135693,4.289095401763916
118,3.6608718491188,,,,,,,,,,,,,,,4.129871908700521,4.363613964883065,4.206212365099302,4.0261084079742435,4.447823059163049,4.273032756578129,4.443872928619385,4.187078526678613,4.156847288189655,4.057714138281856,4.192626142501831,4.210661421405298,4.222118308138018,4.51296329498291
119,3.61299942066164,,,,,,,,,,,,,,,,,,,,,,4.18547077260231,4.23923818259332,4.1939231274467685,4.855054092407227,4.059205128859293,4.282801540882363,4.36073112487793
120,4.59306478912211,4.805249576640117,4.74448218643571,4.455969647431864,4.878551197052002,4.780036554011398,4.761633938058761,4.658775329589844,,,,,,,,4.660790513070385,4.3942984536446845,4.1491603476261405,4.784401702880859,4.5655121914673185,4.652124454737408,4.762224197387695,,,,,,,
121,3.58283109468854,,,,,,,,,,,,,,,,,,,,,,,,,,,,
122,3.8589419254733,3.968669286670244,3.752523667167083,3.6434786385436504,3.5513633728027343,3.9030441896435564,3.8968491543862918,3.920819044113159,,,,,,,,3.9124558955544417,3.6621521594443625,3.5898537777947555,3.5505165576934816,3.8757242375512395,3.9544794665678054,3.917829990386963,,,,,,,
123,3.91424129143588,,,,,,,,,,,,,,,4.01160212459384,4.198341254888234,3.9108812260815933,3.9102328300476072,4.055152047678534,4.065045513865173,3.866145610809326,,,,,,,
124,3.87906938571084,4.2479750828224745,4.184557214380842,4.218685440915428,4.216235733032226,4.1913391923883125,4.256536168348648,4.053239345550537,,,,,,,,4.2423526458258936,4.354954718175865,4.27803610411747,4.379037666320801,4.188060489003507,4.23895558702201,4.1390204429626465,,,,,,,
125,3.7686419690274,,,,,,,,4.017798339638031,4.0352756620047465,4.080214234399975,3.871510553359985,3.969454895341189,4.024811946365224,3.997722625732422,4.10866057580936,4.131523000639012,4.20536701782075,3.9193024158477785,4.055480567570889,4.298108289952516,3.937213182449341,,,,,,,
126,3.80094160312153,,,,,,,,,,,,,,,3.974639976003451,4.075295464613584,3.87950975124301,3.949508619308472,3.9758350920036243,3.978708718944264,3.93034291267395,,,,,,,
127,3.8383059994016,,,,,,,,,,,,,,,4.042686417131621,4.184769882110979,3.8301164196171604,4.033342552185059,4.104296404226323,4.191802249956154,3.9529037475585938,,,,,,,
128,3.92012761035113,,,,,,,,,,,,,,,3.8784693124855822,4.354876455083619,4.193009667408052,4.328184795379639,4.212863545214478,4.11854229612979,4.154141426086426,,,,,,,
129,3.95372885534999,,,,,,,,3.9467172715683176,3.9713139740025194,3.812139924028433,3.9182456016540526,3.867229263720676,3.9294777797199147,3.8811423778533936,4.0160197714817585,3.993360749788891,3.9089141202072257,3.9495046138763428,4.0202023452052655,3.985313645626967,3.883007764816284,,,,,,,
130,4.07134537162734,,,,,,,,,,,,,,,4.054666866996044,4.408490566902048,4.230044097244741,4.384001636505127,4.179218691623396,4.213684082948584,4.003411293029785,,,,,,,
131,4.18699999242272,,,,,,,,,,,,,,,3.8816435164548397,4.332588709721469,3.868744827738904,4.337314891815185,4.099263666074223,4.079543457874338,4.043084621429443,,,,,,,
132,3.89477044032841,3.9826831060638823,4.098898373522007,4.012874284029957,3.872668981552124,3.991306547025476,4.013086364847531,4.018376350402832,,,,,,,,4.040845675109884,4.310099912962718,4.083908836910553,3.9498486518859863,4.095286574715919,4.1615488024573875,3.992520809173584,,,,,,,
133,4.17515628672061,,,,,,,,,,,,,,,4.0475763172724735,4.287180172280865,4.191329136109222,4.118490362167359,4.151953806110938,4.092564018287011,3.947068691253662,,,,,,,
134,4.02306530406869,3.940053208085053,4.153975188790961,4.059467224141147,3.7795319080352785,4.034206446251337,3.978543449970715,4.016847610473633,,,,,,,,3.996081446779018,4.270468533366391,4.1999795120975065,4.090099191665649,4.157757025414567,4.0504864661571585,3.9529571533203125,,,,,,,
135,4.1544746624657,,,,,,,,,,,,,,,3.9636622249597453,3.210956386776494,3.719533391781139,4.098533964157104,3.7350836967493324,3.8896903772628324,4.0024733543396,,,,,,,
136,4.13358215079496,4.114708232086088,4.177936836449544,4.120679002834051,3.754741144180298,4.118026558463444,4.090145212311743,3.9964523315429688,,,,,,,,,,,,,,,,,,,,,
137,4.09452111293418,,,,,,,,,,,,,,,,,,,,,,,,,,,,
138,4.34519006698456,4.110454897735741,4.114339247848619,4.012825415219588,4.1481390476226805,4.103530807560492,4.083563672781889,4.104477882385254,,,,,,,,,,,,,,,,,,,,,
139,4.09217768356782,4.173635077829033,4.209395220051155,4.135468536165809,4.525898742675781,4.174103860490953,3.9677315108874196,4.1150946617126465,,,,,,,,,,,,,,,,,,,,,
140,4.86488563432171,,,,,,,,,,,,,,,4.17815195193489,3.6110593711375385,4.193555149014754,5.0999064445495605,4.637479693022758,4.457723550080369,3.4126200675964355,4.148145496962273,3.8646582802563443,4.108819898880938,4.7851243019104,4.356587090789706,4.3424463474507915,2.8926565647125244
141,5.94823141718741,,,,,,,,,,,,,,,4.078665034245955,4.296407383263807,4.750700559150278,4.3523775100708,4.317553801213408,4.175019666719617,4.707504749298096,4.123366455810318,4.135827737548383,4.7992338225325035,4.151803493499756,4.364504239051446,4.1070974864331875,4.4124884605407715
142,3.8469949602521,4.282987340808558,4.23084301213947,3.883817582224314,4.257804107666016,4.286840664426224,4.281310399933099,4.300522804260254,3.7411497976505252,4.241068909374237,3.8076408018813783,4.213781833648682,3.898605921037167,3.8528728687775526,4.2154998779296875,,,,,,,,4.017357863603222,4.186019864894123,3.949163810266127,4.310163974761963,4.197361357306736,4.138368114248199,4.349263668060303
143,5.95460427079461,5.02500131304835,4.619334021532666,4.721472774869239,4.800996780395508,4.760277873007527,4.6707271096362675,4.796524524688721,,,,,,,,,,,,,,,4.833486654845853,4.556863564015127,4.772843204946091,4.777056312561035,4.598709732468858,4.6571025846584835,4.829866886138916
144,4.0268721464003,,,,,,,,4.680242478486511,4.380366973021373,4.492374939165807,4.937894248962403,4.519178733220475,4.757374806250903,4.57049036026001,4.683104760562324,4.624542856995117,4.533254442909286,4.992354202270508,4.495673085074534,4.745144898727294,4.655689239501953,4.92046355693191,4.4180682580009965,4.49539316785898,5.054989051818848,4.59723725986054,4.939724948685807,4.611828804016113
145,4.58502665202918,,,,,,,,4.659528030068816,4.3745855223876395,4.317718677091161,5.110086059570312,4.5957472941174204,4.717394680861769,4.678372383117676,4.650055895991986,4.597136467868796,4.230467552873007,5.106798934936523,4.560308767305434,4.599202433095108,4.670012950897217,4.879808720769711,4.361514638874262,4.171637228732485,5.167481231689453,4.7398425756751825,4.878604269224069,4.655335903167725
146,5.29242982390206,,,,,,,,3.785323283823246,4.410567309449148,4.5581587777104815,3.9310515403747557,4.5122277979103,4.449064400947568,4.432744026184082,,,,,,,,,,,,,,
147,5.45593195564972,,,,,,,,4.733449776307865,4.409488173291303,4.688665095595281,3.989500331878662,4.799389741010192,4.774376462427118,4.460019588470459,,,,,,,,,,,,,,
148,5.85387196432176,4.792560471147301,5.534625917288573,5.5157413579564345,5.389058399200439,4.931969610702444,4.701116228244789,5.467135906219482,4.764210567112503,4.860505857828699,4.72922556657401,3.942338752746582,4.763610504022107,4.649758561009155,4.555078506469727,,,,,,,,,,,,,,
149,5.15490195998574,3.8408854119739027,5.15090845502572,5.081843110713237,5.361562728881836,4.0133076357916675,3.8593510370195925,5.297206878662109,3.4455586994163974,4.457509490078413,4.544675279943709,3.8519007205963134,3.8214724709764534,3.480399875587415,4.424623012542725,,,,,,,,,,,,,,
150,5.06550154875643,,,,,,,,4.840381076185401,4.366823716190515,4.391906315641071,3.7782478809356688,4.710345322017824,4.7687345261622225,4.356212615966797,,,,,,,,,,,,,,
151,5.67778070526608,5.235496581878582,5.486612199104278,5.477676401347001,5.455491733551026,5.137027672980181,5.148231199616513,5.516655921936035,4.617057984741784,4.720046932336057,4.6544303018616136,3.8973092555999758,4.576927984871125,4.682856454544899,4.606462001800537,,,,,,,,,,,,,,
152,5.26760624017703,,,,,,,,4.6608842980116965,4.369762445168796,4.512133904778671,3.902016544342041,4.734829181730353,4.687935328481617,4.369006156921387,,,,,,,,,,,,,,
153,5.08092190762393,,,,,,,,4.7408541018780195,4.46064073453942,4.668913090211152,3.9091822624206545,4.825956467484847,4.785635480055756,4.452207088470459,,,,,,,,,,,,,,
154,5.52287874528034,5.144974210127374,5.293723624076299,4.736449668904056,4.66545991897583,5.203185294450745,4.958148983567883,5.270954608917236,4.619918730716734,4.4952007757383505,4.3977612011762055,4.192628479003906,4.737044196644694,4.795741350644233,4.424190521240234,,,,,,,,,,,,,,
155,4.13966199342901,4.342165177230908,4.218560038385785,4.283541433380368,3.5647871017456056,4.366339863550775,4.350360513926855,4.4028754234313965,4.1906164117087545,3.992999909061474,4.03457064959092,3.77326340675354,4.310618377692105,4.237853975265617,3.951301097869873,4.459699376753777,3.9143653333815265,4.198156917890578,3.6889451503753663,4.433838169313811,4.3760489547308,4.412652492523193,4.498919019188568,3.909199643111923,4.241326118246728,3.32607364654541,4.446024331666447,4.410520149313435,4.3453264236450195
156,4.39072582759541,,,,,,,,,,,,,,,,,,,,,,,,,,,,
157,5.10623823794206,,,,,,,,4.282445654639102,4.269221621450942,3.92087185246273,4.345017051696777,4.104165813887115,4.320682886733161,4.244622230529785,4.146888623547762,4.319867871240893,3.9708176960617476,4.369951820373535,4.12410918216517,4.174851944209186,4.174154281616211,,,,,,,
158,5.20830935097988,,,,,,,,4.374943400281244,4.52230649463284,4.151750474538471,4.647307205200195,4.280246693115778,4.510159554144604,4.230519771575928,4.440970305718264,4.536780859640393,4.263335595705535,4.728279972076416,4.321157274241224,4.534170568172083,4.201415061950684,,,,,,,
159,5.20065945054642,,,,,,,,4.505093853380751,4.384599740125609,4.406805436914125,4.166328382492066,4.4776461361589694,4.557816648448872,4.161926746368408,4.566979774677294,4.365038174598173,4.441179714662824,4.137347984313965,4.56778684637074,4.708523817593316,4.083552837371826,,,,,,,
160,5.23657200643706,5.109796635123853,4.831157354618416,5.153141748135783,4.912918663024902,4.8255770788772585,4.8586656877134144,4.905391693115234,4.389378651618046,4.577700127400939,4.472326415162538,4.507103633880615,4.332293070725501,4.491400486470755,4.4247002601623535,4.466229616151732,4.625983483286427,4.5305051038501585,4.4257255554199215,4.3487424466990525,4.556018704152012,4.343440055847168,,,,,,,
161,5.23657200643706,4.779887310220054,4.757907100423556,4.921495897016511,4.849166488647461,4.807167114348588,4.856542398008312,4.961414337158203,4.715117874163288,4.522502893901586,4.422483249025461,4.712541484832764,4.810527045705569,4.774260319210832,4.419739723205566,4.756523916294352,4.6184591164749325,4.508213863132612,4.498986434936524,4.823956721985509,4.789473318620162,4.3396992683410645,,,,,,,
162,5.17327747983101,4.700786578952453,4.552854119260197,4.821411658664609,4.605054950714111,4.540730578199035,4.6129917908338935,4.77267599105835,4.14245590955025,4.3132973453454415,4.208733006037798,4.129556655883789,4.141070045379691,4.366678019603391,4.390254020690918,4.07179620048525,4.387819806243283,4.260720047317248,4.07360348701477,4.139574145309826,4.208444920331647,4.386109352111816,,,,,,,
163,3.99593954692719,,,,,,,,4.213296267411294,3.721180032743659,3.9509689426540384,3.9223866939544676,4.0032224249634885,4.09706984137734,3.6469650268554688,,,,,,,,,,,,,,
164,4.23062267392386,,,,,,,,3.553707283331229,3.8961593746383945,4.646757389547533,4.409658908843994,4.104380095750326,3.9551091591326664,4.188860893249512,3.7056717329034514,3.7692085252184704,4.636103758009802,4.629603004455566,4.06074444615162,3.9668567736401417,4.094168663024902,4.081678637949522,3.8758442457658804,4.772211393901831,4.365040683746338,4.286484063133514,4.223992081528666,4.508781433105469
165,4.02090709936167,,,,,,,,4.504608447399594,4.428294119879877,4.498646935733106,5.173536586761474,4.606798123518054,4.637476082272902,4.339247703552246,4.564941072562618,4.517379020226727,4.578912271954311,5.11428747177124,4.6231361577532395,4.637117434366802,4.917722225189209,4.689558788790473,4.539245195740982,4.683361454481535,4.839378833770752,4.640016711262254,4.656797008358177,4.668131351470947
166,4.05207638016827,,,,,,,,4.505814022286795,4.491382075933098,4.371331827749036,5.0763115882873535,4.6110486857188,4.657195745053223,4.365373134613037,4.528343343814758,4.573300979008306,4.438737359455516,5.121062088012695,4.538020597001535,4.680015353957797,4.926032066345215,4.689571509383537,4.538237324816219,4.480757127358238,4.969203472137451,4.667585046171718,4.649313934079264,4.666111946105957
167,4.01818139282934,4.314974136471125,4.136756423050895,4.174715165024729,4.339954614639282,4.329731798738173,4.295249365830511,4.265030860900879,4.559678322942655,4.408544525111877,4.441996867062363,5.228496265411377,4.603806840650998,4.656765634513193,4.506779670715332,4.652658385105397,4.462055668247881,4.571777466494526,5.157682800292969,4.540450777221069,4.752546990144273,4.976391315460205,4.7565214352143945,4.487851907887023,4.665526902334935,4.877473068237305,4.627708079778666,4.719340171476445,4.729342460632324
168,3.1855988585896,3.3417766325928584,3.382011419049059,3.5886350839890166,3.4257647037506103,3.3623936246948833,3.3982743274584566,3.1282403469085693,,,,,,,,3.7097115436722623,3.761255574583796,3.6364102759782417,3.5706467151641847,3.6996262881330684,3.6944598003029427,3.4341366291046143,,,,,,,
169,3.3210450844942,,,,,,,,,,,,,,,3.6271599795459024,3.485937670801129,3.5347608579389664,3.521592044830322,3.7173547473415764,3.7350728101864132,3.4731476306915283,,,,,,,
170,3.2909507067371,,,,,,,,,,,,,,,3.697324639654924,3.747005360403463,3.7057344379746406,3.589459753036499,3.861223949241343,3.7103019913782305,3.7564475536346436,,,,,,,
171,3.37025146890905,3.4294482033580493,3.4883898637804567,3.54867064291148,3.41658878326416,3.543052234110483,3.541405360016672,3.241555690765381,,,,,,,,,,,,,,,,,,,,,
172,3.46292243512443,,,,,,,,,,,,,,,3.770191870215904,3.7398445973756016,3.6776952884826564,3.730848503112793,3.8256719139537942,3.747504266694736,3.5314011573791504,,,,,,,
173,3.36346143493527,3.388261010248699,3.481283836678106,3.4391697135505703,3.1717673778533935,3.4529202758787547,3.3267703021279056,3.2610671520233154,,,,,,,,3.669565491545467,3.6547490749112925,3.7095175390912893,3.5761032581329344,3.7999110680286656,3.6732363525919585,3.687774181365967,,,,,,,
174,3.34473221181557,3.196731034407419,3.1716527876541836,3.3857015763864755,3.1142015933990477,3.2086707899095535,3.2604543037347975,3.157818555831909,,,,,,,,3.381560762503588,3.5368112624946138,3.5345791014425796,3.2383988380432127,3.4310196733852405,3.541496097797903,3.1630358695983887,,,,,,,
175,3.30367411026621,,,,,,,,,,,,,,,3.416796527943303,3.4492975386485187,3.4904966573052545,3.3122235774993896,3.458935356888688,3.503988697922425,3.20989990234375,,,,,,,
176,3.0358468337425,3.325990774520262,3.3642909417043536,3.329580914672827,3.247332286834717,3.371369755188185,3.3960990109681437,3.2364628314971924,,,,,,,,3.4082937355878533,3.552415454196858,3.536839893650404,3.365915584564209,3.465396502908393,3.5800418502166975,3.2599289417266846,,,,,,,
177,3.33731763333001,,,,,,,,,,,,,,,3.2960380196079284,3.33172186446608,3.4192846700957573,3.2580008506774902,3.529056165952335,3.3345793766494127,3.317748546600342,,,,,,,
178,3.33834264002369,,,,,,,,,,,,,,,3.7848169709305535,3.7208188649131015,3.796884757834747,3.4780603885650634,3.808036349304061,3.8678937450123696,3.3844120502471924,,,,,,,
179,3.24979952392412,3.3409739164875605,3.3722552996192303,3.2112656808739155,3.283223342895508,3.3727227319265087,3.3699589820311,3.2723000049591064,3.3207249471514815,3.260656750344324,3.161929624978714,3.389321231842041,3.295374505305375,3.349317774354385,3.2745888233184814,3.389985018229451,3.4633613479442387,3.4280469874609243,3.3208831787109374,3.3881293000746395,3.5374840894856545,3.0157127380371094,,,,,,,
180,3.5292668308708,,,,,,,,3.5486140798108954,3.5452296626458706,3.3298673139033395,3.2622539043426513,3.4115627495080365,3.435484713028407,3.5012569427490234,3.677860249856478,3.6300947707481854,3.2028869636440818,2.952992296218872,3.422351854414249,3.363800235173073,3.5884528160095215,,,,,,,
181,3.62216550515927,,,,,,,,3.5544833889993903,3.5479497946892633,3.5615229247490787,3.450164270401001,3.4614317405539374,3.416018958800856,3.5387253761291504,3.6865484692431236,3.688626291178435,3.568211874214632,3.297059440612793,3.505937838211732,3.44900437601319,3.6741530895233154,,,,,,,
182,3.59974823203398,,,,,,,,3.4936126948135353,3.5438906888593924,3.466392499798378,3.224986743927002,3.405590557329057,3.405845824160116,3.5989246368408203,3.6814702219326203,3.700396166121284,3.372963086904999,3.1089618682861326,3.456222653391318,3.449449634817465,3.6680564880371094,,,,,,,
183,3.64666599385619,,,,,,,,3.5458507260014356,3.525162464072339,3.5308302204495017,3.406629276275635,3.423172403686249,3.4510728404902102,3.6126208305358887,3.596681188759044,3.6635808497390396,3.7900381252115762,3.5994582653045653,3.6976535689790877,3.7378852046526827,3.5540764331817627,,,,,,,
184,3.7959421881955,,,,,,,,3.478059224578806,3.5087730613160675,3.525670683801686,3.319262886047363,3.481218164324964,3.4976670713371028,3.7536513805389404,3.694019675217232,3.532115621136739,3.451724221916381,3.194404125213623,3.6227946269842777,3.5566621940720244,3.7263169288635254,,,,,,,
185,3.52807068898162,,,,,,,,,,,,,,,3.647169714743457,3.437112537260515,3.2742634083873168,2.982398271560669,3.3899943755356414,3.3582761643032164,3.490145206451416,,,,,,,
186,3.02959220589992,3.13338706290771,3.2070049026834697,3.122188017078794,3.23958797454834,3.1919670927868498,3.1341695594669323,3.2193470001220703,,,,,,,,3.6883487703192133,3.6487670536240784,3.537712985845963,3.5038899421691894,3.587311010381114,3.5886724059181763,3.2863335609436035,,,,,,,
187,3.14869800983599,,,,,,,,,,,,,,,3.7598263792356104,3.625929820611952,3.433196564251978,3.5635581970214845,3.6653529219102636,3.6630916976081394,3.309180498123169,,,,,,,
188,3.13184623457088,,,,,,,,,,,,,,,3.7249441058953234,3.6673339985319426,3.6877358203930726,3.630071926116943,3.6161988046371256,3.644499682612736,3.327915668487549,,,,,,,
189,3.15660421243891,3.1074653944901836,3.2606521473680363,3.3073230122019,3.340855264663696,3.3641039610309553,3.354078283808401,3.1360697746276855,,,,,,,,3.722220480612852,3.614675467330589,3.557468674520928,3.5533318519592285,3.717284086164061,3.7488093930173574,3.317814350128174,,,,,,,
190,3.238766391648,3.5756112210301496,3.573786454869631,3.481645462021855,3.3706640243530273,3.6278891330851275,3.674274523378953,3.220410108566284,,,,,,,,3.8147951293457463,3.8158636265065025,3.869499863022987,3.7752066612243653,3.7585916291596146,3.784023250384294,3.4486472606658936,,,,,,,
191,3.04162367284172,3.1127249873861227,3.288176741231333,3.197148141072658,3.2278311252593994,3.2082641505241867,3.126342131250031,2.9720873832702637,3.106755766162793,3.3114606242376032,3.231289750649786,3.270120620727539,3.1685009485941165,3.113317194938817,3.0522208213806152,3.677646839001403,3.599997990040429,3.5038220330082126,3.5486053466796874,3.5790421532224626,3.5779787174745565,3.419421434402466,,,,,,,
192,4.68319124794698,,,,,,,,,,,,,,,4.730741463168559,4.463646329208036,4.354671544885099,4.627373218536377,4.57480783589472,4.799287706635502,4.1953020095825195,,,,,,,
193,4.72422809983507,,,,,,,,,,,,,,,4.732292811661563,4.493021184339807,4.3908572040147344,4.643966865539551,4.565699736741337,4.78677033896348,4.2082905769348145,,,,,,,
194,4.32642620357695,4.721660919295754,4.5158196561462765,4.54947541248507,4.567926597595215,4.655139087613046,4.663735968389952,4.313629150390625,,,,,,,,4.732053418097546,4.411328039538876,4.341169964671531,4.599695301055908,4.583675972492328,4.783695442462675,4.1234283447265625,,,,,,,
195,4.56304266933055,,,,,,,,4.680858096312147,4.648900607773371,4.1788427720621355,4.609943962097168,4.5870754287822475,4.736714773428693,4.325850009918213,,,,,,,,,,,,,,
196,4.57971411505808,4.6916194424138205,4.621578792309392,4.608325060161067,4.673864364624023,4.553703190776264,4.701347336631561,4.644164085388184,,,,,,,,4.510663535619626,4.636438630164992,4.6080918680156575,4.769127559661865,4.394145597619703,4.611059688763825,4.290155410766602,,,,,,,
197,4.77494930386195,,,,,,,,,,,,,,,4.509628069163653,4.674165792132935,4.7339039736001105,4.779970169067383,4.443558809941397,4.609866458023115,4.3052778244018555,,,,,,,
198,4.58536085326299,4.720780846876194,4.650724820973945,4.635414264352006,4.641963481903076,4.623634107706581,4.654801951749555,4.390207290649414,,,,,,,,4.501651961196486,4.582236650340844,4.579171520145879,4.702509021759033,4.312504264732974,4.611408565200093,4.203004837036133,,,,,,,
199,4.63959594527006,,,,,,,,4.622199510605234,4.677794080929314,4.419115661049716,4.719584655761719,4.595839015274607,4.701276693497419,4.420355319976807,4.49043932450846,4.662586889251761,4.720935845042098,4.661405086517334,4.432769342196056,4.548035153160826,4.356484889984131,,,,,,,
200,4.07572071393812,4.7895594059939945,4.653388124037345,4.5959160594925486,4.650381469726563,4.684430688693373,4.642206378943575,4.558113098144531,4.825461830423048,4.690117202828238,4.607111205079352,4.77402629852295,4.700967349450706,4.687170045325701,4.558368682861328,4.76510765730709,4.576026391498738,4.68013920441958,4.691064643859863,4.603284606551853,4.780271154623026,4.404995918273926,,,,,,,
201,4.4891869894875,4.57271093566728,4.600219604584789,4.657579837710369,4.597677421569824,4.592583803678409,4.598872480424355,4.736579895019531,4.572576079342193,4.600628063279234,4.638674593633468,4.51399507522583,4.598565049723516,4.602840467108064,4.575095176696777,4.701591531372549,4.646189910354811,5.010050636670854,4.717874431610108,4.589854780359711,4.7492575966951485,4.51539421081543,,,,,,,
202,4.5679933127304,4.616292922510521,4.696084187841521,4.598013601987445,4.607203388214112,4.698721351308737,4.554150246505901,4.605656623840332,4.639008155760786,4.724596504972612,4.658414214376461,4.682999515533448,4.7352373850082605,4.558752449363923,4.735989093780518,4.700556064916574,4.684603427263306,5.066885897871205,4.760171127319336,4.61630679826679,4.749832163083453,4.534844398498535,,,,,,,
203,4.63488656837242,,,,,,,,4.507640858919273,4.530785379830504,4.558394890711151,4.427804851531983,4.535969229762397,4.537397328989804,4.40600061416626,4.70595423076195,4.619842189763526,5.028514023597986,4.678985595703125,4.451887190393278,4.759670279717256,4.5116987228393555,,,,,,,
204,4.65639449189583,4.597163214273881,4.608250336921913,4.459456360883516,4.7436010360717775,4.587076765325708,4.659796271087138,4.711398124694824,4.538088825400364,4.627088679523069,4.5759829939078225,4.96009931564331,4.539439870734791,4.535503091349523,4.65545129776001,,,,,,,,,,,,,,
205,4.51031460168256,4.458403704487511,4.264312371669112,3.8747617294990238,4.289658927917481,4.329848343411889,4.208019659141559,4.299243450164795,4.196820447300378,3.8825643054368255,4.037238625789312,3.9543008327484133,4.092155197320964,3.9290282626135826,4.152402400970459,,,,,,,,,,,,,,
206,4.28899439553718,,,,,,,,,,,,,,,,,,,,,,3.79074931992832,4.11200170177085,3.9796520113045055,4.172518682479859,4.105988181237357,3.988425815085295,3.753810405731201
207,4.44160194939813,4.286321232953622,4.278500183277368,4.20345799278722,3.9490891456604005,4.309950111096985,4.230720713332142,4.200533866882324,,,,,,,,,,,,,,,3.798072745265198,4.053189789020933,4.130334528157816,3.928524541854858,4.109197165857036,3.9318870084762896,3.73962664604187
208,4.2690273300999,4.334048246391356,4.33781608181301,4.23417424163732,4.263286304473877,4.349502286777473,4.296335091909428,4.3382391929626465,,,,,,,,,,,,,,,3.7779963352192696,4.146886583088729,3.9723813837508737,4.0479450702667235,4.137447044362287,3.9896922876578698,3.78606915473938
209,4.39975593847682,4.173495262302687,4.303131562585048,4.240325355144032,4.527688598632812,4.292562638161172,4.254502386901116,4.382582664489746,,,,,,,,,,,,,,,3.677403762541079,4.141652602898946,4.043960392643319,4.368440628051758,4.1176444179200455,3.9894360659412045,3.8616185188293457
210,4.33149979237715,,,,,,,,,,,,,,,,,,,,,,3.7659831057965985,3.96819974834359,3.894817450623738,4.057847499847412,3.9709082103187403,3.8886721120414087,3.726985454559326
211,4.40132582987788,4.335083205522097,4.346753421369951,4.249698184606094,4.340321063995361,4.306881816994821,4.317127822278059,4.312365531921387,,,,,,,,,,,,,,,3.7718906190975012,4.034626138822218,3.8299541305637117,4.0593701839447025,4.0065012374834925,3.9452796190850057,3.6398518085479736
212,4.43170373637225,4.395696707125683,4.278077495270761,4.130319642076443,3.9494717597961424,4.331818264545225,4.2077557385343605,4.204526901245117,,,,,,,,,,,,,,,3.7955561476455495,3.952095863018852,3.9276080560449365,3.917624998092651,4.012152211116848,3.9253700542191745,3.6498122215270996
213,4.33591207040813,,,,,,,,,,,,,,,,,,,,,,3.7781987340687326,4.048122256944548,3.8218869325978404,3.936060667037964,4.021588300761897,3.9646001768468726,3.6533560752868652
214,4.28746157553138,,,,,,,,,,,,,,,,,,,,,,3.8333735312711457,4.061116979822893,4.184546941344156,4.181465768814087,4.142612516658882,4.04908807366795,3.8139357566833496
215,4.37848347484331,4.273179154473107,4.370956047504185,4.232455076894019,4.558414554595947,4.336814024170129,4.263475298461959,4.34940242767334,,,,,,,,,,,,,,,3.695330967527359,4.099043912470279,3.886546610179072,4.291870021820069,4.041851315683215,3.903501567915679,3.840543031692505
216,4.40645689546878,4.413724154214284,4.3826407491767085,4.153604041955505,4.568079090118408,4.376819590786493,4.441803865066692,4.284193992614746,4.165499355703912,4.525516783300182,4.757573163098597,4.4839598655700685,4.352865684176886,4.182871999839295,4.311700344085693,,,,,,,,,,,,,,
217,2.93930215964639,,,,,,,,,,,,,,,,,,,,,,4.182322164688167,4.004870195064953,4.051875963377834,4.268430519104004,4.1638506427686375,4.167771693118782,4.224937915802002
218,3.97061622231479,,,,,,,,4.430956583545684,4.075328067819471,4.271778550365943,4.735305881500244,4.181147211819142,4.354644148199785,4.610458850860596,4.319534643153003,4.045166632522988,4.277919328711567,4.58072452545166,4.065232987277707,4.392500693006756,4.3982133865356445,4.379863829714879,4.264145497864403,4.508406118926345,4.782835865020752,4.306746446313003,4.456805539297726,4.460051536560059
219,3.60467360693065,4.279491823566892,4.096613188983166,4.097544327873373,4.227446556091309,4.264232763122584,4.318501842520405,4.312980651855469,4.272796963076629,4.152073200517671,4.124248009343995,4.375422573089599,4.26709836794116,4.2716124172389325,4.351934909820557,4.229276545824767,4.057790499991665,4.06001928629266,4.174779796600342,4.271686596395401,4.271475797173071,4.269216060638428,4.227681646169184,4.152017315606477,4.23917378369233,4.438410091400146,4.335787053415874,4.295183081002917,4.399474143981934
220,4.0087739243075,,,,,,,,,,,,,,,,,,,,,,4.337196068477227,4.236588721807097,4.091329179832681,4.580690479278564,4.36250922366081,4.271557180745373,3.8713936805725098
221,3.84073366890651,,,,,,,,,,,,,,,4.209582427716466,4.229393301213659,3.8012950736190168,4.041497707366943,4.218443110728347,4.211280651847055,3.9438412189483643,4.252838082816439,4.261825116187717,3.8154875606366714,4.22294921875,4.2115295743924035,4.267876789281012,4.014577865600586
222,4.25963731050576,,,,,,,,4.053828998325651,4.028453244635355,4.381725351997361,4.207494258880615,4.073402564179167,4.109666436225296,4.101840972900391,,,,,,,,,,,,,,
223,4.01322826573375,4.177336274560053,4.177909772132955,4.270248643418098,4.154143190383911,4.195963335157072,4.203226428900251,4.1174702644348145,,,,,,,,4.102638722972997,4.18310443819678,4.205262803203132,4.244909763336182,4.1611233145166135,4.254001778152457,4.189827919006348,,,,,,,
224,4.81304366453459,4.67695307527204,4.527288391158992,4.350579992249002,4.685659408569336,4.593676115534359,4.58695226355444,4.718154430389404,,,,,,,,4.739362003831548,4.475421264843314,4.2891801025505725,4.683917236328125,4.6227468714874345,4.618165677572551,4.396419525146484,4.498377201340518,4.294069002138154,4.274706179590441,4.7616888046264645,4.479924228620735,4.444046588283261,4.330842018127441
225,4.9100948885606,,,,,,,,4.588819469130732,4.521672875613714,4.84258297033249,4.653486633300782,4.549832968072113,4.607080427708368,4.684759140014648,,,,,,,,4.413664578315692,4.3897110891398174,4.711602255982935,4.647916412353515,4.408947306176247,4.447893836857331,4.211378574371338
226,4.52724355068279,4.745815612697136,4.6602773195586895,4.6029602812359975,4.690417766571045,4.591852991057309,4.586258294871211,4.548637390136719,,,,,,,,4.194022303295346,4.516005774164743,4.377208923134313,4.506495094299316,4.207015283233303,4.36004227569547,4.035101890563965,4.358774687776779,4.546418131970488,4.539669817736204,4.742317008972168,4.34668446722456,4.455323008722928,4.124453544616699
227,4.65955588515988,4.759938578525977,4.647379878648506,4.733253132480935,4.639387798309326,4.652541632609624,4.702524548519212,4.873144626617432,4.5385974745473625,4.492652799522847,4.899656476346413,4.608036804199219,4.437755897103399,4.389368023164455,4.514443397521973,4.186473459882231,4.516907054889307,4.6341954231953295,4.428771686553955,4.324581140793557,4.230954309047108,4.400811195373535,4.311965782954156,4.525425754404956,4.772189214308005,5.015244197845459,4.371494616061924,4.458614726599632,4.381103515625
228,4.65364702554936,,,,,,,,4.476407830303882,4.4450939800068845,4.695224929870879,4.9374363899230955,4.355549978274504,4.467118507649273,4.366562843322754,4.172161962730386,4.384081812048824,4.546246203933387,4.922222995758057,4.234549606570623,4.391137022396603,4.276439666748047,4.285875204252491,4.457413501911632,4.651749718284028,5.099909400939941,4.308532600614668,4.467365564150369,3.8798556327819824
229,4.61978875828839,4.653647025549378,4.661442151745698,4.66642053296288,4.902995014190674,4.6649761972324235,4.683287038999715,4.649846076965332,4.476407830303882,4.512051002685833,4.77729693341904,4.9437180519104,4.380585427583315,4.475702765937231,4.390877723693848,4.172161962730386,4.4766057164356265,4.633681735293397,4.919594669342041,4.235238778836884,4.389639049910429,4.335474491119385,4.285875204252491,4.513276253236922,4.747472474971254,5.093835353851318,4.312921053685597,4.467615057381975,3.9190056324005127
230,4.67778070526608,,,,,,,,4.479279156370314,4.610189996486007,4.837607504493755,4.929511833190918,4.371983467193089,4.449365155342935,4.421225070953369,4.170920487961087,4.559548788343608,4.722668444421461,4.909596633911133,4.2273905744038816,4.373594293459257,4.392126560211182,4.286375158884248,4.564644357256436,4.852815336077668,5.095934200286865,4.300844093205308,4.468096004204081,3.961869478225708
231,4.86486734862322,,,,,,,,4.4876033287037504,4.6195841133785205,4.804430677302594,4.910097980499268,4.359156925348182,4.483512241281239,4.467703819274902,4.166578186533707,4.544333952178143,4.732505560041659,4.909961318969726,4.258808005262762,4.410146709604,4.428828239440918,4.301232619293589,4.562345725297796,4.873001855355335,5.075465297698974,4.306066713593587,4.486513578918572,4.036676406860352
232,4.89380910273658,4.704205881756743,4.757116957473526,4.806582373386365,4.8782883644104,4.75124466567405,4.729930275970287,4.600337028503418,4.541756872685145,4.603893807255321,4.813425222014935,4.897680950164795,4.418316830750167,4.50186026516002,4.622938632965088,4.180509399121727,4.5142695335553,4.780664072664138,4.856233406066894,4.24954469461591,4.412263703470341,4.422083854675293,4.31249191770444,4.5533846965800375,4.891147896546265,5.046706295013427,4.313067831956771,4.479582045898201,4.111422061920166
233,5.29794935196623,,,,,,,,5.32057146183454,5.089711791313425,5.3697881537809025,5.397656059265136,5.2297801669784345,5.190321551465223,5.06930685043335,5.116994998110517,5.095945565348388,5.299939709257023,5.405372142791748,5.102790654046288,5.0997967188373385,5.211901664733887,,,,,,,
234,5.23247325894986,,,,,,,,4.937311559207522,4.910891667848157,5.096438804685192,5.070503902435303,5.068013027131977,5.0468658392035675,5.0277509689331055,5.096566996325945,5.048752669283902,5.139687548339694,5.139030838012696,5.1002161076234405,5.028449791947589,5.146307468414307,,,,,,,
235,4.92263209471584,5.213631868663709,5.143600834564149,5.030104193486709,5.134259605407715,5.1663269758699615,5.120128898933995,5.163039207458496,,,,,,,,5.092156194638953,4.9183372896721975,5.14733464432404,4.923894691467285,5.088813548036042,4.9869151965872325,4.904445171356201,,,,,,,
236,5.06248210798265,4.869739539836725,4.866718989066268,4.746297421530427,4.783438968658447,4.62159015517753,5.005608890151224,4.993474006652832,4.938148449307839,4.889077612733646,4.975762796058465,5.014157485961914,5.032435953954705,5.00334835460794,4.875851631164551,5.11085136516086,4.938529080321897,5.011322855413965,4.858218193054199,5.099349239934664,4.960902536802517,4.96820068359375,,,,,,,
237,4.32559818715472,5.157928112294514,5.10539567164741,4.894484118448754,4.945961284637451,5.167052523908853,5.096305115329373,4.944645881652832,4.937952833997134,4.858798936902122,4.869556782359005,4.817214775085449,5.081271802143584,5.019152474049591,4.808106422424316,5.030888874944214,4.944923205381854,4.894588362840758,4.871167755126953,5.061427088009673,4.895058545407505,4.842545986175537,,,,,,,
238,4.90763030037088,5.102664762185336,5.140831891086089,4.94883458665779,4.70423002243042,5.026320219023561,4.947948976680554,5.001909255981445,,,,,,,,5.333572731144731,5.09706377933243,5.099618944133768,4.755377388000488,5.213211527596878,5.111593335552971,4.961177825927734,,,,,,,
239,5.08021321545772,5.12940872659736,4.860133179170345,5.118654976048656,4.910184288024903,4.94940642150432,4.882951668470605,5.03497838973999,4.6830910408479385,4.715092521529253,5.055319117268516,4.9934056282043455,4.845510742207005,4.794149410876028,4.895970344543457,,,,,,,,,,,,,,
240,5.16304326294045,5.257620435195711,5.223756508834978,5.48660516158113,5.281204509735107,5.277670345320184,5.280370973806291,5.409175395965576,,,,,,,,,,,,,,,,,,,,,
241,5.48545224733971,,,,,,,,,,,,,,,5.1118603946257295,4.982381067591482,5.100199771172519,5.143802452087402,5.093437333870945,5.023005925288202,5.00081729888916,,,,,,,
242,5.3767507096021,5.230189264574669,5.208413611234132,5.114689024818242,5.216591167449951,5.04638090691855,5.189713250911081,4.994106769561768,5.332365343712413,5.201834649440301,5.1407801499464405,5.36522912979126,5.28479553889419,5.2810703163269155,5.000735282897949,5.140270902268153,4.97487756544874,5.040185491861643,5.305510997772217,5.129465373554135,5.068353858096469,5.17182731628418,,,,,,,
243,5.1890957193313,5.086452854569779,4.803896312675301,5.077588044871219,5.378259086608887,5.184152623117739,5.287720712984124,4.929773807525635,5.329301905017318,5.029144449698272,5.183871858724007,5.389980030059815,5.284955889664235,5.2616721626483365,4.878109931945801,5.0581230359030815,5.00814450184839,5.115361797611974,5.3747303009033205,5.07207129562398,4.969787695304901,5.000138282775879,,,,,,,
244,5.41341269532824,5.189870089560163,4.9345152231663745,4.880653672358406,5.023886775970459,4.998706555987832,5.103174923491498,4.828764915466309,,,,,,,,,,,,,,,,,,,,,
245,5.07824034727263,,,,,,,,4.85580503728165,5.010503667267675,4.893714058015993,4.887174892425537,4.891746098999362,4.7884968460220305,4.931149482727051,,,,,,,,,,,,,,
246,4.59557392623244,,,,,,,,4.248014335075551,4.506029622006054,4.495744585150068,4.009808683395386,4.328531373757145,4.0770649888954145,4.2692461013793945,,,,,,,,,,,,,,
247,4.454940415306,4.575111865648873,5.312359050700283,4.591876679677824,5.845411109924316,4.749792763257624,4.4604972493251545,5.643410682678223,,,,,,,,,,,,,,,,,,,,,
248,4.50640255099947,,,,,,,,,,,,,,,4.319529653173244,4.799370757628946,4.765845611839935,4.95501184463501,4.652197565929081,4.67698761322894,4.861840724945068,,,,,,,
249,4.28174749990225,4.633147583884668,4.583786701090666,4.532802677264915,4.769017028808594,4.477735760487817,4.680552832729128,4.881422996520996,,,,,,,,,,,,,,,,,,,,,
250,4.67325462043468,,,,,,,,,,,,,,,4.323647126600274,4.858660210700758,4.971426049594943,4.872320747375488,4.6962454296745975,4.691429741538232,4.8220744132995605,,,,,,,
251,4.59894427422816,4.548532698531833,4.691547171185435,4.715952432369709,4.589001750946045,4.695994570495189,4.667574283649196,4.762465000152588,,,,,,,,4.319529653173244,4.878794205903977,4.922610348386323,4.822626209259033,4.719234875481706,4.715379416421755,4.9011640548706055,,,,,,,
252,4.72307886793423,,,,,,,,4.553657544716626,4.655571212371509,4.823189360811349,4.892335510253906,4.646411547251616,4.644600530316848,4.576411724090576,4.3318527516633445,4.882224043182358,5.047868464479379,5.098842716217041,4.68886392695973,4.754259944173795,4.8069682121276855,,,,,,,
253,3.36002444111045,,,,,,,,4.376069250177912,4.568616290980425,4.5703599175399585,4.7871294021606445,4.487545453733278,4.348619456873616,4.398203372955322,,,,,,,,,,,,,,
254,4.33348201944512,4.030375623740376,4.226072873831789,4.409558704385408,4.7059205055236815,4.262306955040448,4.155279470603769,4.772583484649658,,,,,,,,3.2364926180696973,4.2536835349459965,4.409278287844003,4.974168395996093,3.984519136014647,3.768767730320448,4.679739952087402,,,,,,,
255,4.47372130504601,4.41209805820682,4.35426536780202,4.889310992275072,4.7513195991516115,4.4123412059320195,4.357253706056634,4.486919403076172,4.294273303629978,4.540916256275661,4.617673211238995,4.168240356445312,4.454238761896733,4.170046368512877,4.441638469696045,,,,,,,,,,,,,,
256,4.31425826139774,,,,,,,,,,,,,,,4.140005766520699,4.089734886826926,3.9986942011002733,3.9936328411102293,4.22087857118287,4.377651857921081,4.365816593170166,,,,,,,
257,4.24910607961787,,,,,,,,4.086549667335505,4.366164584188821,4.169347874114911,4.194656229019165,4.251301479960356,4.088255633660894,4.500641822814941,4.098726230972469,4.326947257462263,3.9161479090168374,3.6300747871398924,4.338991797990186,4.434985478230338,4.71067476272583,,,,,,,
258,4.26472055193954,4.009880357403386,3.1852864380279136,4.14362082957705,3.8642836570739747,3.9250934888257554,4.130822385150872,3.9658522605895996,3.972885480813293,3.3298796366944443,4.148515931486059,3.9585477352142333,3.9193177340323757,4.031618373413022,4.09313440322876,3.9461662003798135,3.17168141643722,4.0327778149223485,4.129932975769043,4.021485096866686,4.2032423169921955,3.949841260910034,,,,,,,
259,4.33951398421503,,,,,,,,,,,,,,,4.0047864386398855,4.195941678507062,4.046019750195094,4.427088642120362,4.143840118771408,4.275646070551566,3.9472270011901855,,,,,,,
260,4.1827652695745,,,,,,,,4.0992944713882835,4.113964813708128,4.098975133202807,4.073664426803589,4.153233134130705,4.107344005404841,4.159420490264893,4.194716800819489,4.063297083720263,3.8887029037137886,3.492696523666382,4.2062061727233555,4.329182634735169,4.313268184661865,,,,,,,
261,4.04817696468409,,,,,,,,4.175623826313787,4.123430047505001,3.9700145175184387,3.779934597015381,4.161758490359881,4.11534494642189,4.099029541015625,4.151552577874108,4.087195158424837,3.7029513582549973,3.112766218185425,4.1977428582686285,4.33262082875199,4.248737812042236,,,,,,,
262,3.98213228103649,4.016746378432945,4.155559048399077,4.122447045758771,4.470822048187256,4.079478252384639,4.13304793607668,3.9942431449890137,4.022673623652784,4.1033469284916535,4.08408858748838,4.45784854888916,4.091957525372323,4.172844908901745,4.105434417724609,4.044835477168145,4.1399134147335355,4.086778030447406,4.499057579040527,4.107750755200183,4.1687802761614225,4.021671295166016,,,,,,,
263,3.96697855531709,,,,,,,,,,,,,,,4.315867823682618,3.9721338597718163,3.8367459755811577,3.258832263946533,4.290140899698608,4.320816318771473,4.162686347961426,,,,,,,
264,4.15614457737684,4.202034477073644,4.140700446861652,4.052082764384161,4.143899917602539,4.07387482826723,4.14238749775972,3.876985549926758,4.105060422167934,4.153503992195532,4.040461710461821,4.1746070861816404,4.083749245653486,4.145781993960458,3.9447689056396484,4.067905711296539,4.045394033383052,3.942656606144558,4.331120395660401,4.178332045457546,4.213939048026439,3.9047367572784424,,,,,,,
265,4.17763574755845,4.346724972880422,4.128317809080471,4.203137693006662,4.09016056060791,4.239405633285202,4.324018036507792,4.020244598388672,4.130235661881461,4.164737288513014,4.223173709320863,4.116356945037841,4.12713744157853,4.177914065606721,3.9061050415039062,4.215915566712416,4.072984529590447,4.070608554189612,4.277363014221192,4.265596149824665,4.304647343332465,4.027821063995361,,,,,,,
266,4.02314585342378,4.034920328476076,4.242789904277942,4.165854670557451,4.257648563385009,4.130838026022601,4.150616028460048,4.217039585113525,,,,,,,,4.027272582202606,4.251834047594676,4.099670222689032,4.21113395690918,4.176092060223236,4.354221991587687,4.289439678192139,,,,,,,
267,4.29645070176177,4.022276337776353,4.0774027283540875,3.8587564785226145,3.729910469055176,4.15004453636246,4.185850148375312,4.058996677398682,,,,,,,,4.122862387960978,4.2737828159784526,3.754327891895392,3.3074268817901613,4.290736250526689,4.434864928711139,4.337335109710693,,,,,,,
268,3.97179488009456,4.165945542923121,4.190982296715837,4.128640067900996,4.350838565826416,4.122259060282765,4.115477494914224,4.078823566436768,4.141586648490736,4.192463312445458,4.116570668117482,4.236178874969482,4.177238523953745,4.129664893545245,4.0080461502075195,3.999451259016165,4.173134119749234,4.086251821428521,4.3467052459716795,4.184071727171182,4.262900938835122,4.3253607749938965,,,,,,,
269,3.90322898346678,,,,,,,,,,,,,,,4.105526393203473,4.193921196234596,3.9344138756320484,4.393736553192139,4.163166807689083,4.278214464620685,4.215578556060791,,,,,,,
270,4.0841782123796,,,,,,,,4.085045108403529,4.145277739021328,4.059288563829359,3.985100841522217,4.164893494551076,4.1617443238824166,4.089862823486328,4.165618157907736,4.130010026457521,3.815959485892594,3.3269811630249024,4.207110213254079,4.4005288566055025,4.0495476722717285,,,,,,,
271,4.16430942850757,4.207531720036391,4.284829353707318,4.2674077897823075,4.294199657440186,4.235170413556248,4.234661752268578,4.290658473968506,,,,,,,,,,,,,,,,,,,,,
272,4.20342566678957,,,,,,,,4.198741486528892,4.233877835834988,4.2834163626282,4.159575653076172,4.2162724574725505,4.216780275115018,4.245851039886475,,,,,,,,,,,,,,
273,4.25649023527157,,,,,,,,,,,,,,,,,,,,,,,,,,,,
274,4.14996674231023,4.216561128022021,4.2505711131503565,4.171083258139019,4.278889083862305,4.215359178398471,4.236815777103553,4.22036075592041,,,,,,,,,,,,,,,,,,,,,
275,4.18976748200492,,,,,,,,4.203294214790486,4.22300068033724,4.286572327963217,4.107841300964355,4.171179706618325,4.2308007531035345,4.256402492523193,,,,,,,,,,,,,,
276,4.14630178822383,,,,,,,,,,,,,,,,,,,,,,,,,,,,
277,4.49894073778225,4.215401421284035,4.214234563426428,4.224908360234307,4.27417631149292,4.193312508700555,4.245948102962959,4.182150363922119,,,,,,,,,,,,,,,,,,,,,
278,4.26280735729526,4.369186517974028,4.535424832123105,4.296115940001576,4.352685356140137,4.314658304729955,4.427810086647727,4.227599143981934,4.3709737552605255,4.4481530364589,4.226116893483568,4.330984783172608,4.305169326908901,4.411906310224338,4.191138744354248,,,,,,,,,,,,,,
279,4.03621217265444,4.559732292112535,4.513859799596073,4.25923112483849,4.594677734375,4.2927450357477674,4.297304610700562,4.1774396896362305,4.34213218981443,4.614317463280442,4.334378232207831,4.472029781341552,4.236378625319134,4.326696446907769,4.359856128692627,,,,,,,,,,,,,,
280,4.29843201494407,,,,,,,,,,,,,,,4.262491387483279,3.9341321181458087,4.098287106971622,4.203909397125244,3.9468834311939553,4.211384841468384,3.6858901977539062,,,,,,,
281,4.97881070093006,4.153370584129349,4.213247208669792,3.8235230799434503,3.7592869281768797,4.039186254633713,4.027605973685454,4.121367454528809,4.415014646713492,4.410600962335667,3.94508185159894,4.054123401641846,4.370823814051399,4.314324356163353,4.529498100280762,4.242781217930408,4.485060412852175,3.9627111293394353,3.9769336223602294,4.197924608671958,4.233176410707406,4.4372124671936035,3.91379935954902,4.044820383473408,3.7731665320562744,3.633654975891113,3.9894066786298352,4.010670974480691,3.9980216026306152
282,4.69250396208679,4.308713673984445,4.379816055507015,4.394387874304444,4.203085136413574,4.197535639879867,4.149971849240291,4.2777509689331055,,,,,,,,,,,,,,,4.100800057952468,4.084231101484641,4.227306936344947,4.1148731231689455,3.901294641669827,3.9736912561829354,4.336448669433594
283,4.77211329538633,4.4874519587472665,4.558788429963431,4.0512111585264545,4.506315994262695,4.536076949436957,4.51063503003559,4.434820652008057,,,,,,,,4.502969343556716,4.615196509322825,4.331226457199047,4.50306453704834,4.57235856542512,4.490337731646098,4.506020545959473,,,,,,,
284,4.0,2.0538426922425552,3.4606354197343374,3.523693126307106,2.9442584037780763,2.459795023593528,2.052820113668076,3.536863327026367,2.449231764912979,3.3984864374167136,3.545956366404053,2.5483869075775147,2.9179888057904617,2.627427422355227,3.200263261795044,,,,,,,,2.5802380763242336,3.368936929876769,3.542780297434555,2.4247025728225706,2.6304847561837903,2.4689269412495194,3.7761993408203125
285,4.3657133540199,4.509183167712933,4.733249161997344,4.272742217983176,4.675672817230224,4.512577286675991,4.466916192739668,4.5957865715026855,4.370695273257938,4.712602310971652,4.466500613002274,4.734202575683594,4.4852366939837625,4.470999410812871,4.611388683319092,,,,,,,,4.520432113442623,4.382639322814161,4.292252510510341,4.829045677185059,4.480235183227262,4.407306673318367,4.6014533042907715
286,4.03621217265444,,,,,,,,4.184789908403775,3.767646098594049,3.744720794798889,3.4356621742248534,3.9622722842772498,4.043661718099624,4.175457000732422,4.121763904100693,3.884990391715238,3.6201491774420758,3.431183862686157,3.9350573948418908,3.862282860392572,4.028964519500732,4.219524003698907,3.5063495337361004,3.803177664467092,3.795032787322998,4.014598926138843,4.122954423743513,3.9992403984069824
287,4.04095860767891,4.090645291559736,3.9305728391053405,3.8055447184191045,3.8816439628601076,3.792509038866277,4.13523613458393,4.137818336486816,4.092370421865219,3.8304689991443865,3.402548661291298,3.4369182109832765,3.9507156317495036,4.003414297611424,4.235058784484863,3.988730716589826,3.8935826705400007,3.6689425447095196,3.956320285797119,3.8857044788078468,4.067664593545608,4.090511798858643,4.05934660226832,3.606861242060376,3.4926989513784656,3.6343733787536623,3.907093931467504,3.9452687768274273,4.021012306213379
288,4.33724216831843,,,,,,,,4.140645836804864,3.713358369237503,3.4402224623309676,3.2680636405944825,3.899856389720554,3.949180960274951,4.11038875579834,,,,,,,,4.199517806044334,3.710256257542046,3.522013224794472,3.557817554473877,3.943870109700823,3.9828829503711045,3.921713352203369
289,4.27572413039921,,,,,,,,3.972204750698184,3.3666566566548344,3.6839015498714187,3.764841890335083,3.5498633786142633,3.4841905750501287,3.8913803100585938,,,,,,,,3.9628268231863597,3.2492372597292576,3.759678482462257,4.0942247867584225,3.5761008872118367,4.01607367163725,3.958758592605591
290,4.07572071393812,4.430991458176904,3.6848293299922052,3.93411686797783,4.275543880462647,3.9928285922847278,4.233578625769195,4.015821933746338,4.239136387002851,3.1744977479999608,3.7157622035733873,3.8331151485443113,3.5874219399512652,3.507794946917554,3.973789691925049,,,,,,,,4.147332753545645,2.9767947690518533,3.7702987508346806,4.032165908813477,3.7122641101807803,4.006559264111155,3.932408571243286
291,2.85698519974591,2.8471221425611195,3.180814226354337,3.7393984246895826,3.7548477172851564,3.2184508159694594,3.742974662172687,3.4103736877441406,4.101978182353218,3.7958798754667016,3.663182466274195,2.9591140270233156,3.994126606196849,4.065495989862665,3.9710769653320312,4.083254012360595,3.9903971175756174,3.8447332688578415,3.696294641494751,4.061711667161465,4.0765651557452784,3.904367446899414,4.2472312771300365,3.7500753411423635,3.833125113736077,3.2007243156433107,3.974640833240853,4.185133407235598,4.009456157684326
292,2.49894073778225,,,,,,,,4.008193288258928,3.7235789472313128,3.75826209473225,3.4685248851776125,3.9423210982858103,3.981376569489363,4.053377628326416,4.047986658676254,3.9108997914151744,3.976639547301864,4.09056544303894,4.007010514019374,4.025788597629722,3.943133592605591,4.081079020647958,3.7701869618428923,3.797018951653925,3.6064538955688477,3.9525134077976194,3.9635368045170885,4.071069240570068
293,3.95860731484178,,,,,,,,3.400656665492632,2.9897014662868178,3.399757129174816,3.484363317489624,3.170144734329353,3.268480707408224,3.1324265003204346,3.9835619708686405,3.830736417979017,3.7648391263117786,4.097551155090332,3.7921949059234237,3.990068105230196,3.88896107673645,3.978892779104652,3.551899058795279,3.7299053567107823,4.16743803024292,3.5844765389308186,3.9086315297933663,3.986370086669922
294,2.85387196432176,3.7236409376205564,3.336627146674998,3.6660317016401205,3.4829727172851563,3.4774225520897515,3.6890518269339703,3.3897781372070312,,,,,,,,,,,,,,,4.0983943792801165,3.594909045462174,3.801812727135617,3.709548568725586,4.009749234645457,3.973294052056258,4.058468818664551
295,2.45593195564972,,,,,,,,,,,,,,,3.7980475895619517,3.6063675945957656,3.569910313882581,3.9348342418670654,3.7431185008221393,3.944109481707681,3.807849407196045,3.9178449868628467,3.4255600480227146,3.628630168044388,3.9405604362487794,3.569350836449956,3.8933891057618717,4.03451681137085
296,2.61978875828839,,,,,,,,,,,,,,,3.8188678309697583,3.4815301379351578,3.4403726506671037,3.9111724853515626,3.752351504905404,3.9360279658163155,3.4375076293945312,3.9681288636987557,3.3084736635639715,3.5399138675136252,3.900520086288452,3.688235872897244,3.8946279914953514,4.038341522216797
297,4.88399775851409,,,,,,,,5.175422150308988,4.805100919581274,4.671552390654575,4.366618347167969,5.089949435189784,4.874361679470841,4.780713081359863,,,,,,,,,,,,,,
298,4.81163854306711,,,,,,,,,,,,,,,4.682821761278937,4.5128083445320275,4.738664102304225,4.816866302490235,4.573197875606041,4.634696711189594,4.563765048980713,,,,,,,
299,3.49343763773042,,,,,,,,,,,,,,,3.813664950607785,3.8798065941520745,4.026194791155978,3.8487174987792967,3.826985746583893,3.804924732462256,3.851208448410034,2.901472712582097,3.8053129090434386,3.8450598470287503,3.8307908535003663,3.042259176156405,3.135349863361059,4.207831382751465
300,3.79001356114396,3.832346917451537,3.751445817334343,3.787185348546673,3.8183524131774904,3.7774229839606135,3.8058276244502474,3.7137856483459473,,,,,,,,4.118828980054179,3.8251287486563337,3.88936215102735,4.153100681304932,3.9155980963122823,3.9721457939123908,3.8682563304901123,4.197201553396976,3.9317961491716926,3.7634500265674893,4.104570579528809,4.073850503274713,4.090802171384391,4.005738735198975
301,3.79424503525901,,,,,,,,,,,,,,,,,,,,,,3.063298747325379,3.8694461651242107,3.6097857321161864,3.820322036743164,3.1334980073103393,3.152879122309747,4.0575761795043945
302,3.68525382370299,,,,,,,,,,,,,,,3.930700814909319,3.798237818268273,3.913678489787396,3.9862443923950197,3.9263894765558662,3.9467066664638657,3.7446494102478027,4.1943385838147575,3.866297970096011,3.8443029174907917,3.939361333847046,4.0503930350502655,3.9962693097831794,4.043219566345215
303,3.90312272810409,,,,,,,,,,,,,,,3.806362298042215,3.8932674002570633,3.7626306460875085,4.01266131401062,3.75209042608928,3.696527929011005,3.862199306488037,4.070179152621133,3.9826204487506964,3.6076680815481206,3.880909538269043,3.8993163835879523,3.8785503892152535,3.9670519828796387
304,3.71049878843667,3.9450516700106473,3.924348206403713,3.690606604957188,4.0162252426147464,3.890403134417751,3.876079337524304,3.694293975830078,,,,,,,,4.0307997618043,3.9358232535437248,3.8667552416016173,4.138468456268311,3.9385002990902933,3.971406463563915,3.919738292694092,4.120343421137302,4.066021661741167,3.797784777853015,4.096124887466431,4.016652009276971,3.967558692260713,3.980694532394409
305,4.01279139129455,3.7754926082402034,3.88520960113763,3.900245910443209,3.7471249103546143,3.89102921334655,3.9154531505019134,3.6826019287109375,,,,,,,,3.9421152161241997,3.901343490442583,3.97761858400145,4.082743215560913,3.9330305551995015,3.9491746019124823,3.8198494911193848,4.137454649214604,4.007071498842869,3.914912616398802,4.06028470993042,4.02154054755281,3.956787624148918,3.9189395904541016
306,3.90116261729115,,,,,,,,,,,,,,,,,,,,,,4.187415982150453,3.949181227691915,4.028442255031773,4.2027534484863285,3.9959180442458972,3.967385620298018,3.9040560722351074
307,4.28044669092323,3.709939374425037,3.7396307855311517,4.158116433603968,4.015791654586792,3.840803995119651,3.840562307847622,3.6880340576171875,3.7325224356718496,3.8894863414664527,4.168498747516403,3.8283388137817385,3.878816288022152,3.9033173832847337,3.742706298828125,3.9780970842693084,3.8467113703584856,4.34890956890333,3.9189220428466798,4.002380639785087,3.938184171378039,3.9294495582580566,4.089763369453914,3.795704786425949,4.269536120812803,3.9306413173675536,4.044500710078792,3.9915885149529604,3.989417552947998
308,3.65227026383921,,,,,,,,,,,,,,,3.821746300582417,3.9081495538218394,3.9851749484491057,3.86175422668457,3.7580650060175054,3.783312759155882,3.9339041709899902,2.9821370957037834,3.7715267686628753,3.702473506470678,3.835004281997681,3.088046940238053,3.1449013522642115,4.375563621520996
309,3.73444232249824,,,,,,,,,,,,,,,3.879959266117384,3.8418279790330905,4.02600903902925,3.845925807952881,3.9107433855068603,3.7728931654449225,3.8519530296325684,2.9813118462017254,3.7316483637205082,3.792183292821327,3.82224817276001,3.11116979926244,3.134412761145261,4.285157203674316
310,3.64663055990934,,,,,,,,,,,,,,,3.7728772214003317,3.8693143637786123,4.1012212195746836,3.843598175048828,3.910599004763381,3.7748654391619954,3.9534664154052734,3.0033657645695566,3.750168646881499,3.873930753898222,3.8136053562164305,3.1518924141590903,3.1459181374177434,4.509899616241455
311,3.78543385834682,,,,,,,,,,,,,,,4.319345494392411,4.364117469532107,4.162053460427925,4.185324192047119,4.318756052031096,4.333506734373077,4.218202114105225,4.183967144497287,4.433447004538357,3.9405586294094537,4.144851922988892,4.284750330790425,4.276611330735452,4.564154624938965
312,4.27791055788189,,,,,,,,,,,,,,,3.935085209084736,4.256167264524135,4.14023122377472,3.8548285961151123,3.9993951960956116,3.9026007532639504,3.964923143386841,2.92060458723128,4.303624010606698,3.847237310703162,3.831673526763916,3.1877106087110847,3.293086099735841,4.24114465713501
313,3.90723085110687,,,,,,,,,,,,,,,4.2337574075842515,4.333116508912547,4.230704991726194,4.002228164672852,4.203484789047306,4.324462036779627,3.9716217517852783,4.048070177770773,4.368599562388798,4.091837568596455,3.961784267425537,4.155355635109319,4.222886430779647,4.233994483947754
314,4.33980090142348,3.693455219470621,3.8349017152751372,3.9244711585612553,3.917621612548828,3.869798783124714,3.962948019464093,3.9369850158691406,,,,,,,,3.7021151251324,3.836544263500658,3.8771404526159987,3.920717144012451,3.8626045881442077,3.9863034903893686,3.9372336864471436,3.9911642629942317,4.398594973980383,4.140431874944828,4.190500926971436,4.20708952491915,4.276421102183395,4.498767852783203
315,4.39894775921407,,,,,,,,,,,,,,,4.662347632811737,3.8354739508985842,4.018964349563408,3.8161253929138184,4.379866421675956,4.484026896578433,4.136141300201416,4.698372179655476,4.442562040366762,3.9649027067124036,3.9577285766601564,4.59013594269441,4.54436971399968,4.8730669021606445
316,4.29902148281312,4.181946329117837,3.8144958927313364,4.047226642948248,3.9625571250915526,4.113194496780768,4.201495811836205,4.283616065979004,,,,,,,,4.031008384493029,3.659011035586886,3.9457513568050446,3.8673891544342043,3.9356160835966176,4.071343288358205,4.150487422943115,4.183258023615628,4.390544239731486,4.229608819003941,4.154082202911377,4.376036277918247,4.3554172743457125,4.850253105163574
317,3.90635993255188,4.5295442868877105,4.15094162511733,4.262898013805483,4.253553771972657,4.626934681315798,4.516500571444163,4.461994647979736,,,,,,,,4.64821719901018,4.383754081230286,4.541593929509076,4.332277774810791,4.723493033220116,4.612218258341876,4.5445876121521,4.661159599095731,4.459878389189525,4.439975987233733,4.244519853591919,4.701546563845861,4.513705048587747,4.910082817077637
318,3.51262978798875,,,,,,,,,,,,,,,4.117258330769675,4.308041150163944,4.518846253804964,3.8329312324523928,4.240062489248932,4.300887030608772,4.203000545501709,3.95763339526085,4.405129183846934,4.248434178379975,3.8326151847839354,4.237231247260947,4.229145281241651,4.3474531173706055
319,2.64981223871101,,,,,,,,,,,,,,,2.9007690363036125,3.4044095355126633,3.562415484636331,3.6383134365081786,3.1700668918279553,3.597465471454449,3.4681427478790283,3.9374241768100133,3.937055996878225,4.161954446102861,3.704231548309326,3.9198328823840636,4.08200726433465,4.316559791564941
320,2.52783400472624,,,,,,,,,,,,,,,,,,,,,,4.021599064869671,3.9232364790180845,4.045419407406428,3.4686158657073975,3.960729867734382,3.9339324239278737,4.1805243492126465
321,3.98642719281073,,,,,,,,,,,,,,,,,,,,,,4.175299390930715,3.8134759662009294,3.8338287239671183,3.551654577255249,4.02724693866467,4.005345645970807,4.261004447937012
322,2.81507723581094,,,,,,,,,,,,,,,,,,,,,,2.058463857403758,3.2299206512418333,3.2396175908065388,2.393050718307495,2.7970394947374673,2.5061214685255226,3.8274474143981934
323,3.12324441717336,,,,,,,,,,,,,,,,,,,,,,4.238976617148723,3.7789800415595067,4.019969283620092,4.008787012100219,4.021759117357281,4.079384587881714,4.298732757568359
324,3.53924391487175,3.1139740150124284,3.121123670886246,3.5004617754490726,3.4071340560913086,3.162753837065691,3.3103202808466214,2.9153757095336914,,,,,,,,,,,,,,,4.193238940894139,3.860945940587826,4.070254206712328,4.068186473846436,4.048450786694353,4.108033577395341,4.264351844787598
325,2.73312325241226,,,,,,,,,,,,,,,,,,,,,,4.224944120265819,3.7999246097550015,4.052305881216885,3.6013765811920164,4.057502886223278,4.065825507045905,4.187504768371582
326,3.47732650479088,,,,,,,,,,,,,,,,,,,,,,4.205102625625995,3.766170178236692,4.069422510341128,3.6353368759155273,3.888176754207464,4.01640226846674,4.31620979309082
327,3.76586362698586,,,,,,,,,,,,,,,2.9725379287395803,3.233455518339208,3.3007500769528924,3.1384934902191164,3.005222788873843,2.9119473554463555,2.7448461055755615,2.4713774249427947,3.3690714921975116,3.884004494684278,3.4759168148040773,2.667758972366854,2.681341838477601,3.821629285812378
328,2.70602246097578,,,,,,,,,,,,,,,2.7262848842996426,3.423413760542169,2.815450090954424,2.4111252784729005,3.178363407984153,2.4430117501189628,3.2370471954345703,4.069882410662773,3.817068931075407,4.301798971641863,3.618700456619263,3.828310106260346,3.932775987086322,4.343766212463379
329,2.74783472896314,2.808028813672177,2.8953214922381596,2.8932399759890037,3.384046459197998,2.910883269771081,3.0488001625956254,3.0488414764404297,,,,,,,,2.86627341769835,3.342047188720896,3.27032319547907,3.3833617210388183,3.1863335634702286,3.5203295252548377,3.3584465980529785,3.9939177213376653,3.7796573102327415,3.979579814336543,3.698938798904419,3.869786154205025,4.052983208513447,4.297348976135254
330,2.27328076591365,2.606297359086294,3.0038080518447474,2.68358079993331,2.7880516052246094,2.8429716364456414,2.778223504428925,3.0764992237091064,,,,,,,,,,,,,,,4.034394230758429,3.7611345302071912,4.159995194943516,3.6227814674377443,3.8323146989464063,3.9000582368482224,4.253988742828369
331,3.61530616648179,,,,,,,,3.977623086048364,3.6658962701092035,4.211906417560876,4.202045965194702,4.016741527827753,4.008471710202941,4.092554569244385,3.6607757948703594,3.7792654878410006,3.900088274047795,3.5501707553863526,3.7550756232193505,3.7973133154331205,3.746678590774536,3.9281347435664213,3.886725521064627,4.137296298860143,4.127001237869263,4.05827613485736,3.964322534115061,4.077213764190674
332,3.53405233823506,,,,,,,,4.066945390107599,3.7898086992099214,4.239249098260449,4.5342920303344725,4.073769455031873,4.060136808255844,4.135833740234375,,,,,,,,4.180112560579513,3.916978696699403,4.134365475808488,4.20923113822937,4.211938344326374,4.11180981597131,4.049495697021484
333,3.49536605283153,,,,,,,,4.213005986810838,4.203853730937425,4.4702136691362195,4.600597381591797,4.262978353417695,4.297892895592754,4.520937442779541,4.263578046669703,4.217381306353244,4.533468119431316,4.589917278289795,4.3570002616044015,4.353043226909464,4.316705226898193,4.210253352442889,4.169341672072838,4.428419211138878,4.4710695266723635,4.3538999993454395,4.261185012372706,4.390377998352051
334,4.32386513083688,4.116605857915797,4.084191470917313,4.170547320813557,4.180512809753418,4.1008928639524,4.0955108998250545,4.1952314376831055,4.155839088318571,3.983898283506939,4.019078112555316,4.090983486175537,4.06265380505974,4.107501171953107,4.1326093673706055,4.1719450143119605,4.1347630120913585,4.209643886746296,4.2336427688598635,4.172667671900877,4.1626354607237595,4.229477405548096,,,,,,,
335,4.118038863267,,,,,,,,4.09368728135921,4.049055603554703,3.9839201748757715,4.142480850219727,3.990606492722599,4.069052975347099,4.059277534484863,,,,,,,,,,,,,,
336,4.10820018855227,,,,,,,,,,,,,,,4.156303270251934,4.177867563311699,4.152248803033145,4.185201215744018,4.163355159854259,4.2221429730423345,4.01442289352417,,,,,,,
337,4.00634880003163,4.1083724514694735,4.098092989831962,4.145769103674633,3.8205385208129883,4.064799548143147,4.105472494361903,3.944671630859375,,,,,,,,4.118285774616049,4.084938412256838,4.16481754189308,4.048961734771728,4.045137428274419,4.161456657968697,4.094447135925293,,,,,,,
338,4.27791908768039,4.139524054039107,4.141232735298633,4.1453544772796365,4.316456031799317,4.136357370900147,4.107948941259074,4.239982604980469,4.1709691110987634,4.037763884465952,4.115628558787132,4.244963455200195,4.072506063801375,4.080961657133237,4.093055725097656,,,,,,,,,,,,,,
339,4.19223789500624,,,,,,,,3.733267856406532,3.9547217189075656,3.9271965495014527,3.992516613006592,3.9435477150263747,3.9321448282177225,4.118958950042725,,,,,,,,,,,,,,
340,4.08743677119226,,,,,,,,4.056927769581804,4.0106136129839545,4.068863975656584,3.9380743980407713,4.04769824013896,4.050019148373389,4.1265549659729,,,,,,,,,,,,,,
341,4.16442452745419,4.128877853426259,4.115384843829009,4.033641504380092,3.991162633895874,4.083970679811623,4.066739179771857,4.143241882324219,4.139620007641348,4.030088003773527,4.093927174041969,3.9353183269500733,4.042690082268745,4.063777161397585,4.09989070892334,,,,,,,,,,,,,,
342,4.16964122245064,4.034467897818856,4.063860333114945,4.126549235822128,3.760173511505127,4.090680457644028,4.1103008500780485,4.033137321472168,4.055633708042406,4.024363381008491,4.0542107276896004,3.8745073318481444,4.015373899205453,4.022630965376073,4.085312843322754,,,,,,,,,,,,,,
343,3.85068119292621,,,,,,,,4.058229759923076,3.992594446693044,4.068583254235083,3.8952314376831056,4.030480006388618,4.015345086071517,4.125493049621582,,,,,,,,,,,,,,
344,4.06820672449536,,,,,,,,3.9692713032896387,4.324409638303632,4.081019145814684,4.0697931289672855,4.003569686471799,3.9073660297157455,3.7665133476257324,4.033046914277235,4.226053827474068,3.9340453050494086,4.045751762390137,3.94957680399216,3.9597744326483295,4.307618618011475,,,,,,,
345,4.92081875395237,4.7904133439128165,4.7426560196091145,4.390872672222153,4.233346271514892,4.760783388705031,4.619280275529327,4.615600109100342,4.087958303358479,3.9785953335338626,4.1962314558439155,4.109420871734619,4.088701608012141,4.044378121844455,4.2181267738342285,,,,,,,,,,,,,,
346,4.92081875395237,4.892165204432155,4.476450373362519,4.836902154114137,4.177515840530395,4.703147779864542,4.623836148162447,4.473756790161133,4.092162370725416,4.06420868299644,4.576122409009946,3.9911482334136963,4.114466373111708,4.064557444550842,4.0763139724731445,4.668838148459026,4.38876190613299,4.714507617344475,4.101141405105591,4.606208446157415,4.515278160610388,4.397989273071289,,,,,,,
347,5.11918640771921,5.12183182955961,5.0869260319132215,4.927901408134521,4.915755367279052,5.051178053290851,4.913223596659123,4.821573734283447,4.300309531103772,3.9284349899505355,4.58146283890386,4.656245994567871,4.247162619160721,4.1582955382320685,4.380795001983643,4.436446597556013,4.5160694628667555,4.826813368297241,4.846725940704346,4.5131576041836885,4.483472200493707,4.582526683807373,,,,,,,
348,5.0087739243075,,,,,,,,4.000346490143645,3.9051222159364607,4.592396835661911,4.700539302825928,4.200234711165723,4.042735932992931,4.6244730949401855,4.120000874990821,4.577904788232122,4.900552530356032,5.055323791503906,4.430592592578535,4.268833940773598,5.012197494506836,,,,,,,
349,5.14874165128092,,,,,,,,4.242661573446287,3.971667312213439,4.662004239295356,4.6137982368469235,4.196176553851886,4.192112453062772,4.325752258300781,4.392863590582916,4.492974489227419,4.802248959900023,4.910741806030273,4.477651860527365,4.50836167084171,4.555156707763672,,,,,,,
350,5.00436480540245,,,,,,,,3.984470999541082,4.01015903831072,4.7801425047346076,4.571908187866211,4.167529048301415,4.078686208014191,4.554995059967041,4.055211918240059,4.578312155464932,4.990693503825322,4.949888038635254,4.408529563409594,4.193833799050765,4.982997417449951,,,,,,,
351,4.92081875395237,4.978810700930081,4.700516023143936,4.617269419450545,4.44603157043457,4.7764665444954035,4.787786860913126,4.74334716796875,3.992111060043791,3.9391211412699976,3.9155186208499533,3.8768640995025634,4.036021905135825,3.9135708042422674,4.186100006103516,4.538472913640997,4.309164272790238,4.056389934506443,4.1458276271820065,4.462760775815101,4.558418635364078,4.3898115158081055,,,,,,,
352,4.28819277095881,3.91929008730728,4.188958339571139,3.522346368954084,4.331075000762939,4.048982252100622,3.942751750116461,4.541018486022949,3.884077299704374,3.9833217707597703,3.422111646739321,4.420783805847168,4.046021895629431,4.11240899457227,4.2208123207092285,3.867358951294273,3.8431411402284796,3.3440212788979253,3.9852479457855225,3.9822866911943753,3.947685233208618,4.197049140930176,,,,,,,
353,4.61798295742513,,,,,,,,4.150898553338472,4.113429090287432,3.9082503085807274,3.814323663711548,4.3386993372958775,4.200388487144685,4.657201290130615,4.148896292000784,4.139810987305117,3.7654252630276956,3.5934940338134767,4.117996843781481,4.1256133924417995,4.537972450256348,,,,,,,
354,4.63078414258986,,,,,,,,4.342049375439143,3.7642089794017624,3.6235858756437827,3.5228909492492675,4.0690470334839635,4.099831692311817,4.100520133972168,4.727524846535109,4.017610096459742,4.06121971592498,4.719210815429688,4.292073684977672,4.643488880250234,4.233432292938232,3.8368883119008665,3.3703559394249494,3.501668948899496,3.254363441467285,3.8815891308353327,3.977591821984051,3.555832624435425
355,4.6903698325741,,,,,,,,4.2842335454740486,3.7346342401609736,3.4340462566826306,3.384105348587036,4.133394793576797,4.068950047398953,3.9266610145568848,4.7724516113169795,3.9856048161323456,4.156470025001474,4.4914727210998535,4.367003745299037,4.6117402598054245,4.32607889175415,3.8755004164345217,3.397088685852683,3.267120738684575,3.149736452102661,3.9401171157959163,3.973923576084256,3.5762546062469482
356,4.54211810326601,,,,,,,,4.591212959862728,3.8625731111107884,4.089747971049971,4.239706659317017,4.057145650709413,4.419467196991479,4.407498359680176,4.93754556461639,4.598062561747399,4.584964435496779,4.756089878082276,4.636056361760041,4.686109844846313,4.777285099029541,4.054788190217156,3.6613040337749783,3.6640486779063988,3.5720588684082033,4.099234368754392,4.1735377742265385,3.847827911376953
357,4.46852108295774,4.558489248330361,4.506073309458625,4.283318399841268,4.505791759490966,4.451389112422877,4.502479533722163,4.51855993270874,4.60098598777329,4.462986558921046,4.252003487568968,4.601115608215332,4.428661289386973,4.489420115078814,4.6160359382629395,4.360416291871648,4.4463661979926545,4.182071481570238,4.256529092788696,4.3321957776293765,4.364763915939184,4.293483257293701,3.8219921284057814,3.665438171394011,3.5192741988625307,3.256081485748291,3.9523978115206733,4.071672069581503,3.883147716522217
358,4.9100948885606,,,,,,,,4.426191370331022,3.846226278781482,3.3802393122418666,3.421437311172485,4.011466024008975,4.026355593166551,4.1106276512146,4.402368950818646,4.321157751036941,4.023313151423399,4.526523876190185,4.2861371585285735,4.381301900984659,4.403367042541504,3.9566417786452615,3.652965887942882,3.1162155307489905,3.2829041481018066,3.952550075113216,3.8819133434343938,3.708390474319458
359,4.77469071827414,,,,,,,,4.411631606460396,3.8338155324813,4.004305428452606,3.7929707527160645,3.9121014040717954,4.159508853653557,4.180008888244629,4.44954902794209,4.277855206739765,4.226030883579647,3.9431604385375976,4.260236832738505,4.292752806542456,4.481132507324219,3.9731835371054727,3.7072933365920124,3.5548885900216796,2.9058001041412354,3.9358973872403338,3.9259484343629594,3.854015827178955
360,4.73282827159699,4.672292516922644,4.7784343684357715,4.488050511238287,4.726938247680664,4.715027198090705,4.716745725613476,4.653386116027832,4.368400814982369,3.8347095396906767,3.9303441196355062,3.7794737339019777,3.898151899368281,4.136327280584224,4.143702507019043,4.4372404603144275,4.278071368783087,4.212904792930676,3.950818920135498,4.329054059068615,4.284195545960932,4.476492404937744,3.967796254378227,3.6795423913423337,3.4511060225175587,2.9251090049743653,3.919342910176044,3.959562361603629,3.7890172004699707
361,4.55752023093555,,,,,,,,4.372925458315109,3.809364947542759,3.875016255566122,3.9209067821502686,3.9733432376674838,4.0922983519222855,4.2409443855285645,4.3967994296369755,4.131509097345997,4.076116689916065,4.055977725982666,4.236517155194092,4.200331429660168,4.519929885864258,3.9484286443651215,3.72709256768233,3.405488741398042,2.925799512863159,4.05401919874062,3.9486916748300036,3.9320549964904785
362,4.5016894462104,,,,,,,,,,,,,,,,,,,,,,3.722010883279934,3.644244525544517,3.5107566404961306,3.2045333862304686,3.9785565181512124,4.03532318222294,3.9979755878448486
363,3.95860731484178,,,,,,,,4.353901580392421,3.532555576103582,4.168225707998048,4.0355597019195555,3.9080308822532546,4.164504716673214,4.099372863769531,,,,,,,,3.970807527117694,3.7497341866521827,3.7579446354998036,3.34910306930542,4.114003737301684,4.033423113462424,4.052181720733643
364,5.08618614761628,4.3525755160715836,4.728150421391203,4.740286163256679,4.683147621154785,4.563466127487181,4.479712814178463,4.661160469055176,3.4908009611529724,3.843809375379987,3.6022685687975375,3.551235055923462,3.6395492656195567,3.9066212814560215,4.200883388519287,3.5523833684708417,4.309861563366619,4.196711364380712,4.4475626945495605,3.727149312645438,3.8517380630843383,4.3839216232299805,3.4397573610031826,3.6511619094782497,3.401557446603997,3.310238838195801,3.746220984963477,3.8347651144211885,3.8331551551818848
365,4.95078197732982,4.755467292363186,4.779900078370651,4.662352049689762,4.732856369018554,4.761558609512283,4.669938744236856,4.6884589195251465,4.3869722909115065,3.8587935994255544,4.0343987886022035,4.015559959411621,4.072897787717938,4.2196123149281615,4.211036205291748,4.467874024894684,4.275321117621681,4.305615629516969,4.1666895866394045,4.264811115999674,4.311775914102129,4.451918601989746,3.968518973484571,3.721580951790875,3.616864223243013,3.0761709690093992,3.952095357815727,4.004190621504784,3.9965434074401855
366,4.78251605578609,,,,,,,,4.283279160646449,3.8176123345385515,4.066622827938968,4.012653732299805,3.956981793047648,4.304605741489327,4.201958656311035,4.085119357432207,4.253577530828399,4.412686150169135,4.169749736785889,4.176663633523488,4.267826191112036,4.457968235015869,3.8191413989942067,3.705499395201075,3.619035198752962,3.063479995727539,3.844632284379464,3.986658550918259,3.9771556854248047
367,4.62893213772826,,,,,,,,4.290438977141983,3.8078405555391903,3.9977888162987782,4.01874041557312,3.7091000323107584,4.1942912029108745,4.28383731842041,4.394689539756354,4.1556754007817,4.250887006597425,4.155152988433838,3.8666416059292317,4.2748770634581446,4.493260383605957,3.965816012754822,3.7345523800408085,3.570668597341811,3.034556674957275,3.7853214492411813,4.031818354869051,4.03903865814209
368,4.34103515733556,,,,,,,,4.308755144043058,3.832787353675138,3.628018760352755,3.586460590362549,4.067414509662259,4.017227769728889,4.343086242675781,,,,,,,,3.9921169699054646,3.675145908394282,3.4483783600241082,3.485890817642212,3.8660573185038025,3.9627052709478425,3.9486823081970215
369,4.86966623150499,,,,,,,,4.380743457548504,3.811899034210117,3.9174734620178575,4.01157660484314,4.027652193948118,4.166395634851804,4.253621578216553,4.392101042428672,4.1833225891283385,4.106118584132185,4.09667477607727,4.211289332023021,4.304075870861277,4.376197814941406,3.9596278178805058,3.658347681132125,3.5427490382374374,3.0758601665496825,3.8300768627754036,3.9613286897334627,4.00732946395874
370,4.93930215964639,,,,,,,,4.745864578051222,4.38987970269622,4.598088037807551,4.758429145812988,4.709637009452958,4.608785633001968,4.757622718811035,,,,,,,,4.73823899832904,4.304551896207587,4.56570705841802,4.508838939666748,4.724571907765392,4.662191148505778,4.641098976135254
371,4.32239304727951,,,,,,,,4.147178370977357,4.078692505471949,4.354316290930366,3.938972282409668,4.240485522942085,4.163788106494718,4.602799892425537,,,,,,,,4.1339754455394075,4.033227476109833,4.323037154126248,4.051969242095947,4.221535122602782,4.178899402071277,4.403313636779785
372,4.43317586456128,,,,,,,,,,,,,,,,,,,,,,4.705180375956832,4.409891192890488,4.628297637378857,5.254872512817383,4.841992349925996,4.669919882699446,4.761438846588135
373,3.95551453448876,,,,,,,,,,,,,,,,,,,,,,4.797887772463621,4.484593436347011,4.570589261524388,4.541841506958008,4.884306048145315,4.756439046111791,5.194957256317139
374,4.54968843120006,,,,,,,,,,,,,,,,,,,,,,4.84997592458532,4.4605521953142135,4.435460930040678,4.697341060638427,4.948848662976296,4.799303766476102,4.847863674163818
375,3.98123540654485,4.2974799026071295,4.138870800252738,4.12345017704006,3.710546112060547,4.192928329367956,4.111513417988192,4.171447277069092,,,,,,,,,,,,,,,4.7987920099018595,4.456506016029452,4.461920581376226,4.397337436676025,4.949853522312373,4.761972920539838,5.015442848205566
376,4.04937067382284,,,,,,,,,,,,,,,,,,,,,,4.862480596399083,4.443524151907816,4.570236105672464,4.874662113189697,4.96041612823177,4.782233164877138,5.00319242477417
377,4.51872615316425,4.04268459727618,4.084317852556711,4.0910043806386795,4.099587059020996,4.120345381772201,4.142707929122531,4.062063694000244,,,,,,,,,,,,,,,4.801525840339765,4.471840323425745,4.61043262955449,4.772932624816894,4.8136596509854215,4.747768039096576,4.997001647949219
378,4.50000304806115,4.013255441732921,4.200137248162314,3.9642463279213085,4.413559913635254,4.125172643532704,4.233957094769354,4.119830131530762,,,,,,,,,,,,,,,4.775458156179349,4.451623755840275,4.402612093154433,4.87124605178833,4.875867996389864,4.712909474967569,4.831366539001465
379,3.79308490969237,,,,,,,,,,,,,,,,,,,,,,4.759938351649285,4.5901891728035515,5.106396769895052,5.193959522247314,4.756857844035207,4.845844768678399,5.076775074005127
380,3.85860846283072,,,,,,,,,,,,,,,,,,,,,,4.748561657629003,4.584145253411716,4.85056104688717,4.565763378143311,4.765220061303655,4.73285534618484,4.884133338928223
381,3.87119347526587,4.496576691693275,4.425620313025569,4.32613382306093,4.556526374816895,4.480940873382852,4.422991765631148,4.327475547790527,,,,,,,,,,,,,,,4.792259257404044,4.340594763147237,4.48700497668127,5.224347114562988,4.857373277850145,4.706892103674859,4.844794273376465
382,4.39242508400073,4.447113848609154,4.431087715934276,4.553282609286968,4.559996700286865,4.3472460442253205,4.467744967317765,4.417557716369629,,,,,,,,,,,,,,,4.692546624209139,4.352188460332382,4.747250375184504,5.13613920211792,4.767841971813608,4.672126222213877,4.610831260681152
383,4.54974761149845,4.388524080358396,4.3501205419301385,4.177641632750549,4.165993070602417,4.279416174192399,4.292578647821788,4.185212135314941,,,,,,,,,,,,,,,4.660643833656019,4.351776675025113,4.580294163834456,5.135525035858154,4.7629369984738394,4.667605066499876,4.6304121017456055
384,4.02720790596429,,,,,,,,3.760010804023675,4.005253498715235,3.802122230677506,3.9647321701049805,3.942355952292841,3.81445961342957,4.063088893890381,4.033878523177193,4.062434451262534,3.9813764565428773,3.8642423152923584,4.062086640016766,3.9744230023223457,4.075376033782959,,,,,,,
385,3.96277614355084,3.929856903615106,3.6253875730593403,3.858312255720421,3.649637746810913,3.774802022662752,3.7305851961971683,3.8470516204833984,3.725301169716228,3.627105192224243,3.743169873967485,3.6692678928375244,3.6833926265796153,3.674426202173888,3.965118408203125,4.163700446086466,4.098870815601632,4.00514591514326,4.0420006275177,4.089685113319923,3.9883139786318385,4.058066368103027,,,,,,,
386,4.00091406396679,3.9103823270783185,3.5971849337115493,3.7665065366293273,3.440602159500122,3.7065646998646633,3.6923525088540443,3.7529022693634033,3.910488441765148,3.591948430995907,3.771140965218851,3.6426694869995115,3.670710920977518,3.6991299651157523,3.846224308013916,4.1759033031395765,3.6710106851243633,3.819590733227195,3.9989315986633303,4.033875980322245,4.010068230060704,4.006543159484863,,,,,,,
387,3.61523261103394,4.033707750447037,3.9808580898694608,4.114032511278205,3.9265506267547607,3.9989281676856074,4.0051320076837635,4.099076271057129,,,,,,,,4.227546268890132,4.1014448974738595,4.0492702791828386,4.058608484268189,4.098164244331939,4.029006030009823,4.124293327331543,,,,,,,
388,3.5867421031677,4.058978259849875,3.9970240058138655,3.9256663049745493,4.01487627029419,4.019274226009952,4.0229900715971025,4.014190673828125,3.8960557268670506,3.974251755186133,3.8762239722951497,3.9689034461975097,3.978091610934614,3.9869098727308496,3.9922194480895996,4.23985363062808,3.66707631720176,3.8393721313273583,4.051932907104492,4.042483838110021,4.028920956264472,4.084521770477295,,,,,,,
389,3.46702527617386,,,,,,,,,,,,,,,3.818026305606963,3.8626879836178447,3.86661926635378,4.0976050853729244,4.022128288078459,3.8691953551321556,4.062891483306885,,,,,,,
390,3.7475231469064,3.7899654983779874,3.747881667526821,3.821636693294099,3.917249870300293,3.7852368103168175,3.841933385675858,3.6932532787323,,,,,,,,3.842446661209,3.7711861324765166,3.9173021078112527,4.13276309967041,3.868529627243209,3.950794452827927,3.9224371910095215,,,,,,,
391,3.75299509937203,3.6566008522608953,3.760349037704519,3.786666169929067,3.8605692386627197,3.7623080685341135,3.624689894395691,3.8371338844299316,,,,,,,,,,,,,,,,,,,,,
392,4.27347565166514,,,,,,,,,,,,,,,,,,,,,,,,,,,,
393,4.39557222916365,4.290336211341933,4.317644098163977,4.224375911998154,3.9721298694610594,4.245806931420086,4.181759199774924,3.9929919242858887,4.29928305181277,4.308997896447672,4.27276986592667,4.079681348800659,4.251990546986261,4.187179086529931,4.199471473693848,,,,,,,,,,,,,,
394,4.32994943950463,,,,,,,,4.303181893165338,4.36972198179496,4.261368156227271,4.093872928619385,4.326442990244139,4.261272954007196,4.1825785636901855,,,,,,,,,,,,,,
395,4.23582386760967,,,,,,,,3.9005357399019487,3.980032658074843,3.6872659973547717,3.230103874206543,4.002710482277391,3.9493076696580847,3.8250274658203125,4.443917417000138,3.8930015087545073,3.968670812933306,3.288248825073242,4.26480943158159,4.266288178488327,4.374428749084473,4.421932005550244,3.8558348399263798,3.918690211329932,3.1796359062194823,4.3462269932995,4.278952945056644,4.338603973388672
396,1.8569851997459,,,,,,,,,,,,,,,3.914396712333739,3.9293930017599705,3.591771737045251,3.598220682144165,3.957538481302216,4.021074144879896,4.146433353424072,4.043277665592731,3.848436120859146,3.683124001862816,3.657046937942505,3.9389808934685275,4.008345522003407,3.7834651470184326
397,2.92081875395238,,,,,,,,3.293224417415161,3.330388822414104,2.987068855728478,2.661919927597046,3.392110546189713,3.5593181587255667,2.7441506385803223,,,,,,,,3.7947565340969014,3.6926821068163576,3.352815998681281,2.7815765857696535,3.8414082722501695,3.7723005414724557,2.901139259338379
398,4.28819277095881,,,,,,,,4.427753461572099,4.203396586889251,4.355975463446226,4.284287929534912,4.146939187223788,4.062840043211601,3.9778575897216797,,,,,,,,,,,,,,
399,4.03810452633215,4.588906585048202,4.4417688175281755,4.567980276765359,4.550920009613037,4.45398255300827,4.445842355572666,4.440804481506348,4.386348503617459,4.195262087456629,4.3509747788886175,4.280341243743896,4.19934676224106,4.070964713594775,4.091693878173828,,,,,,,,,,,,,,
400,4.43297363384094,4.556154704235968,4.276254231478015,4.300405569319979,4.342236328125,4.278610658307084,4.364181698990778,4.4113078117370605,4.426880544769375,4.231019025561392,4.395908714587521,4.270979976654052,4.210807478113326,4.06859111472777,3.9984889030456543,,,,,,,,,,,,,,
401,4.43889861635094,,,,,,,,4.443553213714368,4.224409495322809,4.442297880574065,4.2738823890686035,4.196292066608993,4.070333853497575,4.094569683074951,,,,,,,,,,,,,,
402,4.51004152057517,4.559804325256188,4.2721330667648045,4.502911731921741,4.359571361541748,4.3190807124811625,4.325755251944619,4.284012317657471,4.422054832233381,4.158526788258664,4.394762629156608,4.3027503967285154,4.131896917535197,4.078102021289698,3.949493408203125,,,,,,,,,,,,,,
403,4.80966830182971,4.3926586881168195,3.87175366166673,3.9037861959451057,3.9042460918426514,4.052051082958514,4.051112204574301,3.9440078735351562,4.355923551124125,3.928254967772046,3.8098936309777955,3.76193528175354,4.101669204877872,4.121468906924779,3.920076847076416,4.390640255185068,3.9196451853477585,3.9533739568495,3.9713162899017336,4.118397457103652,4.138800111563663,4.087427139282227,,,,,,,
404,4.64975198166584,,,,,,,,4.439558477125568,4.223701918704825,4.3640339657392015,4.274842834472656,4.200602326512079,4.066853899018905,4.152559757232666,,,,,,,,,,,,,,
405,4.62893213772826,4.492626312690623,4.320923329617998,4.296794024295375,4.333345222473144,4.3438360255279385,4.372648309034704,4.321497917175293,4.428396351694994,4.185817872865553,4.072372264738539,4.242125511169434,4.138054722574916,4.053112243751703,3.932577133178711,,,,,,,,,,,,,,
406,4.63078414258986,,,,,,,,4.383706067255118,4.121321874907879,4.0429432082578,4.0824134349823,4.150978663339065,4.09249979689999,3.8810646533966064,,,,,,,,,,,,,,
407,4.58838029403677,4.438420484920084,4.136412062367004,4.013110618414685,4.101529121398926,4.33914645881872,4.218836611103718,4.239054203033447,4.235470550284806,3.837704301364478,3.796340319300599,4.103313159942627,4.073396548486813,4.017290140353107,3.749897003173828,,,,,,,,,,,,,,
408,4.79860287567955,,,,,,,,3.8403774185539055,4.426507937006107,3.8387901364937105,4.025801706314087,3.8644477688121857,3.8559666253702995,4.620488166809082,,,,,,,,,,,,,,
409,3.85387196432176,,,,,,,,,,,,,,,,,,,,,,4.799450529958507,4.569327932267107,4.374270186561472,4.369796943664551,4.6026658444378175,4.75164873217194,4.786141872406006
410,4.70114692359029,,,,,,,,,,,,,,,,,,,,,,,,,,,,
411,4.45862681647692,4.558621198380819,4.542182716050886,4.366776864558845,4.543538761138916,4.528221897694175,4.551022956899228,4.255612850189209,4.202921398963002,3.911452591339729,4.064561449696095,3.9565317153930666,4.094535446515796,4.073093516652957,4.193211555480957,,,,,,,,,,,,,,
412,4.79048498545737,4.357956363627115,4.467576028472937,4.271067436678754,4.705781173706055,4.322326775682998,4.397073443307646,4.580332279205322,4.276271255340328,4.721689509383289,3.995914718427893,4.79394760131836,4.306378982777816,4.436937190276396,4.791225433349609,4.387560395138369,5.100408316859248,4.004264624990933,4.602428436279297,4.4175018923473734,4.389360143827996,4.702571868896484,,,,,,,
413,4.24872089601666,3.94805933650451,4.310059223416257,4.377653734127236,4.62714729309082,4.220138342585757,4.589341971799975,4.240195274353027,,,,,,,,,,,,,,,,,,,,,
414,4.83863199776502,,,,,,,,,,,,,,,,,,,,,,,,,,,,
415,4.85387196432176,4.34667398509215,4.586984143630285,4.506449340789228,4.329549980163574,4.553413350551245,4.399278288051086,4.273393630981445,,,,,,,,,,,,,,,,,,,,,
416,4.39469495385889,4.488739675292058,4.44402808604938,4.60011129194557,4.61685619354248,4.379710101124699,4.638743416204317,4.630516529083252,,,,,,,,,,,,,,,,,,,,,
417,4.66154350639539,,,,,,,,,,,,,,,,,,,,,,,,,,,,
418,4.67778070526608,,,,,,,,4.829961991626783,4.143239470650573,4.281675422137914,4.620494556427002,4.382847635266989,4.561816279742249,4.754382133483887,5.014788956621208,4.220708036857554,4.1507366896955675,4.489878940582275,4.312683940699209,4.55692104942346,4.529543399810791,,,,,,,
419,4.58502665202918,,,,,,,,4.030243250419615,4.084523913865361,3.705247408117123,3.974749946594238,3.9559814889389218,3.8729625266979615,4.336222171783447,4.061955069020886,4.078611384973607,3.61264797708167,3.9638698577880858,3.9305690668676707,3.9326291385055128,4.138446807861328,3.606736853535148,4.171390361601068,3.7295903310024556,3.86300368309021,3.846944187823718,3.740834931673746,4.412734031677246
420,3.21824462534753,3.650307981883909,3.7579325456635955,3.925593543025333,4.037821626663208,3.8147793340182186,3.6434455891671185,3.803043842315674,,,,,,,,3.7024756747597594,3.7830621689811688,4.388786081432423,4.461714553833008,3.932750826610521,3.929817448453278,4.095865726470947,3.9360846009827246,3.8871864081090037,4.284857145524677,4.560240268707275,4.115526448659354,4.0686015989151985,4.340888977050781
421,3.56703070912559,,,,,,,,,,,,,,,,,,,,,,4.162125251751392,3.9975581489938894,3.958949667251734,3.799637269973755,4.223981349613368,4.117217240693019,4.43770694732666
422,3.85387196432176,,,,,,,,,,,,,,,3.7779425030175724,3.7688445095806538,3.6080615327049976,3.4332636833190917,3.944005222335942,3.8923354332198703,4.012070178985596,4.117557037522585,4.0194889230572155,3.6891686556839307,3.6884705066680907,4.211819703613333,4.045878684565932,4.374000549316406
423,3.33535802444387,3.6574716247743324,3.635699513499859,3.6908909324391908,3.782990264892578,3.7342216629166063,3.67615461542926,3.5960001945495605,,,,,,,,3.8084755689924403,3.629432124095235,4.2796623239006255,4.625376033782959,3.9528033251612418,3.9942731263488067,3.9640681743621826,4.011938446655464,3.765563847390599,4.114392309230714,4.623110008239746,4.179856998733819,4.099323572057346,4.241178035736084
424,3.56703070912559,3.642149324901561,3.5457608853361897,3.656645671565907,3.977944850921631,3.671936223710938,3.6272352506025833,3.6526501178741455,,,,,,,,3.80083989715989,3.6168205164812526,4.36150729958236,4.51216869354248,3.925154935690986,3.9340408216457012,3.950404644012451,3.9921720135139735,3.7526171142895426,4.014164870565224,4.477604675292969,4.048101486428163,4.017664242422946,4.1793413162231445
425,4.13076828026902,4.034466794661727,4.489941161182057,4.072786606702075,4.407511806488037,4.327773073606118,4.040240754397724,4.640709400177002,3.9542252790590413,4.466378445155228,4.0565262726484885,4.348243331909179,4.197716234010558,3.9958544488550736,4.580389976501465,3.5971785579857345,4.107403829596192,3.795238097033752,3.995011234283447,3.8837090701793824,3.707684531863375,4.144671440124512,3.5189914766406396,4.173406519772077,3.9821693582888074,4.1848126411437985,3.912236003680935,3.785147060981739,4.5002875328063965
426,4.25963731050576,,,,,,,,3.926922071571304,4.120134162256198,4.210411506450918,4.257211685180664,4.064088793508771,3.869139078502187,4.482539176940918,4.289081609899781,4.202902092324513,4.434356995641805,4.59497299194336,4.301864273769966,4.286937570134689,4.597379684448242,3.5832227660944125,4.19684266442966,4.096968833565608,4.256531715393066,3.986944946370245,3.807481406405141,4.586300849914551
427,4.36653154442041,4.452244993614387,4.499228130506795,4.371479620402878,4.394476890563965,4.451262901225734,4.423681158019783,4.483764171600342,4.044383411340152,4.133661679364888,3.8969723492024926,4.122018051147461,4.041418345800813,3.938814110664092,4.420437812805176,4.089546348713342,4.144676690129751,3.76692377080907,4.10236668586731,4.024476048157943,3.9932025944282152,4.214901924133301,3.596502458184204,4.1632128173592635,3.831127604886921,4.136976623535157,3.928208577825178,3.790625882253832,4.5786261558532715
428,4.52287874528034,4.424880742213188,4.483728379546971,4.2534601538993515,4.4772943496704105,4.433971189665132,4.342990862945349,4.409815788269043,4.023750953538141,4.098259862331461,3.8152460978646854,4.234675884246826,4.020059782075406,3.979399443711596,4.413191795349121,4.069761606287201,4.09794295510132,3.6720110894094917,4.140583896636963,4.057228319654885,3.991974965515931,4.23516321182251,3.6057472602661393,4.1857948474352895,3.8473956220871974,4.095938587188721,3.951050728744954,3.8405076604198545,4.522829055786133
429,4.92081875395237,,,,,,,,3.8803947624223945,4.220553262982044,3.968262665093773,4.1744505882263185,4.008105175454826,3.803069721447878,4.314957618713379,3.850421212397242,4.212136592186838,4.033354354270454,4.33962459564209,4.040750277589793,3.867620010035672,4.219195365905762,3.588516484867826,4.236388976583611,4.074378478205971,4.4361320495605465,3.9621424920318744,3.769995373725523,4.475165367126465
430,4.88605664769316,,,,,,,,3.847763852556213,4.234983863350124,3.932453333901989,3.7338507652282713,3.9874996913773515,3.8262110962429903,4.254419803619385,3.7582511126041998,4.166354059590174,3.9263511266702564,3.7964852809906007,3.992709091642111,3.914610815663443,4.14922571182251,3.5436115352930386,4.231798221779199,4.046743603594324,3.9422774791717528,3.8559480070766203,3.755887478791834,4.342711448669434
431,4.25884840114821,,,,,,,,,,,,,,,,,,,,,,3.6687149232867977,3.432614873321342,3.6452187046906457,3.615383672714233,3.885407978643645,3.857341112176511,3.711975574493408
432,4.34198860334289,3.8413758110630187,3.2196948290275036,3.7063520651227804,3.978096342086792,4.418429859947727,3.737626982650135,3.039781093597412,,,,,,,,,,,,,,,3.662136261150479,3.1403373017891574,3.5503456081548257,4.096261024475098,4.20825242230259,3.759405813772724,3.728172779083252
433,4.30189945437661,,,,,,,,4.130693485558236,4.17071689365533,4.092249637468983,4.269140911102295,4.353479402553757,4.153491294384773,4.290066242218018,,,,,,,,3.5713764192676773,3.609418512389122,3.4943485289417184,3.5681854724884032,4.250402807333425,3.7392664568609932,3.791071653366089
434,4.29328221766324,3.9009265314526944,4.192801691410906,4.171310563594183,3.7529501914978027,4.0036715236596905,3.861336149622413,3.9808990955352783,3.9855861139493935,4.223547043392848,4.076485259120635,3.7793131828308106,4.1628943810609815,4.003958144759937,4.158325672149658,3.907955610395995,4.223152378202882,4.172833954663655,3.7649868965148925,4.071814088931541,3.913606481919831,4.046292304992676,3.6305274060830124,3.5772203289799926,3.8166381336311437,3.6562175273895265,3.8341598543378463,3.7981526562018604,3.557307720184326
435,4.3269790928711,,,,,,,,,,,,,,,,,,,,,,3.537312464943056,3.291654738324135,3.5063627821047434,3.572955369949341,3.7943527334021723,3.782481300545174,3.6439216136932373
436,4.2518119729938,4.296740885646297,4.2693272136542335,4.177149396735722,4.167793273925781,4.279517122617216,4.256857142556883,4.242788791656494,,,,,,,,,,,,,,,3.5409239709833344,3.4282150274892826,3.5671180603565853,3.521265411376953,3.8158952684706047,3.795141707011737,3.7339978218078613
437,4.30364361126667,,,,,,,,,,,,,,,,,,,,,,3.5854235550615208,3.2921612644636786,3.6090174970819056,3.5854613304138185,3.8231184552038617,3.8283724464128848,3.744072675704956
438,4.73754891026957,,,,,,,,4.110875762258834,3.9950444936296594,4.1880491915501015,4.211337947845459,4.309797241581571,4.321663478824387,4.3387837409973145,,,,,,,,3.9146631952250486,3.910516946098136,3.6394438772397053,3.518173837661743,4.277343866154063,4.182370225747649,3.884812831878662
439,4.28149831113273,4.29785204276196,4.199158612853287,4.311499708316083,4.36054801940918,4.283651712765196,4.2697298472278575,4.282850742340088,,,,,,,,,,,,,,,3.695611571132323,3.3607531990714,3.672743630625543,3.7289985179901124,3.9069042010058195,3.893279966857628,3.7395083904266357
440,3.42021640338319,,,,,,,,,,,,,,,,,,,,,,4.3776625856467755,4.382442210366409,4.024430641115683,4.399087238311767,4.33703828062997,4.25033658075188,4.407807350158691
441,3.55595520408192,,,,,,,,,,,,,,,,,,,,,,4.407142471479118,4.383805192248659,4.037521593956374,4.438354206085205,4.413424169525432,4.291852794468677,4.407256126403809
442,3.71219827006977,3.555955204081934,3.5251513387018645,3.57510746867558,3.53950982093811,3.55005009902959,3.639093136095773,3.8457388877868652,,,,,,,,,,,,,,,4.407142471479118,4.386781929810899,4.003056317523016,4.425261116027832,4.4205652958885615,4.292328998186387,4.407256126403809
443,3.58502665202918,4.216109276761089,3.8823325858163766,4.034806872407878,4.09805121421814,4.043691301110383,4.114547455956522,3.9096832275390625,4.2015182673258575,3.960344066963377,4.0908332702641985,4.316119861602783,4.132308455263786,4.223717520362027,4.282329559326172,4.1587252571329945,3.96633457892758,4.066386596556171,4.188573360443115,4.174802254771556,4.201592025961293,4.153247833251953,4.541389038504543,4.406768366877667,4.256891124893688,4.474171257019043,4.459178591995247,4.403683646120595,4.461947917938232
444,4.98338445244282,4.269757606451014,4.03016111431997,4.504195954787809,4.775115013122559,4.275975457805935,4.387929872130373,3.871000289916992,,,,,,,,,,,,,,,,,,,,,
445,5.37059040089728,4.272066906519724,4.188535515994761,3.248785838173527,4.324183416366577,4.48761122029109,4.352799496625356,4.559030055999756,,,,,,,,,,,,,,,,,,,,,
446,4.88941028970075,4.726289157894372,4.7320575360475825,5.037404817530584,4.880622100830078,4.754701952610111,4.76321572612737,4.889373302459717,5.305796022716579,4.853490368246054,5.207484170281761,4.868846988677978,5.00554605538871,4.952596934420926,4.928083896636963,,,,,,,,,,,,,,
447,4.62893213772826,,,,,,,,5.315917887751061,4.797353486040952,4.727102689569932,4.807318305969238,4.965528726642551,4.883238236797506,4.906886577606201,4.926156284643287,4.828165901712737,4.726081460610568,4.824079418182373,4.78742493590714,4.714611270583178,4.920088768005371,,,,,,,
448,3.30715308072277,4.171811361141805,4.564510517243224,4.9080997344005635,5.027478504180908,4.389428964460144,4.35403708108996,4.876058578491211,4.166618302980912,4.52431399438367,4.894300953723365,4.959845447540284,4.305883685868711,4.273879706475623,4.742628574371338,4.093849972198834,4.572113166737124,4.8040192149570675,5.075629425048828,4.349602396812438,4.283730201547487,5.2009100914001465,3.9766307466180417,4.519196536471454,4.901820954274306,5.048066902160644,4.084074891236917,4.257736765440524,5.015866279602051
449,4.74933608053676,4.729052537172205,4.569003362551786,4.851677850658555,4.790381240844726,4.6329250063461,4.62695050544838,4.7392578125,,,,,,,,4.772391144527508,4.487630549096552,4.679787008827594,4.641375637054443,4.667000072103283,4.691294582985164,4.812266826629639,,,,,,,
450,4.51257878864053,,,,,,,,4.585503187490027,4.56060637345438,4.502297626875625,5.041296100616455,4.584678371197016,4.562194051086877,4.456847190856934,4.6758378943583105,4.394458087832643,4.363094675328808,4.941137599945068,4.638556762597057,4.579751169680113,4.636391639709473,,,,,,,
451,4.48598381959935,4.580958738187423,4.4688040651116,4.343856191507169,4.83300256729126,4.546454562540519,4.5262047207119505,4.548647880554199,4.521206921453032,4.535358044783211,4.4291444835943,5.169190502166748,4.5359741643743465,4.554105008597678,4.449685096740723,4.697609244783087,4.388804141049676,4.304770156733413,4.999428939819336,4.609036991316745,4.582682832166293,4.674682140350342,,,,,,,
452,4.45568385825257,4.6316506853191655,4.7272440751178415,4.141093753922095,4.763101959228516,4.687927055657579,4.515492322181081,4.7134599685668945,4.618108297553057,4.773003527932046,4.144561655562693,4.828746891021728,4.691969447118447,4.442982809423554,4.596760272979736,4.632836133924393,4.6948994438593425,4.070068113524561,4.627675247192383,4.723077411559611,4.534883485615946,4.749390602111816,,,,,,,
453,4.59431221332722,4.50016998293701,4.499895894642237,4.33816413762341,4.360972595214844,4.464215313373098,4.476908127295067,4.383652687072754,,,,,,,,4.587580694826853,4.273900909395947,4.154244668140291,4.256946659088134,4.544854063447189,4.47115747674179,4.511144638061523,,,,,,,
454,4.5036239459876,4.607484532950446,4.407939028869995,4.471130366120699,4.395829105377198,4.544060947032282,4.561309426207706,4.536790370941162,,,,,,,,4.607528578306444,4.287813898742145,4.218378256683237,4.409711170196533,4.580503253011288,4.492597199517397,4.6050872802734375,,,,,,,
455,3.4671182805926,,,,,,,,4.557739667787842,4.609401230597447,4.110615275020118,4.5025732040405275,4.449520968831356,4.413499429633772,4.452958106994629,,,,,,,,4.762311001153049,4.647361209744122,4.317707939581494,4.451911163330078,4.590340329664143,4.512421137986815,4.681457042694092
456,3.92009553233328,,,,,,,,4.568815587773984,4.744925416210355,4.342139538683706,4.854611587524414,4.684017765970376,4.561467985240005,4.753859043121338,,,,,,,,4.636481597345373,4.838963386038304,4.53172874474849,4.9026291847229,4.76287595035518,4.604405310731924,4.986780166625977
457,4.16685288808721,,,,,,,,4.427803739200763,4.5334028663395705,4.108546593500445,4.354565143585205,4.556283327223873,4.3977023935834065,4.477339744567871,,,,,,,,4.63363830028939,4.564507027739907,4.221947780084818,4.519992160797119,4.673679734000388,4.458030071740837,4.606381416320801
458,4.23507701535011,,,,,,,,4.522762199183811,4.668272285316417,4.283100252706107,4.843151473999024,4.6172258729295566,4.612437612449272,4.848659515380859,,,,,,,,4.6336844512792235,4.811368663210376,4.400602099183281,5.006304454803467,4.771037114216801,4.66306675540238,4.990950107574463
459,4.38090666937326,4.475740359072279,4.7242932335228565,4.9310485511850715,4.570155143737793,4.538202499119327,4.655560392709977,4.937999248504639,,,,,,,,4.591714675307217,4.48452386515789,4.836525342611837,4.408541870117188,4.584551266775346,4.510361999703558,4.595196723937988,4.527249426225082,4.8705989494326865,4.984235907163928,4.778316307067871,4.651968618367592,4.716663112594418,5.0611572265625
460,4.15989390554324,4.195735509007058,4.6150956573285375,4.434199985092284,4.1222821235656735,4.2618163319708176,4.107642089203445,4.534828186035156,4.365419800276916,4.58140402364968,4.298476783057481,4.293959236145019,4.505530510959751,4.34749395239945,4.544177532196045,,,,,,,,4.622895313879446,4.702636736029445,4.504155103245781,4.254536819458008,4.6311725829546,4.33412862449205,4.597982406616211
461,3.71582966196496,,,,,,,,4.097809224861963,4.255203310537207,4.083793031483314,4.157297611236572,4.1463540151486775,4.175540199609288,3.6536917686462402,,,,,,,,4.093624805365743,4.162852455522133,4.025614462129675,4.240743827819824,4.120436313573778,4.09117540790017,3.666318416595459
462,4.21538270736712,4.07114407697445,3.9084018900060626,4.022319089110082,3.6614765167236327,4.027963605066994,4.039916485655901,4.1030964851379395,4.175772382273669,4.246570875800224,4.150694492483763,3.6765684604644777,4.234320900066187,4.171584459169356,4.187260627746582,,,,,,,,4.112592599406924,4.124770742292115,4.127184954673155,3.6446300506591798,4.106395696034457,4.107765235733796,3.950845241546631
463,3.55113915439256,,,,,,,,4.06574687041509,4.437459619489168,3.636584492376773,3.8856261730194093,4.204839296746392,4.1271801477846335,4.134390354156494,4.196142162116958,4.466470985209149,3.7350951670476604,3.830325984954834,4.224455755665303,4.174013842164286,4.06926965713501,4.1580728012933195,4.496407816349373,3.7386431675189895,3.9472973346710205,4.240397415874528,4.2178156025496865,4.093872547149658
464,3.56240796774604,,,,,,,,4.046300574411983,4.237603601749592,3.8916399592510675,4.54152774810791,4.190281365736791,4.233169163244168,3.8427116870880127,,,,,,,,4.1981245810647945,4.180532925674971,3.9249205907435254,4.599957656860352,4.222097002405297,4.203412463854351,3.48009991645813
465,3.58947582741381,,,,,,,,,,,,,,,,,,,,,,,,,,,,
466,4.95860731484177,4.7214193054891345,4.7266864633157715,4.655674017419925,4.7136815071105955,4.687640416927604,4.650278047712968,4.612532138824463,4.836801910799639,4.835313407075429,4.760983248131067,4.637869739532471,4.814007713774299,4.754137461343388,4.680412769317627,4.633196834570708,4.72634520329398,4.692275497521197,4.801881980895996,4.639692618942578,4.7386696144262235,4.654038429260254,4.6399084218333515,4.5484063794422624,4.728039015660887,4.748182487487793,4.62414837604647,4.667549163927751,4.665647029876709
467,4.85387196432176,,,,,,,,,,,,,,,4.887466962145351,4.906735398072853,4.438367336094958,4.5887964248657225,4.8954092591764296,4.77491050911274,4.731368064880371,4.6409478226666865,4.544292350953306,4.569497354418478,4.630167293548584,4.6309942552216565,4.681949232595395,4.696084022521973
468,4.78251605578609,4.534469966952672,4.4884003511416966,4.538749805840341,4.572099208831787,4.547554167492332,4.633404112544556,4.7038702964782715,,,,,,,,4.718912306207956,4.86555840902421,4.674025357027307,4.7447381019592285,4.849163286758204,4.745492023658565,4.830338478088379,4.701735788589414,4.586618026756842,4.688218581493459,4.830851459503174,4.67822602564445,4.679318966921287,4.791476249694824
469,4.41680122603138,,,,,,,,4.7871424453981355,4.7699301267284975,4.815079289237557,4.993900108337402,4.771101918414623,4.766929149665271,4.8047332763671875,4.759144942007449,4.883616601388527,4.81207234580439,4.809939193725586,4.883688378157183,4.700355654675513,4.842818260192871,4.714021044741967,4.590803358900112,4.799225748218888,4.995746326446533,4.676798512732545,4.665775316652127,4.776397705078125
470,3.92518355935483,,,,,,,,,,,,,,,2.9198849945288687,3.8624043739702683,3.8102503609130807,3.8333924293518065,4.116699441131605,3.113374925918901,3.363426923751831,,,,,,,
471,4.08884239126002,3.4184151695957707,3.9724562820622724,3.2290230522708425,3.0895992279052735,3.5848728423200265,2.959092770032857,3.9898502826690674,,,,,,,,2.3662099934968777,3.766195356868686,3.432869735338748,4.250614070892334,3.0895731229551817,2.7226539824219715,3.1708009243011475,,,,,,,
472,4.15739076038944,,,,,,,,,,,,,,,2.0850870195790705,3.5658799740979434,2.6166136932455073,1.756242823600769,2.5282337721995494,2.0351292603098714,3.0096001625061035,,,,,,,
473,2.41374892100127,,,,,,,,3.0462315665668225,3.3655673015248,3.4040598525098282,3.066847324371338,3.0144537700992045,3.002135502263786,2.9395089149475098,3.761831992816608,3.7750257729818757,3.688166253713796,3.7866098403930666,3.796484551412523,3.6751868612209933,3.7363975048065186,3.6192019066943977,3.8787786908104755,3.5927489606704333,3.7100985527038572,3.7528107537843867,3.6205381200510764,3.4516067504882812
474,2.40979259191163,2.7742322887267266,2.3782523909753768,2.5631464641080033,2.76917085647583,2.7487686534133906,2.806155176584823,3.087480068206787,,,,,,,,3.7537913620762358,3.735795564721272,3.6967306191174734,3.52899489402771,3.668464900473211,3.5930563771827067,3.6375694274902344,3.632683600671435,3.8315025035033976,3.618948488704556,3.5090964317321776,3.7038202870105397,3.6347304876255935,3.5116946697235107
475,2.34543669796437,2.8331612038626224,2.5917445266185357,2.854827235946347,2.9474699020385744,2.8027415756410545,2.827655138841231,2.8218090534210205,,,,,,,,3.722761892584613,3.7339418098872437,3.7082976854738243,3.604883146286011,3.6343370391526406,3.5866213555680138,3.486724853515625,3.5763357039265684,3.8285663001533554,3.584609398012353,3.4645761966705324,3.674411127287413,3.579843590363814,3.4267191886901855
476,2.59715988609825,2.844832944398584,3.0859099831213217,3.1947834405727917,2.9493940353393553,3.10498819137727,3.3044134364123776,3.070995807647705,,,,,,,,3.72248739203995,3.786928390850504,3.6645295649943983,3.7926619052886963,3.692378792848049,3.6009924627855234,3.6099700927734375,3.573700332644444,3.8191664375724317,3.589355752442479,3.732149839401245,3.6966517140092123,3.5979471606809397,3.525007724761963
477,3.54930309426063,2.4764559606041434,2.7325274310309244,2.7191183936966805,2.3930461406707764,2.7446024000034193,2.670411374838863,2.560415506362915,,,,,,,,3.7535543162573566,3.8038193446999715,3.7131960213636352,3.7913334369659424,3.7197051385182336,3.611181730345012,3.5866665840148926,3.595112511226956,3.8608697268830157,3.5764426322462617,3.7230998516082763,3.6855723741945803,3.5986290278828243,3.4734458923339844
478,2.9017035782943,2.4183329637660993,3.0266694418939206,2.9299959186987126,2.74029335975647,2.9526301398096546,2.96274047601971,2.579914093017578,,,,,,,,3.7643016209671534,3.755736182555594,3.745542665933987,3.839184617996216,3.7664256866068224,3.6067874245987213,3.592531681060791,3.633223357559455,3.8175726383976234,3.6405408179544274,3.743431043624878,3.6978256278298085,3.6367538908174386,3.470472812652588
479,2.3852623957699,,,,,,,,,,,,,,,3.7872205179526346,3.7756077435494357,3.856802233355176,3.8802353382110595,3.876728331558194,3.812422827770084,3.5704333782196045,3.6888808476619124,3.919532176603891,3.7337563683014072,3.8107194900512695,3.839867020624945,3.8174842808988414,3.548527240753174
480,3.04059771998459,,,,,,,,,,,,,,,3.7239091181831196,3.7928721449624776,3.6440319780722854,3.7548430442810057,3.680161033787279,3.5702344266781547,3.5079193115234375,3.5831312639839545,3.8250482721948886,3.5183749235914057,3.6700510501861574,3.652612867460618,3.5796574249904887,3.371767520904541
481,4.7851561519523,4.336152455598486,4.424246145329863,4.306848120391983,4.20071930885315,4.362569263805845,4.424086088266637,4.5135345458984375,,,,,,,,,,,,,,,,,,,,,
482,3.81774101797104,,,,,,,,3.7320634198504683,4.228593011820305,3.521962239194191,4.252553653717041,3.8923104905076387,3.9082702441671593,3.852959394454956,3.7825916394936967,3.993560558866923,3.6228338230007022,4.080170822143555,3.8592874399259,3.9740817213549184,3.6536941528320312,3.873035962455993,4.15919964619209,3.7697641288321653,4.340150642395019,3.8746028173691283,3.8676782286033102,3.395073652267456
483,3.85899621682889,3.735464253345387,3.7674021030606677,3.7648582284084475,3.6399309158325197,3.7722283842605764,3.7437857877923695,3.741534471511841,,,,,,,,3.7300963505158427,3.75641266159988,3.7951821863196398,3.73899621963501,3.7681830709696698,3.7790874699653516,3.6651768684387207,3.91565603247376,4.306826606194182,4.023314745923539,3.9726436614990233,3.947181747482824,3.9863701645611163,3.589874267578125
484,3.72452232265046,3.7120271554737427,3.898258761420767,3.8738282569882334,3.6644105434417726,3.7536231182614266,3.8203143353981077,3.7104687690734863,3.658864909052787,4.295062665948049,3.839702874475143,3.9488564014434813,3.7980784919017054,3.793620014064597,3.802306652069092,3.7018121442960155,3.9099769793437043,3.8401188171708283,3.6937195301055907,3.782566478326934,3.8243520062158556,3.7767837047576904,3.819775540072759,4.237903165663798,3.9542811068967634,4.033193826675415,3.8437603717585036,3.8524235254173242,3.4142863750457764
485,3.83637738150392,3.779528486269164,4.129051555998273,3.5725982229014814,4.198611068725586,3.870689541170785,3.94219254207258,3.8355345726013184,3.735409248413758,4.31380275796743,3.4471852534453844,4.173559379577637,3.867640486092225,3.922034337794483,3.90028715133667,3.7591316991071615,4.051079190593099,3.4978492648885067,4.122647094726562,3.876156750659901,3.9676083492032075,3.7784924507141113,3.816832050830016,4.290565842225693,3.5424522270332224,4.292592096328735,3.8685735028944777,3.8814816331921134,3.744472026824951
486,3.62447112759309,,,,,,,,,,,,,,,,,,,,,,3.907908646391874,3.357063325440347,3.8643273526322726,3.705870485305786,3.8764048195172065,3.9527274075530863,3.514376163482666
487,3.7415377634578,3.6840811047834796,3.726308603660097,3.753755785105445,3.683359146118164,3.7053855569695946,3.728967466872275,3.6444435119628906,3.825493994059639,3.748000866450683,3.6873677152956637,3.772592830657959,3.7411308513108184,3.7726284525247626,3.5245227813720703,3.950530277333513,3.8425341972942886,3.783766089627091,3.884778308868408,3.844109207687646,4.082787049464311,3.5743489265441895,4.031961400656428,3.9323577321982732,3.9958903038235234,4.002166414260865,4.012325727984314,4.060957700238652,3.331150770187378
488,3.54915177945451,,,,,,,,,,,,,,,,,,,,,,3.900205655246708,3.352215869359234,3.8179360708025474,3.5522279739379883,3.821804222443223,3.891361674871946,3.5869579315185547
489,3.73054497189228,3.66949380024953,4.165079928434039,3.8114901796535237,3.962973785400391,3.8169297978386236,3.8639282424866344,3.7316079139709473,3.6538763397550396,4.3365356054865245,3.626498846593962,4.139055681228638,3.817853229308596,3.8226724117266393,3.6771035194396973,3.682750364709043,4.051550209119255,3.679334470444801,3.9406572818756103,3.794482265590824,3.8823063125310258,3.6056113243103027,3.780207813321653,4.342965547156541,3.797705459328164,4.0747847080230715,3.813216893826415,3.8656962220572035,3.5406253337860107
490,3.70271787501954,3.7584208622854227,3.815509132656146,3.780607673484524,3.72470965385437,3.7625819019886104,3.7998311583931934,3.7413787841796875,3.799471141268683,3.7708946234065657,3.8254110414691977,3.7577347278594972,3.7833481647052207,3.7938711228026682,3.9205925464630127,3.88857056307472,3.891708066994313,3.812333465826431,3.898635816574097,3.863248412866435,4.032591885837684,3.7279117107391357,3.977095322741834,4.046415006015026,4.0927679208242065,4.0056600093841555,4.015631492973949,4.046757147045371,3.890253782272339
491,3.71308860462758,3.741970103884597,3.8678496599964087,3.8431616164656774,3.3969136238098145,3.7749787462729016,3.7870891926206376,3.784559726715088,,,,,,,,3.7410391052241914,3.8377664248579992,3.8281167554438307,3.3778892993927,3.773776496747688,3.7401629421352736,3.688089370727539,3.9525087465691295,4.286995196051155,4.120227236632199,3.4485084056854247,3.9261370718678625,3.877975884681892,3.6620631217956543
492,3.63260986139991,,,,,,,,3.7722430126000517,3.7639227372323067,3.8289287484309193,3.882070016860962,3.6826847744805415,3.796016229004756,3.443812608718872,3.8709139612008285,3.762798517421846,3.7881784391931825,3.706143379211426,3.7827168552485317,3.954090295292622,3.514077663421631,4.030057015249673,3.9491600755398526,4.003720583898818,3.6802834987640383,3.9485635557809475,3.9635418577517747,3.345010280609131
493,3.71694216577403,3.881050597476666,3.938143735535711,4.030707488315644,3.879491090774536,3.892481718054108,3.9026106536095586,3.909656524658203,,,,,,,,3.875659434066005,3.945225386163987,4.046237670739817,3.8724328517913817,3.8733057374762616,3.881775675784604,3.8857741355895996,3.8727327139336967,4.379479177246444,4.165068405908327,3.981759452819824,3.9472642339140327,3.957903141059568,3.948246717453003
494,3.48579715912284,3.6015654664068695,3.6116091764961276,3.7336840866718095,3.5179805755615234,3.573891228299784,3.523380785054239,3.7360329627990723,3.6080433645947396,3.51395936671264,3.7351256848717576,3.543798398971558,3.594980454606107,3.5204309580266875,3.685659885406494,3.802901972326215,3.560237588307929,4.027919115422394,3.7776393413543703,3.7561379134334727,3.813201067746159,3.6438629627227783,3.728299288041752,3.6270536685557606,4.243728613165381,3.8013099670410155,3.837051347106636,3.7561200984363206,3.4866013526916504
495,3.49383563767483,3.6621599095697066,3.6007872466953783,3.6778395835259716,3.6384326457977294,3.642117337194369,3.587563436032488,3.7724616527557373,3.7281542116907995,3.608625334796047,3.7119688960687167,3.616739797592163,3.6796953957806,3.589953669075636,3.730971097946167,3.912106970694592,3.708194711738584,4.0267132386357805,3.77952036857605,3.824612621459018,3.8755624361907417,3.707674026489258,3.8238368266493294,3.7557767228762367,4.267991802156268,3.808075428009033,3.930256237885521,3.8477813137998975,3.995561122894287
496,3.4089353929735,,,,,,,,,,,,,,,3.662458101056113,3.8068229430886436,4.486815260800797,4.171565532684326,3.6361580771953537,3.6901045658626175,3.9667696952819824,3.7983696289952134,3.5473500213558014,4.420682061570483,4.012071800231934,3.5924732765351575,3.7541615363692658,3.75663685798645
497,4.36715014791554,4.368634463214599,4.379433692372128,4.32055883162563,4.386425113677978,4.358702920360982,4.353401229998841,4.429373741149902,,,,,,,,,,,,,,,4.226680536374385,4.2095678576700415,4.182478453549885,4.414474296569824,4.188783020459744,4.1688487265263845,4.525380611419678
498,4.37156046303523,,,,,,,,,,,,,,,,,,,,,,4.241796108080668,4.218702284625901,4.1673525327973975,4.363058090209961,4.180789518736675,4.2006835056948155,4.46499490737915
499,4.29261120017298,4.302590590114047,4.305156520951932,4.322236452635906,4.2674542427062985,4.329521720355736,4.324205624768395,4.352771759033203,,,,,,,,,,,,,,,4.15194197850633,4.245955183708673,4.191535226846094,4.223517322540284,4.178019767656947,4.2197482173850425,4.4882707595825195
500,4.36894679446745,4.370346485833664,4.382284894480158,4.291733402636697,4.342605209350586,4.367169008365158,4.367257400249876,4.3719801902771,,,,,,,,,,,,,,,4.200287911098752,4.249179092677605,4.130082799791269,4.343441677093506,4.179520466195768,4.168508159887599,4.544234275817871
501,4.39340167883032,4.3727707177443875,4.386938953724796,4.351397692495759,4.439247417449951,4.381583079412145,4.3894619423269265,4.385519504547119,,,,,,,,,,,,,,,4.312307815152166,4.219795808206724,4.147782934940254,4.332787227630615,4.173645464154697,4.2058374918925105,4.481444835662842
502,4.3311039237277,,,,,,,,,,,,,,,4.306115122641434,4.34228649481071,4.377425556364806,4.236548328399659,4.308680025775064,4.33490868237635,4.322630882263184,4.152843426086293,4.273987820815192,4.179774299878126,4.220144653320313,4.194991212979259,4.192377592167379,4.5099592208862305
503,4.38011207639963,4.387559683570177,4.384959575671446,4.3274923903847,4.337055969238281,4.374307715570371,4.356662305889462,4.358779430389404,,,,,,,,,,,,,,,4.258418300903692,4.191765312924195,4.209161598638511,4.503115844726563,4.172351113697799,4.1933280792105965,4.560507297515869
504,4.3826271199187,4.393414499327261,4.395444379610294,4.345832926159423,4.4578046798706055,4.386698395878139,4.381209703601445,4.3787384033203125,,,,,,,,,,,,,,,4.321302896509766,4.187927340482287,4.22891635915629,4.353601169586182,4.1914388332162416,4.198328322896208,4.485571384429932
505,4.274093101134,4.32610794394048,4.358280614964612,4.321990845724982,4.448328495025635,4.335796943572427,4.346532210525135,4.351137638092041,,,,,,,,,,,,,,,4.208424472526331,4.244937132262509,4.190555112706235,4.3377610206604,4.21752082397764,4.232696708989429,4.528502464294434
506,4.39655092367434,,,,,,,,,,,,,,,,,,,,,,4.31386883477117,4.211051091208198,4.12073408803957,4.325190830230713,4.2636185559782,4.201854335560331,4.516008377075195
507,4.44535183520566,,,,,,,,,,,,,,,,,,,,,,4.429821649210872,4.200840185876732,4.159723677968525,4.304917526245117,4.276845368221115,4.215619705582444,4.452690601348877
508,4.38230207200397,,,,,,,,,,,,,,,,,,,,,,4.300175084838837,4.250379398053363,4.208889593578243,4.274063682556152,4.274156839992395,4.238404407675922,4.4749956130981445
509,4.48545224733971,,,,,,,,4.416177473217445,4.421138306000989,4.423912579485436,5.144393062591552,4.335782191003142,4.504093532186122,4.112850666046143,,,,,,,,,,,,,,
510,4.48891915446088,4.503077232685493,4.498902885881436,4.6822461487755,4.548391914367675,4.517325483367897,4.484076263062224,4.389450550079346,4.4855689617265195,4.500251321754339,4.569983297733095,5.162967586517334,4.432683434870319,4.518121196418222,4.323843002319336,,,,,,,,,,,,,,
511,4.488517711374,4.481354303924114,4.501854450238338,4.56816601652522,4.546952152252198,4.5085576081731435,4.480274415440748,4.41295051574707,4.479584316687193,4.557972016852666,4.572534213845616,5.161180114746093,4.450877022180087,4.512996845351344,4.2574567794799805,,,,,,,,,,,,,,
512,4.51018209169855,4.451668735695116,4.504799714189386,4.503398227042057,4.464895439147949,4.445704954873358,4.430588780151055,4.223013401031494,,,,,,,,,,,,,,,,,,,,,
513,4.5217221680804,4.542099966944492,4.67653374400751,4.658383404754597,4.962892532348633,4.523025316351855,4.452033742374098,4.834281921386719,4.453116614108458,4.793370829360235,4.481793441837998,5.199061393737793,4.407713628260422,4.411879882759297,4.741868019104004,,,,,,,,,,,,,,
514,4.60275541898961,4.536901051065179,4.557430107356044,4.471168945768483,4.702312660217285,4.527576723306294,4.544985181472655,4.583305358886719,4.358724486396833,4.792479204936641,4.300587837890999,5.020944118499756,4.493514447431538,4.397638981176531,4.491795539855957,,,,,,,,,,,,,,
515,4.57741016014852,4.495538217315521,4.505748081970012,4.421935698760418,4.650984096527099,4.438814246759883,4.570475917410798,4.106813430786133,4.51524975505093,4.816906473540714,4.248231346205744,5.052621173858642,4.508020056089657,4.491846958770138,4.028278350830078,,,,,,,,,,,,,,
516,3.83416237530987,,,,,,,,,,,,,,,4.473144013907673,3.908056078491644,3.8895380691355395,4.257099628448486,4.287010025325372,4.309628997004916,4.130374908447266,,,,,,,
517,4.43238555726916,,,,,,,,,,,,,,,4.477749431772311,4.044039021802146,3.8863212716802784,4.299482250213623,4.277350851460214,4.3417525026248045,4.146958351135254,,,,,,,
518,4.00921730819686,4.244604595774598,4.279316062796543,4.408187931591972,4.270975399017334,4.25320239418048,4.2128165364072965,4.208638668060303,,,,,,,,4.369694405453099,4.3278224916679,4.33013313111993,4.287774705886841,4.3449279694793015,4.314983800100087,4.102972507476807,,,,,,,
519,4.21896306137887,,,,,,,,,,,,,,,4.384743617590652,4.320692276149565,4.396434253612977,4.413662910461426,4.345345567731094,4.413849566631705,4.13906192779541,,,,,,,
520,4.41793663708829,,,,,,,,,,,,,,,4.384224300435033,4.288475873969256,4.346408007436091,4.661874485015869,4.370011276030949,4.4362048065497,4.242976188659668,,,,,,,
521,4.3767507096021,,,,,,,,,,,,,,,4.460362967545347,4.014120859884077,4.239662566134674,4.467481994628907,4.403750336417276,4.456401172166759,4.117514610290527,,,,,,,
522,2.71948992029672,,,,,,,,,,,,,,,,,,,,,,,,,,,,
523,2.7724217797004,2.6996105030802,2.755752025351876,3.2631890679245426,2.7973711490631104,2.708871520579546,2.746249292871035,2.8720405101776123,,,,,,,,,,,,,,,,,,,,,
524,2.54157368501279,2.9671517740568696,3.0941192950125402,3.183552723242839,2.852462387084961,3.0030294947409817,2.777535325833465,2.5156989097595215,,,,,,,,,,,,,,,,,,,,,
525,3.04488976902945,2.078488728816123,2.338099922744517,2.236085885823991,2.8115723609924315,2.3406789939254597,2.4066203735568803,2.3770861625671387,,,,,,,,,,,,,,,,,,,,,
526,2.01233373507373,,,,,,,,,,,,,,,,,,,,,,,,,,,,
527,2.27857687905916,,,,,,,,,,,,,,,,,,,,,,,,,,,,
528,2.82713447008301,3.4402116535122382,4.647795087264595,4.058312507026805,4.363244819641113,4.182518260322026,3.570471567969824,4.386343002319336,,,,,,,,,,,,,,,,,,,,,
529,4.46829539860286,4.599399610586019,5.191428721834991,4.6997175891859335,5.184784030914306,4.5084977744051,4.519179806383037,4.597367763519287,4.545944407230313,6.270686328131587,4.90987604383601,6.011828994750976,4.568861499837686,4.524590519007078,4.819512367248535,,,,,,,,,,,,,,
530,4.6372058871638,4.588175204459766,4.8165326795923376,4.979268514832165,5.760314178466797,4.578458048181396,4.476848898740736,4.721561431884766,4.577110421825124,5.576638416905898,4.797801028666026,5.883110046386719,4.6044234893374645,4.495742197683432,5.312502861022949,,,,,,,,,,,,,,
531,5.12602795877498,,,,,,,,4.490240051054737,5.579195651102218,4.7549127652102205,4.705522918701172,4.473994010719895,4.551278074169347,4.996537208557129,,,,,,,,4.68902991596969,4.74574379240127,4.644419162715376,4.60110387802124,4.549716577876777,4.657532946336584,4.531823635101318
532,4.82050381599737,,,,,,,,4.480767488979219,5.379942296681716,4.566148378849296,4.985141658782959,4.561551506215329,4.582873877322886,5.676054954528809,,,,,,,,,,,,,,
533,3.05860371095414,,,,,,,,,,,,,,,,,,,,,,4.211405185644548,4.160947293855644,3.8877760565756017,4.143990087509155,4.49214703935238,4.052059321234951,4.538188457489014
534,2.97494871969981,,,,,,,,,,,,,,,,,,,,,,4.766296665395855,4.136773173950822,3.401172486165832,3.883519172668457,4.555537792009769,4.43961710298703,3.9505417346954346
535,2.95247366300791,3.274325123071612,3.0911342357900735,3.4957774473955965,3.34410138130188,3.432246481110271,3.513504408979222,3.5946357250213623,,,,,,,,,,,,,,,4.777941029236474,4.182632622186928,3.7409136720756773,3.126930809020996,4.543037255272683,4.36099493182975,4.59032678604126
536,3.89000246708733,,,,,,,,3.8467725513844186,4.016018014019645,4.130734820940029,4.089512348175049,3.9292944588223317,3.8246054876756257,4.11702299118042,,,,,,,,4.040664186146114,4.208197607523005,4.374253935088461,4.456167411804199,4.153696583975975,4.014269011351051,4.591922283172607
537,4.01795653383698,,,,,,,,4.094690718154427,3.8976734460039895,3.9214447423736707,4.0642646789550785,4.004070364315318,4.050865701624235,4.010406494140625,4.0314616793958535,4.023656971716113,3.929211730188967,4.130741596221924,4.0229191684692625,4.0614581683217645,4.012917518615723,4.33439208541866,4.199260412894564,4.337095232419648,4.534782123565674,4.3017735385779625,4.2460035993555945,4.567056655883789
538,4.25375643797168,4.386007906795894,4.391288863622564,4.49667237115975,4.1468267917633055,4.313511649840631,4.2167706327379415,4.169232368469238,4.129461320186055,4.223890779704667,4.482203928455467,4.127367305755615,4.149155986214874,4.152732866603658,4.151891708374023,,,,,,,,4.3590971525012945,4.238285146493763,4.826290299030824,4.27283124923706,4.293566920862001,4.274633754029883,4.591876983642578
539,3.75931856956975,3.722999081497572,3.682515253451834,3.880399988501673,4.152694940567017,3.7714361971357677,3.940926672913437,4.031963348388672,4.157348622968538,3.966017242497238,4.257566380198356,4.337581920623779,4.080476722846004,4.11930033061174,4.0999908447265625,,,,,,,,4.339575651738007,4.0675588270134595,4.540234091419842,4.424225616455078,4.177470425250004,4.2380828419845535,4.542834281921387
540,4.1453704463872,,,,,,,,4.256627908767867,4.112209166369028,4.229794589751938,4.278828907012939,4.188274121162516,4.166371927228666,4.1433610916137695,,,,,,,,4.410459145391732,4.131868683962784,4.48127834661258,4.4286877632141115,4.3743552831194314,4.289744665817926,4.685465335845947
541,4.07366327479546,4.088352718669086,4.084338277815425,4.1174536927485015,4.063323020935059,4.069958504058243,4.137530895430707,4.07488489151001,4.174982651846153,4.081668058730744,4.148451414372151,4.161272764205933,4.1513904536992,4.140377165060807,4.188961029052734,,,,,,,,4.352274552332959,4.146965961052985,4.371280299333916,4.266384744644165,4.338590439115468,4.289731389399434,4.6104936599731445
542,3.92129925683957,,,,,,,,4.212538126900421,4.114203717724718,4.036435980476918,4.411176490783691,4.1781145681732195,4.183974126603102,4.242630958557129,,,,,,,,4.353252632867014,4.158380026819076,4.380027797756831,4.587172889709473,4.302013486427864,4.251300707328677,4.685415267944336
543,4.1504148917882,4.153343378752631,4.198410393753793,4.017491171965505,4.0695984840393065,4.178452114308138,4.127952023404714,3.9894096851348877,4.201575882032751,4.1952763095747505,4.047704676659994,4.198161506652832,4.143180744758302,4.055172387132205,3.9628849029541016,,,,,,,,4.354387233632322,4.209983553945879,4.354504635206683,4.29859037399292,4.320885769049165,4.202938511200594,4.691629886627197
544,4.14653988443542,,,,,,,,3.9951430541570896,4.163409852756504,3.9218587443722956,4.298499631881714,4.162229149307287,4.047908618884275,3.964132308959961,,,,,,,,4.325003860404173,4.2213426214316785,4.365203686700561,4.419610500335693,4.361865820511157,4.178169957830384,4.672247886657715
545,4.12739599382516,,,,,,,,4.2138926495743725,4.200613349684989,4.124301101778684,3.9745372772216796,4.158830338713626,4.177049292046084,4.321803092956543,,,,,,,,4.311183178663034,4.198768556700404,4.463474806031772,4.155365800857544,4.357469615211361,4.246700109666276,4.743782997131348
546,4.0455174825513,,,,,,,,4.200398466812313,4.1640887445847845,4.159023236435046,3.9753494262695312,4.164202272006448,4.163838709454555,4.298829078674316,,,,,,,,4.324250931704077,4.167105977545783,4.490931032138491,4.162123823165894,4.38740255923308,4.244707936898356,4.809859752655029
547,4.01926086278333,,,,,,,,4.200582445620569,4.105787249732742,4.2195641878170385,4.014042043685913,4.140027784483619,4.177201719803254,4.192141532897949,,,,,,,,4.602191138775932,4.156428288261339,4.532271476291074,4.213527631759644,4.373249117213288,4.3223042717464155,4.610482215881348
548,4.05611002979186,4.134008025293463,4.112402457484749,4.010649426887609,3.982331943511963,4.068204557550365,4.0803812519745,4.07885217666626,4.110048550045934,4.019456663154982,4.036356865874471,4.062616586685181,4.066338178928617,4.1034277612452845,4.188532829284668,,,,,,,,4.3924770173930625,4.107112654708647,4.210762079769741,4.4055914878845215,4.326359493022695,4.258892291739962,4.626668930053711
549,3.89692056240114,3.87705154082424,3.956240596810143,4.050381491654695,4.015355348587036,3.991606549244815,3.9842208070260985,4.158120155334473,3.8804111672564647,4.055807293982614,4.204805394076923,4.232979965209961,3.976325542560435,3.8597264060467045,4.12320613861084,3.846082978538584,3.9749904672081926,4.108785495938571,4.019054746627807,4.011526292104346,3.932745404708533,4.058614253997803,4.073927236098297,4.250206726109304,4.521208983588197,4.284751892089844,4.227804524889007,4.099493159772661,4.508210182189941
550,4.08106229446292,4.039892746034117,3.9904993644158067,3.963400741450685,3.9688365936279295,4.043954745600501,4.073233321633409,4.068965911865234,4.1682799799841455,3.9002540830520855,3.9573233445864435,3.9569326877593993,4.014308774027613,4.1039603916509995,4.013250350952148,4.07180639215895,4.012061232909412,3.97864273284145,3.893277168273926,4.0575905164683554,4.104207957046562,4.133306503295898,4.350276827449241,4.264094888913657,4.430016537166664,4.264026832580567,4.320183026629653,4.318875563436472,4.448436737060547
551,4.35850423791164,4.377240498432271,4.3193281478823975,4.509913773297815,4.150148200988769,4.310428668622685,4.284405127902825,4.185276985168457,4.179063617055071,4.219731124179392,4.481163669170516,4.144556379318237,4.174800468887401,4.111366580246179,4.250896453857422,4.336789389523475,4.282579036812008,4.524121678663593,4.25430645942688,4.251656640090179,4.2877694042220575,4.2252960205078125,4.387402562693947,4.202257892819549,4.914171505445196,4.122384357452392,4.328419013107587,4.339314759123085,4.543626308441162
552,4.30111785240694,,,,,,,,,,,,,,,,,,,,,,5.122618126490545,4.643765038970076,4.578178317082163,4.672683525085449,4.906408745050995,4.96139359438361,4.782734394073486
553,3.81902431650586,,,,,,,,4.211408505782316,3.9903144061814397,4.222706470242401,4.20716438293457,4.105289412983314,4.193162723172773,4.099112510681152,3.740352726935385,3.794077365683512,3.862681513902408,3.9390202522277833,3.8088710133855996,3.841974449031138,3.9478745460510254,4.364772132416864,4.085670514311134,4.4847363138808625,4.169819164276123,4.227931987475426,4.317075899966784,4.539446830749512
554,4.23067471788474,4.18256997592508,4.1520883283760375,4.116217316102307,4.128036594390869,4.127886760324757,4.152174716377719,4.113772392272949,4.316959574319018,4.133814562669677,4.213154473053135,4.423216247558594,4.164164912940737,4.164354059013622,4.261833190917969,4.169182348049789,4.161685582270127,4.152670965979938,4.212826442718506,4.159972090314733,4.1519566593568955,4.182361125946045,4.428639464196481,4.168683317089696,4.47651271260542,4.427443885803223,4.395210240914432,4.360295652629116,4.621081352233887
555,4.13336626098893,4.12865889039963,4.146193107540502,4.208817736478162,4.222572326660156,4.158798792853972,4.156559606066,4.125213623046875,4.225805629608337,4.118432946250282,4.125032557656478,4.433047485351563,4.14755622631692,4.18186737551931,4.256067752838135,4.103639636774199,4.132401226317511,4.189510212181027,4.243127250671387,4.140948191159946,4.121494651472177,4.147647857666016,4.385512642506627,4.170018159743028,4.37688805311979,4.463336944580078,4.364669411376635,4.372684151917207,4.562201976776123
556,4.02473408091535,,,,,,,,4.26955613534247,4.147282038998204,3.996474499265489,4.477640819549561,4.174453064970127,4.21317952727778,4.263332366943359,4.008088692347956,4.070310860772006,4.070854140871701,4.243171882629395,4.11869203234044,4.0953011024295725,4.135717868804932,4.377834778539787,4.175480524266162,4.3856825966416775,4.465946769714355,4.365956386773147,4.371334616837147,4.621108055114746
557,4.20775990804852,4.190668957810604,4.211264703569734,4.085085134219504,4.17423448562622,4.15207384237057,4.160032865698252,4.129210472106934,4.25950222441387,4.215119611034124,4.04450480055102,4.160803270339966,4.1025399009927535,3.9710418241725916,3.9559855461120605,4.194951834472007,4.2367146500091195,4.167261742125451,4.225291347503662,4.139095686389067,4.141310852746599,4.115426063537598,4.378733050976804,4.216557580262203,4.335812065571412,4.2168714046478275,4.339747647584016,4.275478094657772,4.644258499145508
558,4.20241142778415,4.176824005878806,4.202117297220354,4.1473976994190425,4.231356620788574,4.19080312151352,4.1967183203234795,4.057247161865234,4.04404275983704,4.178305361142706,4.0701527398155255,4.163387060165405,4.130594794625406,3.994249430201774,3.9645614624023438,4.179353182243319,4.202285989249548,4.172195882525542,4.221909904479981,4.178526526547154,4.147262466390201,4.092246055603027,4.35964948044773,4.204393102735255,4.524575893009292,4.2239221096038815,4.324556427160161,4.287185092072563,4.684100151062012
559,4.16596673949436,4.170971792774467,4.161126903229668,4.110378936710514,4.253413486480713,4.155820047238359,4.126169732789918,4.187067985534668,4.255180273115046,4.216960269840234,4.295589352618922,4.192598628997803,4.128924808593713,4.159067124398166,4.351828575134277,4.157522503548053,4.184895163295082,4.219324354317772,4.256908130645752,4.161080189438897,4.160006617023812,4.226040840148926,4.334515688324364,4.210223241303817,4.603017071878666,4.151248407363892,4.325509781040885,4.28111678802136,4.752270221710205
560,4.08947602764523,,,,,,,,4.247049833830239,4.187127016546381,4.3281125311358934,4.189097595214844,4.1592933016336415,4.15515529751578,4.301650047302246,4.120749329880557,4.178000270676333,4.237118252360112,4.2573473930358885,4.163607059014234,4.150586294550994,4.171293258666992,4.345363473003847,4.2018095800283914,4.607853823667291,4.150434064865112,4.361688635593793,4.278367601454025,4.773290157318115
561,4.06336052249803,,,,,,,,4.258477445847523,4.147432279971157,4.363572148261552,4.2119176387786865,4.156995377893979,4.16107224276947,4.186834812164307,4.099089235913734,4.13624940048737,4.274762162214871,4.267725849151612,4.1196721597067905,4.151004998974564,4.144173622131348,4.627565603244334,4.192464658010198,4.6003685713170475,4.192046022415161,4.388333257085936,4.356026650025584,4.6041436195373535
562,4.15764845870805,4.136962801546039,4.085419003267847,3.869221742202196,4.086506319046021,4.08206442141946,4.161092790886801,4.102963924407959,4.159435401812868,4.0724865475877765,3.956547123906988,4.336268711090088,4.0936236258287115,4.155966558133015,4.23635196685791,,,,,,,,4.413054096000088,4.136348199334245,4.163049181694843,4.352075862884521,4.381232524695266,4.346216917552968,4.518631935119629
563,3.82785456033848,3.8949595192066355,3.9005779132031204,3.995941395570869,4.059561061859131,3.9647866574241983,3.955886903908429,4.074028015136719,3.883911164563035,4.029441394360406,4.1620925965512265,4.227031517028808,3.9736255661154405,3.817183702464533,4.107948303222656,,,,,,,,4.082799807962912,4.217767996611953,4.594555837692075,4.398233318328858,4.239992858868608,4.048766687462051,4.620107173919678
564,4.02767592084139,,,,,,,,4.120277261510347,3.873456349012258,3.8916072777037174,3.9862385272979735,3.994110565797555,4.11838249861827,4.036323547363281,,,,,,,,4.389110363598662,4.209281885425017,4.561629803925592,4.356863021850586,4.336110352170973,4.280787185640513,4.592225551605225
565,4.39597305890178,4.285361406962342,4.260679347511627,4.391979618970352,4.151327419281006,4.281265117690436,4.264262501180112,4.159883975982666,4.154510330247668,4.2215423618834675,4.467787501689313,4.077148151397705,4.186927999909854,4.09300251065077,4.17299747467041,,,,,,,,4.401412735022479,4.23620560457708,5.07874629496056,4.193851900100708,4.3714359783209105,4.313627829681018,4.616554260253906
566,4.60662107684859,4.79639891609312,4.845440887898445,4.594305300714401,4.454535675048828,4.82872368064255,4.768467592513413,4.761685371398926,,,,,,,,,,,,,,,4.738048911443099,4.833475169716362,4.564119394802698,4.558758926391602,4.905815477828026,4.806476701156741,4.810842514038086
567,3.67510594623645,,,,,,,,4.229733032601501,3.964137789691782,4.330409630588967,4.133862495422363,4.1185584911362945,4.158731675791292,4.066494941711426,,,,,,,,4.382186139172971,4.078300687579651,4.693376717056812,4.146620845794677,4.253575471607826,4.289645213690744,4.534923553466797
568,4.17799103431152,,,,,,,,4.3328130888189955,4.118419632240802,4.314654168165927,4.421452903747559,4.2040347298171055,4.190700314374481,4.173648834228516,,,,,,,,4.43977348327081,4.147683175937996,4.7056367967406185,4.427741241455078,4.409663136280475,4.343144488777878,4.695333957672119
569,4.07689357922313,,,,,,,,4.245503927864842,4.097272695583096,4.174470497064477,4.42010726928711,4.167792143521716,4.196316681462064,4.1840386390686035,,,,,,,,4.393391537934302,4.157253795306054,4.573499175532165,4.46309986114502,4.3857413980490945,4.380761490521366,4.627556800842285
570,4.02537950787441,3.955366056048652,3.950591929011473,4.01359386354008,4.191172981262207,4.021847061944847,4.150079318012145,4.179380893707275,4.2851411414326215,4.1210759255984035,3.9975262388852886,4.424790382385254,4.199400712457855,4.19658045975129,4.246028900146484,,,,,,,,4.394629146855974,4.172836038129278,4.548541357394914,4.437071132659912,4.405563173801079,4.355828353848666,4.69976806640625
571,4.22655149705033,,,,,,,,4.276373051184294,4.195876607628753,4.16654548269387,3.993748140335083,4.140826933105231,3.9635743407597936,3.9637362957000732,,,,,,,,4.395423095023561,4.218059768880578,4.584073818360611,4.065663814544678,4.3603321472929935,4.2881222690690155,4.7115278244018555
572,4.19949885156545,4.1574241067237105,4.153083952655204,4.043871235102026,4.131822776794434,4.147594249849867,4.173945615394069,4.06503963470459,4.0580927662045845,4.170294319368922,4.045134279969275,3.983609914779663,4.184618843813702,4.076933913748632,3.9659011363983154,,,,,,,,4.368787035454178,4.226478919753567,4.588164335628971,4.091521167755127,4.3868794030459695,4.256089580200185,4.682033538818359
573,4.16591996320244,4.13173685343655,4.137457116207174,4.23065449314325,4.143199825286866,4.132385997064401,4.125647311132195,4.185116767883301,4.2727767801731815,4.203742642951346,4.277615912893264,4.036575078964233,4.189446275149713,4.150538805815841,4.281327724456787,,,,,,,,4.349511717053892,4.218403512644213,4.670636447044494,4.074667501449585,4.384374783448451,4.280149371875046,4.737137794494629
574,4.11446840348144,4.067067762620246,4.07520580533372,4.172577908340272,4.123012638092041,4.1061132400737375,4.1190428279094355,4.124443054199219,4.26380881964282,4.172510122366929,4.3139726738012705,4.023774671554565,4.186847331127523,4.156829314183837,4.256683349609375,,,,,,,,4.36369396912969,4.18521351321201,4.691169203060624,4.070417642593384,4.410656572523898,4.283835082425054,4.796881675720215
575,4.08691564135803,,,,,,,,4.274130849281691,4.103092788701396,4.355151660855128,4.0600049018859865,4.14512925677139,4.164835591039304,4.183354377746582,,,,,,,,4.636713804254114,4.175279703789797,4.714695438065164,4.1075386047363285,4.4115162563223445,4.359883551239118,4.633232593536377
576,4.13529127583948,4.114048202470277,4.084234297911478,4.23728507771793,4.011371040344239,4.065014703819272,4.105175004821387,4.05584716796875,4.153231922911406,4.023930935090213,4.347420564351457,4.312478542327881,4.079625647824422,4.137254218572937,4.184370040893555,,,,,,,,4.429625637269547,4.118925952373913,4.588133982447495,4.413064479827881,4.372233978761401,4.329981093346627,4.648279666900635
577,3.65227581294286,,,,,,,,,,,,,,,3.57829105358573,3.188619149201858,2.770641597586966,1.7870472073554993,3.2665189139211175,3.5454762746434243,2.8575637340545654,1.754898789728918,2.9945478797316327,2.1816589960559503,1.0613028883934021,2.3567054883525484,2.428904343851425,2.7156732082366943
578,4.65559750074836,4.480998855592699,4.496446375686572,4.557117641980376,4.604076194763183,4.4029430842047645,4.340437263093736,4.578642845153809,4.303762793070727,3.9283005761124237,4.359710985830342,4.409401988983154,4.068470461056267,4.071790739924746,4.559607028961182,,,,,,,,4.488082372191827,4.4368716918637645,4.709235854627289,4.7413330078125,4.3536786710079225,4.337476177524357,4.505993843078613
579,4.52550027298652,4.529152710065006,4.629866367303989,4.110466937334882,4.571395206451416,4.419238825632321,4.367963342757372,4.694006443023682,,,,,,,,,,,,,,,,,,,,,
580,4.24949160514865,3.828165731228978,3.8719161193984117,4.224285453709118,4.276182651519775,3.880194093976277,3.866629764659314,4.151453971862793,,,,,,,,,,,,,,,3.489239553191834,3.8142765428603713,3.983265786828189,3.8818015575408937,3.665738580757332,3.5234324901298737,3.666943311691284
581,4.34678748622466,,,,,,,,,,,,,,,,,,,,,,3.4566323685595792,3.7598579232951277,3.872270852364958,3.842223358154297,3.5887231438152853,3.595620925960491,3.6776740550994873
582,4.28149831113273,,,,,,,,,,,,,,,,,,,,,,3.5273996300115504,3.761666710742512,4.040035573133022,3.8678356170654298,3.648848204384556,3.6305807936156493,3.663257122039795
583,4.19044028536473,,,,,,,,,,,,,,,,,,,,,,3.6349725739411816,3.777388238455513,3.6852575175181674,3.8407047748565675,3.623507275126997,3.6787455376184455,3.635758876800537
584,4.12205304837081,,,,,,,,,,,,,,,,,,,,,,3.624543053840051,3.854772883476623,3.7303152879198915,3.876554250717163,3.6080645983448365,3.6645260439197163,3.5692687034606934
585,4.35066514128786,,,,,,,,,,,,,,,,,,,,,,3.6291598856642704,3.781224373807809,3.8586396781930676,3.8709717273712156,3.6422322480340386,3.677626226022616,3.660226821899414
586,4.3429441471429,,,,,,,,,,,,,,,,,,,,,,3.7717464256596496,3.78039109869229,3.734180856093071,3.8164406299591063,3.7288671503940605,3.800340435711895,3.649913787841797
587,4.10623823794206,,,,,,,,4.053414975113833,4.136130627695774,4.21178642920099,3.9750293254852296,4.046939460365785,3.9626518313157555,4.158483505249023,,,,,,,,3.5419381163533297,3.901165121888068,3.9869976704855707,3.8174453258514403,3.6219349098106846,3.606268861215469,3.7661445140838623
588,4.02045162529591,,,,,,,,,,,,,,,4.032882853249017,4.051082512443643,3.874401523440387,4.074558877944947,4.009635787701148,3.9625206806042637,4.0968122482299805,3.660835607583417,3.818489279891964,3.617371214550796,3.9623790264129637,3.6415747251787063,3.7115712195540724,3.6278438568115234
589,4.00744648216786,4.112989357745322,4.057605608634959,4.151134557044239,4.006971406936645,4.051784586563868,4.041747241850543,4.31060266494751,,,,,,,,,,,,,,,3.599899044567036,3.8398762413254657,3.8363491348143635,3.6718302249908445,3.6481210939194026,3.582322973851569,3.696974277496338
590,4.12378215940836,4.069524259675956,4.065974478492069,4.110369767146049,4.130669641494751,4.083567588781615,4.03521350283034,4.309493541717529,,,,,,,,,,,,,,,3.810482303999714,3.83769991992186,3.7657328189664283,3.7355820178985595,3.796673635548119,3.814198686423569,3.7024197578430176
591,4.00700490156866,,,,,,,,,,,,,,,,,,,,,,3.581346032057407,3.862615518956324,3.7748547710038,3.841384029388428,3.607642118690401,3.661578494476301,3.730836868286133
592,4.10347378251045,,,,,,,,,,,,,,,,,,,,,,3.609098820635557,3.8324229891555723,3.8676528378712938,3.8253823280334474,3.6076941867159773,3.721815821026788,3.686119794845581
593,4.75292270299077,4.185791816388285,4.269133948896378,4.5604630002844,4.202747392654419,4.248841275710055,4.160407610974246,4.721599578857422,4.266339238396257,4.419162764573857,4.3495296248798825,4.019468688964844,4.090641263340001,4.1254132356707265,4.229598045349121,,,,,,,,4.175710030618945,4.268557756452661,4.366338178419975,3.6271071910858153,4.1589639286637805,4.098361346617497,4.42615270614624
594,4.35654732351381,4.412552991891679,4.810476464546479,4.5811857582945805,4.684251880645752,4.53339346477417,4.548636100989763,4.387143135070801,4.338480082952402,4.789308262941818,4.4039335483924145,4.716835308074951,4.469402011516524,4.444552253172674,4.761612892150879,,,,,,,,4.216333418810534,4.674301873936609,4.327812018317768,4.6527525901794435,4.492856642127876,4.454008483119227,4.865675449371338
595,4.95860731484177,,,,,,,,4.726421149811578,4.81724513368924,4.656602491080697,5.114240837097168,4.734924001732998,4.792620054892484,4.851945877075195,,,,,,,,5.16704445906561,4.830458487246786,4.559098400672199,4.944335556030273,4.997569597449469,5.188531467728576,5.098132133483887
596,5.04575749056067,,,,,,,,4.515483393267639,4.57519625455181,4.88942631309793,4.856561374664307,4.660513903687815,4.5131303996607075,4.870198726654053,,,,,,,,4.632785664607954,4.491486831525946,4.792395551863264,4.587578296661377,4.663890106676444,4.532836197278693,4.883655548095703
597,4.55284196865778,,,,,,,,,,,,,,,4.626662604993779,4.8857883185853055,4.822461598470057,4.849819755554199,4.745041301728226,4.609236591966073,4.9956560134887695,4.823629179046403,4.86364471501987,4.723893426359134,4.882885265350342,4.74809695482201,4.7989114891472004,4.925100326538086
598,4.85166740486923,4.814211042943309,4.700579032740346,4.851611590043747,4.895305824279785,4.764171415840935,4.694185560433337,4.74637508392334,4.169681669045022,4.360924265554142,4.562299910935613,4.440948390960694,4.24306940032348,4.279412721518442,4.4420013427734375,,,,,,,,4.429120655482498,4.454119090261331,4.523998393982934,4.193133687973022,4.433417601273619,4.481244778772607,4.616760730743408
599,4.88605664769316,4.7879747258129495,4.585380384252792,4.539592078967361,4.626423263549805,4.689904139211765,4.622669614965447,4.73872709274292,4.156013858968378,4.289759910359337,4.4087727190170405,4.245664310455322,4.237736311082429,4.258779502847391,4.426177978515625,,,,,,,,4.386466098583071,4.41375384512929,4.365582758446728,4.010691165924072,4.434255633283671,4.460199631826935,4.297077178955078
600,0.112382699664264,0.048916611384156046,0.5026186951844012,0.22627294421631294,-0.11398451700806618,0.14104111729820398,0.20063705110313268,0.2542530298233032,1.193905695533834,3.1603122073291154,1.3573481197495822,0.7276480913162231,1.2465140288524088,1.0749244415096215,0.6078571081161499,,,,,,,,3.885242708578923,3.5724710642487296,3.3953351242294496,3.5248393058776855,3.5380704751752585,3.888676436349884,3.3927555084228516
601,0.0644927341752872,,,,,,,,1.3521543196389711,3.224261853164997,1.5525976843814018,0.9234436631202698,1.4324336153630466,1.248408042127293,0.7507928609848022,,,,,,,,3.971389657809687,3.558413786098191,3.3681861951948853,3.4725462436676025,3.676917565938011,3.891539996527064,3.3554463386535645
602,-0.0969100130080564,,,,,,,,1.1241009333846779,2.8896412362659007,1.0775816958750695,0.7455398857593536,1.2229316946124993,0.9891605812109293,0.31566476821899414,,,,,,,,3.3741884820550854,3.529115207659998,3.415109866943844,3.5524542331695557,3.5067504318418212,3.504139531172797,3.1513302326202393
603,-0.0413926851582251,3.909417416215791,3.7138406717610284,2.4283697201365495,3.6418447494506836,3.9335823184168346,4.103962007348127,0.15170863270759583,,,,,,,,3.742230999736437,3.6752894362700284,2.512513433661524,3.6168948650360107,3.8622484406629582,3.9976084083881394,0.11352012306451797,3.877852748487488,3.7909560182183726,3.7836262507447573,4.186881637573242,3.984879581001156,4.01033839255838,3.8790042400360107
604,0.134303940083929,0.2538131095711599,0.6190511757270845,0.20924675590846809,0.27585472762584684,0.2487338351884737,0.27092847756817084,0.3401624262332916,0.5561423092285606,1.5165312578306387,0.50633582267201,0.2168230913579464,0.831777712073558,0.5846116402188247,0.48247116804122925,,,,,,,,3.9158833351547817,3.4428799164704316,3.803324383302025,3.771158504486084,3.430587121946185,3.8085943786553575,3.7136828899383545
605,0.245651664288981,,,,,,,,0.14459285649854,0.6314620090632971,0.5316389318046548,0.163125192373991,0.4460074475770968,0.2120555664906834,0.24073219299316406,,,,,,,,3.8770665388408205,3.5349824014219,3.8698822938073034,3.7927383899688722,3.5044749989237016,3.831323000458193,3.745150089263916
606,0.419075024324381,,,,,,,,0.7428712587396785,1.1340921672875022,0.73759214499644,0.36769939661026,0.8856232142772579,0.7551638977523015,0.5850319266319275,,,,,,,,3.91648628471238,3.5348831645582313,3.8261452793153423,3.8700767993927,3.431343443755091,3.935111018762206,3.721112012863159
607,0.452225294612177,0.4216741775076114,0.520183056981685,0.5104606142233403,0.28625563681125643,0.4188210514106217,0.4700523518860247,0.4096294939517975,0.3993118401034723,0.7270227984807307,0.6681275011428953,0.3149736404418945,0.5744154331624932,0.45364166385257126,0.4333318769931793,,,,,,,,3.886722887201074,3.5591384288859125,3.8953530141413824,3.9020867347717285,3.5751724797330438,3.95288437311975,3.7551281452178955
608,0.484126156288321,,,,,,,,0.7791315843884893,1.2176406467411143,0.9360459984920406,0.3358616381883621,0.9264599905691573,0.7876192046958689,0.5958253741264343,,,,,,,,3.906009143411142,3.6188046818939243,3.9591531214363234,3.660230779647827,3.5078978931187668,3.807497695913475,3.707343578338623
609,0.500312917381596,,,,,,,,0.45822606657110226,0.8558336013076376,0.7364284714080718,0.3047657385468483,0.7022853580276744,0.49801809489246623,0.5283375978469849,,,,,,,,3.8745517728909378,3.661806677844466,4.0031342674669705,3.6896918296813963,3.598485247054669,3.796575440726183,3.7522506713867188
610,0.623423042943488,,,,,,,,1.271095037091957,1.413320770561566,0.9390373526402551,0.37618295550346376,1.472949519517892,1.1806309839446023,0.5439509153366089,,,,,,,,4.22793946850092,4.151502376610274,3.9432697806509074,3.9608901500701905,4.10169726821963,4.2102259933696855,4.076793670654297
611,0.669586226650809,0.6206603276827629,0.6492099380406329,0.4549086482720748,0.281824067234993,0.6039522667748659,0.597309552952964,0.4293368458747864,0.663854456784756,0.9249785586868566,0.6459416788243804,0.3021154969930649,0.8571855345075399,0.682896378467802,0.5495746731758118,,,,,,,,4.221422292192127,4.1517906892711345,4.01909468148234,3.9918699264526367,4.094397798321849,4.198416375422649,4.1098432540893555
612,0.669586226650809,,,,,,,,0.8830621370999145,1.2918854707549747,0.9916410192846854,0.5752323150634766,0.951835174269592,0.8606591270945961,0.6421293020248413,,,,,,,,3.907576264680066,3.631754744821041,3.884161602996034,3.9739637851715086,3.495069051909736,3.8550485799482974,3.728954315185547
613,0.607303046740334,0.662447842627289,0.7149036872712327,0.7102418779872992,0.3853864520788193,0.6627415238295066,0.6698193197488891,0.42965784668922424,0.6273155800916816,0.9970915950191827,0.9017892970665082,0.47432634234428406,0.7759878178708435,0.6904115797877141,0.560440719127655,,,,,,,,3.877855457103355,3.665991719462637,3.981575439728506,3.9602472305297853,3.5360835729249107,3.842630996571316,3.781592845916748
614,0.94692155651658,1.0440224978755872,1.0511285764857257,1.0475725071166608,0.591854727268219,0.8883627834700168,0.9975232588017349,0.8544508218765259,1.714517965746491,1.7719810634313231,1.416429524314403,0.6270154774188995,1.7225212474115141,1.6742388633349778,0.9626359939575195,,,,,,,,4.801905670113828,4.660669987430663,4.202726300179193,4.360217094421387,4.7990595549134385,4.772379220435565,4.649669647216797
615,1.02227639471115,,,,,,,,1.0406500281474609,1.1191241886237087,1.0969605878446882,0.5748326897621154,1.032784368791192,0.9735486020684653,0.9378827810287476,,,,,,,,4.889573871854577,4.710063614843176,4.234780432667685,4.3766303062438965,4.859306376515435,4.7873642015612825,4.655463695526123
616,0.690369832574101,,,,,,,,1.358225294339986,1.1799248456707097,0.987330697889532,0.6616479098796845,1.5386370400397151,1.224582964469744,0.882895290851593,,,,,,,,4.4525766987829885,4.390643771492129,4.128511221146929,4.293579959869385,4.274789879401138,4.28769872667656,4.267336845397949
617,0.627087997029893,,,,,,,,0.7690853519904739,1.020063037552581,1.0426095405316143,0.5560203075408936,0.940164734399847,0.7651278385268532,0.7477871179580688,,,,,,,,4.4358850699768695,4.428561417711709,4.237348868784468,4.266837215423584,4.257940059142995,4.318459450085981,4.2899169921875
618,0.899629454882437,1.013851871334417,0.9929394824554423,1.0187490775241343,0.7293153047561646,0.9982403015312397,1.014371554438228,0.9670275449752808,1.5151252313413388,1.4327675384629226,1.1815647987786044,0.9357560396194458,1.6052230075667009,1.5153851581185827,1.0198851823806763,,,,,,,,4.087234736729264,4.33186434872432,4.162419684269857,4.193525886535644,4.317496531334083,4.330996903359905,4.331817150115967
619,1.01322826573376,,,,,,,,0.96741561061151,1.1351279296264167,1.3207330781895386,0.6757342457771301,1.0927643712144637,1.0108781263657587,0.9176408648490906,,,,,,,,4.097290466245171,4.33696435168675,4.309593760698852,4.179425954818726,4.316505163537969,4.341437222212356,4.358162879943848
620,0.98296666070122,,,,,,,,1.6110565415735525,1.537162054904953,1.2594228447163478,0.9218897223472595,1.6191972392517795,1.5719164201839138,1.065429449081421,,,,,,,,4.384607146793368,4.63135313421168,4.228079891397588,4.42411060333252,4.490585888058152,4.44358125265008,4.635012626647949
621,1.05551732784983,,,,,,,,1.075771366458448,1.1379249205935311,1.3886959192083657,0.7008409380912781,1.0824720952620632,1.039236160959787,1.051274061203003,,,,,,,,4.3795825793741,4.681149627239194,4.348338771811477,4.411562824249268,4.449374847689341,4.461577965712007,4.641042709350586
622,1.07058107428571,0.6048012657475051,1.6027460381264398,1.1015531599510897,0.6310660362243652,0.8579562780663376,0.7781493511315523,0.6270207166671753,1.214414294181821,1.3331819937373695,1.2029815011436007,0.8924420475959778,1.1681836240548933,1.1839971594538172,1.0585733652114868,,,,,,,,3.8512066667214304,3.901420211614475,3.9293192501471714,3.9394788265228273,3.706714144006016,3.7676897281267183,3.8611862659454346
623,0.97469413473523,0.6668374248605944,1.7652261533311255,1.1811328491046944,0.6263987779617309,0.9035969617748342,0.8305489984746961,0.6219295859336853,1.01487707846858,1.361790362089493,1.3312555134437813,0.6809023499488831,1.0273609113558297,1.0341793955186045,0.9840947985649109,,,,,,,,3.8268960896278514,3.9306864062855946,4.075320890188956,3.9190635204315187,3.740218372606102,3.75087568868911,3.9180824756622314
624,1.09151498112135,,,,,,,,1.6882218170282417,1.7301744480048131,1.5276352557027693,0.8028204679489136,1.7017848178415058,1.6343071793750175,1.2249562740325928,,,,,,,,4.582954504856609,4.802118432305632,4.146948804566666,4.4644440650939945,4.54842581928887,4.56832793091377,4.738030433654785
625,1.10790539730952,1.0866455459111415,1.130026577071842,1.1901296773416066,0.7948834776878357,1.0743821162027827,1.0702102718234092,1.0748424530029297,1.1768092050803516,1.2061551111745323,1.2629452986174914,0.7706856489181518,1.1299923129645313,1.1602501928551727,1.2362769842147827,,,,,,,,4.583373131734265,4.804800976067932,4.16922317879212,4.470050525665283,4.5464324983590405,4.5717780680155204,4.745825290679932
626,4.5847740431486,,,,,,,,,,,,,,,,,,,,,,,,,,,,
627,4.43025544919183,4.330853075208677,4.531087734575159,4.465873973854733,4.4953971862792965,4.5420939860897835,4.475363924948207,4.737481594085693,4.336297700553927,4.551306339595552,4.4771076312063975,4.623850536346436,4.568869769921372,4.521387796608025,4.64157772064209,4.646881315510973,4.6949073701623885,4.66483680933228,4.823035144805909,4.639719052118258,4.59164972483206,4.617926597595215,,,,,,,
628,4.50981380391207,4.47135390303222,4.458997127686795,4.6869310651355525,4.654087066650391,4.526090315723564,4.4687934214704415,4.56268835067749,,,,,,,,4.670008145632636,4.693414126126293,4.815170931322059,4.912975597381592,4.669160037772027,4.573732492292647,4.580443382263184,,,,,,,
629,4.157015041389,4.470925001308682,4.520524714204487,4.85032605883086,4.758019161224365,4.580736449710543,4.587090450820664,4.5707688331604,4.101521684390072,4.5435861145948415,5.041684344764754,4.8246657371521,4.275328890023912,4.207825584245894,4.751879692077637,4.348115009853304,4.550799445879216,5.111128328038804,4.746212482452393,4.508421544500281,4.604790347032558,4.825589656829834,,,,,,,
630,4.30552891649149,4.565932538388656,4.37347410709854,4.821370058693933,4.787326145172119,4.534496050812844,4.672851818592692,5.022354602813721,4.6896605590022356,4.599180592235625,5.147360574311522,4.917585945129394,4.612603741507463,4.677385548222157,4.902009010314941,4.671753031508993,4.535647770034774,5.223827515015499,5.037305068969727,4.604691647422307,4.688547825462715,4.961781978607178,,,,,,,
631,4.50213511523101,,,,,,,,,,,,,,,4.691446868761516,4.473504265925352,4.991972221931056,4.844931507110596,4.557552864255175,4.578134083366716,4.5298051834106445,,,,,,,
632,7.51712641639125,7.2455152742149265,6.201951701332409,7.004213955112954,6.895091152191162,6.996917351760371,7.175474922965268,7.105565071105957,7.255684677437642,6.365139774648542,6.963777736419708,7.352128696441651,6.987918833849488,7.1146661234122766,7.095566749572754,,,,,,,,4.692107214056663,4.28411924450875,4.50753609844648,4.834287357330322,4.565915216263935,4.647337155436663,4.8114094734191895
633,7.35457773065091,,,,,,,,7.371496385112367,7.312468087270203,7.306428109844698,7.548122501373291,7.396702310128411,7.344278084570439,7.549068450927734,,,,,,,,4.677924243530807,4.26227562919278,4.484461427459486,4.847158432006836,4.536366021400832,4.632476461133388,4.748785972595215
634,7.39040559077478,7.334042050410934,7.316474243945261,7.252963199316806,7.256222534179687,7.335623771346389,7.349535446565577,7.5120954513549805,7.3124710387854295,7.267213650928057,7.209797215648656,7.114434242248535,7.321067370466547,7.2906964761776205,7.532980442047119,,,,,,,,4.6716307324649975,4.244275390264762,4.4751212333071875,4.861276340484619,4.504932552736845,4.637727194352467,4.706650733947754
635,7.31247103878537,7.35222196512677,7.311125364264526,7.325584534540094,7.3100266456604,7.327296476299983,7.347900738052738,7.584606170654297,7.35222196512677,7.316879769918023,7.308151600146891,7.193940734863281,7.344056281836865,7.359705701208458,7.595797538757324,,,,,,,,4.6716307324649975,4.244575914530333,4.475789521566017,4.848887157440186,4.488893442408544,4.6361233611610295,4.68361759185791
636,7.32882715728492,7.334042050410934,7.311552860972702,7.307689417447689,7.148681354522705,7.322101603145107,7.257291440327875,7.615150451660156,7.3124710387854295,7.105937260859028,7.052940560912367,6.778047657012939,7.259620750598656,7.239197828494366,7.549622535705566,,,,,,,,4.6716307324649975,4.237965221072823,4.4399337719443865,4.812511825561524,4.487557817630385,4.6555493177260185,4.669053077697754
637,7.32513885926219,7.343901262281644,7.110366944925762,7.062507304845013,7.4569169044494625,7.267824716207246,7.320140385818516,7.770963191986084,7.3124710387854295,6.859768705340134,6.852308958825812,7.113088512420655,7.230737598785153,7.272097767512364,7.557116508483887,,,,,,,,4.6716307324649975,4.231111392997738,4.384116815083697,4.831977462768554,4.48676726855928,4.667034232069514,4.657801628112793
638,7.36451625318509,7.343901262281644,6.943975828493037,6.824399003624912,7.425103855133057,7.1716269362214575,7.307971554035444,7.854182243347168,7.3124710387854295,6.636567799871828,6.614817333591983,6.835074329376221,7.183104606982976,7.229847977865294,7.571887016296387,,,,,,,,4.6716307324649975,4.225339439033437,4.32940552721177,4.783867454528808,4.46082870049052,4.643462089814836,4.666636943817139
639,3.7699387529327,4.106450145551721,4.159116807183424,3.800021878762308,4.03521695137024,4.089164075872588,4.100517582436692,3.664548397064209,,,,,,,,4.0808933811547545,4.062393122452818,3.6790070854266435,4.097279262542725,4.0387808217416135,4.072284022761795,3.8904106616973877,,,,,,,
640,4.06496544621692,4.071824904529934,4.19763940654731,4.0881915891454,3.8501132011413572,4.119964475883148,4.176728843133042,3.8559272289276123,,,,,,,,4.062168377732794,4.178523900786103,4.045992649607616,3.9182114124298097,4.095880760998073,4.136501273494428,3.9864532947540283,,,,,,,
641,4.31251709534142,3.8606723982615763,3.976484416165791,4.0107173317399125,4.012260770797729,3.9721919664379355,3.9212431703996207,3.6965649127960205,3.8406968144132207,3.982232767773738,3.8289709291468634,3.8648515224456785,4.029551207673765,3.9632327925141824,3.6787190437316895,,,,,,,,,,,,,,
642,4.20163651923718,,,,,,,,3.9057927226806304,4.043729138236783,3.884103444394648,3.95055832862854,4.0790964005301324,3.9724392562193316,3.9157416820526123,,,,,,,,,,,,,,
643,4.18395101007421,4.156555950579694,4.349024566420578,4.298720630956467,4.43781852722168,4.095859658498261,4.159357050632846,4.095727443695068,4.172306178765768,4.426024015459656,4.32292458846167,4.423616504669189,4.1325300881948595,4.243362869878705,4.238915920257568,4.168271457272827,4.494922602912549,4.309337213703153,4.359398651123047,4.231571648803563,4.215908951676054,4.134414196014404,,,,,,,
644,4.26681034809187,4.360535377591884,4.142030371103223,4.194286723472429,4.184143447875977,4.260267838684316,4.189335169622866,3.968409776687622,4.302573209273671,4.086686971953871,4.115339737554911,4.1036749362945555,4.200590746795935,4.12212602856138,3.9901726245880127,,,,,,,,,,,,,,
645,4.33211314391593,4.331057036666974,4.477741978628522,4.35613004172546,4.344387817382812,4.231294293914709,4.22679811583419,4.003129005432129,4.262496609126912,4.42422604678988,4.370575674430412,4.320004177093506,4.131969737210046,4.103551362654572,3.8213343620300293,,,,,,,,,,,,,,
646,3.79003158937922,,,,,,,,,,,,,,,,,,,,,,,,,,,,
647,4.10022728385957,3.7833432599915024,4.066757479582326,3.960220740301435,4.189311742782593,3.9209055113392624,3.957010839446977,4.261035442352295,,,,,,,,3.673814801353158,4.108967979578413,4.0384047150828755,4.075489091873169,3.8253042085952926,3.882684870887965,4.302518367767334,,,,,,,
648,4.35432451306911,,,,,,,,,,,,,,,4.173684665951448,4.437995214533232,4.267799409130894,4.547451210021973,4.216998178786245,4.186237212081735,4.255955696105957,,,,,,,
649,4.42980743890427,,,,,,,,4.669574012325426,4.849107344032344,4.56067613798752,4.600934028625488,4.630814483002541,4.568115168453506,4.764662742614746,,,,,,,,4.615653729182416,4.642862708526021,4.4656056167699525,4.539549160003662,4.505819690031727,4.5249743484750375,4.901281356811523
650,4.71511828534455,4.579795559496494,4.392205987479026,4.42900616227207,4.208268833160401,4.488727347313324,4.372426413766469,4.483402252197266,4.591069230108022,4.4278392664297845,4.322489253581802,4.076123571395874,4.454932358489752,4.347258568508637,4.418524742126465,,,,,,,,4.619407424775893,4.602831372935857,4.358678044101931,4.678746318817138,4.529914771258782,4.5530002040965964,4.712951183319092
651,4.48678239993206,4.622295287070107,4.558403520537019,4.495462053746044,4.242908573150634,4.560410183095266,4.421709377558521,4.506875514984131,4.564468594517321,4.695548243411501,4.5627273099039485,4.588391208648682,4.543397262499242,4.519992245305024,4.665438652038574,,,,,,,,4.623585564495153,4.6359033158276555,4.582779126372076,4.497656726837159,4.549982427237674,4.5060300349620706,4.804568290710449
652,4.7687853520374,4.4475774356668545,4.5284547191928155,4.899236882850156,4.42218017578125,4.408399131859072,4.418452238670686,4.2890095710754395,4.61065950843643,4.700089805816282,4.83511802649768,4.698334121704102,4.412987221763803,4.535684990827992,4.550553321838379,,,,,,,,4.564624244745182,4.653909312452478,4.526520151837427,4.533682918548584,4.502979964850246,4.5065793883167835,4.623907089233398
653,4.72422809983507,4.6543997622711615,4.487327659286173,4.493953026608285,4.47534818649292,4.459726815744167,4.488708733156746,4.150815486907959,,,,,,,,,,,,,,,4.588818517242148,4.564378560947409,4.471957587846526,4.633766078948975,4.510400720438151,4.519709536960151,4.562430381774902
654,4.09312646527793,,,,,,,,4.467100793003321,4.606740436282221,4.344680555290029,4.598065948486328,4.528676338958816,4.486942066965455,4.722039699554443,,,,,,,,4.629070488212621,4.645152401874041,4.238431517322943,4.572093963623047,4.540049853503465,4.575877586526562,4.867640495300293
655,4.07956359344924,4.313901900953317,4.295152647966636,4.1173964062204895,4.435873508453369,4.186762170406308,4.411159762888266,4.469552040100098,,,,,,,,,,,,,,,4.675871960514719,4.616819226921765,4.070084621979481,4.645947647094727,4.4964440372521155,4.591235399246978,4.697461128234863
656,4.09001630506016,4.092597457757415,4.18467724627285,3.919392429770444,4.194692897796631,4.138576669436775,4.131562475482724,4.38809871673584,4.386335135391122,4.489990313458301,4.269232657177446,4.607023525238037,4.344029349881859,4.470693979037599,4.622768878936768,,,,,,,,4.63400441733754,4.668751512675988,4.284393349547636,4.533986568450928,4.548088454264103,4.524400610455046,4.803475856781006
657,3.66796572297248,,,,,,,,4.3858787204227365,4.649722281053538,4.270555855074652,4.648371028900146,4.427440952404648,4.47807303901188,3.239917278289795,,,,,,,,4.649378071452687,4.608796083771018,4.297544526370631,4.725077533721924,4.5333334394564275,4.525748030109408,4.297150611877441
658,3.57905459407803,,,,,,,,,,,,,,,,,,,,,,4.6176999531948875,4.601196371396352,4.914008548165663,4.902713108062744,4.48458314655461,4.532204363055111,4.515994071960449
659,3.68803433963163,,,,,,,,4.308558262975914,4.5305340452859175,4.354637023221963,4.663523101806641,4.100152699465889,4.439837073627319,3.9620399475097656,,,,,,,,4.6387819070468534,4.6418305866126754,4.472210538682472,4.67734727859497,4.56019053400061,4.495619844271479,4.5924882888793945
660,3.63620005452089,3.7091600631703447,3.8548702233135477,3.617493395502577,3.9322128295898438,3.836388001621374,3.937993986845832,3.677605390548706,4.3078398385625585,4.6480020616443865,4.118325108148091,4.955513381958008,4.27079578691811,4.493721912758443,3.246699571609497,,,,,,,,4.641418425383303,4.626792595720989,4.199050049676343,4.841022777557373,4.55707829862537,4.554747786180759,4.323624134063721
661,3.56161589296529,,,,,,,,3.6245694496241976,3.747133202349373,3.701370229587654,4.10042724609375,3.863744316834717,3.724360978424433,4.0703511238098145,,,,,,,,4.618423347993399,4.606655302444974,4.889605614946995,4.913879871368408,4.523855639142248,4.529073609327195,4.522492408752441
662,4.59705117065559,,,,,,,,4.60488859876437,5.004183811044141,4.523255755783602,5.018342685699463,4.573557854134799,4.639977148656233,4.368372440338135,,,,,,,,,,,,,,
663,4.53985418250825,4.5518051107742865,4.591430790662187,5.095387871923635,4.853853607177735,4.49567680264775,4.508445429574322,4.529034614562988,4.492443452717673,5.051923348952985,5.284139794767761,4.98340950012207,4.553289188077393,4.460305384331973,4.685610294342041,,,,,,,,,,,,,,
664,4.62580174207092,4.314822565642322,4.557136565228264,4.225071113323245,4.722661781311035,4.475237142366944,4.442471379761527,4.47990083694458,4.553285449818967,5.049208286954694,4.68493575924111,4.569201850891114,4.5157858702662805,4.539438683926606,4.7226786613464355,,,,,,,,,,,,,,
665,4.52042468982501,,,,,,,,4.546012674495414,5.088161744768248,4.803992082560637,5.034678554534912,4.555816634066331,4.41631159430233,4.703861713409424,,,,,,,,,,,,,,
666,3.72152077695368,,,,,,,,4.4825099220304025,4.452666728265492,4.890317262252618,4.882468509674072,4.493428169354882,4.380358389087502,4.672789096832275,,,,,,,,,,,,,,
667,3.77001116345519,4.172012508715964,3.835296668378823,3.969873112970938,3.9450665950775146,3.95455753212703,3.994308580942704,4.16726541519165,4.612492557829906,4.647600021328146,4.756003391997133,4.7908576965332035,4.474359836270915,4.584408221500492,4.453114986419678,,,,,,,,,,,,,,
668,3.79950517826135,,,,,,,,4.5969892832722845,4.628467826993381,4.724940095953039,4.7372283935546875,4.499047459739478,4.562005037073237,4.437111854553223,,,,,,,,,,,,,,
669,3.33461603388567,,,,,,,,4.542991504153383,4.310805834808381,4.736689200883031,4.47763500213623,4.4711923274986205,4.528169568063229,4.270659923553467,,,,,,,,,,,,,,
670,4.1436301258896,4.045066924622805,4.054016182031585,4.074025451847099,4.0473531723022464,4.064303704686778,4.037731305063252,4.177694797515869,,,,,,,,4.259329191037162,4.14403304826901,4.156184876748952,4.092851686477661,4.1690726419142035,4.136474531514593,4.227524757385254,4.375303445269401,4.154117658014147,4.131397418881101,4.272517967224121,4.310377568008481,4.136580099010259,4.203926086425781
671,4.0483716662145,4.008849473164443,4.092061450008912,4.027668014762688,4.000957202911377,4.092745646700128,3.997862050231055,4.1265482902526855,,,,,,,,4.07072885706296,4.130001026508886,4.093295229940974,4.039713573455811,4.118508171128287,4.055575319647005,4.215579032897949,4.205610020204692,4.152738712965612,4.1201190898338265,4.236780452728271,4.29041587983806,4.0763847661530646,4.182993412017822
672,4.3987372733547,3.9938862701644435,4.048507196216214,4.006137520670716,4.077406692504883,4.0429818125447,4.16408146748847,4.216981410980225,,,,,,,,4.1340621962971555,4.115656890914031,3.9677051393184155,4.2047327041625975,4.104101666742745,4.1078168818022975,4.201039791107178,4.245739335920766,4.15272681518496,3.8227405178609986,4.319064903259277,4.316513260909691,4.120333944251558,4.169722557067871
673,3.92295115304385,,,,,,,,,,,,,,,4.062820839143587,4.123899971265404,4.0595702658431145,4.2137274742126465,4.151133302005374,4.146718680304186,4.215815544128418,4.151522237500973,4.18342397900959,3.911133269275565,4.292319297790527,4.334706203787831,4.147545508030381,4.162595272064209
674,3.91000636455595,3.9955309559466157,4.068797283354252,4.177640490611725,4.242236804962158,4.068123561288779,4.1130371227825,4.109396934509277,,,,,,,,4.123403665946108,4.129322510699344,4.106132238356566,4.293948173522949,4.150414888334032,4.0996368976761115,4.224003314971924,4.2248791216303205,4.181219397309516,4.000471344939781,4.395056915283203,4.323802457034561,4.108195047718116,4.175013065338135
675,4.3557390763323,3.9757296229533203,3.9259557039740214,3.941897994304092,4.106020784378051,3.994354825140468,4.017557165271856,4.0345869064331055,,,,,,,,4.072008092587649,4.121027351146538,3.9947978028345608,4.210876941680908,4.171855194221421,4.063040450871906,4.119598388671875,4.190926586369245,4.1774852234133,3.908042683059472,4.289788436889649,4.287582446000831,4.044793278190732,4.171997547149658
676,4.467912521649,,,,,,,,,,,,,,,4.199651350766626,4.137563717116337,4.12939051290536,4.2376350402832035,4.180533857525202,4.137939260887959,4.250054359436035,4.322969933714483,4.213658237240957,4.011088452196464,4.294067287445069,4.3263904647554225,4.144822456364585,4.207684516906738
677,3.96742818736638,,,,,,,,,,,,,,,4.1384753422958465,4.096281882724547,3.869217306233193,4.168216323852539,4.097238276924397,4.056487933963011,4.149874687194824,4.235323365048696,4.169837289854349,3.7139826693755027,4.2377674102783205,4.226827677183386,4.05539516456397,4.137139797210693
678,3.91883347168503,,,,,,,,3.8569508392819314,4.142156024703489,4.216320440428117,4.2358717918396,4.024722198084927,3.8833618663906733,4.09100341796875,4.217630919193153,4.119876713746572,4.217187573499392,4.142953395843506,4.138177207400287,4.119673145696511,4.107039451599121,4.108542574927306,4.176727583797791,4.178643166822599,4.377864933013916,4.217387552236192,3.9667755785727734,4.197722434997559
679,3.89202604773156,,,,,,,,4.049989353862011,4.1220512688905355,4.153065779506648,4.095756530761719,4.072104673657647,4.025814507422072,4.045714378356934,3.9982987567004047,4.122690787565211,4.150508332599885,4.075356769561767,4.132022654691111,4.032313918963871,4.114792823791504,4.177515548210963,4.164409636126612,4.194503062490321,4.335648536682129,4.2789749072330885,4.098889407972542,4.190697193145752
680,4.39147396642281,,,,,,,,4.622005270537498,3.8742928080075627,4.367972077570652,4.404282283782959,4.516159868531311,4.654955786757522,4.5106611251831055,,,,,,,,,,,,,,
681,4.86966623150499,4.337491645035467,4.521485278812264,4.258526540345198,4.473209953308105,4.350824923105637,4.308575040129206,4.5769524574279785,,,,,,,,4.286905050547896,4.422006363127856,4.20564204069971,4.489737319946289,4.351018326604985,4.372128865433598,4.557577133178711,,,,,,,
682,5.51570016065321,5.00631829862572,4.732396194507782,5.03794916172717,5.281177616119384,4.911588530644002,5.186403625741718,5.212311744689941,,,,,,,,,,,,,,,,,,,,,
683,4.4145392704915,4.608513192537135,4.504655059160706,4.454386987432932,4.603882503509522,4.560181350269364,4.372704065387588,4.642508029937744,,,,,,,,4.377783816860091,4.326745212844885,4.291039614172327,4.762054061889648,4.4615663353615505,4.303547474290864,4.571678638458252,,,,,,,
684,5.23136189875239,,,,,,,,,,,,,,,,,,,,,,,,,,,,
685,5.20273245916928,,,,,,,,,,,,,,,,,,,,,,,,,,,,
686,3.96377045591371,,,,,,,,4.204804495890413,4.24289745813149,4.137032588493437,4.013019609451294,4.31703437084457,4.273001500388781,4.227423191070557,,,,,,,,4.415572072737898,4.286384951640887,4.264860072021689,4.191141939163208,4.495350102897913,4.418607690831216,4.130470275878906
687,3.94423953531227,,,,,,,,4.1646034612060125,4.240785371351638,4.099093321687031,4.045931673049926,4.32137778033492,4.213071845364225,4.211122989654541,,,,,,,,4.259277882099815,4.2844371436349915,4.232833758919838,4.206739711761474,4.40700901804068,4.367234298350432,4.0929765701293945
688,3.95467702121334,4.062436120154663,4.1290848875213975,3.8211596533253425,4.008092069625855,4.0369019392505905,4.117643082441043,4.173013210296631,,,,,,,,4.013152219827296,4.150847104352415,3.851676834644576,4.101873064041138,3.999629445757789,4.1784676821492015,4.096894264221191,,,,,,,
689,3.88605664769316,,,,,,,,4.1921892325556955,4.140466592855625,4.047177338536714,4.061857032775879,4.086749622793112,4.159839957398744,4.158820152282715,,,,,,,,,,,,,,
690,4.11918640771921,,,,,,,,4.208474616406946,4.2657603593545845,4.335143648774385,4.253896617889405,4.244103149864851,4.259518586377808,4.195986270904541,,,,,,,,,,,,,,
691,4.25963731050576,4.0939432227234525,4.10544050943256,4.22053176859608,4.184694766998291,4.102774318856601,4.147332546452511,4.122340679168701,,,,,,,,4.059661077955242,4.1909890874500055,4.234043113090869,4.347036457061767,4.121772530366388,4.233022329753524,4.2007622718811035,,,,,,,
692,4.266572118838795,,,,,,,,,,,,,,,,,,,,,,4.274560453197971,4.437888883791046,4.188326989660037,4.240670585632325,4.358228042971706,4.339783710604914,4.195502281188965
693,4.17236929827565,4.082873912692929,4.217835465600292,4.188869198431626,4.412404155731201,4.0813650102430215,4.04958663582317,4.421301364898682,,,,,,,,,,,,,,,4.00564631129481,4.415053094912661,4.0702601999780255,4.465198230743408,3.822261805616124,4.022557386061792,4.232577800750732
694,4.08830984124614,,,,,,,,,,,,,,,,,,,,,,4.070869587094865,4.281192648674245,3.89171609245786,4.346378898620605,3.8892714772153285,4.079555765467539,4.242793083190918
695,4.16367588429325,,,,,,,,,,,,,,,,,,,,,,4.303078529715119,4.548351303174181,4.3655977144813685,4.343255424499512,4.418055907056758,4.336996595244188,4.192318916320801
696,1.89008552671633,,,,,,,,,,,,,,,3.664146219893297,1.3924016820617577,2.130047692324534,1.905642557144165,3.049793241934339,3.518568199620931,0.8681575655937195,4.477507735905268,4.5754965881810685,4.935727368920772,4.909748840332031,4.527965206962295,4.5007262067321925,4.540641784667969
697,1.34850628276974,,,,,,,,,,,,,,,2.170233685998457,1.751065936238993,1.5634238683208572,1.38745858669281,1.8667428507754535,2.015726543115167,1.5021010637283325,4.441035801898024,4.602917231740246,4.753732635911393,4.719101142883301,4.581877475382724,4.482733786520993,4.6307830810546875
698,1.42103751729244,2.8344280741925094,3.516994746812843,3.7883335615465783,4.009377479553223,3.1116578576823546,3.403650092269026,4.1037116050720215,,,,,,,,,,,,,,,4.1777671524505475,4.052738584123317,4.171143379286887,4.056734848022461,4.321488667528252,4.233541975042476,4.245848655700684
699,0.674322569257451,3.772964826021466,1.1548465879156422,1.4890027597724584,1.3030799627304077,2.877452123393864,3.291571463689225,0.9996636509895325,,,,,,,,4.117343102292962,1.5362149494215414,1.8201997095671638,1.761807918548584,3.7434748575838968,4.227043260034329,1.0623952150344849,4.189636140534227,4.57034164651587,4.624216772702033,4.464333820343017,4.477714889858407,4.490107785347578,4.336726188659668
700,0.72519465815406,,,,,,,,,,,,,,,2.236652811763172,2.685871381327017,2.5135471878886007,3.8710630893707276,2.9136856416401855,2.157594214115166,2.586613893508911,4.2073011069933335,4.407551041533093,3.7840919939808813,4.128142070770264,4.322231073424237,4.307706939253149,4.179103851318359
701,0.94133070251032,,,,,,,,,,,,,,,1.8403293207747586,2.3201172965670964,3.273103345580277,4.662664699554443,2.6993266056251137,2.3021865640426076,2.064812421798706,4.504437445441656,4.508952628423309,4.456556326881815,4.7367781639099125,4.494798558445906,4.563940690304984,4.420966148376465
702,0.906008492813494,,,,,,,,,,,,,,,,,,,,,,4.635152980670787,4.61662532737846,4.822699193484258,4.775752925872803,4.660366239401541,4.658704413726283,4.714381217956543
703,0.816095015429045,,,,,,,,,,,,,,,1.8962164258690877,1.2673046226209335,0.753384498526299,1.3339521050453187,1.4235035257305324,1.620292243731354,1.497408151626587,4.4851170585094255,4.55383035756761,4.554553998872154,4.8272294998168945,4.510512401486997,4.550284082734137,4.650295257568359
704,0.958407848106767,2.213629179376449,0.8164816196018749,2.0878641614721483,1.213742733001709,1.8956341421963558,2.4983267432394913,1.0954325199127197,,,,,,,,3.389179327116253,1.416372182836886,2.7100669338072265,2.1317182540893556,3.0669767513984905,3.3468401880267065,0.9424422383308411,4.513764164575683,4.588985429325702,4.83434698231119,4.935957336425782,4.548713525791094,4.613678095186376,4.527597427368164
705,4.87614835903291,,,,,,,,,,,,,,,4.281839972953149,4.619562814491452,4.44242037133702,4.417625999450683,4.278238835976733,4.220089728934081,4.3520379066467285,4.4395534460057995,4.647358409953599,4.566995812133666,4.476651382446289,4.378852755733271,4.273152332303485,4.430661678314209
706,4.67162039656126,,,,,,,,,,,,,,,4.262308584831239,4.478419074338988,4.141428258153477,4.446682929992676,4.272950116398089,4.304703799028913,4.135411739349365,4.6736395744073675,4.393865093081775,4.26251773863319,4.167862367630005,4.374916794976573,4.417099919043225,4.1915283203125
707,4.36251027048749,4.708753240622139,4.722922099743289,5.045429126753156,4.88080997467041,4.708716957525621,4.701038069730001,4.7711896896362305,,,,,,,,4.34985081764624,4.712129148173442,4.730252965450379,4.599751091003418,4.513161775134748,4.425564903341654,4.50160551071167,4.6845532573947954,4.951218303259467,4.94467388867957,4.801772689819336,4.600983855924751,4.540127428038796,4.643714904785156
708,4.62160209905186,,,,,,,,,,,,,,,4.197749461512465,4.6101670171507285,4.345874913759685,4.596357727050782,4.2366114908326375,4.206531311464388,4.256209373474121,4.42197000234476,4.804271091219525,4.608490836960708,4.465510463714599,4.392713477184188,4.381526883641117,4.384634494781494
709,0.322758154053346,4.062594229206752,3.526400488946055,4.102269626481415,3.929823064804077,3.7360781626461637,3.828896027159553,3.4585423469543457,,,,,,,,,,,,,,,,,,,,,
710,1.52724355068279,3.924021000173008,3.7427729801475547,4.194710478577061,4.167623805999756,3.771454076331852,3.891741695537347,3.486363649368286,,,,,,,,3.8961445033373656,3.637647013144216,4.216773196932403,4.149571323394776,3.8634691700254624,3.990264784451854,3.5581772327423096,,,,,,,
711,3.89346914617762,,,,,,,,,,,,,,,4.6701721251720025,4.440438184863966,4.570449115456606,4.984117412567139,4.451057167202956,4.690600053032089,5.086832523345947,,,,,,,
712,4.47495519296315,4.173410626721026,4.007688257819776,4.13311760988364,4.098586130142212,4.195077310495838,4.338837731166089,4.675909996032715,,,,,,,,4.845462111322366,4.558718586475237,4.666590334648662,5.139420700073242,4.564829193616676,4.747504444029033,5.275552749633789,,,,,,,
713,4.09528445472132,,,,,,,,,,,,,,,4.272484772517243,4.208653591596936,4.277548732812471,4.14397087097168,4.199095947093481,4.23985718209477,4.020740509033203,,,,,,,
714,4.19791074211827,4.199668666490783,4.178410222073169,4.118467957690398,4.139395618438721,4.168451965836885,4.214622611075369,4.010751247406006,,,,,,,,4.260385616368985,4.23157967826257,4.175925527935143,4.143522453308106,4.208290822340892,4.259823231639385,4.028149127960205,,,,,,,
715,4.26360349772336,,,,,,,,4.132739256255987,4.1653172541378956,4.163614302614095,4.235451030731201,4.167420720055405,4.161221542314005,3.9484260082244873,4.201871554483836,4.230751013011976,4.256052259930719,4.194838619232177,4.182438073546384,4.200473143195712,4.127402305603027,,,,,,,
716,4.14327110961712,,,,,,,,4.00243293583358,4.127694670542216,4.157904243735819,4.163660907745362,4.105104533056879,4.102453395134523,4.0626959800720215,4.0258527759127665,4.1265519038477825,4.323936555109244,4.125216674804688,4.109514980376335,4.107903336136812,4.163256645202637,,,,,,,
717,4.12147820449879,,,,,,,,4.117261847616909,4.117015333719507,4.158322795947005,4.156989097595215,4.140844089442683,4.108642952564215,4.171972274780273,4.16374029539337,4.161598288076969,4.228169096094312,4.087234544754028,4.1555775199490395,4.144714700868963,4.246088027954102,,,,,,,
718,4.08777794346758,,,,,,,,,,,,,,,4.1703167767356515,4.177679426190298,4.348911890335567,4.107861709594727,4.170998962347989,4.159948931966922,4.2343220710754395,,,,,,,
719,4.21324857785444,4.178692989169649,4.164984028352694,4.548151149100501,4.353424739837647,4.188694175424194,4.2120541012434005,4.195013999938965,,,,,,,,4.249342948761484,4.29531097358203,4.569803160633346,4.267201042175293,4.310057857463466,4.283328133181287,4.291597843170166,,,,,,,
720,4.18508681872493,4.168051725394395,4.212813505260927,4.285549597263172,4.249465560913086,4.210380728895933,4.2099617612927664,4.237317085266113,,,,,,,,4.176969790331231,4.278765314254191,4.48654616272971,4.2532611846923825,4.230815336767046,4.20401182581794,4.311821460723877,,,,,,,
721,4.21896306137887,4.111125392085895,4.173412880439091,4.4682665563263795,4.349648666381836,4.164045192520885,4.222988338451288,4.138383388519287,,,,,,,,4.280977507269836,4.244077567109322,4.5518880676319435,4.269320392608643,4.281077225206586,4.313860523659505,4.22614049911499,,,,,,,
722,4.25258819211358,,,,,,,,,,,,,,,4.183666363479188,4.187936212919926,4.325263610789952,4.28900671005249,4.228423108969259,4.181444156055675,4.282668590545654,,,,,,,
723,4.2580609222708,,,,,,,,,,,,,,,4.16592744675567,4.181199286518736,4.334937281835133,4.436763572692871,4.20571527740937,4.207079002955269,4.2671685218811035,,,,,,,
724,4.24033215531037,,,,,,,,,,,,,,,4.275773295737102,4.198054950978179,4.331651563998313,4.404445552825928,4.2824404610256455,4.238290910019677,4.260392189025879,,,,,,,
725,4.20481541031758,4.193298225002302,4.21846227597263,4.111449303177249,4.198169994354248,4.19284698710264,4.2101233903820745,4.175667762756348,,,,,,,,4.1577293640088335,4.320346129798536,4.307928034890061,4.425927257537841,4.237424178135162,4.199880149384994,4.316925048828125,,,,,,,
726,4.18243463044022,4.2334051320399935,4.2520666954526884,4.411456695931176,4.3014116287231445,4.252746967428703,4.2452132454539715,4.22039270401001,,,,,,,,4.32715955645539,4.3422195607207055,4.530990359944776,4.474556159973145,4.374954817329627,4.343163408094643,4.334117889404297,,,,,,,
727,4.09582563171584,4.234603264786954,4.082227751404579,4.199713466016537,4.292669773101807,4.143692793223449,4.195043252076001,4.139139175415039,,,,,,,,4.479483862647561,4.180927305467078,4.359917697189838,4.2779662132263185,4.354835679197037,4.313658487427354,4.284025192260742,,,,,,,
728,4.08039897621589,4.093099532551554,4.097103628507572,4.138450842701968,4.300796890258789,4.104527748282555,4.178353544739869,4.1371941566467285,,,,,,,,4.172771927603129,4.190503538698678,4.317117071691688,4.426579570770263,4.272011459709143,4.217390738535118,4.249523639678955,,,,,,,
729,4.06752623532285,4.513201448379839,4.162013115975689,4.133568706451533,4.261919975280762,4.190718080444003,4.253362213591987,4.173421382904053,,,,,,,,4.513737506498955,4.206399089112389,4.319277158048221,4.374561023712158,4.357229511698539,4.275034715064348,4.255523204803467,,,,,,,
730,4.1073489661227,4.211354830085571,4.023738697595117,4.160167237637039,4.04384069442749,4.133604910070855,4.155212384495135,4.073361396789551,,,,,,,,4.285626419461804,4.180073776458224,4.312791216035919,4.229142856597901,4.1852636160241286,4.200037740103531,4.207520961761475,,,,,,,
731,4.09963287134353,,,,,,,,,,,,,,,4.266560790972843,4.278980130758674,4.429205981334019,4.349755668640137,4.289398762625512,4.195715205703713,4.273294925689697,,,,,,,
732,5.1791420105603,,,,,,,,,,,,,,,5.092962560227255,4.955087303230649,5.260670254595435,5.345581436157227,5.302165235813066,5.065329044685772,4.932085990905762,,,,,,,
733,5.1791420105603,5.1762859778187185,5.174853342480768,5.120575149828154,5.312696170806885,5.176903127455435,5.179186774755616,5.139545917510986,,,,,,,,5.091107422832902,4.956414345055437,5.138615398671468,5.347785091400146,5.089357230361601,5.01959476396641,5.057007789611816,,,,,,,
734,5.1791420105603,5.176072541363594,5.1744591913743525,5.052458862306465,5.35025110244751,5.173861382589023,5.181871608454884,5.176372051239014,,,,,,,,5.101292865513521,4.995513762722975,5.157755256758069,5.35801420211792,5.084057021111781,5.013117671146052,5.054413795471191,,,,,,,
735,5.1791420105603,5.029008038117566,5.181379732105667,5.249569619571996,5.222912311553955,5.057520530522293,4.9103675653058865,5.137611389160156,,,,,,,,4.984242611544178,4.954559255245541,5.293364316591534,5.149354648590088,4.958598532216763,4.862771647968678,5.097827911376953,,,,,,,
736,5.1791420105603,,,,,,,,,,,,,,,5.1092043816814625,4.988917492055467,5.216393594770869,5.355861377716065,5.095832733527079,5.0203721617423716,4.9528374671936035,,,,,,,
737,5.1791420105603,5.191917637311645,5.178500735770709,5.200094700882184,5.36233549118042,5.182200391182326,5.183513317308719,5.232925891876221,,,,,,,,5.108997767287089,4.99740836089212,5.217713660492854,5.360612583160401,5.100756571692458,5.025252627846331,4.9719953536987305,,,,,,,
738,5.1791420105603,,,,,,,,,,,,,,,5.102876941523305,5.050382370514652,5.298829155810872,5.148969936370849,5.081847440468174,4.943182053752724,4.98101282119751,,,,,,,
739,5.1791420105603,5.179142010560321,5.185375878981339,5.406258778381098,4.946692085266113,5.172105371511895,5.129322560549624,5.008607387542725,,,,,,,,5.1182643069588725,5.028962514487023,5.337367248601822,5.048581886291504,5.092039400650703,5.024619781388687,4.9833784103393555,,,,,,,
740,5.1791420105603,5.185454542888794,5.177072247921535,5.149756980595792,5.323484420776367,5.181346341016223,5.175320109764767,5.079261302947998,5.194827255422354,5.1499896016765545,5.203547646676697,5.348716449737549,5.187743645752437,5.173290020845883,5.005591869354248,5.135033344482773,4.957092679622089,5.150192903690088,5.303493690490723,5.071068223465432,5.076892751120413,5.092520236968994,,,,,,,
741,5.1791420105603,,,,,,,,5.18658640573502,5.144599662749661,5.313095419921496,5.274013710021973,5.167874874683008,5.181778271092862,4.973607540130615,5.1199616421236325,4.963043715383998,5.337495018062532,5.281282138824463,5.078357539382622,5.077173846976411,4.930167198181152,,,,,,,
742,5.1791420105603,,,,,,,,5.179142010560321,5.177052032533681,5.1412477307481925,5.314367485046387,5.183155256902397,5.161411568803289,5.147281169891357,5.111356936285226,4.977137293893729,5.217957977020346,5.292784595489502,5.0588478005255935,5.061981491607738,5.166901588439941,,,,,,,
743,5.1791420105603,,,,,,,,5.179142010560321,5.151667790773198,5.1179983731814644,5.290725994110107,5.18358720638665,5.142630477206472,5.012333869934082,5.100523026321298,4.966908267463555,5.153072449684094,5.258007335662842,5.071425666947796,5.063168890199842,5.122309684753418,,,,,,,
744,5.1791420105603,,,,,,,,5.179142010560321,5.142012027225085,5.2035536806586,5.318027114868164,5.168919054239949,5.1376473802287,5.244507312774658,5.1101824692812565,4.948366298691464,5.274071620743407,5.289644622802735,5.050285580472584,5.058585320108691,5.203455924987793,,,,,,,
745,5.1791420105603,5.179142010560321,5.1810932632655495,4.9286596020828695,5.298933315277099,5.188507822645785,5.170864415936011,5.046428203582764,5.179142010560321,5.156354012659623,4.655675216187706,5.240205764770508,5.18582882708623,5.115159144772563,4.980229377746582,5.110385331609693,4.997366349011385,4.651226407849126,5.170218849182129,5.088923854265228,5.003324074974536,5.020905494689941,,,,,,,
746,5.1791420105603,5.144184966396002,5.127020817044578,5.118575157840529,5.222974681854248,5.166409977034272,5.15830432996697,5.0299506187438965,5.130396958399292,5.099673225387314,4.773238856009599,5.221839427947998,5.138252805590938,5.118839405266923,4.9120378494262695,5.088218855853301,4.8822971362778285,4.737953427765022,5.161693859100342,5.0856366687938905,4.992476360351642,4.9016337394714355,,,,,,,
747,5.1791420105603,5.176690102275161,5.174324330357812,5.175963452564421,5.301419067382812,5.191391381194568,5.180233514381306,4.971783638000488,5.168405181869855,5.121229912184894,5.153569699929713,5.364277076721192,5.1792261912385875,5.172367289030958,4.803246021270752,5.049604235538484,5.065711788830864,5.2040558929915335,5.3289400100708,5.040078117680642,4.963852004225138,4.945502281188965,,,,,,,
748,5.1791420105603,,,,,,,,,,,,,,,5.112427180572527,5.035845642655466,5.366960921101144,5.049008464813232,5.108333034694879,4.995713962845907,4.983729839324951,,,,,,,
749,5.1791420105603,5.179142010560321,5.113003344148365,5.324997742063445,5.3066634178161625,5.158216993120464,5.165992862493136,5.061751842498779,5.179142010560321,5.084093766527834,5.1765388801985015,5.3204264640808105,5.165732429252689,5.162421201112976,5.062765121459961,5.041721551734019,4.861112778104568,5.140309558301997,5.290165138244629,5.0407190882267265,4.994960445161679,4.812621116638184,,,,,,,
750,5.1791420105603,5.179142010560321,5.151399561896425,5.385426757721771,5.332643699645996,5.174012565353098,5.171299798199791,4.97109317779541,,,,,,,,5.043770749424308,4.957034285064566,5.33978894659651,5.315549278259278,5.038380504593463,4.985040926698487,4.775708198547363,,,,,,,
751,5.1791420105603,,,,,,,,,,,,,,,5.017959595569651,5.19582848630434,4.894773045383702,4.9387201309204105,4.945644698534733,4.918550682491232,4.491493225097656,,,,,,,
752,5.1791420105603,5.178632330419089,5.161267455807607,4.93576395033804,5.1067546844482425,5.173275036047687,5.115675436638697,5.096911430358887,,,,,,,,5.00723650609903,5.104573208159336,4.864254535994284,4.833464908599853,4.999949441179065,4.901626224849647,4.881683349609375,,,,,,,
753,5.1791420105603,,,,,,,,,,,,,,,4.9977838838740265,5.121127366458549,5.157379171363836,4.763691329956055,4.983822445831666,4.910744124331361,4.704621315002441,,,,,,,
754,5.1791420105603,5.09668557431213,5.151264480627845,5.067717584753932,5.09133014678955,5.115712090591032,5.099985944677893,4.919438362121582,5.128755205561549,5.1083198025842105,4.944972706430099,5.04768934249878,5.13017414755426,5.078515491424008,4.849213600158691,4.910594004089904,5.089422194217609,4.952542105786115,4.940000724792481,4.934087217024162,4.90290802698777,4.806176662445068,,,,,,,
755,5.1791420105603,,,,,,,,,,,,,,,5.1775336455676815,4.997141077318879,4.827314469102163,4.9032210350036625,5.097718231000017,5.061912191655187,4.83841609954834,,,,,,,
756,3.96657624451305,,,,,,,,,,,,,,,,,,,,,,,,,,,,
757,3.70553377383841,,,,,,,,,,,,,,,,,,,,,,,,,,,,
758,3.89279003035213,3.9516787308161163,3.957713504360746,3.7201567598619243,4.397807502746582,3.970892584641624,4.088589663326008,4.601803779602051,,,,,,,,,,,,,,,,,,,,,
759,3.54211810326601,,,,,,,,,,,,,,,,,,,,,,,,,,,,
760,4.23062267392386,4.286424285238427,4.157483493503695,4.147417158358998,4.061951112747193,4.272826364303802,4.200753404260492,4.262233257293701,,,,,,,,,,,,,,,,,,,,,
761,4.85511458171286,4.390263462008874,4.2478561238223635,4.579048322126555,4.319180679321289,4.315823716269931,4.287508834834184,4.293858051300049,,,,,,,,,,,,,,,,,,,,,
762,4.16001944232166,,,,,,,,,,,,,,,,,,,,,,,,,,,,
763,4.11998716163323,4.1840334303034785,4.118798592500131,4.348598082174143,4.229665756225586,4.17398768616562,4.158093444907505,4.369120121002197,,,,,,,,,,,,,,,,,,,,,
764,4.11998716163323,4.216272270345264,4.385708545446358,4.203448504598725,4.542332649230957,4.207201581694323,4.2641380543472875,4.511404991149902,,,,,,,,,,,,,,,,,,,,,
765,4.2298847052129,4.113124158906057,4.1462507657097,4.43060327285747,4.236998081207275,4.07727509100635,4.060802543953988,4.3018693923950195,,,,,,,,,,,,,,,,,,,,,
766,4.23062267392386,4.296946248707602,4.358071053558994,4.398711771055534,4.226424503326416,4.31243513282601,4.314159863176628,4.263866424560547,,,,,,,,,,,,,,,,,,,,,
767,4.32057210338788,,,,,,,,,,,,,,,,,,,,,,,,,,,,
768,4.14026143380285,4.153953614431767,4.110345639764929,4.018646476905538,4.13811559677124,4.24859688702504,4.097867174502662,4.2707085609436035,,,,,,,,,,,,,,,,,,,,,
769,4.09044397075882,,,,,,,,,,,,,,,,,,,,,,,,,,,,
770,4.32148162095989,,,,,,,,,,,,,,,,,,,,,,,,,,,,
771,4.28066871301627,4.219906575423734,4.30161194173912,4.172257553577004,4.050723743438721,4.261084359052789,4.163792362546206,4.1114091873168945,,,,,,,,,,,,,,,,,,,,,
772,4.40011692792631,,,,,,,,,,,,,,,,,,,,,,,,,,,,
773,4.23062267392386,,,,,,,,4.134456928245818,4.14061389583215,4.093470424613841,4.005564641952515,4.200103514711203,4.170839627190272,4.261838436126709,3.9017188130307807,4.21804539129282,4.349453432331491,4.139624738693238,4.222225463807355,4.073873532040229,4.320197582244873,,,,,,,
774,4.85511458171286,4.193346667739786,4.164452116612947,4.192865139836792,4.049495267868042,4.1773995974488995,4.138947200808392,4.1595845222473145,4.141652708488446,4.08504848152539,4.16839586061955,4.257963085174561,4.177690231330287,4.215886772827564,4.288785457611084,3.932724779826273,4.1901665048591035,4.391997172083064,4.210340404510498,4.185515977545361,4.159654893228174,4.346901893615723,,,,,,,
775,4.16001944232166,,,,,,,,4.145885320083223,4.095830364511873,4.254812908169959,4.351915168762207,4.193502627438289,4.252979906413861,4.300397872924805,4.073757208737503,4.199636653596633,4.477020588260667,4.303005695343018,4.171803371117651,4.17675566267545,4.3341264724731445,,,,,,,
776,4.11998716163323,,,,,,,,4.2360512542352,4.3443744719770425,4.356527715030237,4.158320760726928,4.318196344471868,4.152557431695656,4.294638156890869,4.085409599555626,4.390731665370022,4.601232955931008,4.075780773162842,4.2986215646209125,4.151479136077908,4.360102653503418,,,,,,,
777,4.11998716163323,,,,,,,,4.131251073040209,4.198022448287528,4.163400348462251,4.005069923400879,4.192796449367057,4.194221796779754,4.296404838562012,4.010999446578827,4.239778024187993,4.4239966032295515,4.035547208786011,4.206247956325212,4.175591882491983,4.336437225341797,,,,,,,
778,4.2298847052129,4.002483159413666,4.095411982888607,4.130428235127315,4.177308368682861,4.097575730879754,4.100363696147076,4.125202178955078,4.080017778652088,4.161267478250387,4.184687045174607,4.20611343383789,4.159986336455886,4.145873053725289,4.305305480957031,3.968599714555416,4.213598250045511,4.451953780295447,4.195702648162841,4.157527838801802,4.160790856836607,4.363309860229492,,,,,,,
779,4.2298847052129,4.4046564288802275,4.508240077967369,4.36824670191172,4.469811534881591,4.257868304917947,4.408144065574208,4.276753902435303,4.1391325530559095,4.090209014826848,4.131403355913287,4.302082347869873,4.1647912494251305,4.24507215004676,4.303244590759277,4.0927906506641065,4.174324583987779,4.339393810928606,4.309168910980224,4.155667156301835,4.209547186626382,4.3789825439453125,,,,,,,
780,4.23062267392386,4.1755404185317095,4.225853161482259,4.3543626593349,4.473618602752685,4.3057105918018,4.307235395756671,4.222540378570557,4.143266630274152,4.020808947309552,4.291934505524426,4.501806354522705,4.210256307270601,4.296037115395842,4.266557693481445,4.151836536885644,3.909999474286268,4.571616277203744,4.345784091949463,4.191495897777077,4.25861232032946,4.251431465148926,,,,,,,
781,4.09044397075882,,,,,,,,4.147808672609294,4.154519687041909,4.231105615958405,4.32524299621582,4.187951210441499,4.221202623433231,4.305286407470703,4.164016777470106,4.2226088164806255,4.565284453726185,4.331042861938476,4.2163488991910585,4.2429394755966525,4.364415645599365,,,,,,,
782,4.63152716155964,,,,,,,,,,,,,,,4.594621952575263,4.074217937904962,4.104542480025494,4.150204086303711,4.537658961873636,4.59759298596711,4.449311256408691,,,,,,,
783,4.58169870868025,,,,,,,,4.487109279663494,4.420451187531932,4.613069446552779,4.622877407073974,4.484967603673082,4.451458577504388,4.706569194793701,3.5237973485974354,3.943775700073817,4.086737436384806,3.646618938446045,3.8008672925676446,3.86292394193958,3.786886692047119,,,,,,,
784,4.74836177955179,4.566925815866428,4.755576010902638,4.707722311497536,4.578458404541015,4.653019680243645,4.7125173580679505,4.569824695587158,4.527571298592365,4.535345520381263,4.229736814239012,4.272943687438965,4.608559303883849,4.643380697352498,4.236068248748779,,,,,,,,,,,,,,
785,4.67182433856168,,,,,,,,4.5833794373542585,4.603385680412111,4.562935089981272,4.697413158416748,4.561812796021926,4.5255862502316315,4.624781608581543,4.552869330195765,4.630370018338422,4.577799375344216,4.653412628173828,4.579211300934683,4.54527109343716,4.644571781158447,,,,,,,
786,4.44309473094455,,,,,,,,,,,,,,,,,,,,,,,,,,,,
787,4.7851561519523,4.496327684961945,4.481154529826543,4.460354759957908,4.439106464385986,4.477268884825345,4.430552647333121,4.448805332183838,,,,,,,,3.608790427779296,3.9944216287365735,4.055435049948612,3.593418502807617,3.761198798994675,3.870477795616218,3.6925225257873535,,,,,,,
788,4.46890445312997,4.682992898095529,4.589007133830329,4.800181094568091,4.872061347961425,4.6939832398287,4.7074683222898015,4.656790256500244,4.728292594237903,4.6659023623859035,4.792969634518837,4.849756526947021,4.7224044932761,4.7278439746607335,4.6433916091918945,,,,,,,,,,,,,,
789,4.2759700270644,4.638412091197809,4.641066258510641,4.872209158215922,4.843766689300537,4.657504223785307,4.692477495006937,4.665844917297363,4.663887591546988,4.672349362701753,4.891215804098287,4.773078441619873,4.71080967697949,4.719913994822297,4.7033796310424805,,,,,,,,,,,,,,
790,3.95342680233799,,,,,,,,,,,,,,,,,,,,,,,,,,,,
791,3.56703070912559,3.6181173389625623,3.8245302811144666,3.8238661007360375,3.7874381065368654,3.811014293804275,3.797551400118482,3.819812774658203,,,,,,,,3.4083530709035856,3.852006631725165,3.832761481057485,3.709885501861572,3.685833646851161,3.5501067030289595,3.860227108001709,3.779717454072539,3.781651950378941,3.7738398936266155,3.743403673171997,3.785927668785068,3.817844979699741,3.8604094982147217
792,4.84740592207253,4.710856572563591,4.689081596651732,4.539789529370305,4.433418846130371,4.610295041334958,4.4546308184547465,4.481549263000488,4.69111773013783,4.558746659796796,4.228353578982289,4.25093412399292,4.508883350148337,4.384410816581202,4.240317344665527,,,,,,,,,,,,,,
793,4.68006156001969,,,,,,,,4.646553279295105,4.6313075827735135,4.657857314947755,4.7595525741577145,4.567097518069793,4.64018876737487,4.641993522644043,,,,,,,,,,,,,,
794,4.77989191195995,4.48121247566953,4.498989765434892,4.40419906272235,4.551681709289551,4.547789147795717,4.5153984617455,4.529454708099365,,,,,,,,,,,,,,,,,,,,,
795,3.56703070912559,3.764388966101986,3.865527416984475,3.71519093492533,4.01077094078064,3.883714762792419,3.8900985494219835,3.896564483642578,3.814483756556595,3.8998661983432403,3.7434193316392657,3.9681718826293944,3.884805269188058,3.9323821713298606,3.9196701049804688,,,,,,,,,,,,,,
796,4.56719099496683,,,,,,,,4.626287497860585,4.6809634535657,4.654699993831418,4.731808471679687,4.647245425772018,4.465435216481366,4.5769476890563965,,,,,,,,,,,,,,
797,4.52042468982501,4.823433795417277,4.630125105366504,4.790099359723768,4.884113883972168,4.674130630928321,4.720418331272282,4.691653251647949,4.8432267883350555,4.676762706408316,4.748432787532814,4.916708850860596,4.713189383041245,4.71781411329389,4.6437883377075195,,,,,,,,,,,,,,
798,3.73754891026957,3.717773462386903,3.7041619560193566,3.709671167906214,3.633982849121094,3.665154117571682,3.830927752315187,3.775480270385742,,,,,,,,,,,,,,,3.683513517625308,3.7637360658768646,3.6680713039154096,3.584351825714111,3.7706309686002784,3.8463801677987424,3.7431252002716064
799,3.76700388960785,3.7167953549785473,3.885617720828408,3.9242714853320297,3.958978366851807,4.061202923001003,3.9784817747768146,3.982079267501831,3.8669220188415614,3.910181628340989,3.8852643417981687,4.022524738311768,4.03545259774738,4.032495746486657,3.9294815063476562,,,,,,,,3.63367300261009,3.867687190906121,3.8740526954791275,3.853219747543335,4.012232451298446,3.94812454315015,3.954949140548706
800,4.35654732351381,4.290065655178396,4.243310661194201,3.8753006405365023,4.340739440917969,4.190467335447044,4.145660212240865,4.047328948974609,4.249481621235572,4.093874802492234,3.9319134658960775,4.4109197616577145,4.203530670232118,4.129785109761059,4.09360408782959,,,,,,,,4.140493777058415,4.183774926104771,3.926404456714548,4.189342308044433,4.178543301918972,4.07464275897453,4.083118915557861
801,4.46852108295774,4.333638362247138,4.287617789627258,4.335880544324553,4.3385344505310055,4.319010433124105,4.303771576720583,4.019773006439209,4.336638577802728,4.255789375428071,4.190058746306169,4.553244972229004,4.263867485499014,4.282770219505835,4.129294395446777,,,,,,,,4.318945055205168,4.288142251676096,4.3793716301772285,4.5403868675231935,4.263842173202443,4.359377749756706,4.147681713104248
802,3.72584215073632,,,,,,,,,,,,,,,,,,,,,,,,,,,,
803,3.81815641205523,3.69080913115901,3.7998402463620344,3.664053728070576,3.4923098564147947,3.7674643474777607,3.8133911050253393,3.5784847736358643,3.8798838422073327,3.8694668092801647,3.6994233601522923,3.746265411376953,3.8227524418362675,3.782690804695639,3.800311326980591,,,,,,,,3.8859195387497567,3.8635685558760535,3.671465929343997,3.5973289012908936,3.9001832650781774,3.9109446664231804,3.7606918811798096
804,4.60554831917378,4.142617898219485,4.348516630480425,4.446921899170016,4.635341167449951,4.312552132859773,4.285536081812228,4.1354265213012695,4.074434187875903,4.176623761005766,4.398093146078291,4.372391986846924,4.1703539652111274,4.156485215199579,4.0775465965271,4.094994955730058,4.136521615948482,4.358888859934885,4.471426391601563,4.194197630244213,4.128931669661486,4.084729194641113,,,,,,,
805,4.52432881167557,,,,,,,,4.081346424211921,4.092838252098366,4.234268380834132,4.145677995681763,4.067696123314182,4.11834335464685,4.041252613067627,4.087110730215889,4.104074887142437,4.21032918980661,4.226823234558106,4.09540230046159,4.149386054896808,4.038801670074463,,,,,,,
806,4.95360501283766,,,,,,,,,,,,,,,,,,,,,,4.514636038067127,4.4425870575971125,2.861033831424317,4.096104145050049,4.2138878917745215,4.541458767627829,3.5235793590545654
807,3.54073157865553,4.799131681642223,4.641377015499567,5.1111294891327255,4.587137603759766,4.750967329049736,4.7297338830681275,4.481867790222168,4.834347139238762,4.6102486615267555,5.108043495917329,4.630306768417358,4.661665631114015,4.767310601977744,4.4593400955200195,,,,,,,,4.639386649845214,4.273706909160262,3.303231764935788,4.022982501983643,4.23708084472291,4.560840558524671,3.3590304851531982
808,3.83268266525182,,,,,,,,,,,,,,,4.14045833112742,4.076303399660657,4.082751786600154,4.002894496917724,4.070220219553597,4.13318043514972,3.976043701171875,,,,,,,
809,4.25963731050576,4.270567992856885,4.066687472294956,4.156917096079585,4.1720434665679935,4.0921004801375584,4.224696456334411,3.8970038890838623,4.239729961650527,4.056706948190347,4.2140681377448415,4.081195545196533,4.1815353024999,4.261202475281345,4.006512641906738,4.320435381939591,3.9922121615732222,4.111134459644718,4.010363674163818,4.068201753506222,4.1891730994278635,3.9785194396972656,,,,,,,
810,3.87942606879415,4.015614286764811,3.9786247618163837,4.460985517634134,4.618817901611328,3.713214108880388,3.876860574397607,4.27521276473999,,,,,,,,,,,,,,,,,,,,,
811,4.34678748622466,4.072088134079167,4.029008049231399,4.507525489433812,4.346832275390625,4.265600573730223,4.367799367665475,3.703171491622925,,,,,,,,3.9827008015948575,4.121129947733976,4.523655857761243,4.4652252197265625,4.31744299890114,4.314153077856943,4.051842212677002,,,,,,,
812,3.89619627904404,,,,,,,,3.8334263820218215,4.0118032923635125,4.129591724197953,3.836579513549805,3.9458510971975453,4.0639864985928345,3.9425952434539795,4.136168979493087,4.071079866183208,4.189458299272951,3.8223507404327393,4.085581421007905,4.165270784820541,3.850116729736328,,,,,,,
813,3.69680394257951,,,,,,,,3.8391620187133726,4.025390438423848,4.0921398341990365,3.88270263671875,3.9153825995138516,3.9972043737534007,3.910834789276123,4.126204396297438,4.079266799295109,4.059020046782508,3.894758701324463,4.066318902540826,4.1002760306441965,3.8104405403137207,,,,,,,
814,4.06048074738138,4.800543977672862,4.224422849890738,4.119366333019385,4.050489473342895,4.456014479723973,4.573983837537882,4.245261192321777,4.735791247005503,4.102535205296197,4.086896994809165,3.9237181186676025,4.414897145867377,4.54508024324658,4.013718605041504,4.515813143527381,4.035299880128318,3.9988848727387447,3.887829542160034,4.2202802232980705,4.519553016037892,4.131155967712402,,,,,,,
815,4.14266750356873,,,,,,,,4.108613415545261,3.918861648688858,3.818087247595854,3.7934025287628175,4.080229647322218,4.121042388296824,3.823012113571167,4.116831065529371,3.9855956060460453,3.798773786881968,3.8616854667663576,3.9753780819536466,4.093297634817096,3.79880952835083,,,,,,,
816,4.27327279097343,4.189356020605558,4.454829007981528,4.446251517524129,4.688304996490478,4.243072131897971,4.234282380623123,4.302363872528076,,,,,,,,,,,,,,,4.420856147288792,4.615037692062195,4.698545781217959,4.579499340057373,4.523576615262583,4.325107092819613,4.371496677398682
817,4.07883394936226,,,,,,,,,,,,,,,,,,,,,,4.5181469365109015,4.1942690206861535,4.142768403878273,3.8400266647338865,4.527128639285144,4.369210225503277,4.07021427154541
818,3.94309514866353,,,,,,,,,,,,,,,,,,,,,,4.538863370848915,4.499119982511254,4.431829419753573,4.728892993927002,4.453830142758039,4.432335149613515,4.246347904205322
819,4.18045606445813,4.030785899776462,4.17971894032427,3.930348934010047,4.330149555206299,4.177810524590466,4.321270871167878,4.138594627380371,,,,,,,,,,,,,,,4.527144304723591,4.494902060717196,3.9715029294828676,4.336244106292725,4.43857156590864,4.425152012784406,4.18331241607666
820,4.42250820016277,4.677825704587013,5.008784792466023,4.303393802647467,5.161132431030273,4.638895110656797,4.309962292177201,4.919816493988037,,,,,,,,4.675310141070656,4.452691005717846,4.4331266167206635,5.010998725891113,4.540747592185413,4.449509094901707,4.733608245849609,4.651069579441599,4.641081786446355,4.554638858304038,5.212258815765381,4.373990800555428,4.295668547527085,5.183526039123535
821,4.05403929642243,,,,,,,,,,,,,,,,,,,,,,4.238082623587481,4.211548611173781,4.42251260970274,4.0916108131408695,4.294507770624739,4.218235949677968,4.3672685623168945
822,3.77973916616328,4.085491666158726,3.2697944341305902,2.9653431655172104,3.689304161071777,4.091485981942832,4.195900691949891,2.912470579147339,4.160677239555276,3.0577222407682525,2.846263094943446,3.570473003387451,4.15822780107022,4.1652887400868845,3.2737839221954346,,,,,,,,,,,,,,
823,4.84863014975254,,,,,,,,4.443780391699253,4.976434045043662,5.098953777231727,4.479981136322022,4.571810243723418,4.450064810087989,4.88858699798584,4.684256905589632,4.711646513334577,5.213301737344064,4.601284122467041,4.77267972437158,4.583019505761719,4.900827407836914,,,,,,,
824,4.37354386910885,,,,,,,,,,,,,,,4.356572202548695,4.035421347667577,3.8781429573124178,3.9882354736328125,4.336935995425867,4.305845722746234,4.193221092224121,4.113078916640149,3.8686102193333385,3.724425103792282,4.040135765075684,4.308115748171993,4.246693440730869,4.035201549530029
825,4.48145383735081,,,,,,,,,,,,,,,,,,,,,,,,,,,,
826,4.34895354798116,,,,,,,,,,,,,,,,,,,,,,4.481537634464398,4.78792311331615,4.410865174447049,4.815781116485596,3.884164022367396,4.623439375062793,4.715070724487305
827,3.47237009912866,,,,,,,,3.8523979767909275,4.0452528905050364,3.967267977744192,4.132940578460693,3.9815175235296114,4.049445303992196,3.9592278003692627,,,,,,,,,,,,,,
828,4.74066023572847,4.5755099154300005,4.737244905729981,4.9376871030138805,4.698809432983398,4.604240119159312,4.569556468077807,4.722817420959473,,,,,,,,,,,,,,,4.487169603165449,4.499678807053248,4.527596767719423,4.577338218688965,4.3064318504484955,4.461208628370494,4.594328880310059
829,4.73125953488499,4.488662765389334,4.070090990886538,3.9476575059994428,4.535161447525025,4.471243512714841,4.582575326428496,4.483352184295654,,,,,,,,,,,,,,,3.9982475475337846,4.092998421676939,3.8748297953496094,4.592137145996094,4.4305384358524575,4.436653534008261,4.275991916656494
830,5.17648589286921,,,,,,,,,,,,,,,,,,,,,,4.895485459629097,4.48132262370693,4.012058491988825,4.427169132232666,4.382838054914179,4.487340559839655,4.375296592712402
831,4.79209665247474,4.933826988807668,4.954365553477277,4.740298728795041,4.761246967315674,4.899169503324091,4.883478148212863,4.82136869430542,,,,,,,,,,,,,,,4.03048616754513,4.369807670384452,4.075431978401569,4.262187099456787,4.335019009417992,4.492419450467335,4.3917131423950195
832,4.82987110731001,4.793473767811271,4.710434598554338,4.711262110027364,4.79188871383667,4.812376058008162,4.79648029060682,4.830455303192139,,,,,,,,,,,,,,,4.626760855711577,4.3355148031902955,4.187150813165497,4.2651618957519535,4.385780371354298,4.676732875460765,4.38702917098999
833,4.98449042275282,,,,,,,,,,,,,,,,,,,,,,3.9816048851605013,4.37778432797905,4.192544090224585,4.2507405281066895,4.354516120118477,4.423563618857512,4.379424095153809
834,4.84021194064823,4.957734727746594,4.793441671191749,4.916786303927334,4.811824226379395,4.890737997422217,4.968293477769912,4.840435028076172,,,,,,,,,,,,,,,4.647884133424003,4.347348881605542,4.284868475100097,4.254599952697754,4.397383102138767,4.626722454590375,4.37621545791626
835,4.19382002601611,,,,,,,,,,,,,,,4.7481487918245735,4.603748415391064,4.371309375303378,4.3914381980896,4.535616697038201,4.790820785910313,4.453789710998535,,,,,,,
836,3.52578373592374,3.9980721944422832,4.155321297834208,4.109827187292167,4.025736331939697,4.203782388183244,4.407839651214854,3.9745514392852783,,,,,,,,,,,,,,,,,,,,,
837,3.93554201077308,,,,,,,,,,,,,,,,,,,,,,,,,,,,
838,4.20760831050175,,,,,,,,,,,,,,,,,,,,,,,,,,,,
839,3.73518217699046,,,,,,,,,,,,,,,4.301213407922793,4.289249009600813,4.32912297804705,4.926353931427002,4.141935429869528,4.347351480480178,4.823908805847168,,,,,,,
840,4.16749108729376,4.369029283714617,4.748832855208447,4.523818400424219,4.935975551605225,4.555108951416731,4.817269794950462,4.509130001068115,4.469693276723622,4.308671687731785,4.351730397973698,4.383992767333984,4.475957549316785,4.596067880389935,4.297216892242432,,,,,,,,,,,,,,
841,4.27572413039921,4.605552064488456,4.8529252309625575,4.272977166969925,4.717342758178711,4.726549786989569,4.438050407811792,4.477742671966553,4.504181309067581,4.288682908715849,4.282499719817254,4.674543666839599,4.488600837965576,4.553182204123633,4.310854911804199,,,,,,,,,,,,,,
842,3.90308998699194,4.344291687314847,4.605463285182329,4.423912352846496,4.535170459747315,4.600944261864022,4.41143026276222,4.518322944641113,4.527124188507054,4.357321696174682,4.339834000046453,4.461744213104248,4.547309254073455,4.479297908077379,4.293302536010742,,,,,,,,,,,,,,
843,4.41228903498109,4.367757062481427,4.1109286977234,4.306484830224117,4.3494648933410645,4.351479057085384,4.400223942464709,4.4187116622924805,4.416701372549177,4.048791710070825,4.348005063632446,4.298150825500488,4.300280901330691,4.291596226136419,4.260348796844482,,,,,,,,,,,,,,
844,7.6675615400844,4.726133743955308,4.438737337003664,4.138858111753592,4.561324405670166,4.6749377020991405,4.606346966722011,4.73158073425293,,,,,,,,,,,,,,,,,,,,,
845,4.54281222702483,4.657977475261946,4.618442880609004,4.727433921408497,4.469281482696533,4.617712118575177,4.629323203395153,4.536905765533447,4.817820722148416,4.655979420318688,4.9804839180471365,4.721771240234375,4.682947850639521,4.6696518881494855,4.775225639343262,,,,,,,,4.778723030989761,4.472098873725261,5.193020860519089,4.6824441909790036,4.6529468441021,4.637012761717521,5.078600883483887
846,7.48678239993206,4.1815050112071654,4.455084849558658,4.04892747405733,4.4268440246582035,4.35747959549675,4.304273949750825,4.678384304046631,,,,,,,,4.224078790453266,6.453872764176065,6.052726029834414,5.2059986114501955,4.581177842575992,4.4351989825828255,5.654498100280762,,,,,,,
847,4.63290947049542,,,,,,,,4.6458258720044565,4.651438932788953,4.804422205449815,4.980592441558838,4.681949531389721,4.565630419499163,4.770147800445557,,,,,,,,4.6193581196029205,4.460107831119135,4.882221645848466,4.9570215225219725,4.619800435937973,4.519635850317391,5.039996147155762
848,4.15020192146599,4.667528487030678,4.53142960434059,4.402258874391354,4.435897636413574,4.502668185072244,4.598407488960245,4.734026908874512,,,,,,,,,,,,,,,4.57702023264842,4.798136549440372,4.946876317441833,4.802198505401611,4.548221947344054,4.564434998582011,4.845426082611084
849,4.43606674686652,4.49297022714132,4.473995693403487,4.592226153386987,4.485119724273682,4.507227657664413,4.548645031551546,4.479471683502197,4.741493301607495,4.6446221311645965,4.894123961118887,4.595193004608154,4.645922604016164,4.592037491672237,4.5876617431640625,4.608269797343514,4.564759094313513,4.589687849331412,4.46191291809082,4.573766653813392,4.54938606289448,4.534665584564209,4.814367249682687,4.496049940446526,5.0892972183734155,4.665827751159668,4.650467008857552,4.637276214015534,4.9467244148254395
850,4.455213607536,,,,,,,,4.582289708035884,4.646506043786626,4.791130299130183,5.001050186157227,4.660062250484158,4.504067000035616,4.556844711303711,4.646761378751346,4.596880416154498,4.568355044145603,4.805228424072266,4.604737756281729,4.514057189597444,4.521315574645996,4.6374399389967484,4.4893019973749775,4.892164458036645,5.010868167877197,4.604679109504019,4.456155491984906,4.924635410308838
851,3.87323879121704,4.626130002485403,4.40317002315639,4.3100626535385524,4.424667072296143,4.3693931759319415,4.402992466158607,4.54242467880249,,,,,,,,4.0392256585856225,4.396051808002343,4.288444521879089,4.2912595748901365,4.065416044277862,3.9711773765418674,4.390580177307129,4.752300956371884,4.672726670179122,4.787349516857745,4.676339149475098,4.444976969128465,4.480269838746152,4.406262397766113
852,5.09691001300806,,,,,,,,4.9499158575604705,4.701644231634705,4.784619703001626,5.01571798324585,4.852147462201463,4.785377766082909,4.649619102478027,4.7068130276178,4.508279503317822,4.638276204418004,4.819473361968994,4.6600630564090855,4.653742897148534,4.439012050628662,,,,,,,
853,4.74472749489669,,,,,,,,4.439877091704315,4.381175716054237,4.161369387754324,4.419111061096191,4.531861854503924,4.560248703462877,4.4017653465271,4.340878802507375,4.356285149079903,4.005383004021334,4.309084892272949,4.496740133922759,4.528990722706307,4.344994068145752,,,,,,,
854,4.92081875395237,4.487460455130089,4.782572078826012,4.627057366148062,4.441177558898926,4.723876090802551,4.623186453362123,4.586237907409668,,,,,,,,4.506045303395453,4.675135362350137,4.5695244639946715,4.454164218902588,4.748759696297762,4.658337457873445,4.579104423522949,,,,,,,
855,4.95860731484177,4.978136424591567,4.604358490929815,4.8530050948179415,4.973767375946045,4.780418313330962,4.825442977875733,4.532041549682617,,,,,,,,4.71095139005287,4.448426392518284,4.691134786978465,4.861540126800537,4.560840801242838,4.668058237363517,4.509422779083252,,,,,,,
856,4.92081875395237,,,,,,,,4.776809133636498,4.689489556445198,4.819046338264483,4.793724632263183,4.837073171792856,4.8518518844374965,4.629742622375488,4.944288673230468,4.474474422892282,4.62658433904504,4.739502620697022,4.736945267417255,4.7191887031293,4.333895683288574,,,,,,,
857,4.30978920320799,,,,,,,,4.077087340629293,4.710778546299386,4.468959220895115,4.762267589569092,4.296877417598732,4.202181113249262,4.401134967803955,,,,,,,,4.427846164478294,4.384568633458578,4.680467647026346,4.768282127380371,4.518098036293045,4.404138715614133,4.8145527839660645
858,4.67778070526608,4.427004659413524,4.6109934981726965,4.609225662851752,4.873104190826416,4.54513568732611,4.5924149325360615,4.752137660980225,4.526312592745092,4.595562915624694,4.626718489699526,4.8169855117797855,4.557295790256956,4.62680599060069,4.6490397453308105,4.529181853248402,4.732878486814067,4.263850807045361,4.722004318237305,4.705037018431969,4.613623966737343,4.68563985824585,,,,,,,
859,4.29454222149271,,,,,,,,4.063849305241843,4.699605567690849,4.358747937450584,4.457333564758301,4.275270892496181,4.184716051280089,4.378861427307129,,,,,,,,4.370694206350727,4.371410263163308,4.489318396883475,4.448368644714355,4.450041020062432,4.326832381413451,4.770396709442139
860,4.3903809722234,,,,,,,,4.282095527767726,4.615804049089575,4.422104436515786,4.631911659240723,4.246718452480882,4.1850177082333975,4.529986381530762,,,,,,,,4.385100537442486,4.307099420059304,4.7248412715277865,4.646229648590088,4.392900814285039,4.317290960953555,4.659976482391357
861,4.34559198056657,,,,,,,,4.219698333848116,4.615685952285358,4.2286679947547885,4.471924495697022,4.231007652004468,4.182162769059905,4.5419745445251465,,,,,,,,4.358046054398892,4.313115316864918,4.485237525058615,4.562354469299317,4.354360292933405,4.258092007902814,4.677275657653809
862,4.14201904167655,4.353901076510133,4.237468572798239,4.166914310768533,3.963744020462036,4.245183409041846,4.205261598968693,4.152534484863281,,,,,,,,,,,,,,,,,,,,,
863,5.86966623150499,,,,,,,,3.606335767938497,4.48521316752859,4.295649735513091,3.9495909214019775,3.7616715574868773,3.7439904928173378,4.3603129386901855,,,,,,,,,,,,,,
864,4.64263696938486,4.803867642905528,5.725236520375798,5.7152203580471355,5.528300666809082,5.2009264574543135,5.00910788975766,4.863729476928711,3.678811716844345,4.504407192665654,4.5245424122945295,3.9817299842834473,3.756034969513696,3.7759334635074002,4.303652286529541,,,,,,,,,,,,,,
865,4.96497071779763,4.691763413910313,4.7400754911152,4.862229808406321,5.122120761871338,4.653993113303007,4.781171401407355,4.775306224822998,3.6552011805371807,4.502223526497686,4.559681375164004,4.00652847290039,3.8321403057985233,3.7668328974014798,4.202881813049316,,,,,,,,,,,,,,
866,4.91186391129945,,,,,,,,3.715290794199258,4.21357751939434,4.574531518133214,4.198520565032959,3.731607189485739,3.8107914964055905,4.396788120269775,,,,,,,,,,,,,,
867,4.59074334796109,,,,,,,,4.3210566103534696,4.6488383814775105,4.462563693419194,4.5219645500183105,4.410688920123647,4.259467683165769,4.497073173522949,,,,,,,,,,,,,,
868,5.36251027048749,4.7694054310996,5.226848528250623,4.985472062765142,5.184469699859619,4.619596707202885,4.632279905258647,4.744490623474121,4.437068669156701,4.550184116046527,4.658557987151185,4.563229179382324,4.4507464696226835,4.389363149482204,4.730981349945068,,,,,,,,,,,,,,
869,5.24488773360493,,,,,,,,4.525764321868644,4.557227366751032,4.6998171132552065,4.937229251861572,4.5534428887515785,4.589130782203807,4.92621374130249,,,,,,,,,,,,,,
870,4.66474274356547,5.1577072242873525,4.834728531681822,5.221837480912633,5.197487163543701,4.811455782559313,4.871980815164281,4.976719856262207,4.369925665655845,4.584103582429638,4.757901101325663,4.575128173828125,4.451906474152871,4.417187314682708,4.720637321472168,,,,,,,,,,,,,,
871,6.16115090926274,,,,,,,,4.207112147380371,4.579432460021156,4.561174405839533,4.4649073600769045,4.322914510425111,4.238469191404445,4.864388942718506,,,,,,,,,,,,,,
872,4.66837028237007,6.014853183594072,4.930392761247961,5.540323092088605,5.163611888885498,5.567536383587636,5.389843147344547,4.976792335510254,4.1657638767536485,4.578509903785356,4.704305178325998,4.191468667984009,4.340458858685158,4.260173434553518,4.6669840812683105,,,,,,,,,,,,,,
873,4.69314625130699,,,,,,,,3.6293063850785177,4.367129724928013,3.968469846263364,3.9261020183563233,3.9901342562229978,3.9406495027190176,4.512071132659912,,,,,,,,,,,,,,
874,4.65915945018767,,,,,,,,4.474859873910657,4.368382244087845,4.289076423736944,4.540406799316406,4.471332994285276,4.395970101228772,4.973211765289307,,,,,,,,,,,,,,
875,5.59687947882418,4.303767636134029,4.4308914801122645,4.593940745614659,4.673713111877442,4.562156267886375,4.592374102311689,4.607578754425049,4.603744663874674,4.363912497307061,4.226791868949309,4.606634426116943,4.594652678138299,4.697510791185305,4.53557825088501,,,,,,,,,,,,,,
876,4.11958660012208,4.854062201194474,4.772215876828651,5.116184416055962,4.9704896926879885,4.91393533814091,5.036852004816711,4.848769187927246,4.552796595069819,4.513318198534062,4.385421468793428,4.54679651260376,4.661951471055639,4.714075430399961,4.532586574554443,,,,,,,,,,,,,,
877,4.45469288353418,5.193305354144432,4.646453346690203,5.110835945497426,4.6677830696105955,4.447889632048553,4.648354864400044,4.47208309173584,3.698267594481946,4.116581454673336,4.071913746279121,3.998242712020874,3.9639226778094847,3.994899407569942,3.992128372192383,,,,,,,,,,,,,,
878,4.59859945921846,,,,,,,,3.7986194011654977,4.048313657485439,4.228800097878826,3.942269229888916,3.878607017696626,3.985784967552843,4.159499168395996,,,,,,,,,,,,,,
879,4.24108810760203,,,,,,,,3.6773467318775737,4.1394097302269195,4.213982110828963,3.9662997245788576,3.9507419441467455,3.982797623878631,3.851853132247925,,,,,,,,,,,,,,
880,4.77237035042899,4.602038402131418,4.614147494517374,5.191196967880003,4.66851282119751,4.734997924977383,4.741671987525951,4.600478172302246,,,,,,,,4.702807027991883,4.693563485897837,5.153731472748668,4.596369457244873,4.715547469371101,4.694568089437635,4.67385721206665,4.49422978188227,4.5046136838309945,5.3586773551599665,4.710136890411377,4.630316898968379,4.660862801146146,4.826596260070801
881,4.76245626185713,4.840676989389365,4.628809876126565,4.860540545007012,4.860015869140625,4.747732507144894,4.822738125198731,4.626075744628906,,,,,,,,4.857454833878188,4.44536074086216,4.679049733870268,4.8011963844299315,4.597850823028115,4.655419426710881,4.356229782104492,4.5559546213590245,4.492764960556472,5.0214630986489865,4.992289257049561,4.605133468901032,4.783010535206546,4.609551429748535
882,4.70465285166638,,,,,,,,,,,,,,,,,,,,,,4.486127374921671,4.52031236263069,4.9237023364637125,4.640191173553466,4.5483539468613,4.4947428613037275,4.565771579742432
883,4.77806440017199,4.763033567747012,4.630035473002556,4.387090861653162,4.509253215789795,4.656827138924511,4.4656935965010165,4.576175689697266,,,,,,,,4.934315083585119,4.549814534398944,4.425654383743757,4.563879203796387,4.563451642869647,4.430011215066483,4.34407901763916,4.534100361414666,4.480241799647849,4.3720018366915046,4.545252132415771,4.530838356933004,4.441052117035518,4.402915000915527
884,4.80576325127617,,,,,,,,4.675661454092894,4.6128575646553,4.8092514119864065,4.890270328521728,4.643502110298595,4.7001992702861735,4.602807521820068,,,,,,,,4.549983979549543,4.496149174738248,5.0536160239931025,4.772685241699219,4.563984334817899,4.597521855745755,4.634563446044922
885,4.73282827159699,4.815962328211698,4.661926967080308,4.546618668299033,4.9129719734191895,4.722248372861202,4.784596829561482,4.557164669036865,4.791128322348632,4.657124907083673,4.621270910991893,4.921142959594727,4.680719790021915,4.743382942345655,4.53222131729126,4.9504101777050336,4.521018192154369,4.420233465280643,4.876586437225342,4.622372244503263,4.623624742960456,4.32590389251709,4.601611533283928,4.438414730935673,4.6793949988830805,4.97432165145874,4.528170369209201,4.690594869169571,4.405428409576416
886,4.69117317534917,,,,,,,,4.770361476580851,4.656527780215707,4.9078691354072745,4.917316246032715,4.611097130710694,4.645162151030185,4.735112190246582,4.560803549668795,4.5558220022068125,4.716442711064551,4.678979778289795,4.515998098265863,4.565962993151831,4.59257698059082,4.732890266979809,4.505997199892099,5.049264731997762,4.770989513397216,4.614505601992656,4.672550379113619,5.033518314361572
887,4.29690883373603,,,,,,,,,,,,,,,4.62482630424261,4.570910506761572,4.34721060689554,4.479348850250244,4.640715799077909,4.634320151124643,4.539090156555176,,,,,,,
888,4.47013183905669,4.6075197812355535,4.3471840189545405,4.475687381363721,4.570792770385742,4.43687856541544,4.467360316582531,4.534305095672607,4.607160142704677,4.378978006894749,4.312432913352166,4.533933448791504,4.463363420401671,4.495250222226964,4.501749038696289,4.721255862432452,4.603455743107231,4.513694958516775,4.632783699035644,4.654983669099845,4.576198679304716,4.549995422363281,,,,,,,
889,4.20411998265593,,,,,,,,4.417175220206658,4.432297091932042,4.521889918615606,4.438034439086914,4.491888279315407,4.551711894431309,4.679140090942383,,,,,,,,,,,,,,
890,4.0017406615763,4.197372419237926,4.153084224677726,4.318616898821293,4.29221830368042,4.194519665055969,4.244558000829059,4.289726257324219,4.422744434374287,4.089367330615323,4.570707625299784,4.4143671035766605,4.46472171659669,4.548380966813646,4.71785306930542,,,,,,,,,,,,,,
891,4.1605219526258,,,,,,,,4.364654268359602,4.089767005923903,4.499962080960103,4.39040994644165,4.4709231023533285,4.5005888156602945,4.7076544761657715,,,,,,,,,,,,,,
892,4.19111413264019,,,,,,,,4.302006937812891,4.275572845188835,4.42740613041731,4.302113437652588,4.3844549028553645,4.373442273500114,4.605767250061035,,,,,,,,,,,,,,
893,4.16494389827988,,,,,,,,4.263975626856902,4.33535250860216,4.520249006483101,4.267938423156738,4.40275270209815,4.327370917833791,4.586159706115723,,,,,,,,,,,,,,
894,4.55071023048622,,,,,,,,4.7040745608760774,4.665629774313549,4.8804896864643945,4.728172683715821,4.588552518658276,4.615437711233473,4.542437553405762,4.726318129963139,4.6317561992149585,4.670425452677086,4.486108589172363,4.6366373422017375,4.563994167621537,4.571737289428711,4.768256989353569,4.539785029782039,5.001814371302407,4.708308410644531,4.6155239471451575,4.660735367917195,4.6999945640563965
895,3.90237129111188,4.206332207620139,4.102626659675065,4.158037554936126,4.105296516418457,4.198379730652455,4.149364715774474,3.9483916759490967,4.235199132989308,4.2634929772517145,4.237290639695793,4.04004602432251,4.333707813470824,4.210162669012459,4.113677978515625,,,,,,,,4.283641955623579,4.3530082444644025,4.458241072572919,4.209514999389649,4.434492438571163,4.469227524651436,4.00107479095459
896,3.99567862621736,,,,,,,,3.9801969385344576,3.9950408214085,4.169114226363036,4.304810380935669,4.127616738075332,4.245661785038828,4.022579193115234,4.039743374340509,4.065616680210078,4.206058400279195,4.370861434936524,4.135660378219136,4.279777437857698,4.1067352294921875,,,,,,,
897,3.92081875395238,4.07687768027196,4.091160872175541,4.172049219260314,4.416566658020019,4.1066929888805985,4.314021821018981,4.081136226654053,4.1707551211990355,4.149428901471791,4.210240916934262,4.23629732131958,4.138254461350386,4.253286572166578,4.06038761138916,,,,,,,,,,,,,,
898,4.07572071393812,4.051456332423812,4.105499677698671,4.201166851229012,4.270510482788086,4.124881589425741,4.179245911571555,4.091087341308594,,,,,,,,,,,,,,,,,,,,,
899,4.14874165128092,,,,,,,,,,,,,,,4.079226318471039,4.121247480284393,4.460603207973302,4.504236888885498,4.137685345647703,4.171637994629676,4.112152099609375,,,,,,,
900,4.06734139082899,,,,,,,,4.155192089231511,4.2281561964867365,4.2377584390838905,4.138557386398316,4.429677975425728,4.242836643523899,4.10391902923584,,,,,,,,4.302063528355967,4.318055832579673,4.540121545428954,4.286721992492676,4.508886908667845,4.3360945872762775,4.087861061096191
901,4.26243182858211,4.274326046010751,4.345743272598184,4.236750821383896,4.102842092514038,4.137476486032005,4.118026846091219,4.132277011871338,,,,,,,,,,,,,,,4.1117066460679235,4.272425883044023,4.115847740499088,3.989550161361694,4.179250546373709,4.075257738460999,3.9610519409179688
902,5.23657200643706,,,,,,,,,,,,,,,4.155377195359055,4.127159597027712,4.109034705460731,4.122650289535523,4.103456894158408,4.073251768829698,4.629528045654297,4.417158103891398,4.16690824782563,4.620133720235168,4.780633068084716,4.330046108508845,4.362342995707811,4.893854141235352
903,3.86169730183372,4.718251003323211,4.779460993189287,5.039507895930503,5.125205993652344,4.832475631557766,4.85694601051086,4.634714126586914,4.605378807624026,4.65828440908505,5.010800543515284,5.175242137908936,4.711471973039457,4.789236721542535,4.994992256164551,,,,,,,,4.457501516101008,4.147683158858078,4.533811221538936,4.760847473144532,4.284019144495447,4.417763826716908,4.515375137329102
904,4.06550154875643,4.162133557178798,4.147538892302303,4.284276352523104,4.352856063842774,4.091258060703362,4.199317411185318,4.157610893249512,,,,,,,,4.131650169937293,4.119042317983823,4.3812768951368835,4.450688171386719,4.112706943065982,4.230269313607445,4.148415565490723,,,,,,,
905,4.73165766368954,4.726556759455325,4.544628756544077,4.580453404749724,4.688707447052002,4.6295223286840805,4.710922999343011,4.413025856018066,,,,,,,,,,,,,,,,,,,,,
906,5.1249387366083,4.435950987152854,4.445782037407471,4.751699922320724,4.919987583160401,4.485629734078213,4.554797041889893,4.388293743133545,,,,,,,,4.410646146031144,4.478404487084768,4.755685077997543,4.872813701629639,4.458940489433655,4.5870868776168345,4.447535991668701,,,,,,,
907,4.30406001265995,4.276991897179696,4.2785693503640685,4.480273615586839,4.141409969329834,4.27538568506003,4.220542461969282,4.103776454925537,4.205232811478272,4.1601729927848154,4.559513471246297,4.041950368881226,4.199008647857867,4.133781737888276,4.2353386878967285,,,,,,,,4.361766668476486,4.181621440759373,4.8726355685811935,4.071057939529419,4.395407699774792,4.280785445881927,4.641829490661621
908,4.39329625866633,4.644738814867501,4.447770321512831,4.553214302924839,4.793627643585205,4.5791173253431445,4.564066298987448,4.5640997886657715,4.607000900218828,4.558277543254905,4.625806630880485,4.766620731353759,4.591461115469025,4.59019644501491,4.783566474914551,4.709666865841697,4.63758554203888,4.635661279070379,4.779430866241455,4.690348172985401,4.664384378236532,4.586882591247559,4.637724873042823,4.604716883729789,4.628053920200877,4.752365970611573,4.731946778449314,4.680989537913197,4.750771522521973
909,4.3421795439843,4.375147046075437,4.389867764006193,4.447663886777415,4.411478042602539,4.431990402304234,4.3895284498906815,4.482827186584473,4.404393149300411,4.54230638132242,4.490161538940895,4.561161804199219,4.517510625021182,4.4354678728533665,4.624794960021973,4.665822838338131,4.600619399348297,4.544945591272597,4.450388813018799,4.665644061643183,4.605997798896929,4.530575275421143,4.6314689203409225,4.578753131657206,4.497522086090743,4.427179431915283,4.738875846944319,4.628635956716113,4.7535810470581055
910,4.33677036546713,,,,,,,,,,,,,,,4.658930353982745,4.52289857973166,4.579153753639034,4.3612898826599125,4.649895906028747,4.6400015136708985,4.3982415199279785,4.611029270059235,4.525053592489843,4.476584404716727,4.356442928314209,4.644756564979808,4.647268477308974,4.621646881103516
911,4.37489342459653,,,,,,,,4.35530384102148,4.511161303110784,4.482939650082307,4.551160049438477,4.473255192614183,4.426304288962895,4.664541244506836,4.580305237937759,4.595181035998148,4.536355480836733,4.439227485656739,4.577823108541629,4.5799728621272076,4.499959468841553,4.653768742188343,4.554101995077544,4.4725672205331755,4.4231541633605955,4.719503752424066,4.635672611969398,4.759155750274658
912,4.31300643373532,,,,,,,,,,,,,,,4.5691018048696,4.478098145795784,4.5407959598941865,4.354783153533935,4.560379550918389,4.623948009805041,4.397845268249512,4.634596367218486,4.524925981358922,4.42071892071066,4.353160667419433,4.606904484571736,4.656493434915705,4.638693332672119
913,4.4350973274708,4.407854263429403,4.391061442592444,4.316545516372535,4.391601276397705,4.385673130761906,4.383699967414784,4.305278301239014,4.429064016238532,4.495394295897909,4.437971071773051,4.561257648468017,4.478065012502491,4.440515236563736,4.6199750900268555,4.581521308682792,4.564075337188274,4.506110830756902,4.450724792480469,4.585080473981957,4.569957368871264,4.476729869842529,4.637069943512269,4.548387627477004,4.453644453911863,4.42661485671997,4.6952673931033635,4.624129692967995,4.763337135314941
914,4.41038545936873,,,,,,,,,,,,,,,4.569003534810322,4.434384870369724,4.511866000422562,4.362723731994629,4.543318989435095,4.608374630024347,4.395656585693359,4.615917761538437,4.479909918929371,4.4060943648022555,4.351157855987549,4.585450407350068,4.6475170892240865,4.641387939453125
915,4.35017853677543,4.366778795509322,4.419842243355044,4.506737715766922,4.120124673843383,4.413972507041345,4.42001008210442,4.468074798583984,4.4020798539224355,4.509268314125782,4.595930362973129,4.460880470275879,4.476738409687993,4.438392651363966,4.5601067543029785,4.6208044781410855,4.575007632017185,4.64177421031495,4.3769632339477536,4.577017028149852,4.525747752830538,4.522208213806152,4.39381799325592,4.561621082522918,4.481997808970504,4.222136116027832,4.649810318581508,4.50653200189542,4.717199802398682
916,4.28193994921136,,,,,,,,4.141876838624948,4.140499671827324,4.234787914005428,3.991142511367798,4.174819939691846,4.15059643269469,4.232785224914551,,,,,,,,4.319423264470621,4.161554846618659,4.521933521128757,4.166762256622315,4.340186697062422,4.240013437372538,4.610672473907471
917,4.57659027226691,4.520353281946264,4.373150427081908,4.169189277903595,4.205202102661133,4.483184657049585,4.399662006545585,4.473532199859619,,,,,,,,5.032331024530327,4.364167186366598,4.08338457091259,4.104170179367065,4.680164538431815,4.562634489676604,4.631545066833496,5.190330685512817,4.565802678873628,4.40134718276817,4.3323976516723635,4.980426165123199,4.8792240872894075,5.027346611022949
918,4.38352448611143,,,,,,,,,,,,,,,4.965898263347672,4.2771303149826245,4.381498148217342,4.475383472442627,4.638701312364249,4.639149883424191,4.568942546844482,5.138773425430436,4.505661924333932,4.5337050761475615,4.470177268981933,4.918508438767554,4.930419884276867,4.905926704406738
919,4.76955107862173,4.181402176774994,3.96833626881122,4.188069291870099,4.368089771270752,4.173403806251185,4.320157416691711,4.187257289886475,4.293735763719207,4.076124677005375,4.092806468614397,4.3514093399047855,4.184283848774978,4.210826206142844,4.19304084777832,,,,,,,,,,,,,,
920,4.36240232052004,,,,,,,,4.143932379033613,4.738277298245428,4.6823804909339035,4.801743698120117,4.2698173450029495,4.229694926219349,4.371242523193359,4.269597855769747,4.347966494743374,4.577539686909289,4.532759189605713,4.224600387601083,4.244090139729939,4.325342655181885,4.383596388341822,4.484539046540163,4.796706070423558,4.873247528076172,4.497286850371664,4.396711196243491,4.6559858322143555
921,3.21694343070385,3.328324469207891,3.2430676100889997,3.1632684675971445,2.9767507553100585,3.287087493282525,3.2782083037545537,3.3440754413604736,,,,,,,,3.182663380009759,3.3843731861430695,3.1568885272048752,3.227396583557129,3.2938510332398643,3.2122010853835543,3.3879599571228027,4.063294930640501,3.848711707289405,3.969053622759477,3.986681270599365,4.040570535083657,4.001152393477283,4.497694492340088
922,3.16510430446495,,,,,,,,,,,,,,,3.2256342642175393,3.542367218508087,3.7073092829200918,3.8032763957977296,3.4766133386411244,3.2022987532820952,3.316474199295044,4.051158843462188,3.9508142811300386,4.229770391213533,4.131008911132812,4.098258590006602,4.040676236994749,4.7546586990356445
923,3.27750645614904,,,,,,,,,,,,,,,3.0700975650269338,3.2061912961070322,3.228838964384531,3.157011127471924,3.16704666939531,3.13342657747118,3.0686440467834473,4.062368247238541,3.8202757338989026,4.112652282247975,4.032167911529541,4.063745562737488,3.9861079904515115,4.297623634338379
924,3.34599813567324,,,,,,,,,,,,,,,3.223669255582808,3.361543736620848,3.6551529494633552,3.6832915782928466,3.4183846096754134,3.209620006844351,3.3480429649353027,4.053886335504096,3.9780885993986828,4.271800516162753,4.12280592918396,4.152024687307425,4.021089724128191,4.5422163009643555
925,3.12100155298665,,,,,,,,,,,,,,,,,,,,,,4.035845279483191,3.9453645908024355,4.059058751402108,4.035758972167969,4.044079841704421,4.001137727391625,4.416555881500244
926,3.19532637240237,3.3055037296147707,3.1418082868844834,3.043429380666037,2.8753659248352053,3.2305266696442163,3.0402356266660866,3.250767230987549,,,,,,,,,,,,,,,3.893515692870141,3.8518536878578606,3.904125437883006,3.717114877700806,4.061523737646508,3.9781370636750735,4.2824387550354
927,3.42701279781702,3.2630484018559787,3.286874701816771,3.2683458397442156,3.2585948944091796,3.4693384435000167,3.506650089338253,3.1208834648132324,,,,,,,,,,,,,,,3.940079786496453,3.9586551822047595,3.9038853095075465,3.8933486461639406,4.067559768243907,4.01801446050037,4.537993907928467
928,2.83717693098455,3.26887520065723,3.274158940189821,3.331469417077062,3.0169878005981445,3.346350656034332,3.251866725893844,3.1989262104034424,,,,,,,,,,,,,,,3.987362084941718,3.836067546000428,3.9563060083301633,3.7307899951934815,4.100761342212417,3.994940068985051,4.125152111053467
929,3.48598189917161,,,,,,,,,,,,,,,,,,,,,,4.022087098092278,3.977720304775352,4.0408760524463405,3.91170334815979,4.170904123206366,4.045413761756048,4.3296637535095215
930,3.23175227128396,,,,,,,,,,,,,,,,,,,,,,3.9635142368696195,3.9270441910663423,3.976836679063975,3.7435572147369385,4.103180715037639,3.9848830351463884,4.211176872253418
931,2.83863199776503,4.210283236553661,3.1829135705217912,3.714723096394379,3.811087131500244,4.1682953088406505,4.264371798068016,4.67301082611084,,,,,,,,4.506631996342524,2.998251625565721,3.8021210809062693,4.033766841888427,4.325800390712376,4.162589755237374,4.474517822265625,,,,,,,
932,4.93516778026143,,,,,,,,,,,,,,,6.18651686065019,4.2582736433709325,4.803883585427944,6.323278141021729,5.797525655483174,6.073801382266962,6.090271949768066,,,,,,,
933,4.70377371273884,,,,,,,,,,,,,,,6.262115950917637,4.090850507389603,4.699794791510918,4.760135650634766,6.0163469762530815,6.201910734522224,5.761197566986084,,,,,,,
934,4.48545224733971,4.738503844838358,4.50380598761501,4.411695298635344,4.500725364685058,4.509905132580036,4.490413236321734,4.517812252044678,,,,,,,,,,,,,,,4.883478855890639,4.647470012361507,4.6674946274214335,4.696281051635742,4.757270134997128,4.725785405592312,4.70261287689209
935,4.31884925006758,,,,,,,,,,,,,,,4.600795011533374,4.371817937411581,4.5134184412122895,4.608944702148437,4.42197271676026,4.48446842018291,4.590808868408203,5.057200605160383,4.6004532733009675,4.7626098695197285,4.606229591369629,4.777406672604238,4.799542492373286,4.676095008850098
936,4.34132097141755,,,,,,,,,,,,,,,,,,,,,,5.061039265983102,4.602165692232232,4.745127199098134,4.56142225265503,4.767440091013838,4.768007123214327,4.686835765838623
937,4.51584257563462,,,,,,,,,,,,,,,,,,,,,,5.060504481925226,4.596244715603367,4.628545257387289,4.565192699432373,4.788415071946329,4.778233895327397,4.680877208709717
938,4.72584215073632,,,,,,,,,,,,,,,,,,,,,,5.073116015240404,4.995965527588965,4.656895347777362,5.032995986938476,4.968890871401248,4.847805391777412,4.995846748352051
939,4.7307206102281,4.5719976725438345,4.730422532839372,4.854099345346681,4.8695494651794435,4.735287617586239,4.725571444965215,4.8427934646606445,4.614547835762215,4.7262113207314895,4.86028130701817,4.946264457702637,4.734596490685919,4.758681076124202,4.822965621948242,,,,,,,,5.07223501875138,4.995228150833824,5.037828587439792,5.157214546203614,4.939267843896389,4.833828984878697,4.998248100280762
940,4.75104638450429,,,,,,,,4.695141649115902,4.730695480877559,4.646634634165541,4.901578712463379,4.720948208301131,4.763056197378649,4.789512634277344,,,,,,,,4.973135519989025,4.997058605331473,4.832567022425279,5.140374946594238,4.957148502420816,4.8476318354576815,5.029206275939941
941,4.73235901765408,,,,,,,,4.537746276521957,4.745192043601122,4.857331730231909,4.916053295135498,4.7999966850901945,4.7496850757817315,4.7240190505981445,,,,,,,,4.977490378232361,4.995170885746947,5.030460042144468,5.201484107971192,5.003399296201772,4.874547321917467,5.015134334564209
942,4.88405682306094,,,,,,,,4.7493773429170565,4.8974942306328595,4.859610064100384,4.954586124420166,4.8086782926132,4.784997605987106,4.940526485443115,,,,,,,,5.002361834407033,4.822560545010985,4.891820922241652,5.038646507263183,4.958214766750135,4.833554850011348,5.101920127868652
943,4.4038402864705,4.328538785536707,4.370510535220114,4.517634365352511,4.298019695281982,4.295505433428153,4.237389337655893,4.362840175628662,4.260698535116498,4.668271251413163,4.607692760715372,4.620273303985596,4.225497559299241,4.213235761041821,4.6475982666015625,4.322012468195916,4.3799103807796325,4.5746802110231,4.391530227661133,4.221389196955659,4.24460223650639,4.366549968719482,4.392586800041169,4.38810820338573,4.800979447799784,4.623116588592529,4.358349291825785,4.276042957044155,4.6918230056762695
944,3.93367407463796,,,,,,,,,,,,,,,,,,,,,,4.791539504093273,4.240241936470886,4.207575597719099,4.777662944793701,4.474425139463539,4.678884097145277,4.565402984619141
945,3.00411482902038,3.981996299588742,3.4866688470257894,3.5501623944527068,3.957368087768555,3.6573758262375087,3.851748839357473,1.8759088516235352,,,,,,,,,,,,,,,3.9485880374016897,3.863336113481874,3.7465455907826106,4.309305000305176,3.798519914132392,3.9537814633279926,3.611293077468872
946,4.9752699540678,,,,,,,,,,,,,,,4.648685223831021,4.888450967295189,4.984640576911953,4.952430152893067,4.897112909502524,4.877613277347634,4.829639911651611,,,,,,,
947,3.78172714642855,4.117718518681618,4.3286378834171435,4.0892591939080924,4.630824184417724,4.203957609352572,4.153996941586683,4.014050483703613,,,,,,,,4.093994962531406,4.284395495684891,4.02540568510009,4.614529800415039,4.201804199768164,4.199112247182664,3.9864895343780518,4.079465761167851,4.44330703107966,4.27989151662931,4.69331922531128,4.289531083718513,4.15678720261943,4.153814792633057
948,4.11299823102329,3.8051786088677675,4.066790434217415,4.324832470437543,4.167729663848877,4.0535521736881455,4.152990150505346,4.001654624938965,3.846589582688791,4.118123205617823,4.241224090315959,4.30942554473877,4.06733793526789,4.10685367478206,3.893972396850586,,,,,,,,3.879511862701,4.412595591838422,4.216239385237244,4.225995969772339,4.167756665110464,4.119975612945441,4.078856468200684
949,3.75671385391655,,,,,,,,4.075392275608938,4.203624353596351,4.620764652976258,4.283457279205322,4.013604585324855,4.183870021186528,3.9346671104431152,,,,,,,,3.97929228709492,4.2348363409060665,4.53319095357819,4.234165811538697,4.038928832532874,4.126985598802778,4.144786357879639
950,4.13135556160517,3.963361307989316,4.366472339438501,3.8305712227334263,4.240414142608643,4.090389885327121,4.206125811012115,3.8294315338134766,3.9026364240406597,4.248387093237666,3.538771121316955,4.186683273315429,4.056260690450459,4.1474447853137875,3.847695827484131,4.104078168495736,4.255427364221568,3.674614227097573,4.059128332138061,4.201392668629286,4.101286034482932,3.818603515625,4.0831073519353875,4.469410690043762,3.6916446678675015,4.254402160644531,4.2082715820786,4.159655873185436,3.8919246196746826
951,2.67778070526608,3.894586494486053,3.7433756625685,3.5946794856856394,4.029622268676758,3.756732850559067,3.822452296056861,3.7201454639434814,3.835558456035581,3.7443436953058513,3.5258694512565305,4.039808130264282,3.656425160886356,3.813944060037597,3.6779067516326904,4.01485418942824,3.712324701622449,3.797506245188309,4.095450019836425,3.945058646642221,3.937642791401672,3.541024684906006,,,,,,,
952,4.58502665202918,,,,,,,,,,,,,,,,,,,,,,4.737419341008457,4.582695234420489,4.980858411008379,4.570659923553467,4.392354511239235,4.643088452336629,4.57180118560791
953,4.27938278614774,4.282626559196366,4.227406804578966,4.223892201841055,4.114726924896241,4.233172979998488,4.234157281717886,4.128269672393799,4.1809798653331045,4.174759869022107,4.422192837942002,4.197196102142334,4.184577937972885,4.138503145348826,4.262277126312256,4.27105745155765,4.223228652997846,4.339910491868903,4.257394504547119,4.197286089687896,4.2551079848957185,4.153221130371094,4.34274210138177,4.1927480175493645,4.6158054438297444,4.14289927482605,4.359545513229356,4.295275407741736,4.570307731628418
954,3.9100948885606,,,,,,,,3.6111787156006177,3.2737715474892486,3.7246655582279797,2.576620006561279,3.2797219110324742,3.1318132013282582,2.7408511638641357,4.048273454230155,3.5926492408165474,3.7328473181871282,3.109395885467529,3.72829828127653,3.864617944691278,3.261892795562744,4.055749929889386,3.4383360975562454,3.7331288845492177,3.069572639465332,3.628022833476312,3.799463780739103,3.9544215202331543
955,4.65757731917779,4.586925069543547,4.527001616327052,4.440009908887199,4.66033706665039,4.575626044208345,4.568846665457265,4.2828145027160645,,,,,,,,4.550251809879615,4.528120282776098,4.603762476566713,4.712740421295166,4.601719936818495,4.5183131683074205,4.45111083984375,4.6015966959033845,4.566196515123097,4.7279666038471335,4.72657470703125,4.589796260380182,4.535632801657608,4.734321117401123
956,4.07572071393812,4.169020084746979,4.097248399762008,4.212098818635061,4.219458484649659,4.133226708296324,4.241519091294367,4.062736988067627,,,,,,,,,,,,,,,4.274888521197853,4.1600069934902395,4.488177311924392,4.298429775238037,4.205241309139122,4.227821942870704,4.41124153137207
957,4.11918640771921,,,,,,,,,,,,,,,4.14234038336177,3.920716515476962,4.223818814423759,4.0389612197875975,4.213290353794581,4.249260694840641,4.193111896514893,4.342459121563248,3.9151406038345855,4.47861360539766,3.9653420448303223,4.333379313456413,4.427748189314684,4.446514129638672
958,3.84466396253494,,,,,,,,,,,,,,,,,,,,,,4.362800481209522,3.8970477118799205,4.165298343507862,4.0805230140686035,4.349826975958852,4.40505971129498,4.263992786407471
959,4.53760200210104,4.449026302558666,4.4575564446036315,4.19989471978945,4.497572612762451,4.559644420216902,4.389066646756593,4.147348403930664,,,,,,,,4.513949869630355,4.459688075898038,4.202291949182529,4.548325729370117,4.571691612583752,4.363840358490848,4.303128719329834,4.691210426802528,4.557550671908681,4.279048549666785,4.627866744995117,4.64849353890379,4.576043476781994,4.6968488693237305
960,4.08618614761628,4.1914647243830965,4.087358415638229,3.914393577113697,3.942110061645508,4.128211503162998,4.201813725388178,4.034745216369629,,,,,,,,,,,,,,,4.2972612434858455,4.153762272641522,4.017449110984504,4.0911561965942385,4.216988125681773,4.2159546262575365,4.357754707336426
961,3.82973828460504,,,,,,,,,,,,,,,3.86639881657367,3.8514305486067997,3.7625424996432253,3.9138049125671386,3.7738775542159626,3.69995203431164,3.807271957397461,3.911336865128992,3.8837833772145194,3.7562281654225003,4.1165016174316404,3.876968805983376,3.7575263959934824,4.019250392913818
962,3.73282827159699,,,,,,,,,,,,,,,3.95308242734859,3.860376434969179,4.102475761694234,4.114447212219238,3.9746247721927563,3.8895220614008057,3.8355441093444824,4.01090220447884,3.9562100148445136,4.12020323268903,4.186811256408691,4.02507256828181,3.9424621735671352,4.047884464263916
963,3.82390874094432,4.003089489239095,3.7297553578422686,3.864813553695527,4.168467044830322,3.946300999193115,4.058706105154448,3.916165828704834,,,,,,,,4.010464838278238,3.9654153657197644,4.043678665055806,4.250970840454102,4.048363569400345,3.9280756694531624,4.061607360839844,3.917598247914353,4.075777362071648,4.029180578936939,4.2837518692016605,4.059229942065976,3.9243248963477226,4.299626350402832
964,4.60205999132796,4.529116443493973,4.438844553418356,4.316418069797818,4.537591171264649,4.517525827829002,4.6017667469013945,4.548196792602539,,,,,,,,4.529269345132193,4.415445205462389,4.602199082969024,4.691922283172607,4.543412035014418,4.495943308833123,4.443540096282959,4.60114872486955,4.5490693393090345,4.5335487989353584,4.704270744323731,4.584824676298845,4.538938057399198,4.836885929107666
965,4.31875876262441,4.357738378549637,4.559404748820364,4.256732063369417,4.560306072235107,4.5011834943467655,4.54172185004655,4.34818172454834,,,,,,,,,,,,,,,4.690270279667832,4.569577912862301,4.225316751257164,4.615899753570557,4.565043510376289,4.580892040844529,4.71226167678833
966,4.52287874528034,4.403120584803234,4.449867393842183,4.373231070524998,4.405850219726562,4.476561441418792,4.449073031995952,4.3346123695373535,4.453511350930537,4.450737678584869,4.509695884464179,4.362491703033447,4.590900700557866,4.51609367513291,4.5290913581848145,4.400439733007073,4.387825166625799,4.469625181511695,4.354356575012207,4.486562458352749,4.4730133049750185,4.465801239013672,4.66683935774421,4.574632552805457,4.54306911131398,4.381788063049316,4.669472689858197,4.712273376720116,4.405142307281494
967,4.35654732351381,,,,,,,,4.492474975415955,4.527273911081747,4.280030230578097,4.430127429962158,4.484119877795301,4.524410970462544,4.626759052276611,4.480464201911571,4.540742059235162,4.195458271706701,4.567709255218506,4.48178689608791,4.512260671858868,4.558309078216553,4.731372294278469,4.594189967230943,4.249628335502117,4.310008907318116,4.6002052434943845,4.684724445509047,4.356462001800537
968,4.58502665202918,,,,,,,,,,,,,,,4.667594360751564,4.651199981392295,4.717833771390852,4.723318672180175,4.620012807261434,4.572231699897634,4.720516204833984,4.372619942435637,4.779452305581186,4.7950218044422845,5.035698699951172,4.6051355846027,4.544091950927061,5.029065132141113
969,4.69897000433602,,,,,,,,,,,,,,,,,,,,,,4.366054444628835,4.8155206951005765,4.568834392156619,5.024060916900635,4.60738590705087,4.516723271568436,5.007879257202148
970,4.63827216398241,4.384614761544378,4.295677600272111,4.2525216189116355,4.748861598968506,4.407267051093716,4.471167167865142,4.6179704666137695,,,,,,,,,,,,,,,4.378924788712996,4.774960299309608,4.605101416503569,5.102730083465576,4.568431022200729,4.544209362369615,5.002182960510254
971,4.16749108729376,4.581712687291205,4.648634916015809,4.5689270965663855,4.5977785110473635,4.602267606161917,4.573405178097004,4.633876800537109,,,,,,,,,,,,,,,4.369612970680467,4.786447959245197,4.525328084806639,5.020393371582031,4.562029838776814,4.577428851561112,4.918107986450195
972,4.49485002168009,,,,,,,,,,,,,,,,,,,,,,4.243583093435073,4.595052007507807,4.651772568273764,4.94413013458252,4.5188482435941255,4.5205372942575215,4.449517250061035
973,4.49485002168009,4.282232907244011,4.491816751381657,4.486585106673239,4.874350547790527,4.418989120658128,4.4799921963442015,4.438243865966797,,,,,,,,,,,,,,,4.254426182512494,4.616791886947792,4.463586284879173,4.940603733062744,4.487911843665705,4.52746704917885,4.412755012512207
974,4.21989922845729,4.198394281276054,4.184119773491122,4.328182833662486,4.318175315856934,4.202966381441528,4.205749567145573,4.152334690093994,4.165934789501633,4.279831432327698,4.522915866863023,4.234316349029541,4.25116603398503,4.173499428688117,4.271284580230713,,,,,,,,4.412319281088232,4.241563477083559,4.7909514193423846,4.193225002288818,4.409558499123044,4.2859264749218555,4.7426533699035645
975,4.21542186675193,4.193353937017222,4.191111895155405,4.152056850376616,4.203079605102539,4.174548395120976,4.182224027814018,4.148190498352051,4.104262230089146,4.264697174393352,4.284520159216483,4.21030445098877,4.216323538991632,4.187559283684202,4.28155517578125,,,,,,,,4.381560643396295,4.249740820641732,4.496836373437695,4.286313867568969,4.37825371777292,4.222526499153007,4.72721004486084
976,4.60380065290426,,,,,,,,4.134835384441687,3.882744023571989,4.292656936982601,4.432331371307373,4.069054300368562,4.169186858106671,4.172272682189941,,,,,,,,,,,,,,
977,4.07974757564008,4.159091346007354,4.132995306638522,4.120319304952915,4.150379180908203,4.181910792246865,4.1981561009500075,4.1280341148376465,4.293658657736776,4.284173389428679,4.339573908305179,4.095527935028076,4.254710246660881,4.257589968566515,4.28551721572876,,,,,,,,4.439094611219756,4.139593687546394,4.474818163766504,3.9956292629241945,4.3217582807694885,4.330030004852411,4.554624080657959
978,3.44117147518299,,,,,,,,4.224741853217451,4.509402739346781,4.461483093962171,4.049047183990479,4.2155880078282015,4.092527692216191,3.8944435119628906,,,,,,,,,,,,,,
979,4.11896466374574,,,,,,,,4.260575501486777,4.263243614980213,4.099154169191959,4.153729486465454,4.2064277947063395,4.264845647370228,4.2992119789123535,,,,,,,,4.3993224126704895,4.162528519078702,4.202596599028151,4.128718709945678,4.283336374819152,4.318702546443086,4.529476165771484
980,4.02548830726267,3.992304234566069,3.6032663760232224,3.4212293404162026,3.5512459754943846,4.096535597999871,3.9906294607038735,3.59767484664917,4.313747543904369,4.55245259859856,4.0455366924377,3.7978078365325927,4.335963561714677,4.171661084312247,3.74609375,,,,,,,,,,,,,,
981,3.7862167006647,4.166103617370299,4.41177692265297,4.208830802991963,4.3750465393066404,4.361175500721817,4.3827646921972345,3.974605083465576,4.347472004280771,4.5799671875625,4.545761027618686,4.432671642303466,4.441429938771233,4.357466378544746,4.150981903076172,,,,,,,,,,,,,,
982,3.38362952770873,4.236204445141349,4.096733323179707,4.023851029495317,3.992146110534668,4.2654423529843095,4.38718671822405,4.183331489562988,4.39940111381528,3.9622900549037117,3.823053186093822,3.779857873916626,4.228563254382393,4.384828633775634,3.842803478240967,4.1300192442000965,4.08063120119671,3.8775854086474983,3.9858392238616944,4.29833466905786,4.333530616101717,3.620850086212158,,,,,,,
983,4.42365864979421,4.215864895861694,4.3565922701334125,4.039473331404946,3.6051703453063966,4.250355305881843,4.16992898312873,4.07232141494751,,,,,,,,3.9896719768709867,4.289393206036413,3.985439698980997,3.5041367530822756,4.084515473858808,4.162994568719309,4.01424503326416,3.907999483350924,4.167754686175791,3.9542031333600467,3.3973137855529787,3.9571049953079758,4.05466003658149,3.504270076751709
984,4.37365963262496,4.399262285291316,4.458149719729417,4.27816323795383,4.249260425567627,4.4096091330453655,4.2917299138793865,4.461240768432617,,,,,,,,4.055013417440767,4.335132718950999,4.165503249381886,4.253826999664307,4.23461034892917,4.260614376665623,4.490585803985596,4.01350280408535,4.174399571693174,4.174471570457156,4.385808277130127,4.071135718482524,4.156637859629868,3.9301788806915283
985,4.65560772631489,,,,,,,,,,,,,,,4.1024920613263856,4.519031980704454,4.184546891798638,4.189241170883179,4.17480861058541,4.101666564943687,4.414315223693848,3.9644983353535594,4.612083738215524,4.144026351261679,4.051062440872192,4.021418659538159,3.9119635216707564,4.284603118896484
986,4.44009337496389,,,,,,,,,,,,,,,4.000168254332767,4.041868587814776,3.9636739123241433,4.032319116592407,4.063192307638244,3.9350252568085597,3.705474853515625,3.743217168297257,4.0722350636461035,3.963833748392111,3.974972200393677,3.839018408862029,3.794760556453873,3.7638001441955566
987,4.61618463401957,,,,,,,,,,,,,,,4.202952667480966,4.062771203508856,3.9528062893172478,3.9366838455200197,4.148490306478217,4.120441359939745,4.3757476806640625,4.031739998155633,4.0725158743989684,3.9553220890091403,4.074782800674439,4.009826650232945,3.92648177123223,4.510972023010254
988,3.59307055593372,4.358863028449919,4.275876388009656,3.9860623714802244,4.285884857177734,4.294694305959481,4.403857401568595,4.1459503173828125,,,,,,,,4.3601738046135345,4.291769026567614,4.000331185458974,4.283786773681641,4.2906162761308835,4.360503270970466,4.155587673187256,4.3858238941430585,4.264884322283046,3.9319775999539117,4.319876432418823,4.315332859703106,4.408773158781717,4.258880615234375
989,6.63827216398241,4.07880318640058,4.7186515688396495,4.797234165470372,5.071963119506836,4.486387545966234,4.587452423110772,4.560697078704834,,,,,,,,,,,,,,,4.616182127597659,4.4542461047783455,4.343594717038882,4.966184139251709,4.5212323159585575,4.645484906864808,4.6048078536987305
990,4.05863766428824,,,,,,,,4.449165764558844,4.362793685424285,5.4076238671256505,4.978209972381592,4.347628695585804,4.3147233574774875,4.729766845703125,,,,,,,,4.179614300207149,4.1230934820701854,3.9913353743044393,4.4461441993713375,4.182597146493333,4.072487106847657,4.188475131988525
991,5.47625353318844,5.580007651599746,5.234998005063794,5.231267477557476,5.176133632659912,5.40919526612924,5.443244149952935,5.160346508026123,,,,,,,,4.985963402133656,4.722349051640171,4.479936836406469,4.564565277099609,4.952619440180528,5.0196423923691835,4.763576030731201,4.799408477664328,4.5323289289621735,4.438383933634821,4.733123302459717,4.568595712127412,4.725620716811884,4.780411720275879
992,4.68951910853732,4.431446999229356,5.113079070445237,4.952051441466577,4.756809902191162,4.731494718332821,4.502730418853523,5.335995197296143,,,,,,,,,,,,,,,4.238092447615103,4.234824364147113,4.091993824796344,4.35661735534668,4.218407689831194,4.200841091711481,4.442392826080322
993,5.64975198166584,,,,,,,,,,,,,,,,,,,,,,5.196731063689039,4.433817188328855,4.147457719300697,4.595429515838623,4.825856614388361,4.958306764362331,4.722043037414551
994,4.88706002391592,,,,,,,,4.351568628799779,4.996688963436088,5.0699905835103865,4.876513481140137,4.567220108946623,4.303917765513975,4.5520758628845215,4.322557795469119,4.386914908218554,4.13595891464948,4.158019113540649,4.480974780029316,4.278892848509314,4.2412309646606445,4.3112860871873515,4.252175870202106,4.2280575185935305,4.429910659790039,4.139200952238453,4.176746878722769,4.581357479095459
995,4.45075144314594,,,,,,,,4.7122402836929975,4.704422103140325,4.380139948901814,4.937378883361816,4.365233810129696,4.488322777162231,4.827398777008057,4.194900219252262,4.748067518853899,4.431130876219607,4.901237106323242,4.052740899691716,4.208962545212944,4.496842384338379,4.597262938149924,4.369142489165229,4.03353898253659,4.739393615722657,4.219800879723658,4.42455261610244,4.446115493774414
996,5.6252516539899,,,,,,,,,,,,,,,4.994760670288261,4.694456495474579,4.241853553166289,4.222597217559814,5.028975789522265,4.9912318120833215,4.539865016937256,5.121448991379658,4.65943655007112,4.382959554900017,4.4674383163452145,4.891627851627597,5.037645709136189,4.755378246307373
997,4.25265912656205,,,,,,,,4.263960440376973,4.654592330682842,3.9938150139433235,4.240157842636108,4.301994806310344,4.2072072128531826,4.466003894805908,4.3254816722373,4.595405715874357,4.155425555692309,4.232656669616699,4.273733902505525,4.236804434271086,4.394118309020996,4.351858052919126,4.676054268764289,4.114507268929407,4.250058364868164,4.40279572676007,4.287392830947314,4.575896739959717
998,4.49210674795001,4.298195764425547,4.109680048919452,3.7245331698198108,4.236782360076904,4.233966118017789,4.23638806666465,4.0002851486206055,4.314305620686544,4.225148928860589,3.651816623980612,4.180737113952636,4.274146620538275,4.282077180878731,4.016808986663818,,,,,,,,4.48353431143026,4.338884745371562,3.837245858801972,4.193302488327026,4.374134645300033,4.387543980034909,4.274461269378662
999,3.48412615628832,4.072247801195645,3.9499372825589565,4.275516865789625,3.975773048400879,3.885177430897753,3.9646720876259884,3.948533535003662,,,,,,,,4.048970722458957,3.8953984193634428,4.391134869867526,4.170312404632568,3.7927790534306682,3.9425160918394266,3.8585193157196045,4.077015348104143,3.972179568485289,4.443432142953634,4.052608680725098,3.9835151186532203,3.9994231944697765,4.048345565795898
1000,3.54668165995296,,,,,,,,,,,,,,,4.6220504766694726,4.1086466452126835,4.38536202918522,4.2567802429199215,4.543602419413647,4.717806272637604,4.113325595855713,4.700010552472243,4.440187221134945,4.506564208736389,4.412881565093994,4.6808303741677015,4.756393125822189,4.383339881896973
1001,4.24108810760203,4.585305746406743,4.547933960957521,4.395020189309136,4.492646789550781,4.6403643568346435,4.565772546673112,4.535353660583496,,,,,,,,,,,,,,,4.634181674615474,4.572512189563593,4.425269512313707,4.354065322875977,4.6634778329118625,4.574382761370424,4.484055519104004
1002,4.30183621207632,,,,,,,,,,,,,,,4.220272525997596,4.1790403516431756,4.056174294904441,4.207745170593261,4.2386444679915485,4.314079710007484,4.1604437828063965,4.21583563091161,4.368293024014026,4.045956542683905,4.2384185791015625,4.34752263257462,4.341110992579271,4.287473201751709
1003,4.21605348883065,,,,,,,,4.310922522962028,4.284206745244972,4.4567412910203155,4.233915710449219,4.2147404962887505,4.262191510673831,4.306257724761963,4.1266533945273665,4.161546556140529,4.316660903419994,4.185275840759277,4.094743882547499,4.135288711384609,4.280986785888672,4.43243385082166,4.153932429830651,4.535122969763904,3.9669456481933594,4.318217577420781,4.327309451285505,4.42177677154541
1004,3.65169513695184,4.087464634872665,4.009209597803467,4.000503087821404,4.368921756744385,3.970437558464223,4.005806085897648,3.9884657859802246,4.066180146920999,3.821179155646403,3.9685572299169083,4.1436056137084964,3.9028722499994233,3.9529213594504182,4.042316436767578,4.013136622876536,3.8275616401293138,3.975530454230157,4.0786572933197025,3.780828176349915,3.92309193206571,3.9623115062713623,4.096896825345053,4.030752280506534,4.017966282783176,4.372808742523193,4.029190864263006,3.975311937161985,4.05964994430542
1005,4.22776705419269,4.252961188831685,4.227464010846076,4.380877522037176,4.305158710479736,4.224193728095144,4.210641958217447,4.217522621154785,4.127731227089491,4.281120976118087,4.573689480782823,4.279114246368408,4.244803168057532,4.173633162227931,4.297104835510254,4.199399988747551,4.210461413990426,4.457026881683662,4.298871898651123,4.187575024551706,4.204603634928593,4.2242326736450195,4.39885781335802,4.248351641652357,4.767633135480479,4.124365186691284,4.335144149974766,4.296099234741205,4.756036281585693
1006,5.21253952548158,4.277923841745823,4.107616469697868,5.149730778284199,5.015097045898438,4.091792389651175,4.203781370613657,4.089377403259277,,,,,,,,4.186978812308345,4.253013199836925,5.1678543559744545,4.967524623870849,4.117625405482884,4.18428541731756,4.303563117980957,,,,,,,
1007,5.04287180232319,6.046819215677443,5.386355355392181,5.815547685150059,5.348497295379639,5.885283826625304,5.919657424116318,4.861849784851074,,,,,,,,5.277631381957788,4.346775141335051,4.085282859463576,4.45305061340332,4.91957190608613,5.06661465273541,4.160104751586914,,,,,,,
1008,6.11350927482752,,,,,,,,,,,,,,,5.28315509379483,4.393692332993286,4.239010385551696,4.604511833190918,4.951797149713744,5.072866081888044,4.119630336761475,,,,,,,
1009,2.75728539461031,2.9612660847654473,3.037218305614993,2.932022244186881,2.8183396816253663,3.0686970274571492,3.0240185172779146,3.057502031326294,3.0541742147241,3.409426949803592,2.9833835829317197,2.958287239074707,3.2315488208040994,3.1812805500017056,3.4957664012908936,,,,,,,,3.9483610360600307,3.722928161404908,3.6265561641401036,3.7857704639434813,3.8188942899020004,4.012516745154017,4.214057922363281
1010,4.18380710038655,,,,,,,,4.250959651282648,4.394144920054554,4.4482414653233695,4.1691515922546385,4.30473517101934,4.245510514279439,4.283482551574707,,,,,,,,4.396918692432587,4.334810432780512,4.594632982396095,4.0249168395996096,4.4068442108886146,4.311079668343047,4.756099224090576
1011,2.75023552131556,,,,,,,,3.409079539951283,3.7053366530011114,3.4700207845941393,3.8334938049316407,3.8895293014257213,3.5941993348822194,3.9316325187683105,,,,,,,,3.8809786905898975,3.6789127708974663,3.7955379670738822,4.119420719146729,4.0278009143143185,4.033216485416303,4.4324445724487305
1012,3.09510608733281,3.0427734351130855,2.856874615918842,2.9321542412228716,2.8178765296936037,3.0061682156541956,2.996685317398187,2.7811501026153564,3.422559158310802,3.698194694137551,3.3854369093260184,3.876134729385376,3.7516449823749247,3.480525714803116,3.9418976306915283,,,,,,,,3.8024030269376827,3.668217334751725,3.681021994052936,4.144253158569336,3.896737533687707,3.8974056143599665,4.405102252960205
1013,2.71181174825806,,,,,,,,3.4364718123396334,3.7794718791134523,3.5136986708888083,3.832366371154785,3.9241458913137763,3.583709833978945,4.027700901031494,,,,,,,,3.8941641022620974,3.8325232520461396,3.8040146515563102,4.084266901016235,4.001590676429263,4.037466038968203,4.404546737670898
1014,2.76975643961271,,,,,,,,3.3842946942643692,3.579440678994148,3.288853781830897,3.6432562828063966,3.7200899768312623,3.4790176606341494,4.000171661376953,,,,,,,,3.851021523990268,3.7371119496002523,3.725105511008453,4.129557323455811,4.006181510812766,3.9670926695853233,4.473830699920654
1015,2.88626119220684,2.875237373435949,3.032194430168117,2.972799292580066,2.820368766784668,3.012055534623335,2.978729684807101,3.1146085262298584,3.0210119277398495,3.451673223533744,3.0359679503238306,2.9550642490386965,3.1645120801287834,3.1559941785836982,3.5104591846466064,,,,,,,,3.733497913466983,3.727541375149262,3.565304155833026,3.783159875869751,3.730602980249338,3.909266992886878,4.212389945983887
1016,2.91819196480383,2.81877652696068,2.946430837982496,2.9527381793146588,2.6999003887176514,2.8672786243888306,2.796678911305095,2.8133151531219482,3.476342461962014,3.736807645263145,3.5048516872510307,3.915299129486084,3.894621303191604,3.598063371152732,3.951876401901245,,,,,,,,3.8757153373077364,3.7127927948053707,3.7866130088689833,4.165369033813477,4.041135298310117,4.023535260085877,4.490307807922363
1017,3.13425967089709,3.089862628497236,2.983514584201714,3.0917057053807686,2.9100860118865968,3.0388410011944216,3.027270287825206,2.8280794620513916,3.477631120974859,3.720050721519247,3.407022410227915,3.9473960399627686,3.762080684796167,3.5106655508522113,3.950885057449341,,,,,,,,3.7805864995882934,3.705824800393149,3.654531552935443,4.177601051330567,3.9022671474210875,3.895693916195756,4.463165283203125
1018,2.7526548632988,,,,,,,,3.5022019360543726,3.8218818375132533,3.5461599412569687,3.8892828464508056,3.9190819732701203,3.611789051371042,4.020732879638672,,,,,,,,3.8797397334266255,3.8650167005474674,3.809063927095244,4.128974723815918,4.036191234466332,4.020427479878045,4.457076072692871
1019,3.00632596984618,2.826372000194868,2.8667922254178415,2.9805166370086145,2.749030876159668,2.8578480696140036,2.820774928945685,2.8122286796569824,3.454880666904079,3.599314203525932,3.3699428366043143,3.6853257179260255,3.7615455594622307,3.50323244483923,3.9915947914123535,,,,,,,,3.8273358734376783,3.7323519464830865,3.7447395557402654,4.165877819061279,4.005469216209362,3.96407450800391,4.509952068328857
1020,2.99814304588534,2.9004548626281523,2.9317052794571565,2.9470295771658854,2.750882387161255,2.9871277933191163,2.8812500733886055,2.936861515045166,3.1310503505036302,3.4522424499806226,3.078941492392861,3.037327527999878,3.2260888443217577,3.1761205781764392,3.528148651123047,,,,,,,,3.725109111062421,3.744143922619111,3.5783166361715026,3.827206754684448,3.7604850824457725,3.9294404092197,4.22095251083374
1021,2.55850562439755,2.7902199965712833,2.8394327129131836,2.7166485049336244,2.7150929450988768,2.806567704119282,2.812096881480589,2.719572067260742,3.5091519411647387,3.706011899209368,3.5241015923762324,3.8306427955627442,3.8884434528894616,3.677644923959524,3.9044651985168457,,,,,,,,4.027177399966692,3.6886589035987503,3.8558749078771903,4.119821548461914,4.076972667887911,4.094978400053108,4.385867118835449
1022,2.95192081845143,,,,,,,,3.49510098103668,3.695792002930215,3.4690757364344105,3.8742693424224854,3.784395361562996,3.547275682334714,3.93849515914917,,,,,,,,3.9214660418049925,3.6842572162216887,3.7675099259448075,4.144232940673828,3.924067411183074,3.9465075300561443,4.358105182647705
1023,2.29695208324354,2.7034178160047184,2.744875393856696,2.7670518580501855,2.6068521976470946,2.7715748396178257,2.8030793732383845,2.7300994396209717,3.5311357395494043,3.777101275185459,3.5121718216797713,3.8248034954071044,3.9281257059031414,3.7001428851062723,4.038008213043213,,,,,,,,4.052878246093249,3.8555117512900754,3.821070153048094,4.082944774627686,4.080703935480976,4.090038512322698,4.3643622398376465
1024,2.89069524473369,,,,,,,,3.4832344639903505,3.565049029975063,3.2968747209176805,3.641685390472412,3.758193823869602,3.5958514500322525,4.012782096862793,,,,,,,,4.01091488588493,3.733336327797301,3.758335665685518,4.130295848846435,4.039885080615367,4.0551752101407095,4.445122241973877
1025,4.19515253042831,4.163320355724828,4.193510529614166,4.314424592077863,4.278934574127197,4.162003393020684,4.1839087974662705,4.14784574508667,4.217013034746102,4.377776862565162,4.429517543429398,4.262396383285522,4.292145348393721,4.243879560673935,4.3024492263793945,,,,,,,,4.361953694812062,4.330802267281539,4.535147330758114,4.131518077850342,4.379891479683755,4.32564460492348,4.760894775390625
1026,4.63226123212273,4.274423080122208,4.623739929706961,4.534796517628505,4.35034818649292,4.399439516122965,4.358226273502712,4.47838020324707,,,,,,,,4.185368881853973,4.684973577225316,4.4545769437850895,4.362523555755615,4.358563329702929,4.390108306199781,4.6750946044921875,4.224074415123001,4.729573765765921,4.370944076593322,4.397461795806885,4.464517052210737,4.405561538723063,4.787838935852051
1027,4.38340424214832,,,,,,,,4.317697406250635,4.277487719330111,3.8495258538104,4.523762798309326,4.298965454240099,4.28579033899909,4.249967098236084,,,,,,,,4.155229290460721,4.0399092744797755,3.556435538835884,4.364226818084717,4.243472699249028,4.3031845774931705,4.374378204345703
1028,4.42305452668071,,,,,,,,,,,,,,,4.192805550706372,4.095292312497698,4.56203102640672,4.409306812286377,4.188728591225209,4.325647093519867,4.146323204040527,4.199192636140033,4.155244758283895,4.413311535783628,4.332873916625976,4.337129602026596,4.455114360453864,4.171414852142334
1029,3.99100284542189,,,,,,,,,,,,,,,4.247705497418817,4.309511963697848,4.414460127732726,3.8685417652130125,4.366049204516917,4.403251986786899,4.398638725280762,4.455337383404942,4.2293770516014,4.362374622567263,3.9592992305755614,4.3096631703966075,4.549311917768288,4.287686347961426
1030,3.92316428036109,4.293220133452472,4.070174612901232,4.157654870385517,4.175365209579468,4.186808978019157,4.39423945919244,4.262088298797607,,,,,,,,4.310168689616603,4.2714702951762105,4.367388373385409,4.199291038513183,4.361636177754068,4.351539911476278,4.343299865722656,4.355558727600717,4.160338305448887,4.146662853812209,4.314291954040527,4.279836382346434,4.398158919936515,4.158577919006348
1031,3.33724216831843,,,,,,,,3.5962402657760753,3.313538461835572,3.8721214891456626,4.265080261230469,3.4573839952760506,3.710236225029945,3.100848913192749,3.6150943886084663,3.274595080765546,3.993362390492387,4.289194393157959,3.5456474683859454,3.8767167770963202,3.3128514289855957,,,,,,,
1032,3.1249387366083,3.1484526435408537,3.1388058462954285,2.9687591250251577,2.9048935413360595,3.1431129524863035,3.1391703454191644,3.254357099533081,3.534430029243282,3.2037657614174178,3.6185067438316443,4.062583255767822,3.4771874379031855,3.7070946838765995,3.4693641662597656,3.6389117155476085,3.2386837888990643,3.650111063126869,4.074955463409424,3.5678495702125548,3.874862405518389,3.5844295024871826,,,,,,,
1033,3.14266750356873,3.1177408746565805,3.071382766494453,3.0650281834965405,2.960467004776001,3.0497561067241175,3.0960911284916075,3.126477003097534,3.5069723066149123,3.0751956166122185,3.6678454186537692,4.002163600921631,3.3011616801949497,3.6267482266933966,3.3966565132141113,3.650596980163399,3.2327335201603598,3.7561890457969875,4.043494749069214,3.4992378176279226,3.867127612081701,3.4661083221435547,,,,,,,
1034,3.03151705144606,,,,,,,,3.668926770021063,3.3046590881538958,3.006106759723856,3.6167463302612304,3.5104436440947513,3.646326618305366,3.3600497245788574,3.5785537039868216,3.5685288023646136,3.17667664907279,3.4652027130126952,3.615787091500352,3.775380956762003,3.4220378398895264,,,,,,,
1035,3.0268721464003,,,,,,,,3.618072825589323,3.6682248209392787,4.39484112909073,4.237499618530274,3.6503384928309712,3.7293589286623954,3.9682602882385254,3.677161393100613,3.7283310618614434,4.244510278199815,4.254234790802002,3.7895071386474886,3.9490762479768318,3.8124194145202637,,,,,,,
1036,3.31875876262441,3.1198616838000497,3.041704470843337,3.029779647218474,2.882902812957764,3.0238260544327584,3.0394829120786877,3.0947933197021484,3.6498960597680576,3.64614543891153,4.2464330145687414,4.204993629455567,3.657522794112136,3.7694602240254653,3.8954384326934814,3.707581519269746,3.7216177137992963,4.186952161501855,4.234475135803223,3.8156460979949185,3.9450152566395946,3.71952486038208,,,,,,,
1037,2.58004425151024,3.047231526034051,3.2646801882093657,3.18719330690472,3.3733502864837646,3.250602829219275,3.295393618755094,3.3175151348114014,3.6642024169923713,3.5799780642937433,3.8105824183789094,4.163569593429566,3.5898657749351246,3.7330058870414637,3.514786958694458,3.624066957689652,3.694019198676856,3.8281300086265717,4.157261896133423,3.655735699605276,3.865388217814851,3.6111819744110107,,,,,,,
1038,3.05060999335509,3.0486469520708503,3.224988501641669,3.3924815539142776,3.4108336925506593,3.184008526794033,3.265530471371692,3.2137413024902344,3.634130323929177,3.532625318173906,3.9342078519098997,4.169619750976563,3.5666765679816477,3.669840028495747,3.358015537261963,3.566430296022404,3.6406669695634206,3.9140918388265575,4.102516317367554,3.6337548039934977,3.862836072863135,3.502871036529541,,,,,,,
1039,3.24412514432751,3.0374173138202902,3.3223825237054907,3.315881282852839,3.7337820053100588,3.223007432379433,3.1963235268859544,3.2425827980041504,,,,,,,,,,,,,,,,,,,,,
1040,2.93930215964639,,,,,,,,3.1652531036659095,3.23093263776901,3.462291918422368,3.806542491912842,3.2825609437788428,3.360851884392014,3.422145128250122,,,,,,,,,,,,,,
1041,2.89619627904404,,,,,,,,3.1826069181945384,3.1404508881691324,3.401486239211523,3.7967555046081545,3.2289255319245003,3.2537991984990606,3.328878879547119,3.093845801041675,3.423964977034042,3.2859160494149457,3.3281888484954836,3.247116446560607,3.2490177645704996,3.522895097732544,,,,,,,
1042,3.26760624017703,,,,,,,,,,,,,,,,,,,,,,,,,,,,
1043,3.72124639904717,3.7356106878249706,3.7500255348929987,3.881581641130939,3.8598437309265137,3.7468149307927505,3.742200420179482,3.6264209747314453,3.4407055142775254,3.6730694092871086,3.2931979175076673,2.861358308792114,3.6579877308438054,3.6518684640333454,3.1650004386901855,,,,,,,,,,,,,,
1044,3.82390874094432,3.7798365436669945,3.837255923580875,3.866779588621864,3.5932034492492675,3.8097790642075555,3.790141036052559,3.3018157482147217,3.7866177792651023,3.651859674325343,3.320879092187508,2.816129207611084,3.7680961942675437,3.7913959173375305,3.168390989303589,4.03073422289559,3.7343337158878955,3.7454806717033864,3.398127889633179,3.8727437468869694,3.9201193643829013,3.55644154548645,,,,,,,
1045,3.31875876262441,,,,,,,,,,,,,,,,,,,,,,,,,,,,
1046,3.74472749489669,,,,,,,,3.4658009864378148,3.675776117803033,3.2280925100572455,2.8954175472259522,3.6650165131896855,3.682628192501682,3.166484832763672,,,,,,,,,,,,,,
1047,3.79588001734407,,,,,,,,3.804844838047639,3.6752138739048537,3.2767866494232774,2.8710443019866942,3.7608595594501146,3.806295442413687,3.1663854122161865,4.024472389862715,3.746090599507239,3.7004764951783953,3.437963771820068,3.8734315407220765,3.9435818498348065,3.5355591773986816,,,,,,,
1048,4.55392906429899,4.400302126701264,4.213517673420732,4.5097492042385365,4.363066864013672,4.510086287687173,4.39024670646997,4.382862091064453,,,,,,,,,,,,,,,4.4666602127787645,4.212090178954383,4.119738380967964,4.271339797973633,4.535909334217353,4.431943026426515,4.240246772766113
1049,4.00850811108984,3.4789074794221637,4.11930710306184,3.1958373688870116,3.223916006088257,3.8086736510381396,3.7286512390820468,2.5396945476531982,,,,,,,,,,,,,,,,,,,,,
1050,3.09996076451268,,,,,,,,4.497639770675583,3.876854150990155,3.9661772056208404,4.544611167907715,4.250748280607769,4.505708752410482,4.206582069396973,,,,,,,,4.111587202503761,4.05337379336254,3.8637643358911986,4.459499645233154,4.223524395857087,4.382501612085918,4.166383266448975
1051,4.39103704500174,4.36818067073274,4.310236835622316,4.5897291588945555,4.803804874420166,4.367143704128043,4.494324272447805,4.619653224945068,,,,,,,,4.5342144623319856,4.302746122033458,4.708323548461844,4.589112758636475,4.507046324681194,4.4994049208810445,4.574158668518066,4.475381953231989,4.762740538857698,4.5736876307800856,4.9418974876403805,4.576536977713705,4.59431353410891,5.028321266174316
1052,4.54515513999149,4.450603130822625,4.180188459628601,4.328012568687363,4.40933084487915,4.341566709386696,4.36019323966936,4.107288360595703,4.152436804429853,4.024847305709985,4.179323616908758,3.8804494380950927,4.09856438341698,4.036294693218477,4.198612213134766,,,,,,,,4.457010368715058,4.095382006287631,4.2706412806828435,4.1702573776245115,4.358636642003548,4.337926787641206,4.334288120269775
1053,3.92445303860747,3.6747939372240417,3.7985802602149645,3.833593747123585,3.6763526439666747,3.8097507941101982,3.7854404544541502,3.7116127014160156,3.657347445559499,3.7998624010518984,3.8735762961035363,3.7656602382659914,3.7715038805525745,3.7278720271921757,3.897061824798584,,,,,,,,,,,,,,
1054,4.30986180950072,,,,,,,,3.968429588445659,4.238079576560282,4.000818757369515,4.236445713043213,3.9248318297435505,3.9469250125456035,3.5797958374023438,,,,,,,,3.666181456948643,4.161419578389338,3.9309474793936676,4.1137635707855225,3.831645531925101,3.8745185173381613,3.5828425884246826
1055,4.3840499483436,4.453539234935987,4.423005230165281,4.140236228691201,4.373038291931152,4.395740153023528,4.257315473779735,4.392420768737793,4.247513425036045,3.8997585433570663,3.8249155913148143,4.004555892944336,4.207808655413683,4.000416186768426,4.33596134185791,,,,,,,,4.465563106169317,4.3599006848345985,3.7855491669651324,3.885277271270752,4.412525648134217,4.181398926488676,4.398192882537842
1056,4.43415218132648,4.144413735550707,4.35186942326109,4.1356857971286205,4.254212093353272,4.204723094507133,4.094363584632338,4.3131608963012695,3.993162078913499,3.874604506724395,3.96123936075697,3.9984084606170653,4.082877397714987,3.9320256045304114,4.317961692810059,,,,,,,,4.344250561757875,4.342237223688953,3.78075693838519,3.861275339126587,4.254213540099738,4.134853243984211,4.382624626159668
1057,4.35753547975788,,,,,,,,4.448266479729171,3.930357276565458,4.10369466524642,4.029202508926391,4.343970699482736,4.094177876711036,4.246047496795654,4.576127776694887,4.3654707285704575,4.31834624973288,4.516740989685059,4.4245468944480555,4.418368161689304,4.25393009185791,4.590029790401087,4.326450181953949,4.112322271386212,4.252125597000122,4.4010590575639945,4.330974589721303,4.280397415161133
1058,4.32310191234049,4.4543356685294375,4.539944373356141,4.616417195416252,4.68584566116333,4.562576944881898,4.47343272458054,4.527185440063477,,,,,,,,4.653625977734256,4.696740748923293,4.669546138579976,4.722488784790039,4.681164998709524,4.563841930033229,4.56826639175415,,,,,,,
1059,5.62160209905186,,,,,,,,4.751158401013934,4.194174617166943,4.252624919838261,4.2751540184021,4.565266657131737,4.501919067292279,4.338031768798828,4.388784559462706,3.8616653369979366,4.107287443599583,4.287997627258301,4.192799322344509,4.283892827749849,4.242528438568115,,,,,,,
1060,5.62160209905186,5.188172570598672,5.323952783531885,4.844009517198289,4.991199779510498,5.234216264688572,5.131643225116267,5.12352180480957,5.211076145003865,5.275746930796906,4.7910826816800265,5.029546165466309,5.253644660595393,5.179489770617692,5.303574085235596,4.096423717351458,4.018864288253118,3.8385410596740055,3.984502363204956,4.157912231570036,4.283000077992182,4.202190399169922,,,,,,,
1061,5.64016451766011,4.956188826536645,4.3188028702171435,4.622905179970762,4.664531803131103,4.504010666533706,4.921707828789833,4.54450798034668,4.453916552343924,3.8459301032281052,3.796793766326408,3.810152864456177,4.425122650399337,4.499959377494061,3.853222608566284,4.200163076606262,3.665806096752858,3.948803198101538,3.904663419723511,4.141338170968574,4.253533949683398,3.9001879692077637,,,,,,,
1062,5.49349496759513,5.6283377276482,5.0346431156399065,5.003448986920824,4.358210849761963,5.355126463272472,5.362929623034129,5.634143352508545,4.655890408473243,4.076356647646909,4.382655663282406,3.7577975749969483,4.435718338503748,4.521756020936212,4.280206203460693,4.294965477133321,3.8967592542713585,3.829381883756186,3.707732152938843,4.271096569651224,4.2050821374615195,3.9044761657714844,,,,,,,
1063,5.64781748188864,5.637798054499277,5.481613847183787,5.201631826678439,4.698269939422607,5.4657580364607385,5.395560158941757,4.9283952713012695,4.666641924342544,4.255395431193068,4.387595768625351,4.184891843795777,4.560500605525203,4.599395025663956,4.2600998878479,4.526537131193552,3.6874338374593343,3.8830440010327205,3.8672863483428954,4.324103764749956,4.3251976234899985,4.067893981933594,,,,,,,
1064,5.68402965454308,,,,,,,,4.5328102281303435,4.254867223374182,4.230667068613584,3.861938953399658,4.6028165890926065,4.421909844093671,4.243433475494385,4.2050725544714505,3.7212061098881763,3.9741510089506846,3.864275503158569,4.1768721402220725,4.2310402394259485,3.9270331859588623,,,,,,,
1065,5.55129368009492,,,,,,,,4.636739297444869,4.069526082672846,4.024861563421112,3.8327558040618896,4.545280653428848,4.408962595989159,4.094993591308594,4.316286373230864,3.7477798605900743,3.864780122973653,3.8508502006530763,4.212748731197348,4.243664541642367,3.9784159660339355,,,,,,,
1066,5.65169513695184,5.641107574839001,5.486579870002986,5.135260462059573,4.7233682632446286,5.3966924363514055,5.394322467672365,4.990772724151611,4.530295225139852,4.225810567992884,4.238674523994034,4.245693302154541,4.5028213061893885,4.574029944000047,4.399028778076172,4.183795697164646,3.798069589338981,3.7070097804531126,3.94274697303772,4.229388960077387,4.2601111590833405,4.036075592041016,,,,,,,
1067,5.6675615400844,5.529757304720356,5.441031299377724,5.48707171409752,4.854714202880859,5.555701259375187,5.3984694536338464,5.128866195678711,4.524007539858827,4.347892456432476,4.6429179513437075,4.357641410827637,4.676205896569403,4.716553652391968,4.598049163818359,4.197866928775723,3.6828141716488108,3.855173445247824,3.8602229595184325,4.1183391233964475,4.257338644561729,4.054460525512695,,,,,,,
1068,3.63620005452089,3.681797381579889,3.7312079677393495,3.7019522821547612,3.630821371078491,3.7105059296196696,3.7520002057880397,3.5594894886016846,,,,,,,,4.050794000080971,3.892648066627425,3.8744281455342375,3.8902159690856934,3.950162264904518,4.040815954065786,3.773303508758545,4.26513292241857,4.113985603345626,4.337787827024659,4.174497890472412,4.07407936521156,4.175502254913952,4.30112361907959
1069,3.66816795556375,,,,,,,,,,,,,,,4.033185528595887,3.9056169496009296,3.9274932587211326,3.9270976066589354,3.987306834728137,4.013937952330724,3.81486177444458,4.219367295635042,4.1584953441111425,4.5054780456465116,4.217842769622803,4.034095225048365,4.166576156955836,4.4063310623168945
1070,4.36552272983927,3.921676892382751,4.198932634458813,4.063734641778164,3.972567844390869,4.155248025479102,4.026193087080525,3.921095609664917,3.8137025486653884,4.153868201469794,3.9802488041049586,4.021185827255249,4.173064334955594,3.9835240296598635,4.13702392578125,4.208131570061638,4.211842218632068,4.13751918456357,3.8252831935882567,4.244388280399454,4.157672824830406,4.092312812805176,4.17393938805357,4.143988659487445,4.292260747414055,4.119303894042969,4.191002473820948,4.181914151886399,4.498721122741699
1071,4.37468754903833,,,,,,,,3.852432648211589,4.2640707780716705,4.25189472301121,4.36192512512207,4.123637360981002,3.9297952392619377,4.254237651824951,3.6238184319086337,4.26670305943287,4.27030220425078,4.400433158874511,4.197224018766601,4.0998801609037505,4.069718360900879,4.0685798083001234,4.250970415063016,4.431657036048939,4.56239423751831,4.152570724502949,4.207663526421353,4.409203052520752
1072,3.63695240547891,,,,,,,,,,,,,,,3.7139717353314854,4.081288941809274,4.038275132251321,3.623649311065674,4.033277379745752,3.943699640726205,3.872274398803711,3.554791014633384,4.1045242960907435,4.212616306072377,3.818441963195801,4.0358129269104825,3.9017640582837463,3.7567412853240967
1073,4.26760624017703,3.1160900057232026,3.2470019004129256,3.65394874370239,3.7511756896972654,3.584049585264716,3.7474971617473005,3.3583106994628906,4.067790667181785,3.665014016843344,3.8966549996227458,3.938853073120117,3.747151263551046,3.9263184155278763,4.060150146484375,3.0431573130055476,3.390191840744995,3.65722085972717,3.8772768497467043,3.5246516346854118,3.681764560800479,3.577807664871216,4.236420855163935,3.4958075275920537,3.971588784297977,3.990991735458374,3.9232252643607484,4.1077109556727756,4.279658317565918
1074,3.45456917053465,,,,,,,,,,,,,,,3.6786704534756205,3.8052448829159595,4.001725730174392,3.703161525726318,3.7164362809586238,3.7954720553295913,3.8758575916290283,4.278282376115836,4.194973310957078,4.468530682558452,4.19497013092041,3.937472019284802,4.120869858860448,4.412349700927734
1075,3.49471432585587,3.535881182875782,3.5567056029707147,3.6712440495748666,3.549738359451294,3.5816843858688276,3.4906201029181676,3.757079601287842,,,,,,,,3.6971502862341397,3.764913433352784,4.056858158397313,3.7262528419494627,3.698883320778665,3.768125079717475,3.937138319015503,4.221412263967253,4.206855984123402,4.586474422210875,4.224590635299682,3.9638990061311365,4.10513176172921,4.478842735290527
1076,4.07262963696098,,,,,,,,3.7648482534431884,3.970592952416053,3.895996392047783,4.030181646347046,4.035001016777738,3.9346039462720075,4.148989200592041,4.205434547314102,4.0701490934975375,4.073332418211029,4.252205562591553,4.030886874254669,4.080183100545985,4.25339412689209,4.270664037588267,4.199723458438488,4.22652544884625,4.324758529663086,4.196167198084313,4.205354084218258,4.483565807342529
1077,3.68634365338197,3.6815205855459254,3.7688919257161593,3.864973368950071,3.921953725814819,3.7479069770588973,3.686277730904103,3.9472098350524902,3.98690383360284,4.225788280437762,4.447013717647552,4.402828598022461,4.151532819205525,3.968967112137686,4.233519554138184,,,,,,,,4.067581753242045,4.565040939976371,4.548671650994767,4.540449714660644,4.17094859895786,4.175926293309789,4.426839351654053
1078,3.6779875614176,,,,,,,,4.035796771675176,4.223058913369216,4.41294743452504,4.405134105682373,4.163970964303885,3.99013265974804,4.201740264892578,,,,,,,,4.101757046993286,4.516531091076262,4.488945451914397,4.540791702270508,4.175845154843555,4.187165053141533,4.410727024078369
1079,3.65501858607274,,,,,,,,3.9263523376675264,4.212466792395914,4.436606611747994,4.40331506729126,4.1610191412972,4.0314952722837205,4.174321174621582,,,,,,,,3.7336743150836402,4.4436597698677875,4.545939793633387,4.669507789611816,4.129319552882432,4.021669631439591,4.208981990814209
1080,4.20830935097988,3.8517954275661657,3.7586860834048252,3.7388239879381664,3.8873088359832764,3.71701284839815,3.828960832338461,3.8653435707092285,3.799096799528336,3.7311736467939984,3.7358604654207377,3.9500160694122313,3.790201581755944,3.8338180143699736,3.845426559448242,,,,,,,,4.195295011419468,4.4042787110283,4.4591714009009,4.664142704010009,4.127942700514559,4.168308949571325,4.374594688415527
1081,3.68172791978837,3.7070567875361395,3.7788633402754503,3.89955740342825,3.8179662227630615,3.8305936832735172,3.7982930414418665,3.799694061279297,4.0869776019968045,4.083972965036406,4.470945887230835,4.3789702415466305,4.158187505539143,4.138048507110284,4.254377841949463,,,,,,,,4.100846546162379,4.420460682053196,4.518152266995353,4.652738380432129,4.1871137538635566,4.166996685362907,4.280914783477783
1082,3.62378814971733,3.9394934591638444,3.9038838620184975,3.961825696977054,3.9932255268096926,3.9312286657556785,3.9036092098337853,3.974696636199951,4.009517429150839,3.9512732320524617,3.877781718808883,3.925227928161621,3.9287686414168785,3.9328112300267306,4.028776168823242,4.026178005486586,3.855223851089097,3.9360998950661172,4.016744899749756,4.003309372422279,3.948443568906021,4.068610191345215,4.15159674943826,4.153415533253945,4.154546034460924,4.234839153289795,4.170601395126654,4.150468594715847,4.3353095054626465
1083,3.78093966755114,3.7677465990938317,3.7469477414112777,3.8302356442658043,3.938540506362915,3.784040724048775,3.8358231780443144,3.876523971557617,3.986642454938237,4.108755873465061,4.4000940185763335,4.328153800964356,4.124009445858869,4.059493870502318,4.162381172180176,,,,,,,,4.119791519589183,4.436645495334,4.455571861949985,4.665826511383057,4.164700167634299,4.130919444019502,4.176111698150635
1084,3.88773023158273,,,,,,,,,,,,,,,,,,,,,,3.9552687619429387,4.116596817222802,4.178563339803703,4.242222499847412,3.9282271529015595,4.024847936909261,4.117058277130127
1085,3.74666199467389,,,,,,,,,,,,,,,3.660926324151349,3.727490843783573,3.7711539385970134,3.6863941669464113,3.6531948492742945,3.723809511499303,3.3158276081085205,4.235826430216704,4.141246108570351,4.128408156538788,3.7429848194122313,3.871601020798477,4.075527387775214,4.104132175445557
1086,3.73849922680172,,,,,,,,,,,,,,,3.6229861752833257,3.6920520653757603,3.729208641920112,3.6891783714294433,3.6132718924663054,3.691831673949034,3.347034454345703,4.137790567234458,4.091803751015795,4.1626255886673995,3.7579365253448485,3.8635806312926864,4.0400791254988935,4.138999938964844
1087,3.84588047448415,,,,,,,,3.942253099975269,3.9043027693729293,3.833533273743614,3.8070505142211912,3.8465016785420123,3.882596048397777,3.930520534515381,3.9609931309401674,3.8439647045362726,3.8839241794347625,3.8303581714630126,3.8545364982456225,3.89305268502642,3.8045754432678223,4.100287427871027,4.133813110235376,4.091294421666596,4.139139652252197,3.9742145550101826,4.100722710936001,4.201622009277344
1088,3.83238732727247,,,,,,,,3.821880770758432,3.8804108455833988,3.950115088533977,3.9819074153900145,3.8231332199940766,3.9060563486469566,4.089400291442871,,,,,,,,4.0464189452139525,4.117304140524635,4.2430151082409395,4.227680587768555,4.006756507870415,4.0658780351878345,4.313930988311768
1089,3.81022904365313,3.5538384539750383,3.811799735947372,3.9207120371562576,3.699652576446533,3.7136621349159564,3.7094935808564293,3.461669445037842,,,,,,,,3.3490689100731403,3.785433015052901,3.9588755132090894,3.655699300765991,3.61594856636489,3.6479607635493854,3.6123757362365723,3.5157015055069594,4.085807253928189,4.307834597488744,3.8887486934661863,3.690484086325009,3.6769880345019312,3.5889153480529785
1090,3.72885568205092,,,,,,,,,,,,,,,,,,,,,,4.029177724447855,4.101192523555912,4.132501201432951,3.7655248641967773,3.764595664722989,3.972491198881912,3.931276798248291
1091,3.82564940252062,,,,,,,,,,,,,,,3.5195474400710958,3.648903860896184,3.0777189880442744,2.915638875961304,3.3976232761032974,3.341631728682046,4.032623291015625,4.20296672835471,4.105217808587125,3.856467901106147,3.906061601638794,3.891093689206126,4.081528116443144,4.346632957458496
1092,2.75109534943832,,,,,,,,3.8954955414160315,3.7162882637933308,3.640686221421323,3.863336515426636,3.779721250818582,3.8652022966309207,4.20109748840332,3.967819064970124,3.9449561675889924,3.6090322708917086,3.883582830429077,3.8669093611163943,3.884037978191397,4.094444274902344,4.170742128717318,3.634073625115077,3.745066407876725,3.936869716644287,3.8839189216668886,4.065055249677437,4.182618618011475
1093,4.14630178822383,,,,,,,,,,,,,,,,,,,,,,4.090929949222176,4.545471276159322,4.361742456728489,4.4957507133483885,4.552137522367124,4.449721523428525,4.271857261657715
1094,4.64884770837289,4.249296084948725,4.201012412990525,4.1706573879570445,4.529537296295166,4.319116780156333,4.187248821845042,4.295262813568115,,,,,,,,4.204340368794425,4.206755318836388,4.091174700709669,4.843701648712158,4.303179237933569,4.249501038770931,4.467557430267334,4.2375900513702325,4.207149342638672,4.138556995760634,4.6681159973144535,4.376306487654706,4.305122316748392,4.486935615539551
1095,4.51205552925939,4.355463392306663,4.262405977979082,4.054023804278373,4.245699405670166,4.244402230895121,4.257737150165295,4.099757194519043,,,,,,,,4.15521927798773,4.130216447040213,3.8338955724043253,4.334668874740601,4.1378850176007544,4.054225693414711,4.141114234924316,4.1008455575853135,4.093282217218328,3.9092699658780248,4.341305732727051,4.060954733094845,4.1028378331226145,4.216024398803711
1096,4.12650629571574,,,,,,,,,,,,,,,4.255423699682119,4.213177591770508,3.9974552316199308,4.673065567016602,4.26107695773536,4.229392616923459,4.465937614440918,4.418481649519075,4.356105613555802,4.040426142636744,4.533223819732666,4.37483032427316,4.391421641667726,4.506737232208252
1097,4.24550651419877,4.449215897991057,4.367379218454716,4.210193220633811,3.919877290725708,4.339119060923422,4.251244253688567,4.379731178283691,,,,,,,,4.288535260230261,4.195486296599156,3.991849473825043,3.817736005783081,4.116149393671645,4.111185084888662,4.250697135925293,3.868592327306389,4.08470643193111,3.8280373734012323,4.013196897506714,3.99007566031831,3.8547322000304636,4.21061897277832
1098,4.51710959109751,4.46469089391094,4.336488498954005,4.134464149222312,4.392145156860352,4.352379486024652,4.330929996401731,4.30764102935791,,,,,,,,4.224023978072208,4.153678120213159,4.058563342716493,4.404886054992676,4.215001378138531,4.201889859209693,4.327000141143799,4.174900101133727,4.038529780624602,3.9490081881538712,4.358112335205078,4.1056655858046405,4.177381204002285,4.3429670333862305
1099,4.5839815977699,4.2632059926577766,4.305033967673834,4.117358950176363,4.079445266723633,4.239715414784847,4.227603829735541,4.220728874206543,4.203814712978702,4.115220293408591,3.9858066963081433,3.8569805145263674,4.206121476944565,4.157255644490981,4.3375139236450195,4.237826897283388,4.183945254673103,3.960756945187883,4.046311330795288,4.098853026651556,4.127150372660626,4.295612812042236,4.103821778622407,4.08177994538474,3.9227320649578052,4.010502195358276,4.09980564168022,4.0541593995864265,4.157166957855225
1100,4.33259232003704,,,,,,,,4.325363137991204,4.10719097197267,4.072582210520541,4.087356519699097,4.2526311088978215,4.273780935235743,4.458192348480225,4.352096521682828,4.190354821936102,4.121123269055959,4.2024040699005125,4.2077324434484105,4.286245865295425,4.331534385681152,4.302177158842962,4.082289746714615,4.0776977655257065,4.189124536514282,4.164173564140546,4.269085051856472,4.207522869110107
1101,4.29505710806134,,,,,,,,4.3939508489172105,4.156100924485556,4.316720582355349,4.24313440322876,4.2463436599640145,4.274883883921444,4.391323089599609,,,,,,,,4.322802958717233,4.108919850198875,4.184050183022003,4.339851188659668,4.161341137479536,4.309331966332969,4.378850936889648
1102,4.45638962757184,4.427733075356738,4.283239188549121,4.39242982857255,4.34033088684082,4.365037427586869,4.304410067251312,4.425233364105225,4.469561292190329,4.153775269791456,4.202078214274263,4.209550666809082,4.265266646071961,4.291575012037507,4.435872554779053,,,,,,,,4.369680088426921,4.151497019454776,4.129032794187476,4.318083000183106,4.215830212797929,4.316791762162623,4.328768730163574
1103,3.14128045688546,,,,,,,,,,,,,,,3.606012738983494,3.361870252984099,3.7400245150846168,3.485009527206421,3.498839812365879,3.860063845145566,3.410799503326416,,,,,,,
1104,3.25167297651897,,,,,,,,,,,,,,,3.6497694967916683,3.56636483832502,3.729286360131243,3.6919573307037354,3.4469555377076744,3.6113037357901656,3.5533900260925293,,,,,,,
1105,3.14879515449212,3.261728051458667,3.1926171646536603,3.205472645586732,3.1593791961669924,3.280293386753879,3.3450236855559563,3.3550331592559814,3.352064850421745,3.1808152706792714,3.2450678288054915,3.2870951652526856,3.22404901783418,3.3138890967192816,3.210923671722412,3.5010966879697447,3.341105640108124,3.648056493397992,3.5039345264434814,3.4272742822933173,3.8066507871226998,3.3626694679260254,,,,,,,
1106,3.72128961027868,,,,,,,,,,,,,,,,,,,,,,,,,,,,
1107,3.23592237694405,3.3260670819904465,3.2075174248233878,3.3780232067313665,3.542706918716431,3.3463890684982163,3.538955395698687,3.4407012462615967,3.4686525533586625,3.215809397534474,3.3282838954823015,3.410713624954224,3.346941021731526,3.5408079719892567,3.242124557495117,,,,,,,,,,,,,,
1108,3.70026020179824,3.563676419851828,3.5644465459168417,3.5854497875663465,3.559824991226196,3.5289885350985952,3.49877729605042,3.557943344116211,,,,,,,,,,,,,,,,,,,,,
1109,3.32733935790356,3.475692696573339,3.469045244697144,3.3284489646526367,3.4790670394897463,3.481973866979158,3.5987480251165156,3.4930522441864014,,,,,,,,,,,,,,,,,,,,,
1110,3.39104746466089,3.4411949840977005,3.382819404740259,3.4267437447080487,3.2367605209350585,3.3833925704326475,3.4745116060833614,3.411663770675659,,,,,,,,,,,,,,,,,,,,,
1111,3.47684277155404,,,,,,,,,,,,,,,,,,,,,,,,,,,,
1112,3.70962277298017,,,,,,,,,,,,,,,,,,,,,,,,,,,,
1113,3.53401033102546,3.8233356168611983,3.698538499720225,3.6251772734369268,3.5297194480895997,3.9498928632652697,3.927545649336121,3.675184965133667,,,,,,,,,,,,,,,,,,,,,
1114,3.48744762399014,,,,,,,,,,,,,,,,,,,,,,,,,,,,
1115,4.87712907713556,4.8224047960239105,4.810996543661573,4.864995461119535,4.755132007598877,4.812556836944096,4.784233902224917,4.609004497528076,,,,,,,,,,,,,,,4.663309711193815,4.766345190333612,5.042726675183574,4.713988876342773,4.733557598987126,4.721868009089561,4.79170560836792
1116,4.68381990110655,4.381124067857171,4.767093129556022,4.808891898359878,4.612972068786621,4.5867136944098,4.347208895708864,4.690032005310059,4.313322808821035,4.804886861961823,4.697530044304147,4.595199012756348,4.600340242597595,4.336138743604992,4.660763263702393,4.271270734777697,4.757699261225705,4.72319528439364,4.519481754302978,4.576328102496089,4.335473087698129,4.600489616394043,4.329715883197611,4.731155144537575,4.732833449692325,4.608685302734375,4.536949529219361,4.375076212244285,4.7469916343688965
1117,4.2955063029907,,,,,,,,4.098296664017367,4.756632078823648,4.1198839376768035,4.411847305297852,4.265503379963181,4.144956031634526,4.312586784362793,,,,,,,,4.152075122500846,4.639007522411338,4.181115763075978,4.281646728515625,4.29566119640718,4.240115487669593,4.272619247436523
1118,4.82944494147879,,,,,,,,4.849032599983434,4.8338612205569556,4.901149377575823,4.843570518493652,4.734982684850432,4.827982114178883,4.732491970062256,,,,,,,,4.663364095195142,4.7235701559559375,5.013228399888775,4.733090877532959,4.654636656614537,4.725307465085639,4.778698921203613
1119,4.12517042212028,4.3086129273083555,4.424264568358901,4.314021223427962,4.628348922729492,4.311026062218051,4.216273752554809,4.490843296051025,4.241265175224377,4.439139734428771,4.268636012462927,4.577478504180908,4.213385910963433,4.128380132472973,4.4170613288879395,,,,,,,,4.276515728306288,4.349251280141997,4.317648532412253,4.616167259216309,4.2785157975616555,4.156317740619054,4.538017272949219
1120,4.29895036927086,,,,,,,,,,,,,,,3.9896397456501513,3.809521682181448,3.582308419075808,3.8173100471496584,4.0311320242578645,4.005926743594674,3.7950439453125,4.115905835870498,3.6369390490056137,3.590791788643793,3.8395478248596193,3.914908362415218,4.063696327305305,3.873197555541992
1121,3.84369320050593,,,,,,,,,,,,,,,,,,,,,,3.7507666463846747,3.8104038609871513,3.4586609082782296,3.5295901775360106,3.597028011774803,3.640470739955943,3.488088607788086
1122,3.39944091518963,,,,,,,,,,,,,,,,,,,,,,4.0661172913026595,3.831583400650327,3.6645208871594046,3.566646766662598,3.957918706858166,4.136179267976182,3.6271743774414062
1123,4.6825635034649,3.969775186843496,3.7818882106842637,3.8642424043411996,4.22750940322876,4.027758379749049,4.047718135644218,3.6592795848846436,4.289182208590912,3.8007690381768207,3.9979498357484213,4.077271890640259,4.192974731205829,4.130890709233081,4.125807762145996,,,,,,,,4.063191690523377,3.937502119122833,4.050666832967984,4.332637166976928,4.042868137033309,4.095792390342357,4.5197529792785645
1124,4.48971578259932,4.165249272916631,4.159412184097009,3.8428977686666945,4.537762928009033,4.1550589453512865,4.120052041791222,4.241683006286621,4.181866839686465,4.184704872332736,3.8912395668454494,4.512014770507813,4.163085738665607,4.125606349198673,4.299472808837891,,,,,,,,,,,,,,
1125,4.36525233942548,,,,,,,,,,,,,,,,,,,,,,3.851572107028437,4.214303846571252,4.617467578347277,4.256284999847412,4.237997009493135,3.9659738172778156,4.219544887542725
1126,3.33118559205487,,,,,,,,4.127831936658185,3.8825921499871447,4.045553750291542,4.09262261390686,3.987041171969366,4.0407802336260366,3.8121821880340576,,,,,,,,3.424145398797757,3.9409879407032498,3.472112429985732,3.655727815628052,3.5884086285176595,3.6699398318828957,3.5997214317321777
1127,4.88356784728947,4.882923671346287,4.699536651255074,4.6359179272123585,4.584790229797363,4.641032838291544,4.627759390792608,4.7064008712768555,4.178982008488271,4.093786676418194,3.7094502965973772,4.268375301361084,4.084090148516922,4.151927917220723,4.0935516357421875,4.887052965555239,4.670241947819991,4.632158992535869,4.588955307006836,4.657916096307008,4.670548329786807,4.7093706130981445,4.057631263025403,4.219820590891032,3.787874276485648,4.1623554706573485,4.10607831109604,4.075809446599486,4.043422698974609
1128,4.93265555268727,4.872387773111701,4.7717162612221165,4.62474974244968,4.347049570083618,4.754249833897275,4.701100162539958,4.813636779785156,4.235450043606406,4.094699974054348,3.7044211378425937,4.171321058273316,4.103774760710387,4.176592585861523,4.120715618133545,,,,,,,,4.07043801338678,4.236603394060866,3.785238280375764,3.980997610092163,4.08768340647033,4.1408559599102555,4.082694053649902
1129,4.90933077276211,,,,,,,,4.156865882598283,4.101215726717654,3.7150003188134075,4.28167405128479,4.095330017484169,4.130808631378716,4.1553802490234375,,,,,,,,4.050017498712901,4.232946266746108,3.7891320226953016,4.086134004592895,4.094951225234352,4.07579391362243,4.146017551422119
1130,4.91386707800814,,,,,,,,4.197978682915387,4.122647922319966,3.7742595951928104,4.159066152572632,4.113744773178355,4.183899545576858,4.2059502601623535,,,,,,,,4.063503341062832,4.283774082076982,3.837550732071215,3.999724006652832,4.063471498394792,4.113914860811257,4.156704902648926
1131,5.70333480973847,,,,,,,,,,,,,,,4.996317748446547,4.61259518691762,4.209396204583744,4.4087233543396,5.07839909254619,4.995206054545208,4.459601402282715,5.144950292798335,4.5774301537914,4.56308257376962,4.581771755218506,4.730766366415249,5.0017647699058765,4.759818077087402
1132,4.28155618397788,,,,,,,,4.2656161008713465,4.350569606571657,4.551024079118496,4.33519811630249,4.311391022183669,4.231163294984467,4.305098056793213,4.1980663427714555,4.2028922572797764,4.479064618063852,4.284247970581054,4.177501911206784,4.171639386431518,4.308274745941162,4.387969116711052,4.338030353818061,4.688862028140051,4.052236127853393,4.353599787075477,4.283286619011612,4.7613043785095215
1133,3.82385083887345,4.24134076230951,4.09266017936578,4.018272338793299,4.436089897155762,4.246901468664888,4.243415022352737,4.162562847137451,,,,,,,,,,,,,,,,,,,,,
1134,4.74472749489669,4.903629717650224,4.679777607119493,4.342125215407661,4.428072452545166,4.6558471534870485,4.618656261545748,4.30856990814209,,,,,,,,,,,,,,,4.792800840873331,4.679095973657658,4.427934646602581,4.629145336151123,4.652491097009957,4.571140650782391,4.708039283752441
1135,4.28108331398514,4.005691118071483,4.163470824369894,4.140372321216017,4.280545425415039,3.87821541860223,3.910977777685135,4.127367973327637,4.012685419337391,4.130699817832009,4.167399173112078,4.367945957183838,3.9317378673634322,3.9490144538054706,4.124964237213135,,,,,,,,,,,,,,
1136,4.18990195931886,4.224259059408955,4.057076721163249,4.455920382449377,4.569970512390137,4.071652548626032,4.149445258645093,4.259335994720459,,,,,,,,,,,,,,,,,,,,,
1137,5.15540137621214,4.991506160967779,5.464033673875721,5.254098971736536,5.212618160247803,5.146928891785041,4.981624426290699,5.219880104064941,4.614165627956894,4.757675572431712,4.596139686305209,4.64971284866333,4.835496647813697,4.71269098035193,4.959643363952637,,,,,,,,,,,,,,
1138,3.36552376757873,,,,,,,,4.28784713746888,4.462067375725538,4.172114786234986,4.632977390289307,4.294991936310048,4.310891259895565,4.653594017028809,4.298713473168858,4.50835202656587,4.360807232351711,4.638994598388672,4.473517690686418,4.443485588753709,4.582546234130859,4.376125823751818,4.627022960550784,4.50547114514293,4.905448722839355,4.501244552383206,4.487910908089772,4.72845458984375
1139,4.61685010897274,4.373347183934253,4.513338875256365,4.588825749057298,4.591943168640137,4.333224514152189,4.354787931616171,4.440541744232178,,,,,,,,,,,,,,,4.172038327847512,4.551324096313375,4.3481036297784454,4.402567958831787,4.243265518500923,4.2049075395668725,4.371851444244385
1140,4.3803978744957,,,,,,,,,,,,,,,,,,,,,,4.165164875692577,4.283756017073588,4.059283199062994,4.163148021697998,4.24889170069339,4.160755629249647,4.005953788757324
1141,4.72716864432141,,,,,,,,,,,,,,,,,,,,,,4.434747225738469,4.450122049403317,4.426591602456344,4.543320083618164,4.431459681290458,4.387920706100095,4.594875335693359
1142,5.09562381533253,,,,,,,,,,,,,,,,,,,,,,,,,,,,
1143,4.6083232381316,,,,,,,,,,,,,,,4.641662585259223,4.747810583196819,4.426992914219529,4.724100399017334,4.773628971290922,4.6763296402939885,4.714840412139893,4.700730382456208,4.686716834108259,4.580729410806891,4.75156888961792,4.669724012633847,4.672854109271773,4.779313564300537
1144,3.56863623584101,,,,,,,,5.107680867894457,4.087549251193809,3.98973783020862,4.219486808776855,4.71542550749928,4.96139602617368,4.1068434715271,,,,,,,,,,,,,,
1145,3.49485002168009,3.7819874210542883,3.597911085219776,3.771369535542605,3.9334319114685057,3.710550201430113,4.121018411498427,3.5690739154815674,4.9364307206269835,4.0731424637197255,4.0362086068336165,3.9483776092529297,4.604122697383201,4.883213898070558,4.099860668182373,,,,,,,,,,,,,,
1146,4.07058107428571,4.0692968990081875,3.834303494257989,3.784518939781838,3.9652332782745363,3.9819885185599926,4.2066500589955185,4.05409574508667,,,,,,,,,,,,,,,,,,,,,
1147,3.78781239559604,4.354939758089471,4.136027635742625,4.236820383694883,3.92738995552063,4.251391731140124,4.345603072597377,4.111204147338867,,,,,,,,,,,,,,,,,,,,,
1148,4.42534189384462,,,,,,,,4.005874267956088,4.092242514911854,3.8671042080226568,4.0602904796600345,3.9210054148948843,3.966686076496101,4.279545783996582,,,,,,,,,,,,,,
1149,3.95950164953465,4.233922754782513,4.425173830744901,4.2656945447239565,4.1799671173095705,4.369910492391926,4.320926195600991,4.31813907623291,4.108042672534459,4.089766654603067,4.035820943917643,4.122437858581543,3.946505198657329,4.017684439127491,4.346879482269287,,,,,,,,,,,,,,
1150,4.28457437962616,,,,,,,,,,,,,,,,,,,,,,,,,,,,
1151,3.88449212761908,,,,,,,,,,,,,,,,,,,,,,,,,,,,
1152,3.35633023054158,,,,,,,,,,,,,,,3.4434783541009444,3.483575345762166,3.5626156480772826,3.648342180252075,3.530482616523891,3.408101673897591,3.47721791267395,,,,,,,
1153,3.24677708758437,,,,,,,,,,,,,,,3.4272284732156875,3.341496006495413,3.3786435437209335,3.5501489639282227,3.5052763079546168,3.3946370050896104,3.4694888591766357,,,,,,,
1154,3.46985154900707,,,,,,,,,,,,,,,3.1324543056619643,3.2912971278034866,3.3593208403775714,3.1150168418884276,3.2259450542576236,3.1573967854860996,3.1346004009246826,,,,,,,
1155,3.21027830601908,,,,,,,,3.53440083574977,3.5113702614570084,3.308769036191948,3.33349347114563,3.5013181242612093,3.486750248580337,3.425520658493042,3.8625051634252285,3.7578711831860283,3.272912506129819,3.4300514698028564,3.914947900587726,3.9305940421916303,3.2895712852478027,,,,,,,
1156,3.02546067540693,,,,,,,,3.455410675367677,3.471153528758939,3.35079270751055,3.361122798919678,3.4523011130914574,3.485329435329102,3.4508728981018066,3.8304250929506445,3.754208177931946,3.2909865887612404,3.464772891998291,3.870076577719825,3.9158573727212502,3.291386365890503,,,,,,,
1157,3.13109705997145,3.227380033420159,3.2360946976258895,3.1390497169076284,3.241197395324707,3.302971148253259,3.4556927227024112,3.3433425426483154,3.3987506182310936,3.525514767734719,3.206001146074517,3.2892053604125975,3.506934122141989,3.541587173798553,3.300445079803467,3.7974900931420636,3.722570140983905,3.127527099977215,3.2538053035736083,3.8337608236102803,3.8282269516989724,3.1040186882019043,,,,,,,
1158,3.64290407490427,,,,,,,,,,,,,,,3.865864663480547,3.7080282036209393,3.276095130220796,3.248702621459961,3.8285744311995176,3.8387744788187534,2.9335131645202637,,,,,,,
1159,3.29058586361852,,,,,,,,3.4006542380207527,3.385298077278261,3.4278509865738096,3.1593016147613526,3.439846103023023,3.3326290432354386,3.1646673679351807,3.940871180526601,3.717082272966014,3.3818558583458715,3.358943462371826,3.8446829610078743,3.8738465602235452,2.9867141246795654,,,,,,,
1160,3.31263158797851,,,,,,,,3.391215491018808,3.4037044759219013,3.363465689789353,3.161920166015625,3.403170063796618,3.3472601115955127,3.1212823390960693,3.8890793338723917,3.715459555463167,3.3058951007470214,3.328152561187744,3.817799557726982,3.9235592211739037,2.9271769523620605,,,,,,,
1161,3.08846421353175,,,,,,,,3.3838982796442094,3.4713643036006454,3.4035780303546774,3.2109756469726562,3.506373011928484,3.457692609805126,3.1205947399139404,3.8320550821537624,3.675307268111041,3.289416333069053,3.24055700302124,3.7492772154744647,3.814870452977143,2.920006275177002,,,,,,,
1162,3.28427235381505,3.18616398669382,3.40510872591395,3.148935992315801,3.0127115726470945,3.2918850327151206,3.205946062154012,3.2473201751708984,3.367684215311635,3.531197985940311,3.4084278444120066,2.9905728340148925,3.4382494171107383,3.5083545755305288,3.1292104721069336,3.896348179657847,3.694038813629465,3.3251498549205154,3.203947162628174,3.76059246229981,3.824868074824329,2.9398865699768066,,,,,,,
1163,3.1978696436388,,,,,,,,3.369809944521245,3.404078460417671,3.540004992983207,3.0109564781188967,3.369562430856447,3.4926414316071233,3.067387819290161,3.8770722595542355,3.7572402634914384,3.523714264987043,3.221358871459961,3.7779487646764887,3.8104795026633194,2.96280837059021,,,,,,,
1164,3.11387604187857,3.2727531979755993,3.2427778526999136,3.215683324450835,3.2710806846618654,3.3033518368865926,3.2916831865379597,3.317842960357666,3.3823712608633274,3.427632489282109,3.3003293276843717,3.3205020904541014,3.3996729624400985,3.4223846526030117,3.1925241947174072,3.873670692979866,3.7304237647202996,3.185832985427521,3.2345383644104,3.7357727203202318,3.8377076195131874,2.9531726837158203,,,,,,,
1165,4.4325780894448,,,,,,,,,,,,,,,4.647043378196784,4.7215346085869845,4.674451511029847,4.74600248336792,4.526541293602233,4.5769731172001284,4.644839286804199,,,,,,,
1166,4.11670528537211,4.296664424326944,4.286280507261721,4.151101549847609,4.363231182098389,4.270205804811616,4.315837579268263,4.351492881774902,,,,,,,,4.3170971703032786,4.088529138203396,4.134580038026825,4.770433712005615,4.171238974489247,4.303004552299463,4.29027795791626,,,,,,,
1167,4.18205057876139,4.622924477258772,4.115603456766551,4.139958351884672,4.3147069931030275,4.352899660021106,4.377723715408871,4.197251319885254,,,,,,,,4.6118654132331764,4.054198204525328,4.123921445603104,4.763050365447998,4.378350332203675,4.272157098730061,4.466504096984863,,,,,,,
1168,4.3063871199046,,,,,,,,,,,,,,,4.325948111277936,4.067242337010956,4.210411811335762,4.769117069244385,4.224601780978853,4.295675778137149,4.373346328735352,,,,,,,
1169,4.23836583984168,4.514469931913871,4.539032330525594,4.73245694614301,4.524644088745117,4.422581150701871,4.499495249486694,4.661313533782959,,,,,,,,4.285439934235066,3.9670478641316085,4.404718668789217,4.311235427856445,4.233949415165974,4.296308634221306,4.246792793273926,,,,,,,
1170,4.55267596452176,,,,,,,,,,,,,,,4.259885397406134,3.9637432565029598,4.329793413721789,4.126557493209839,4.222770879462762,4.238647152227501,4.242568492889404,,,,,,,
1171,4.41430635689035,4.423139678966135,4.462402012504446,4.0755548457138975,4.3006284713745115,4.35511850155698,4.1707221706878865,4.3792405128479,,,,,,,,4.269408011497108,3.908834207262311,3.975018895184845,3.9513736724853517,4.040789105420042,4.09056925648779,3.8861136436462402,,,,,,,
1172,4.54105390278521,4.2401085707718735,4.342765433138186,4.522027225668142,4.425815296173096,4.153766612641006,4.169639422707948,4.269309043884277,,,,,,,,4.200044315411427,3.9273066136106825,4.2420650557632165,4.046843433380127,4.088363342070179,4.095489755272885,3.914095401763916,,,,,,,
1173,4.3672994347826,,,,,,,,,,,,,,,3.8808895321364307,3.940057007343144,3.7568807674219915,3.8277464389801024,3.878602140151492,3.8988219066741174,3.6294455528259277,,,,,,,
1174,3.93101266872085,,,,,,,,,,,,,,,,,,,,,,3.8883105304131815,4.321252441916926,4.051369581791683,4.670199775695801,4.126648140364581,4.032188366477292,4.278494834899902
1175,3.23587975164137,3.1830089455560766,3.2093296724026272,3.296499423799856,3.2542154788970947,3.338268296903156,3.2980150682696734,3.3131680488586426,4.101037189626667,4.189914631564899,3.949519276521528,3.953520107269287,4.312479764541774,4.137710768704582,4.026223182678223,3.5084772527982504,3.2194254062920145,3.2519092302025925,3.385022592544556,3.5587162257963008,3.54671925296212,3.2862937450408936,4.045479868790258,4.133213500346281,3.88063372898296,4.013341236114502,4.218244208135128,4.137310210251709,3.891007900238037
1176,3.06356345856689,3.465618805905279,3.4495191590227012,3.4130088790956634,3.817934989929199,3.5274783690823286,3.570783325252951,4.181122779846191,4.3030794358582645,4.209966752702959,3.9950485163027905,4.5574695587158205,4.3042297509340735,4.1979362495132895,4.329468727111816,3.816813333066707,3.411321475693869,3.463256444240196,3.8304163932800295,3.7254229885703194,3.6707606908356816,3.951345920562744,4.315416862657114,4.2311106218250085,3.914221346348647,4.562133884429931,4.297837835454972,4.202598641274181,4.645089626312256
1177,4.06628300391974,3.814518318689755,3.6720662218525666,3.55845419986091,4.097132968902588,3.807761494471086,3.871626130824114,4.059517860412598,,,,,,,,,,,,,,,4.109645544859022,4.355355932233583,4.08652239992521,4.935057067871094,4.117237281605073,4.074467819322869,4.9171247482299805
1178,3.12792874440324,,,,,,,,4.057882360689583,4.183803203794504,4.002925083910733,4.027562379837036,4.242509359886546,4.128218098670835,4.0093231201171875,3.551164113694494,3.295870170087626,3.413506196246421,3.511107349395752,3.532955961885428,3.5650316864420053,3.4729526042938232,4.021832323902889,4.143569460455902,3.9065484480901116,4.017986059188843,4.186039706326727,4.119887263254011,3.8856091499328613
1179,3.01569473557021,,,,,,,,,,,,,,,,,,,,,,3.586259496715405,4.157221968974198,3.6117972713887805,3.873064565658569,3.8548730456519733,3.693977832223289,4.134291172027588
1180,3.01060762316762,3.399495600582884,3.5628453918686915,3.7136960862881336,3.8860068798065184,3.799155789483549,3.7730997344567787,3.5342323780059814,4.217243397352843,3.9335047043520093,3.970793487885784,3.9448474884033202,4.251800888016875,4.226137129095672,4.124457359313965,3.5418326420143176,3.491757005912533,3.7709331324114084,4.030343246459961,3.867296774276019,3.850065539751043,3.114588499069214,4.156993853524473,4.030175574018208,3.7858989134687593,3.97611346244812,4.214525575781622,4.210028404216219,3.7842350006103516
1181,3.40809301244973,3.092187118028107,3.107196191491105,3.3062605379180634,3.5839099407196047,3.2688246491925685,3.2620761289030007,3.6834664344787598,4.34739166667096,4.209911216093059,4.0548925634672095,4.536736106872558,4.349439367805704,4.20736783895979,4.334661483764648,3.526062736803606,3.1304925964923314,3.2929870983870346,3.5429858684539797,3.5414678620809052,3.482267789015363,3.5769550800323486,4.3271439713211235,4.257431067266328,3.9621140795516454,4.540746974945068,4.357817682691639,4.211587392696443,4.646029472351074
1182,3.63402068090648,,,,,,,,,,,,,,,,,,,,,,3.757780220773232,4.348730200078798,4.114021529393822,4.792396545410156,3.988027676649906,3.952568873775806,4.88613748550415
1183,3.35625817937404,4.132394738295037,3.9821553244186547,4.077260111147078,4.2923417568206785,4.08796415836101,4.1283596386871135,4.089556694030762,,,,,,,,,,,,,,,4.264793517831436,4.352964288913119,4.133601397560426,4.644862079620362,4.194583605912564,4.181980653182198,4.321714878082275
1184,4.63827216398241,3.963825758634069,4.34990333604985,4.273276661576219,4.279183673858642,3.85807354921476,4.103726219520257,3.888495683670044,,,,,,,,,,,,,,,3.9387670179474976,4.037870852998181,4.044818652600735,4.356461906433106,3.8525471092592136,3.9090436755837974,3.711029052734375
1185,4.30320691491826,,,,,,,,,,,,,,,,,,,,,,3.594921121145708,4.165337486542334,3.7353909897261954,3.7563608646392823,3.8309501675080524,3.836146146817764,3.6498684883117676
1186,4.14321071124668,,,,,,,,,,,,,,,,,,,,,,3.72338642839426,4.146775388784127,3.814965904242511,3.9983301639556883,3.8675101279120025,3.884561066921084,3.6762092113494873
1187,4.29285581165755,,,,,,,,,,,,,,,,,,,,,,3.347653335099608,4.337124178927104,3.9177872300316987,3.898551654815674,3.6717533409347767,3.5660111361789837,3.6394615173339844
1188,4.03287341892359,4.07605277869909,4.111494989762692,4.021248577269466,4.052951765060425,4.118147659507838,4.111638120890015,4.131857395172119,,,,,,,,,,,,,,,3.588981312400683,4.160286512717406,3.8031116199474937,3.9814594268798826,3.874340737300527,3.844238364524809,3.6880993843078613
1189,4.07748213975539,4.192327296440726,4.156859737988657,4.206764943212716,4.1926719665527346,4.129912606917142,4.1824121698199415,4.112397193908691,,,,,,,,,,,,,,,3.6205064274064864,4.2086525168568345,3.7813999871713357,3.7919419765472413,3.900577034874952,3.8684854622682896,3.700237274169922
1190,4.05227227303668,,,,,,,,,,,,,,,,,,,,,,3.590987337946593,4.128895472799066,3.789541574006435,3.8391870975494387,3.8961562860361907,3.8560519929926853,3.782226085662842
1191,4.21452779669361,4.121343699182819,4.155995677154274,4.077848504048262,4.198474979400634,4.122251099342,4.139825103560695,4.0933051109313965,,,,,,,,,,,,,,,3.684932272885028,4.162444504103919,3.891214919308787,4.188256168365479,3.889545979452182,3.8725753885385337,3.6564927101135254
1192,4.35222594973117,,,,,,,,,,,,,,,,,,,,,,3.6872656423751415,4.170903173531139,3.814612791997362,3.7948451042175293,3.8978558163665475,3.8875011720678123,3.696695327758789
1193,4.07577241873988,4.205672542354065,4.2605066794243704,4.066853912434217,4.076691389083862,4.241302198320449,4.06126159380454,4.098512172698975,,,,,,,,,,,,,,,3.7959922373878783,4.168234421698338,3.978906171998843,4.040988349914551,3.9480235240329993,3.9107311889695615,3.7420830726623535
1194,4.32642620357695,4.189770024420263,4.211376676198332,4.292115929326194,4.34202938079834,4.1345608008998935,4.181627068382745,4.080935478210449,,,,,,,,,,,,,,,3.605953544700925,4.406590701083391,3.9687086732303274,4.024033451080323,3.8300011432146595,3.917622740327959,3.6881327629089355
1195,4.05227227303668,,,,,,,,,,,,,,,,,,,,,,3.6849388870006528,4.1606519660105725,3.891032105016073,4.025842905044556,3.9552968603460723,3.890291774129074,3.7615303993225098
1196,4.24313577593945,4.194906484087172,4.176222980277974,4.2288093565256,4.241916465759277,4.195213269196575,4.246112712598685,4.060782432556152,,,,,,,,,,,,,,,3.727112535767381,4.206086822569782,3.861926549866969,3.9137324333190917,3.9656215810517885,3.939300047211533,3.787776470184326
1197,4.23054882059796,4.101587643682335,4.123921118644309,4.161171227269924,4.228764533996582,4.144944799969739,4.245900456143414,4.14186429977417,,,,,,,,,,,,,,,3.6898396014225243,4.123802375115478,3.837426499214319,3.926596832275391,3.9385985205569902,3.9254048863787836,3.835883378982544
1198,4.1266793981846,4.232722842218286,4.270633464228373,4.170355634665186,4.081912851333618,4.178812490102925,4.125232308871624,4.109585762023926,,,,,,,,,,,,,,,3.7188495743759766,4.200744266631276,4.048639480166551,4.170259189605713,3.9097359792335964,3.923767269212776,3.728508710861206
1199,4.0849168983488,,,,,,,,,,,,,,,,,,,,,,4.080582872904804,4.406756320784755,4.196204485740976,4.214984893798828,4.15426419270229,4.055788582516268,4.145922660827637
1200,4.80120663931263,5.100257631749731,4.451843296881261,4.824733734991694,5.02114839553833,4.916267475315015,4.923768704649247,4.730149269104004,,,,,,,,,,,,,,,4.719180728748069,4.469404502530262,4.603746917218316,4.6788811683654785,4.739419660506727,4.655275608496219,4.886753082275391
1201,5.21263981134446,4.754253389527215,4.456242712743912,4.529652864424282,4.698943996429444,4.644099380804264,4.65802534547991,4.564621448516846,4.679228299954541,4.437022559559513,4.612611384621857,4.913917350769043,4.592383496471322,4.658507144703554,4.874573707580566,,,,,,,,4.855048298189428,4.433590820523725,4.419932939320512,4.654003429412842,4.697508224680322,4.814330371596866,4.879359245300293
1202,4.59808274948243,4.5308092365737425,4.3861066924314995,4.4802274477096455,4.652446651458741,4.4403395255907165,4.454919624612293,4.413601875305176,,,,,,,,,,,,,,,,,,,,,
1203,4.58252830679671,,,,,,,,,,,,,,,,,,,,,,,,,,,,
1204,4.53745227119734,,,,,,,,,,,,,,,,,,,,,,,,,,,,
1205,4.56145765121389,,,,,,,,,,,,,,,,,,,,,,,,,,,,
1206,4.7619538968712,4.298336447822698,4.608737305447347,4.679769042830981,4.690308094024658,4.358831284733553,4.390773246831623,4.180587291717529,,,,,,,,,,,,,,,,,,,,,
1207,4.84771165561694,,,,,,,,,,,,,,,,,,,,,,,,,,,,
1208,4.73235901765408,,,,,,,,,,,,,,,,,,,,,,,,,,,,
1209,4.91901295308911,,,,,,,,,,,,,,,,,,,,,,,,,,,,
1210,4.26664221207441,4.4473720893696935,4.282447560350853,4.357799479298975,4.358326435089111,4.390625260447064,4.4241738512726,4.435227394104004,,,,,,,,,,,,,,,,,,,,,
1211,4.32330639037513,4.3267458970317225,4.165690964954411,4.1730685004742085,4.154087257385254,4.324005276428262,4.276948513556537,4.396177291870117,,,,,,,,,,,,,,,,,,,,,
1212,4.22018713682942,,,,,,,,,,,,,,,,,,,,,,,,,,,,
1213,4.39663907565162,4.517515868637291,4.296197177873502,4.457440408314512,4.238366985321045,4.646307266991707,4.507744518512073,4.593202590942383,,,,,,,,,,,,,,,,,,,,,
1214,4.30874164186689,,,,,,,,,,,,,,,,,,,,,,,,,,,,
1215,4.12953756841108,4.452348056073681,4.415537485503041,4.272232004623377,4.241022968292237,4.428115296896342,4.392661354554013,4.313443660736084,,,,,,,,,,,,,,,,,,,,,
1216,4.04474531717982,,,,,,,,,,,,,,,,,,,,,,,,,,,,
1217,4.02544225514642,,,,,,,,,,,,,,,,,,,,,,,,,,,,
1218,3.97881070093006,3.935422970597183,4.037219415139094,4.03051967773758,3.9324765682220457,4.0256297130898195,4.017429924769184,3.982434034347534,3.9386017671292732,4.033650217531673,3.9482650348895194,3.9723270416259764,4.02196265791803,3.956901373721031,3.923903703689575,,,,,,,,,,,,,,
1219,4.05349860943041,,,,,,,,,,,,,,,,,,,,,,,,,,,,
1220,3.92005940284764,,,,,,,,,,,,,,,,,,,,,,,,,,,,
1221,3.82387978894391,3.9297724482961938,3.8339577583180415,3.9313953117679596,4.000880527496338,3.8826678522787126,3.845893107280418,4.030683517456055,,,,,,,,,,,,,,,,,,,,,
1222,3.80101319432907,3.973235173299926,3.8353556977749856,3.907771937698247,3.977500343322754,3.8895100937457956,3.888925360549696,4.126034259796143,,,,,,,,,,,,,,,,,,,,,
1223,3.85322101069217,,,,,,,,,,,,,,,,,,,,,,,,,,,,
1224,3.83827273028398,3.848721302919834,3.8560866118823243,3.8876221938058677,3.9452961921691894,3.930742648433121,3.83571087857768,3.962707996368408,,,,,,,,,,,,,,,,,,,,,
1225,3.92038467647306,,,,,,,,,,,,,,,,,,,,,,,,,,,,
1226,3.7444380617091,3.974692765805269,3.9730110254773567,4.1374369616195885,3.9734354972839356,3.997203257487102,4.003152573137311,4.076672554016113,,,,,,,,,,,,,,,,,,,,,
1227,3.95813379727871,3.8973491505422895,3.8770575905514977,3.816688612803074,3.896635627746582,3.9296708047224747,3.9273416748728676,3.9220128059387207,3.938779165580809,3.888068002050834,3.840643089298382,3.99993634223938,3.9252235144292804,3.949199815411614,3.8531765937805176,,,,,,,,,,,,,,
1228,3.79555441856693,3.647202242194845,3.741250068982374,4.02148044348334,4.038871479034424,3.8879262558030554,3.898338617330654,3.8035171031951904,,,,,,,,,,,,,,,,,,,,,
1229,3.85870703991841,,,,,,,,,,,,,,,,,,,,,,,,,,,,
1230,3.56153377738092,3.5080617181722573,3.651664552466605,3.7367853689787265,3.8501425266265867,3.6618176814905303,3.6116201883820866,3.5787930488586426,3.569710450721277,3.593722287505001,3.811800949988023,3.799163579940796,3.631667579083981,3.630646141197029,3.647026777267456,,,,,,,,,,,,,,
1231,3.48916056645493,,,,,,,,,,,,,,,,,,,,,,,,,,,,
1232,3.70586036405797,,,,,,,,3.8729518866267596,3.855645783254821,3.3251684157486006,3.501304531097412,3.9830263304134745,4.004452789682734,3.7453010082244873,,,,,,,,,,,,,,
1233,3.68105976315877,,,,,,,,4.235778323512425,3.9194356259354852,3.424015954296447,3.423252487182617,4.016100533087931,4.088091144561169,3.8721070289611816,,,,,,,,,,,,,,
1234,3.6490419303096,3.7348665263756886,3.730876613228944,3.7339870544927165,3.7215638637542723,3.760584873178823,3.8359346880968137,3.775857925415039,4.289609462484115,3.9666401281438457,3.4820090142935376,3.5706173896789553,4.112451705096073,3.939597072414656,4.060898780822754,,,,,,,,,,,,,,
1235,3.83892160641453,3.851840399780471,3.936711152903708,3.696698993056961,3.7382880210876466,3.8858562500782377,3.8771786793718923,3.885502338409424,4.084369192006047,3.921501042149078,3.2635776021649407,3.5849124908447267,4.05104751560499,3.9326967496510004,3.694397449493408,,,,,,,,,,,,,,
1236,3.86803094521951,,,,,,,,4.054550705341094,3.9460446655736012,3.5153645778734863,3.5862639904022218,4.020738954007344,3.8872032488633543,3.7128970623016357,,,,,,,,,,,,,,
1237,3.77754500666041,3.7766003073198773,3.7600999244553237,3.683516473813989,3.7185367584228515,3.7009199024641815,3.7515862150714874,3.838867664337158,4.0757832265863785,3.881768445354557,3.470491370304666,3.520050859451294,4.081464151775219,4.0995064152482374,3.7945199012756348,,,,,,,,,,,,,,
1238,3.78478260215247,,,,,,,,4.063228444775408,3.8704444519149077,3.4140280352359844,3.464814376831055,4.069320092200413,4.109527283559375,3.8012778759002686,,,,,,,,,,,,,,
1239,3.73311112707616,,,,,,,,4.089135046589972,3.909664148958986,3.4778979619086514,3.465669059753418,4.0703752548244845,4.091773178721675,3.7421672344207764,,,,,,,,,,,,,,
1240,3.76554992075041,,,,,,,,3.939167872941367,3.90593243909628,3.5530255473419032,3.659100151062012,4.05600640025036,4.073504632980008,3.9020752906799316,,,,,,,,,,,,,,
1241,3.72378606109792,3.7352395209143765,3.7299930147072438,3.8471312233855284,3.7765252113342287,3.767635870230968,3.8835169495666175,3.7519760131835938,4.071792024256443,3.972204476137579,3.639793239424935,3.651618146896362,4.095287463894537,3.843108820497542,4.050586700439453,,,,,,,,,,,,,,
1242,3.9428675695947,3.7682682602385698,3.853235808563303,3.8142964972893227,3.8078819274902345,3.8339867970576216,3.843579347556472,3.7158284187316895,3.812884618561497,3.9456319468433843,3.423736735294018,3.666317653656006,3.985016083247711,3.815829176866269,3.8263516426086426,,,,,,,,,,,,,,
1243,3.89856781806763,3.8015349698090843,3.825580685306508,3.8598318051730356,3.7874502658843996,3.80495807369469,3.8753106667596775,3.7611618041992188,3.7723085106540073,3.935839352180381,3.655138674354078,3.6669883251190187,3.9536469642450216,3.666584301236144,3.838737964630127,,,,,,,,,,,,,,
1244,3.75334085527313,,,,,,,,3.9520940971366474,3.8996975528801823,3.5598168597291906,3.737784242630005,4.095358662558312,4.082377163191048,3.906986951828003,,,,,,,,,,,,,,
1245,3.65618662724187,3.8290459309251297,3.784259705301969,3.7398310993979167,3.800549554824829,3.7764546501059106,3.806415868254379,3.816110134124756,3.9876342296825285,3.8599817456619494,3.5044168960449635,3.7300891876220703,4.0846755205214675,4.129942742791723,3.9167640209198,,,,,,,,,,,,,,
1246,3.82131946372906,3.7403640646386687,3.705106893537981,3.6953104677095303,3.863980197906494,3.7153994751831414,3.731673127139179,3.8149166107177734,3.8707332894991255,3.882684641252175,3.5185779020975336,3.7308921337127687,4.0867471505675415,4.081479791938885,3.8684563636779785,,,,,,,,,,,,,,
1247,3.87153876989922,,,,,,,,4.144108572318561,3.9155717504933567,3.5302834064742497,3.6555871963500977,3.9996580629330003,4.013872092778972,4.015583515167236,,,,,,,,,,,,,,
1248,3.79034914848741,,,,,,,,4.169234186540905,3.95110542447291,3.4916231414903307,3.807382011413574,4.074546543838187,3.8809273852197275,3.915560483932495,,,,,,,,,,,,,,
1249,3.87277750099375,,,,,,,,4.089247791789839,3.9105541991187835,3.2801839088958835,3.831389570236206,4.044046984776056,3.898322555263412,3.766047716140747,,,,,,,,,,,,,,
1250,3.74678257360544,,,,,,,,4.061696091555533,3.913501346260105,3.4033555433730553,3.8259908676147463,3.9937564098698313,3.8455127882431945,3.7768847942352295,,,,,,,,,,,,,,
1251,3.63861060731817,,,,,,,,4.133765807562639,3.871159529886482,3.571110445756672,3.698917770385742,4.0644557247881865,4.06676863975592,3.967115879058838,,,,,,,,,,,,,,
1252,3.71980779024884,,,,,,,,4.221349770408828,3.841465924514584,3.5124223582986667,3.6678545475006104,4.0450595062925565,4.060803976395131,3.8802437782287598,,,,,,,,,,,,,,
1253,3.77544397439523,3.7580880053572496,3.778178397081608,3.824004392430715,3.8123597621917726,3.7473361815334743,3.7318111871808384,3.839362382888794,4.054160279074741,3.8349359091820143,3.554371154331911,3.6974384784698486,4.065853044349944,4.024624603821407,3.9398512840270996,,,,,,,,,,,,,,
1254,4.48746040180152,4.175142804754203,4.085405798176333,4.087900172561651,4.231437110900879,4.134687871042368,4.151549014456476,4.190684795379639,4.056376404443552,4.070876561151981,3.7114176321180183,3.949522304534912,4.073959605559917,3.9830415181074197,4.067988395690918,4.051746348377666,4.109044829844411,3.9977588030743076,4.241687488555908,4.103451813276888,4.122088186723541,4.12993049621582,,,,,,,
1255,4.08866125440835,,,,,,,,4.0030771671318695,4.10658589854004,3.6841487340377514,3.71548113822937,3.978366258795759,3.94301169614716,4.023533821105957,4.085040801146863,4.122239097505734,3.9602499419896353,4.135549736022949,4.012557902105169,4.105626911475479,4.120258331298828,,,,,,,
1256,4.06019112117398,4.051064312361549,4.068551157537725,4.08863715799848,4.261204624176026,4.129751076154606,4.2431456017787115,4.236745834350586,4.073155702461628,3.9674955085791397,3.6504287468049204,3.9294178962707518,4.036086336780143,3.96044528708625,4.064725399017334,4.1329123179799545,4.064600697332404,4.072495575025633,4.214854145050049,4.172513332150562,4.242308651567951,4.188664436340332,,,,,,,
1257,4.0406689814715,4.139917501068311,4.095855558882812,4.118741908465697,4.1934840202331545,4.112773198393779,4.217257692552739,4.2212018966674805,4.022170210897553,3.958706841474146,3.7084161737148733,3.9294127941131594,4.009526581986935,3.950130613435143,4.025751113891602,,,,,,,,,,,,,,
1258,4.27435977626111,,,,,,,,4.219227373856428,3.979713845407858,3.7280747625750803,3.9224568367004395,4.0586075697452735,3.9741323645362074,4.116849422454834,,,,,,,,,,,,,,
1259,4.47352045073235,4.340322100678143,4.3878534951075565,4.322922076266488,4.307722663879394,4.349729459122117,4.378570231041351,4.247746467590332,4.106627168080035,4.143433137452546,3.9398342869231806,3.7010756969451903,4.099644393007861,3.996678966897531,4.1210784912109375,4.128429192592715,4.153949009955141,4.097566014051359,3.7633125305175783,4.159711857087498,4.11578656668994,4.14928674697876,,,,,,,
1260,4.42816157835652,,,,,,,,4.0096866878780375,4.1312999546850575,3.9146584509089473,3.615225076675415,3.9816962424641362,3.8893913974313574,4.100698947906494,4.083812832395551,4.136680445459102,4.087586689904998,3.704812431335449,4.054020651341312,3.946724330084326,4.13994026184082,,,,,,,
1261,4.25860683612212,,,,,,,,4.127828128668921,4.0197511465120215,3.8184386980620197,4.1687822341918945,4.064872321328707,4.042846997180409,4.136959075927734,4.249296648432328,4.277491142763704,4.185228316002549,4.375212669372559,4.280365862507745,4.309852798505583,4.253441333770752,,,,,,,
1262,4.28446533484696,4.297518431803226,4.284904980333192,4.334961173053802,4.408510494232178,4.266186791172088,4.185786075595829,4.2634172439575195,4.055921449862356,3.9834122036388435,3.8207123833071983,4.196931266784668,4.0691085464826315,4.036509867198658,4.1249098777771,,,,,,,,,,,,,,
1263,4.34193797710905,,,,,,,,4.229884930222897,4.009633727221666,3.9427691345948523,4.122487258911133,4.094226164161632,4.045560743389941,4.184573650360107,,,,,,,,,,,,,,
1264,4.15375189117224,4.227397730745356,4.25151647566083,4.393362241761683,4.240832233428955,4.270380388936345,4.288665346118652,4.26433801651001,4.068135439217943,4.108803420752824,3.788879103162475,4.053331136703491,4.1986142527336945,4.083848837141217,4.107965469360352,4.087632197128058,4.213431508569888,4.106862387375705,4.237086391448974,4.199921007142614,4.226953433768409,4.185860633850098,,,,,,,
1265,4.20918765371394,,,,,,,,4.005646130675046,4.107888519633806,3.7701874916471034,3.9194231986999513,4.087292988448183,4.034506444307126,4.068579196929932,4.098683588444226,4.249153531791321,4.092902179976231,4.200536155700684,4.144956102088588,4.168593573787396,4.172266006469727,,,,,,,
1266,4.10736593821909,,,,,,,,4.106827281011828,4.060051164789827,3.7221176339081286,4.0968835830688475,4.182817124827115,4.013129789339633,4.122757911682129,4.193797818538573,4.222439483001072,4.122573792061675,4.275129508972168,4.259483496934725,4.29825833536055,4.2784342765808105,,,,,,,
1267,4.15665052453135,,,,,,,,4.0560151107374445,4.0717769388792755,3.7734313871118763,4.2114739418029785,4.15072260677068,4.025315864322941,4.109925746917725,4.245420625275877,4.243540398981942,4.1664543920791,4.40443229675293,4.235547477597073,4.273897134980361,4.289794445037842,,,,,,,
1268,4.5369026199626,,,,,,,,4.22866118687549,4.0126644735118475,3.8989299405107083,4.130452013015747,4.1703742464387386,4.033203610139782,4.197295188903809,4.338870437542987,4.322323705314281,4.339490195539696,4.372315883636475,4.313068284986928,4.318978871696039,4.318756103515625,,,,,,,
1269,4.31759909709717,4.2985201462779274,4.287987777641783,4.323779860739357,4.330910587310791,4.284385102926187,4.304132838572328,4.2664794921875,3.9986446264750737,4.241722369132389,3.8599453254577067,3.881731557846069,4.048775443731188,3.9191713253395233,4.078489780426025,4.079185089963034,4.269008103138657,4.055523748559004,4.010271406173706,4.083522469973282,3.9360141513931723,4.09894323348999,,,,,,,
1270,4.2695618402416,,,,,,,,4.010269206881844,4.260104293297394,3.7878247008143022,3.7174610614776613,4.065249134086895,3.90072734914979,4.033229827880859,4.075011781325244,4.271701247919691,3.9808674008974,3.9379485130310057,4.086230400654363,3.935758725246244,4.08182430267334,,,,,,,
1271,3.96585842534399,4.13491814921569,4.081347562183782,4.14187929861808,4.208950328826904,4.11296245774358,4.154000757932038,4.288455009460449,4.0114051455377675,4.124704618006341,3.801018894678826,3.9741238594055175,4.031576052485413,4.009137687718803,4.040701389312744,4.0762137993124545,4.261777295212049,4.094025901280648,4.273798561096191,4.09718732825571,4.084622685477725,4.183219909667969,,,,,,,
1272,4.04341266313423,,,,,,,,4.0057598710592535,4.12826832079411,3.7911727936473203,3.892745351791382,4.035503251263891,3.9659885514890614,4.027482986450195,4.079340409798267,4.253056487951596,4.064805073154838,4.2030510902404785,4.102738083422832,4.037975483878096,4.187867164611816,,,,,,,
1273,4.12182550118416,,,,,,,,4.063468786501871,4.12473755414682,3.926537268209521,4.0031860828399655,4.026898461423965,4.010714441055585,4.151998043060303,4.13733448075693,4.295316931607075,4.225166677351477,4.272941589355469,4.112921072569655,4.081776539978253,4.2413740158081055,,,,,,,
1274,4.42774763600725,4.403800562694281,4.363927497198901,4.414372617734879,4.500825023651123,4.369148315614857,4.34531021100825,4.261682033538818,4.0807702422325765,4.104013819138642,4.156958445810707,3.9007358074188234,4.169088128231653,3.9926582611579353,4.1574907302856445,4.0933490438376685,4.2714867951797455,4.244171277591532,3.9664586067199705,4.1938414725693764,4.010906179379444,4.155594825744629,,,,,,,
1275,4.36172783601759,,,,,,,,4.005191016226611,4.127450095486932,4.140799142764916,3.8322893142700196,4.050381038279069,3.9244785244732903,4.135992527008057,4.06884034202433,4.2740148077244156,4.2432155157330484,3.937560224533081,4.0906282511549605,3.9081816062489474,4.16175651550293,,,,,,,
1276,4.48492391544484,4.24282751762825,4.305208877248577,4.149581945219699,4.482306480407715,4.292347817622179,4.294938097210254,4.269300937652588,4.100990799103748,4.077959127642818,3.8779405095398083,4.218758964538575,4.119698513074212,3.9517412462165202,4.176541805267334,4.246367542772211,4.3272914499333135,4.13677837924832,4.509558391571045,4.310167773872423,4.27390597080157,4.239169120788574,,,,,,,
1277,4.37657695705651,4.44246732931168,4.446158529623632,4.548282280492492,4.5076648712158205,4.457613829059957,4.416944141930435,4.391806602478027,4.176981865206685,4.054504463917074,4.040841172505421,4.192158508300781,4.127699457027859,3.9836549206208702,4.204359531402588,,,,,,,,,,,,,,
1278,4.15568268732934,,,,,,,,4.124934997041617,4.186291620891499,3.7896872822363634,4.259327602386475,4.22552450850086,4.108413549373879,4.1680169105529785,4.235113173748328,4.1737076834891536,4.089643066091774,4.344538021087646,4.238221526793747,4.218233947913321,4.28808069229126,,,,,,,
1279,4.15119767863747,4.199396159954104,4.172749121325102,4.035675523246168,4.239175605773926,4.193306979715248,4.176885096465847,4.318538188934326,4.028385198407283,4.189341182842959,3.7899085496383376,4.098429775238037,4.120375471671895,4.02284616303454,4.142012596130371,,,,,,,,,,,,,,
1280,4.17084389411885,,,,,,,,4.10084048590941,4.073571431865954,3.956714286172601,4.134607744216919,4.233219352284253,4.0292595307841195,4.195847511291504,,,,,,,,,,,,,,
1281,4.39056895010535,4.136505736073184,4.200092403015445,4.282063055221711,4.257067680358887,4.194983359252692,4.196350179149298,4.323891639709473,4.062268961300444,4.071867817877026,4.024666050608961,4.226154518127442,4.231300144183021,4.055564990359782,4.190176486968994,,,,,,,,,,,,,,
1282,4.50466500397369,,,,,,,,4.212121270459672,4.058092741056751,3.9073262538750586,4.037782335281372,4.238409173465783,4.084512632422489,4.252419471740723,,,,,,,,,,,,,,
1283,4.45701633694194,4.2719106661283,4.328352849568242,4.624934305880657,4.309133243560791,4.299078317779621,4.320220397951027,4.321544647216797,4.000631524834983,4.331899246544821,4.321738152216473,4.073251962661743,4.17680302108688,4.0822207406170214,4.167141437530518,4.290765998386266,4.3567467928328325,4.442015856794746,4.160737466812134,4.268331058031474,4.223236143751028,4.235958099365234,,,,,,,
1284,4.44471982147757,4.389936631002321,4.282565051845218,4.30911715659846,4.1936516761779785,4.391616432346446,4.2134649165571,4.360882759094238,4.103925523510302,4.153348716114979,4.0540829935549105,4.042136001586914,4.177506120449504,4.098840494374945,4.252188205718994,4.399196193747418,4.303179684209473,4.306652620286829,4.1945267677307125,4.400744089038576,4.201075105008228,4.361044406890869,,,,,,,
1285,4.54668165995296,4.404753417024859,4.581114548432768,4.642588273656365,4.714338684082032,4.437123459196685,4.715583897519141,4.468586444854736,4.508961300125972,4.724495055445283,4.723541189176619,4.657941055297852,4.519443296218764,4.437832490771727,4.751137733459473,,,,,,,,,,,,,,
1286,4.62033196596635,4.605096552552739,4.737525375693781,4.88176498165665,4.163370275497437,4.594607802952369,4.467113085669817,4.583773612976074,4.459482124692292,4.6091882000776145,4.562534894920452,4.234507465362549,4.5532981627551425,4.34177126245061,4.778168678283691,4.4627091028983,4.555437652968133,4.516231707113045,3.8289649963378904,4.337009604448557,4.217018251694457,4.4987473487854,,,,,,,
1287,4.61367942610595,4.610211889548015,4.61210914570634,4.711069997765823,4.233742618560791,4.597860335577158,4.517176286288983,4.661019802093506,4.2092453277188655,4.53574956642138,4.324018687917262,4.123568820953369,4.316688786379236,4.31431660177432,4.80783748626709,4.340182994193569,4.518692338494665,4.392148917892799,4.051594877243042,4.258700694325816,4.286251927497761,4.5503764152526855,,,,,,,
1288,4.60924147126128,,,,,,,,4.20744171229535,4.425124970493503,3.9779477711027025,4.083612632751465,4.174136919514685,4.272162307882628,4.827424049377441,4.341234913040035,4.426531251611712,4.097423356882048,4.06852502822876,4.167902424626617,4.2709318919511485,4.5473833084106445,,,,,,,
1289,4.88907375773358,,,,,,,,4.379493921402218,4.527091350201242,4.6209794991260384,4.673884010314941,4.414951410617366,4.308732604809879,4.65764856338501,4.074601157283237,4.566317975445141,4.408310631182912,4.523630809783936,4.217805958213671,4.328057255999188,4.385843753814697,,,,,,,
1290,4.6272720591144,,,,,,,,4.449472881879959,4.3635056998081785,4.121308116823614,4.262662267684936,4.315275336554536,4.320128957624869,4.540068626403809,4.19591610190028,4.427621431320782,4.042367274882218,4.121094369888306,4.180887455243155,4.142415653920682,4.304225921630859,,,,,,,
1291,4.66695597017651,,,,,,,,4.449472881879959,4.3048795125011186,3.7560284846987426,4.418287563323974,4.220649204167936,4.319732258690092,4.516186714172363,4.19591610190028,4.303446973609006,3.662777437251202,4.194470596313477,4.160887386070088,4.223546095613698,4.222315788269043,,,,,,,
1292,4.54393777554505,4.640991800055358,4.63719085532962,4.622377861894718,4.50861349105835,4.6398780723197826,4.62421194761512,4.615700721740723,4.449472881879959,4.260133521537475,3.7379099075664253,4.270346164703369,4.223118976367466,4.324974830890705,4.582365036010742,4.19591610190028,4.2454137545453285,3.607376613457197,4.100108098983765,4.150138022085584,4.157945914324479,4.144822597503662,,,,,,,
1293,4.62874737087506,4.612721934945296,4.475847187076244,4.259097011979169,4.750704288482666,4.5308089466344486,4.656366193047302,4.643482208251953,4.449472881879959,4.211457067528993,3.5059647551830935,4.425921630859375,4.184127508338704,4.310289454141212,4.644523620605469,4.19591610190028,4.198706905734217,3.364807229164397,4.170230293273926,4.117932339561503,4.2205240835377476,4.0669355392456055,,,,,,,
1294,4.48811663902113,,,,,,,,4.381889292327015,4.048418187435285,3.9607935331256985,4.210209560394287,4.269289870356389,4.3027659367586795,4.030478000640869,4.266062377864333,4.06574978474365,3.496391000063684,4.112664747238159,4.139954647321329,4.2742215353491435,4.153750419616699,,,,,,,
1295,4.97469413473523,4.732284254489241,4.820216245957834,4.708609603962133,4.663685703277588,4.805844954617628,4.8246655852587335,4.4682159423828125,4.773297174213177,4.767948562736645,4.655140224832527,4.636540937423706,4.833092640181877,4.839542847382862,4.228537559509277,5.016129865127415,4.538203945881273,4.353669579853923,4.26510066986084,4.995077369857252,5.05718274862087,4.408888339996338,,,,,,,
1296,3.00877392430751,3.3146496384130715,3.4735480339681573,3.3558683174388184,3.6916178703308105,3.509610889050452,3.4658344071815788,3.7227180004119873,3.2612923673032816,3.45945680822221,3.1008685822134767,3.727965974807739,3.426330481166689,3.4374887085350236,3.467772960662842,3.2358454031189527,3.68838545363114,3.2498119721196828,3.367720365524292,3.5543906615302734,3.493383237616034,3.8498013019561768,,,,,,,
1297,4.65169513695184,4.4790924923220965,4.411833751816983,4.422195118258809,4.327147340774536,4.447038772804854,4.486974802656662,4.153626441955566,4.318107042961929,4.210078148478026,4.084073191210456,4.33651442527771,4.406704367992711,4.44666901526178,4.1205925941467285,4.144166982510012,4.131871684870198,3.515384867480603,3.886153507232666,4.214056567482677,4.224744837033145,4.18385648727417,,,,,,,
1298,4.4672456210075,3.856390035129824,3.2579503187212864,3.6082498877061004,4.146290588378906,3.744199589070831,4.128587191797291,4.125385284423828,,,,,,,,4.218087013522348,4.097122787729217,3.608495456046741,4.169669532775879,4.145602046667969,4.290034327650423,4.20827054977417,,,,,,,
1299,3.11690664142431,,,,,,,,,,,,,,,3.8496763786402357,4.099670895204964,3.5698827655054677,4.125567483901977,4.03294329432433,4.052457359306334,4.197385787963867,,,,,,,
1300,4.60380065290426,4.465413592174845,4.116960987851029,3.902232913036593,4.21298394203186,4.446706182563576,4.5452787895201,4.2505292892456055,,,,,,,,4.290335991335076,4.218729547214959,3.6528887633511986,3.9384478092193604,4.254026815989449,4.261156878938973,4.238596439361572,,,,,,,
1301,4.97061622231479,,,,,,,,,,,,,,,5.166284313704003,4.522079884129663,4.343288710778445,4.26535005569458,5.006493453344748,5.089702377997725,4.414608001708984,,,,,,,
1302,3.01010543628123,3.719715559463127,3.715289852493859,3.5491702184428155,3.56429762840271,3.8588889725474225,3.9392730068584076,4.21474552154541,,,,,,,,3.989546548362487,3.9008037681258485,3.540013385582771,3.583732748031616,4.076296820346391,4.134468191911646,4.192811012268066,,,,,,,
1303,4.25884840114821,,,,,,,,,,,,,,,4.759539526630501,4.0163219105961465,3.6071319426877184,4.218839502334594,4.37202760876736,4.491652775299668,4.078482627868652,,,,,,,
1304,4.31605286924849,4.108487728508393,4.161040682585888,4.260311882734127,4.326512336730957,4.172592439481675,4.159168591230642,4.036773204803467,4.108105710845768,4.153034827440475,4.229077214535632,4.297546291351319,4.1208899418542115,4.126415947669444,3.983466625213623,4.712586132664071,4.095619192091772,3.658170318184222,4.26679801940918,4.367063976684454,4.498989772820697,4.122014045715332,,,,,,,
1305,4.11463877996849,4.2904341599054625,4.100252693159414,4.197438860668746,4.100072860717773,4.177414067548858,4.111016178688155,4.06803035736084,,,,,,,,4.31493545818809,4.0085677468906615,3.859906968907202,3.9688109397888183,4.019963850327099,4.257316496264719,4.133995532989502,,,,,,,
1306,4.05207638016827,4.283147934265292,4.110459449433345,4.187510243085803,4.117143154144287,4.1734027668167535,4.123872368436025,4.030574321746826,4.291432780839569,4.247271478737538,4.3161398817702965,4.238531589508057,4.1881268709321615,4.1666622215332705,4.323427677154541,4.339645561504421,3.94594188525242,3.772757327327966,3.872503137588501,3.9889514743811203,4.252783876177754,4.070797920227051,,,,,,,
1307,3.05060999335509,,,,,,,,3.24558894836207,3.7106109727866983,3.9118567536746722,4.003679037094116,3.509620894280321,3.440023975969316,3.6458792686462402,3.2356559743037194,3.631969029594748,3.906758102739345,3.801326274871826,3.561474253276167,3.406376419765313,3.638671875,,,,,,,
1308,4.07387102901948,4.127500170361548,4.1167130468603785,4.010030148789522,4.119820022583008,4.0490809718518594,4.100710668065886,4.121819496154785,,,,,,,,,,,,,,,3.3133440721426215,3.825021296282312,3.6186182209234987,3.614931344985962,3.2479540060651306,3.336451537185235,3.83294415473938
1309,4.12250012778769,3.9856004684247046,4.032517366887844,4.039184262166289,4.147250747680664,4.057966394341502,4.001016538398559,4.172333717346191,,,,,,,,,,,,,,,3.3869242842155773,3.8940192094946315,3.6470040983300276,3.556379795074463,3.3373442068136168,3.3767955400615945,3.9666037559509277
1310,4.11455477642853,4.008374093251993,4.027189732527381,4.078458886254438,4.1878156661987305,4.010721779149277,4.077546887641252,4.0849995613098145,4.073871029019512,4.084954644882276,4.053620013570638,4.086927700042724,4.058804587905525,4.0922085381137085,4.106346130371094,,,,,,,,3.313268524204864,3.864710490388688,3.685724473145758,3.6410293102264406,3.259872000404179,3.357935785212997,3.849383592605591
1311,3.96940391267223,,,,,,,,4.122256447482444,4.134578770742625,3.992580503220518,4.06614465713501,4.125582815627708,4.129288526781803,4.161976337432861,,,,,,,,3.3869242842155773,3.8954955934348585,3.612745796531775,3.566907453536987,3.3426667823641893,3.367984469810606,3.9851584434509277
1312,4.0725063581671,,,,,,,,3.7160220401484274,4.052330942003496,4.0515069189716515,4.062454271316528,3.9114243368000836,3.762199190169172,4.071833610534668,,,,,,,,3.2255002708748095,4.057847053258706,3.6076673293002024,4.047205591201783,3.239142617658579,3.2005121794489746,4.0317301750183105
1313,4.14876220100681,,,,,,,,4.026268141460251,4.086978311765085,3.8630214969089596,4.012179517745972,4.068614901822385,4.0247009340698385,3.81929087638855,,,,,,,,3.309255213573463,4.05965657173526,3.553011082341637,4.062705135345459,3.403520939581246,3.3843349729410908,3.7238316535949707
1314,4.05278733783221,4.1161152749371475,4.125063995343205,4.1712953715571714,4.088932752609253,4.13377024485725,4.105063879170247,4.182961463928223,,,,,,,,,,,,,,,3.3341015784416617,4.0752592898700355,3.695600506875261,4.038272905349731,3.3505389650675976,3.3828943666842006,3.9793858528137207
1315,4.1415348422064,4.0876188489653265,4.080767267121322,4.017550196723699,4.053668212890625,4.085889286502852,4.112130076263679,4.111023902893066,4.080316754075815,4.0154367996625515,3.958201453169645,4.016325807571411,4.089026199358765,4.107289234564654,4.207974433898926,,,,,,,,3.3379974359114835,3.8179492339447565,3.573992580469718,3.5515818119049074,3.3097343420844556,3.3790656558839625,3.866196870803833
1316,4.10070911419404,4.1278987702078505,4.093162599054802,3.9398222113564816,4.022126722335815,4.065574814288345,4.060195849176306,4.149116516113281,4.132527785858364,4.074862948460709,3.902907709744451,4.02311692237854,4.161792104297771,4.137203884052575,4.257649898529053,,,,,,,,3.416998710079195,3.871484920695431,3.4959892283267404,3.528330993652344,3.3598388956467655,3.376571922291974,3.978628158569336
1317,4.19389270520328,4.204845681920279,4.140651142632509,4.273829225909326,4.0966850280761715,4.136403763097158,4.109361272417464,4.142914295196533,,,,,,,,,,,,,,,3.33477153141783,3.8685290780784367,3.8641279945328533,3.598023796081543,3.3577357798307124,3.389227891857654,3.980288028717041
1318,4.21304282718897,4.1714430198644274,4.0963305740313025,4.136458669196129,4.072039079666138,4.069497891058126,4.045366138205548,4.115117073059082,,,,,,,,,,,,,,,3.4106798271104264,3.87295896606206,3.7570841594363125,3.5592673778533936,3.3888716447598357,3.3947542847155665,4.10272741317749
1319,3.86228437734863,,,,,,,,,,,,,,,,,,,,,,3.392441017798572,3.992986298540204,3.617866823343899,3.687181568145752,3.3116187334887983,3.4450603349202824,3.9517791271209717
1320,3.9960438488202,3.9826483431887194,4.0117117118518095,4.063152377475865,4.486186885833741,4.005479350411025,3.918280045513953,4.1019110679626465,,,,,,,,,,,,,,,3.3135833413197138,3.9649963039843983,3.8504615567080003,4.459681034088135,3.359554774942249,3.3539428803802327,3.7277348041534424
1321,4.23662154290636,3.9245549372043387,3.9280449538567392,4.177738266219021,4.014582109451294,3.9536405299491952,3.8602739974850007,4.016620635986328,,,,,,,,,,,,,,,3.3674458669310288,3.847773712728643,4.178381688734918,4.28950138092041,3.4922170852673253,3.3754336537281215,3.848545789718628
1322,4.46218090492673,4.517646663241989,4.506100550225496,4.83396812935966,4.839334774017334,4.431137813979044,4.433973244376638,4.599799633026123,4.090011767340486,4.601325465081577,4.577131749531905,4.333174705505371,4.261946170662878,4.118971807758095,4.600401401519775,,,,,,,,4.505019363139622,4.455508256093956,4.814951832063571,4.798897933959961,4.42774605273576,4.419556964839118,4.618124008178711
1323,4.43651891460559,,,,,,,,4.318002652194171,3.9436658593396037,4.534423029473336,4.028282499313354,4.205603454901739,4.117068785010886,4.134059429168701,,,,,,,,4.455332910641827,4.170165902601888,4.551049338037827,4.186374950408935,4.39865018491057,4.324405962220004,4.4787116050720215
1324,4.4672456210075,,,,,,,,4.432643315183228,3.983526026961637,4.44714602430307,4.19079623222351,4.27475023457818,4.306029816747804,4.269217491149902,,,,,,,,4.658681296111765,4.135005678923174,4.474988584718221,4.331184768676758,4.331520344244229,4.393523510705387,4.331718444824219
1325,3.29821061168666,,,,,,,,,,,,,,,3.152382109605924,3.023078025991902,3.4914586228487865,2.3263958930969237,3.4770343441401,3.462527286985859,2.9230356216430664,,,,,,,
1326,3.36188955544031,3.432332542328555,3.3275507798861423,3.2666093180189737,3.183128547668457,3.3714134376149865,3.3261769510529864,3.2670013904571533,,,,,,,,3.138195798657391,3.0498581760563694,3.4256890389850057,2.3336864471435548,3.5322424992865598,3.4675609303133577,3.173370838165283,,,,,,,
1327,3.30671258061239,3.4897834675818498,3.5026436019253784,3.574638579266208,3.4225418090820314,3.5646294327921795,3.4918197522221748,3.4812545776367188,,,,,,,,3.151951042236771,3.333490628184345,3.597498035914498,2.4417090892791746,3.6960631294498993,3.447406693601441,4.026210308074951,,,,,,,
1328,3.46429834757233,3.436986252527783,3.381039540719399,3.5070072376488595,3.6031211853027343,3.512546930530261,3.4385930564200184,3.595363140106201,,,,,,,,3.187496844706212,3.3724134199846794,3.559482319308508,3.0040401458740233,3.7515438477377447,3.490389224311503,4.122339725494385,,,,,,,
1329,3.68194411321373,,,,,,,,,,,,,,,3.1586848160822583,3.3308001036401116,3.5609637925576747,2.5011378288269044,3.686144196806772,3.458493851688892,3.943211078643799,,,,,,,
1330,3.495647195396,3.509877608557468,3.553236218004633,3.483799851112165,3.4957512855529784,3.6337507127496433,3.5486156258877046,3.5405678749084473,3.5146062109409426,3.5871811053637095,3.475562175998246,3.448044204711914,3.60104958223191,3.55434165216664,3.486971378326416,3.165603374827471,3.287638285085003,3.498681938415325,2.427140212059021,3.624917886340163,3.4771200113953444,3.8763091564178467,,,,,,,
1331,3.41392306451102,,,,,,,,3.3747101651919835,3.3979435489503147,3.351427371194808,3.4733239650726317,3.3975560412441563,3.3881728440596777,3.388972759246826,3.1313116949073203,3.1987232576008573,3.5150216218108676,2.3869503021240233,3.6943038384502866,3.449910682240022,3.336266279220581,,,,,,,
1332,3.68107387997816,3.431140370684028,3.6090899195264488,3.7939712105239143,3.7479228496551515,3.664416300782826,3.5681108159113886,3.334545135498047,,,,,,,,3.283258529353097,3.6742328144021026,3.611511782596173,3.3209935665130614,3.7944944793080406,3.5164463676520596,3.552034378051758,,,,,,,
1333,3.4038334011866,3.422817026894585,3.472770395384227,3.5828186840275773,3.616536521911621,3.505666342317414,3.604256739322039,3.59747052192688,,,,,,,,3.182026065264687,3.452933031930487,3.6504267023458423,3.4255522727966308,3.7594834366184724,3.5468679438141235,4.111405372619629,,,,,,,
1334,3.60028261492471,3.3837903758819983,3.4594544081386522,3.796031311467679,3.3103664398193358,3.5812762981756783,3.5005878826447927,3.3842976093292236,,,,,,,,3.1555939746946002,3.496526298642973,3.751226798977661,2.8716293811798095,3.7268733053488545,3.4481517171133103,4.122307300567627,,,,,,,
1335,3.48201518320178,,,,,,,,,,,,,,,3.1481848488588775,3.0987022538147047,3.510338869055163,3.0093013286590575,3.754103474952446,3.481172597175866,4.081228256225586,,,,,,,
1336,3.44006128869817,,,,,,,,,,,,,,,3.1693311403800966,3.5731594568114544,3.5956483050819315,3.074153709411621,3.7574911603041796,3.482896557805233,4.106348991394043,,,,,,,
1337,3.38909978036493,3.348204758957491,3.432731619737642,3.273521071953915,3.0935227394104006,3.4264389943966336,3.4245546944364933,3.3695836067199707,,,,,,,,3.039966046047655,3.2081700330326557,3.38374988916609,1.9485533714294434,3.653850039354529,3.36211852033458,3.442187786102295,,,,,,,
1338,4.58231882872796,4.332194260765828,4.2725838634762034,4.326462326786338,4.351141881942749,4.340200889024543,4.330471353389118,4.251481056213379,,,,,,,,4.390764208843342,4.246504898808069,4.346254625625458,4.500154113769531,4.224906397419729,4.263464109972287,4.331601619720459,,,,,,,
1339,4.22645669185671,4.286145621741611,4.077336155479438,4.108497682701063,4.393120765686035,4.106097809831517,4.017020478903101,4.2174835205078125,,,,,,,,4.039350183129492,4.142926533504053,4.000232088346759,4.080982398986817,3.999139965165223,3.8894466647779895,4.3814826011657715,,,,,,,
1340,2.92936893553937,,,,,,,,,,,,,,,4.001510906319649,4.012097675169506,4.181974661856294,3.9137488842010497,4.064953991601038,4.125373354928422,3.960771083831787,,,,,,,
1341,3.98292324458794,4.386014238619168,3.101740212672259,3.824633415707819,4.274219751358032,3.869472391143702,4.009617779286955,4.538685321807861,,,,,,,,4.312334324702308,3.1156510547884966,3.76306910156671,4.471152400970459,3.859208677616358,3.985926703329724,4.317128658294678,,,,,,,
1342,4.51794975121604,,,,,,,,,,,,,,,4.296398745053385,4.252273734508524,3.8868447002879902,4.197737789154052,4.238244803786672,4.163023480957085,3.9022281169891357,,,,,,,
1343,4.2679467297922,4.362354255147259,4.361595172521089,4.096274346572167,4.049103593826294,4.361923039561792,4.159020398571809,4.260149002075195,,,,,,,,4.254031227613858,4.182216887958585,4.065912630113224,3.782374143600464,4.182394819197027,4.016857017219376,3.816385269165039,,,,,,,
1344,4.40062700036659,4.302809843356369,4.340966435429933,4.227753688950822,4.38190803527832,4.290675998488657,4.109573283729826,4.255587577819824,,,,,,,,3.9947925189691045,3.974558437357515,3.8966463007958536,3.8755087852478027,4.080627944251266,3.8982212509939016,3.9347004890441895,,,,,,,
1345,4.34845464559212,4.358225396410373,4.2798449235103115,4.220988145681817,4.281928634643554,4.249673671294523,4.200056287469963,4.25910758972168,,,,,,,,4.271550903551915,4.1752333440601905,4.2303676440353755,3.924257230758667,4.224064179253864,4.086474455585327,3.8941586017608643,,,,,,,
1346,4.39587111480993,4.280886878485355,4.448944981209111,4.374113332914108,4.460539722442627,4.320883497478621,4.208708052319955,4.208582401275635,,,,,,,,3.97634893080566,4.028039317404242,4.081796139421684,3.9290143966674806,4.103967361494278,3.9059207671170917,3.9799766540527344,,,,,,,
1347,4.37547077036608,3.910143417778532,4.170031439048841,4.099608224161906,4.285413455963135,3.8360426431298786,3.7801028566083126,4.078876495361328,,,,,,,,4.138184164110468,4.1892489571243905,4.332672167871356,4.097314691543579,4.101204035762255,4.01054401344935,3.8308520317077637,,,,,,,
1348,4.3710508447963,4.304994516040806,4.239795119790205,4.199328611250374,4.005460596084594,4.255422635503962,4.09096587182927,4.266880035400391,,,,,,,,4.45937756814742,4.447731009462085,4.222106823894934,4.067991447448731,4.377939791592578,4.1807020919231555,4.329319000244141,,,,,,,
1349,4.18972643239515,,,,,,,,,,,,,,,4.439055615554566,4.404746525453432,4.214434837272428,4.639361095428467,4.300465746562905,4.501243801471175,4.321063041687012,,,,,,,
1350,4.60500789891015,4.255853826641833,4.317049036844416,4.2253697267260355,4.231533527374268,4.275745182457598,4.175964046998472,4.261173248291016,,,,,,,,4.0729811471402,4.180961593068624,4.110308311653827,4.138608646392822,4.1570039247037895,4.079539355201096,4.317893981933594,,,,,,,
1351,4.10102293568582,,,,,,,,3.7267823207344026,3.9274423293717975,3.564557800877342,3.6291060924530028,3.983280426740373,3.879498558465631,3.956806182861328,3.905454026616429,4.012006313853296,3.760856583441738,3.6739264488220216,4.054896672419846,3.8873091001757185,4.263949871063232,,,,,,,
1352,3.89152231684479,,,,,,,,,,,,,,,3.6314327977725607,4.188627915547439,3.8624976699856375,4.358645677566528,3.727959804159822,3.41106889258867,4.443138599395752,,,,,,,
1353,3.16630225099261,4.0419670532384355,4.101017440889175,3.858397152950285,4.479231071472168,4.083322381261551,4.0266594143432215,3.5666096210479736,,,,,,,,4.5147093617111365,4.039981731689351,3.7139416890592694,4.226195049285889,4.152805230966563,4.055868249490054,3.605196714401245,,,,,,,
1354,4.46561609231434,4.0505629703560535,4.112119153777904,4.251578248873129,4.588502597808838,4.08370831392617,3.948372373425978,4.327169418334961,,,,,,,,4.559973281149688,4.265971078576684,4.224790082824135,4.28842134475708,4.34317676262132,3.910569103497001,4.454937934875488,,,,,,,
1355,4.07983608354317,,,,,,,,,,,,,,,3.806930223899055,3.5709880469086106,3.686515996332566,4.158989715576172,3.9509977417729503,3.9146357906402596,3.6690704822540283,,,,,,,
1356,4.36118484705246,4.509299442741863,4.4649098313718465,4.579782575030412,4.496997928619384,4.435078997206496,4.529165747550803,4.199537754058838,,,,,,,,3.800591699843774,3.554030258509613,3.591415587957575,3.9763328552246096,3.933096558827679,3.929769677920221,3.4938721656799316,,,,,,,
1357,3.63166223514684,4.1687341143784815,4.324762065364165,4.50308136662319,4.541242408752441,4.220914004951379,4.497808561838656,4.437139987945557,,,,,,,,3.8074938059233396,3.6102714129524873,3.712239450834513,4.214645862579346,3.9988463151100286,3.9820304626880874,3.778075695037842,,,,,,,
1358,3.76922463398284,4.475732194227335,4.61473299331065,4.863508901034835,4.529708003997802,4.45189814488461,4.674646797343901,4.417504787445068,,,,,,,,3.8101340032714877,3.528865315333397,3.683036763022745,4.114182186126709,3.988409528963774,3.952068407973861,3.5580992698669434,,,,,,,
1359,4.12592291985335,,,,,,,,,,,,,,,3.869444811473824,3.807205314448098,3.388484410239332,3.8664310932159425,3.9246720129304666,3.9320235594127877,3.680051803588867,,,,,,,
1360,4.20605448243312,,,,,,,,,,,,,,,3.7670274546589866,3.6347225560000065,3.39439768691089,4.110442352294922,3.8994975619536776,3.9323606529552437,3.340472459793091,,,,,,,
1361,4.27319179388382,4.125766432006272,3.862340771912878,4.193534391068728,4.37349500656128,4.068468418270887,4.199231236055464,4.215975761413574,,,,,,,,4.691554413822198,4.205644298468464,3.9962574559912074,4.315018558502198,4.524172681577557,4.537266842868735,3.684417247772217,,,,,,,
1362,4.76894667253856,,,,,,,,,,,,,,,4.609760092827834,4.39461871039957,4.25782646306348,4.516343498229981,4.548717003010025,4.577135439948328,4.306838035583496,,,,,,,
1363,3.63341867964947,4.441726949697886,4.259641420057912,4.424203535638993,4.47183051109314,4.398682392728869,4.461732101720099,4.535665988922119,,,,,,,,4.552202199847469,4.228147090148466,3.955920142296304,4.497158622741699,4.480032236371314,4.560351584717159,4.33910608291626,,,,,,,
1364,5.07603131759239,4.029247789868097,4.100632295665251,4.1941398319297125,3.8799437522888183,4.115282256439491,3.969825476027801,4.105287075042725,,,,,,,,3.7982876644554784,3.626867835465983,3.6381378130792648,4.068166732788086,3.9725843329297805,3.942516810005996,3.5458874702453613,,,,,,,
1365,4.51660424400839,,,,,,,,,,,,,,,3.755982918948858,3.6149112288185283,3.781303965596642,4.213141250610351,3.9178196510859924,3.977009506870905,3.3971762657165527,,,,,,,
1366,4.14645758759634,,,,,,,,,,,,,,,4.560291681707886,4.160239093707693,4.502044309518242,4.307783412933349,4.507624828079479,4.5726961394192,4.436376094818115,,,,,,,
1367,5.29421317239214,,,,,,,,,,,,,,,3.8328961807648563,3.5489256645452945,3.641223300118441,4.044134855270386,4.005834595245309,3.981949721691264,3.824674606323242,,,,,,,
1368,3.93426448045118,,,,,,,,,,,,,,,3.862275783151847,3.811537620681638,3.4285888022727646,3.9793557643890383,3.954760125734633,3.9545103704447104,3.684941053390503,,,,,,,
1369,4.42021640338319,4.012026781971975,4.154675801502051,4.149616776051911,4.159837675094605,4.104067319987702,4.030670657914004,4.521890640258789,4.41620818360169,4.4276964723372485,4.41947911112503,4.55361967086792,4.3193630664297675,4.280833440257892,4.372420787811279,4.054759947554649,4.24859207988894,4.166618667989256,4.257324123382569,4.213403875290042,4.083046210553948,4.461178779602051,4.570306469812859,4.501043972262767,4.398910347900908,4.457988929748535,4.431096922224219,4.30365502497798,4.444594383239746
1370,4.06550154875643,4.088197891556442,4.367139604741371,3.6639475824311525,4.100469064712525,4.198609487681423,4.162351378935438,3.9145355224609375,4.006138071311281,4.311180989182296,3.6579417551729123,4.10606541633606,4.2565591773572935,4.127266310043676,3.9059996604919434,4.136226343399851,4.266010292171623,3.610406355005444,4.036345481872559,4.24604826053401,4.1983725744534555,4.006346702575684,4.448305690007854,4.417850216064177,3.869240367633472,4.290010738372803,4.399607570361536,4.254610727033142,4.256560802459717
1371,4.04575749056067,,,,,,,,4.010417926091658,4.206502345541554,4.179108623640325,4.065097761154175,4.127346277365612,4.107855067512394,4.120682239532471,4.051553060631537,4.113996097113574,4.0916992667960566,3.870982313156128,4.128284017227493,4.116727240466859,4.018551826477051,4.191253143159071,4.275139528302512,4.032996814616928,3.9969156265258787,4.201067370079558,4.22672288556721,4.155107021331787
1372,4.01322826573375,3.9423564419034913,4.002838778272002,3.7802917954312414,4.066007375717163,4.0108874005532495,4.0079468833254275,3.7806344032287598,3.938025771767095,3.990985856016437,3.724562251792924,4.201148509979248,4.075120467203275,4.062663794133257,3.900038242340088,4.110632167179654,3.9520723148338357,3.757981087054221,4.256058025360107,4.138736981843512,4.145951579804231,4.119279861450195,4.280749144131732,3.8945069222292235,3.902342297271673,4.464157676696777,4.197286741951057,4.221261910414565,4.12888240814209
1373,3.88941028970075,3.9152229710720268,3.905603657979382,4.053183921411172,4.075809192657471,3.926104738009408,3.8368148603132766,4.321920394897461,3.9399589349778403,3.9125659830472705,4.077616458445471,4.076023578643799,4.010793680896731,3.8671700973955763,4.259188652038574,4.067357197979058,3.9710883633359266,4.071228947709817,4.255225086212159,4.1797129585476664,3.894892597978824,4.248711585998535,4.136881771205581,4.054749933404677,4.158276339014762,4.306521987915039,4.198807903384186,3.8959891932230852,4.446842670440674
1374,3.86966623150499,,,,,,,,4.458376556643179,3.918919427280404,3.9395972475257963,4.136163902282715,4.222795268782242,4.221357692057694,4.013036727905273,4.42431838414589,3.973211190501666,4.051691420890422,4.207159423828125,4.284961653947212,4.25292816198478,4.066136360168457,4.575849636204415,4.042507618214268,4.15724699666589,4.330748844146728,4.398845123950111,4.327117063123055,4.368406295776367
1375,3.97469413473523,,,,,,,,4.290284120614043,4.408349374790037,4.4909402090649255,4.383281898498535,4.266239476167133,4.262500011066564,4.292176723480225,3.97210218162971,4.469315248084512,4.477322000649309,4.482433128356933,4.178738829794494,4.040204967683453,4.330897808074951,3.7309083794580973,4.474247467312114,4.34262895925759,4.4009346008300785,3.9740561481715053,3.8619358072594685,3.820688247680664
1376,4.07058107428571,,,,,,,,3.6461648995293183,3.2679796216097703,4.012398630555462,2.4673487901687623,3.1449291746041257,2.801323339589427,2.9399983882904053,,,,,,,,3.939162487845225,3.343206514681498,4.05192488601857,3.184307098388672,3.769565928073722,3.675934013874475,3.5334720611572266
1377,3.90326373953753,4.425900821256475,4.294314653813887,4.4609960950678795,4.322203826904297,4.367137204117904,4.378975931968468,4.196394443511963,4.361452525455507,4.311620863306523,4.3488630389929535,4.438277816772461,4.3019638257052755,4.2512670078472965,4.1074371337890625,4.419958017723636,4.3159092747095675,4.367485778677932,4.402685070037842,4.28089664824694,4.3572129687211385,4.169097900390625,4.37583727032508,4.223944050245719,4.298024928893772,4.285514831542969,4.317048216221973,4.2900626924442244,4.257718086242676
1378,0.328447662716636,,,,,,,,2.6757842265810527,2.4498090858528916,2.0268278807080264,3.402746152877808,2.7135646225756056,2.897890730651484,3.2270820140838623,,,,,,,,3.8779977549549,3.815102109315408,3.8281789780218407,4.077983570098877,3.894398065461524,3.9450438101843774,4.0010175704956055
1379,0.283387401277361,,,,,,,,1.2103533747771735,1.1719143777833465,1.7083835872552977,1.7979426741600038,1.1052687305036044,2.170354149022999,1.0252134799957275,0.8525748084722291,0.796010932572442,1.0703191928481357,1.2745124459266663,0.8500487977124408,1.5302461611442686,0.6345497369766235,4.000082269288065,3.8861368829247773,3.7648819193292953,3.883382225036621,3.871488465295086,4.039339819055176,4.0266618728637695
1380,1.00026065489343,1.7411183714432334,3.0204595377269214,2.0387076843508005,2.6813929080963135,2.9141229976374587,2.5958752027578753,2.8971426486968994,,,,,,,,,,,,,,,2.8422361344581835,3.8632993804422404,3.8352184076942497,4.062306547164917,4.008244229093333,3.5621819143353464,4.225857734680176
1381,1.10369429253392,3.279397722218199,2.655818451287903,2.3939054018918347,3.034151554107666,2.7775011811569965,3.3922149475018206,2.459462881088257,,,,,,,,,,,,,,,3.9410157329902287,3.9077679043853393,3.7944881982012464,4.011605453491211,3.8814305414808916,3.9230094443150607,3.936685085296631
1382,0.544652563605812,,,,,,,,,,,,,,,3.073276115547991,1.5267680480168386,1.7398602574590427,2.5355684041976927,2.2964921345817344,2.876759469523512,0.867609977722168,3.782783108458005,3.205070477889223,3.821317453561104,3.900956058502197,3.815585655367497,3.764416418373534,4.051387786865234
1383,0.458932726490606,,,,,,,,1.0831768248298506,1.3070142094967978,2.2648468901481698,1.5577440172433854,1.176826847810402,1.6244258169626271,1.06833815574646,,,,,,,,3.777839234576504,3.7664281883242086,3.8425269143852163,4.114846897125244,3.8819986278401997,3.855397766306579,4.092984676361084
1384,0.992166907298681,,,,,,,,,,,,,,,,,,,,,,3.728622935567633,3.216055812458423,3.732371485522414,3.580230188369751,3.7302144749349133,3.73017756873435,4.1597723960876465
1385,2.3767507096021,1.5302185839775486,2.8195820518052166,0.7304172613699844,1.856945514678955,1.9183195077631012,1.5114481661259873,0.9733650088310242,,,,,,,,0.9826122679369127,2.209457052022073,0.7556230986149974,1.6932821035385133,1.5268902678613872,1.1546394559108746,0.7872766256332397,3.9504587055739386,3.7947788119554584,3.841778887036052,3.9855831146240233,3.934934623123863,3.9824651456861204,4.088793754577637
1386,3.52287874528034,3.9851954408294885,3.527188275859894,2.8299389169060882,3.3451327323913573,3.7209651448364025,3.7305801126173437,3.821443557739258,3.9771724409737645,3.6610039429619037,3.357687976020936,3.246523904800415,3.6889183197740283,3.6832446268064882,3.786280870437622,,,,,,,,3.997896712266643,3.932777429870994,3.7548971220478813,3.5587959766387938,3.873399031306818,3.8928104543174795,4.030549049377441
1387,0.973221671340471,3.484788018698182,2.939532297720605,1.911825369149614,2.225844311714172,2.7387026566623907,3.3960272676971615,3.194389820098877,3.110717352926231,3.1283746525542115,2.3993840895508054,2.0965651512145995,2.7939242256258594,3.3127373952447465,2.9121854305267334,,,,,,,,4.012056840134671,3.8551571703931353,3.7703657252798126,3.767484426498413,3.785356483313393,3.9254215310940133,4.078768730163574
1388,3.95860731484178,1.42803837685092,1.6934840759018324,1.5517753348218308,1.7448610544204712,2.0093152799304006,1.4233599082704074,2.6702029705047607,,,,,,,,1.2305448179791036,1.1028042790524537,1.2390970233248217,1.2535208821296693,1.5504000755473393,1.0579265476526216,2.4000675678253174,3.674499264672927,3.2380148428789597,3.797635926626889,3.6116724967956544,3.8096524156327143,3.7563195949643085,4.184894561767578
1389,4.95624487303132,,,,,,,,,,,,,,,,,,,,,,,,,,,,
1390,4.87127771566157,4.8554289563316635,4.628494482595736,4.974354576878669,4.757934284210205,4.718829182509846,4.769472087995727,4.766682147979736,4.892870926942658,4.653479790047424,4.844846935605845,4.83971061706543,4.779308409367595,4.802869541032822,4.910105228424072,,,,,,,,,,,,,,
1391,4.85356186471423,4.776831456099644,4.949854398908163,4.360483750573033,4.829000473022461,4.7828410760527875,4.7722260631415745,4.800604343414307,,,,,,,,,,,,,,,,,,,,,
1392,4.74376346679408,4.792341113026125,4.791804462902395,4.871344010494866,4.8494010925292965,4.84243051081584,4.784570193338964,4.792352199554443,,,,,,,,,,,,,,,,,,,,,
1393,4.74909230029914,,,,,,,,,,,,,,,,,,,,,,,,,,,,
1394,4.85667287000795,,,,,,,,,,,,,,,,,,,,,,,,,,,,
1395,4.74811854544747,4.850627324833884,4.942682467196334,4.8838522445597015,4.911245727539063,4.946938342241537,4.925409124662322,4.87656831741333,,,,,,,,,,,,,,,,,,,,,
1396,4.98589967848038,4.770878935791291,4.8501638170173065,4.875806242741472,4.830134010314941,4.793946680456641,4.7515617068370934,4.8044023513793945,,,,,,,,,,,,,,,,,,,,,
1397,5.01055018233331,4.887207618540151,4.880150642817017,4.8462234419173305,4.904128170013427,4.8462340172905165,4.8858752042352895,4.788005352020264,,,,,,,,,,,,,,,,,,,,,
1398,4.92775010238649,4.8226381715714215,4.771997920161875,4.768516445604778,4.788604068756103,4.789598954748872,4.762334423707095,4.782763481140137,,,,,,,,,,,,,,,,,,,,,
1399,4.76522970483908,4.932275389606871,4.923261556981215,4.885266630785936,4.956087303161621,4.900715937358956,4.969497669909609,4.856625080108643,,,,,,,,,,,,,,,,,,,,,
1400,4.93330144957701,4.874499617182539,4.795645585204649,4.8710941725696415,4.910487937927246,4.85031167746636,4.970610908450917,4.778445243835449,,,,,,,,,,,,,,,,,,,,,
1401,4.91973437266016,,,,,,,,,,,,,,,,,,,,,,,,,,,,
1402,4.36663255488299,,,,,,,,,,,,,,,,,,,,,,,,,,,,
1403,4.27482369858086,5.023196374606801,4.707548889966551,4.582133443131158,4.6665730476379395,4.813871056511521,4.873719752248975,4.550083160400391,4.896141792678897,4.701816492713847,4.638100610734726,4.857397747039795,4.7473028713606364,4.823825626523398,4.700055122375488,,,,,,,,,,,,,,
1404,4.72193266911134,,,,,,,,,,,,,,,,,,,,,,,,,,,,
1405,5.31158017799729,4.898316992987953,4.743856490162048,4.891823494078489,4.815110206604004,4.844063585298161,4.848780517325923,4.629579067230225,,,,,,,,4.686521163774586,4.668891113407554,4.9161725964480825,4.730879211425782,4.881568679051319,4.879187232093971,4.7769575119018555,,,,,,,
1406,5.44855000202713,,,,,,,,,,,,,,,,,,,,,,,,,,,,
1407,4.74617756129193,,,,,,,,,,,,,,,4.383374277512433,4.924728712767045,4.987618915274362,5.040451240539551,4.65060868129275,4.659920192117453,4.809309482574463,,,,,,,
1408,5.03058408764602,,,,,,,,,,,,,,,4.7087728416124515,4.578752286977308,4.905074780657295,4.5591349601745605,4.783565361122515,4.759284739601591,4.69564151763916,,,,,,,
1409,4.79588001734407,5.00341622148502,4.963917813733075,4.778034593854369,4.934968090057373,4.841294401698171,4.895711505070989,4.769781589508057,,,,,,,,4.78994637390778,4.743496272764788,4.786537434979667,4.806377124786377,4.681099956880787,4.700936826186682,4.667695045471191,5.0139217477440265,5.249244906305909,4.695842700733447,4.256386089324951,4.718600844005473,4.6424380998866095,5.0303144454956055
1410,5.10790539730952,,,,,,,,,,,,,,,4.755778748944887,4.8135977483544945,5.044886308564332,4.865090656280517,4.753315058628032,4.6979191745062145,4.735490322113037,5.126758362296215,5.417433434674618,5.0403477040244455,4.310815238952637,4.997185297802334,4.719110966881322,5.022622108459473
1411,4.95078197732982,,,,,,,,4.6516906893068946,4.818761721759189,4.703889404732228,5.167186450958252,4.713778554874964,4.632701285848671,4.633426666259766,,,,,,,,4.611687095888541,4.794118858074884,4.821632295306445,4.91814079284668,4.676683433523292,4.605507765134305,4.729031562805176
1412,4.85698519974591,,,,,,,,4.768132798263902,5.0167817955229825,4.686645153594339,5.221167850494385,4.772164642237476,4.645170704509123,4.849435806274414,4.915387218080302,4.832167078661261,4.876557954089039,5.001120281219483,4.872787693144148,4.773201840161884,4.6885199546813965,4.6781782373257395,4.879107431156151,5.083230218904235,4.926690101623535,4.739847093339472,4.614013133682589,4.766905784606934
1413,3.85761053388116,,,,,,,,,,,,,,,,,,,,,,4.486160754192916,4.681982190905076,4.3284714284288945,4.152509975433349,4.314118562679308,4.346590713074072,4.066020488739014
1414,4.13018179202067,,,,,,,,3.988544089061897,3.878157409106782,4.147880584425483,4.151956558227539,3.93714897435974,3.9190296787987298,4.084308624267578,3.931401443911994,3.8869469000884957,4.131278491181134,4.006969261169433,3.95489142318791,3.995398100415323,3.904320478439331,3.5719263666534133,3.7670415491533795,4.016436225164659,4.154467487335205,3.78489424652825,3.939122943527938,3.8600356578826904
1415,3.95506845385084,3.973589492656686,3.874829762763077,3.790269019355021,4.201004981994629,3.813749840512683,3.8604267292819956,3.85949969291687,4.0187792477577275,3.927156305580709,3.810874408765679,4.074279546737671,3.7612404859940365,3.9335239139014804,3.865786075592041,4.012858602044698,3.9226580702210767,3.9719209475139996,4.591292476654052,3.81777980846077,3.943922979971999,3.995382785797119,3.5520194220237657,3.5871550031908965,3.8193783223229207,4.069008111953735,3.598077064780479,3.8160541684351674,3.733795642852783
1416,4.51286162452281,,,,,,,,4.77449968647116,4.6986123293702615,4.6128589771100765,4.784101676940918,4.67964922339984,4.681631256033542,4.675713062286377,,,,,,,,4.790840302658059,4.714716671921082,4.586506443697733,4.939464378356933,4.654863435334196,4.636561736103721,4.760473728179932
1417,4.38510278396687,,,,,,,,4.243598206489191,4.446225278669443,4.049389344939164,4.19714994430542,4.185170888967918,4.123967071719845,4.231451988220215,,,,,,,,4.176114732553451,4.461200724404923,4.067180020828454,4.238918590545654,4.173441728889734,4.099176440311204,4.23630428314209
1418,4.14206473528057,,,,,,,,4.479400882167897,4.464886257235074,4.791431398151834,4.798436069488526,4.570810602599425,4.576873777496203,4.514032363891602,4.508563903383967,4.486101728733343,4.7318306226767834,4.41978235244751,4.581223580733168,4.614403680298874,4.542828559875488,4.627959285907784,4.619255002847072,4.777955853374022,4.656051921844482,4.72064742914975,4.6573122344645395,4.516073703765869
1419,5.02227639471115,4.954398598988052,4.655935785621863,4.631254423706786,4.787744331359863,4.837474619103573,4.804357894108458,4.642817497253418,,,,,,,,4.741334334747005,4.594868411835176,4.603369210453691,4.703285026550293,4.763654753294785,4.651605622189324,4.604184150695801,5.078018583143062,4.8992133941662965,4.826023464561777,4.258371257781983,4.817609652159564,4.6564709392256765,4.930542469024658
1420,4.6345120151091,,,,,,,,,,,,,,,4.87121272271213,4.770946284276942,4.975216784641306,4.871542072296142,4.8122699044423,4.896012064177949,4.812697410583496,4.895513562811849,5.435415538473411,4.987700792424527,4.226675987243652,5.115102234274682,4.86911240057246,5.1068830490112305
1421,4.81247927916354,,,,,,,,4.880637125740682,5.017471628560683,4.605009983244328,5.245356178283691,4.903011787625352,4.805955235710646,4.788664817810059,,,,,,,,4.582320190793046,4.969307858173752,5.159096821142369,4.917408657073975,4.953711512796979,4.678282294310442,4.772580623626709
1422,4.86646109162978,,,,,,,,4.882287730888364,4.841523458476267,4.736704599842461,5.141941165924072,4.86658272464032,4.842057409857116,4.577866554260254,,,,,,,,4.789210141391186,4.897189771777469,5.056299982544244,4.923370265960694,4.9127603324161555,4.7316098448344786,4.757652282714844
1423,5.00436480540245,,,,,,,,,,,,,,,,,,,,,,4.681722997497327,5.345024220265851,5.222926550641384,4.307955932617188,5.0501620742686075,4.848013593983979,5.024857521057129
1424,4.88941028970075,4.874931301136776,4.919796605283274,4.782747150351147,4.770028400421142,4.845172637867033,4.7691916552097915,4.839267730712891,,,,,,,,,,,,,,,4.925841787303849,5.356525311193556,4.900507921961731,4.245625782012939,5.10037824922235,4.901617218370985,5.146770477294922
1425,4.58169870868025,4.8103869128901655,5.006685135652214,4.922811688408585,4.904313659667968,4.75032610518827,4.853075916459177,4.793211936950684,,,,,,,,,,,,,,,4.700348399236331,4.971160484928412,4.914142646633396,4.267133808135986,4.74424702555014,4.803472760923808,4.999621391296387
1426,5.44611697335613,,,,,,,,4.7336516686069,4.050586564444048,4.874492027852511,5.5451247215271,4.8675028065893216,4.8458376822201465,5.209850311279297,4.703347200810893,4.084380977441848,4.809708933585734,5.237650680541992,4.802556139814754,4.79799875694522,4.894073486328125,,,,,,,
1427,3.4294570601181,,,,,,,,,,,,,,,,,,,,,,,,,,,,
1428,4.68613277963085,3.8784741915545498,4.205156922078033,4.424136234111202,4.441958045959472,3.7520061383069088,3.932148918775216,3.749831438064575,3.635605906881665,4.060729478139519,4.132741694095044,4.164319849014282,3.8291629716475297,3.866513776811751,3.9803481101989746,,,,,,,,,,,,,,
1429,5.45593195564972,,,,,,,,4.614171074055986,4.1176038062346105,3.949956161721192,4.355144405364991,4.475741432234827,4.627101344051881,5.0867509841918945,,,,,,,,,,,,,,
1430,3.59687947882418,3.788320435643681,4.136569822231419,4.301422356097347,4.587714529037475,3.6056843279789903,3.9655272485531805,3.3251545429229736,,,,,,,,,,,,,,,,,,,,,
1431,4.79588001734407,,,,,,,,4.387969869768485,4.350859109977182,4.379750270751742,4.236185359954834,4.371102847107863,4.431949204101925,4.213109493255615,,,,,,,,,,,,,,
1432,4.22184874961636,4.570689366029172,4.58861565289722,4.089258188940436,4.019577121734619,4.624054741654103,4.649211391523086,4.440287113189697,,,,,,,,,,,,,,,,,,,,,
1433,4.3767507096021,,,,,,,,,,,,,,,,,,,,,,,,,,,,
1434,3.74232142513082,3.959097335352518,3.59927668581502,3.5130670248629503,3.5790530681610107,3.939134578643047,4.112043273321438,3.8601393699645996,,,,,,,,,,,,,,,,,,,,,
1435,2.85855022659953,3.9001410574322097,4.1148206367529685,4.1774685773154046,3.9760536193847655,3.8772388115800673,3.958552139375195,3.6234028339385986,,,,,,,,,,,,,,,,,,,,,
1436,2.93554201077308,2.918743810193395,2.9951338598841266,3.037405583480086,2.8316868782043456,3.0530117760433804,2.9279453216234557,2.9449431896209717,,,,,,,,3.9542085052187748,3.924561827547555,3.959315183169112,3.886158847808838,3.8673232230549464,3.92753156973939,4.2058281898498535,3.817291572844105,3.8499394834761613,4.131543674297226,4.0244739055633545,3.8109344400078995,3.812956872096162,4.340099811553955
1437,2.92811799269387,2.926637648340366,2.950131339117718,2.8797585270065476,2.882580804824829,2.940038719688612,2.9275568937585006,2.9382777214050293,,,,,,,,4.395732757675511,3.947306789425651,3.9641312747529094,3.9320011138916016,3.926518412832692,3.9708286285770837,4.204640865325928,4.181163149036382,3.844026620137263,4.137258741317117,4.069645404815674,3.853941748701465,3.869922807722334,4.361657619476318
1438,2.92081875395238,,,,,,,,,,,,,,,3.9137724859797176,3.9457948396956595,3.9610833256716855,3.918478012084961,3.9178153188767335,3.9191971577161944,4.194427490234375,3.7169966408777344,3.8571103293392714,4.130155865876224,4.056297492980957,3.801526566661495,3.815330257772418,4.389270305633545
1439,2.94692155651658,,,,,,,,,,,,,,,4.410659022965968,3.950461823733806,4.193478697892947,3.901293134689331,3.908507988650736,3.9256905295857973,4.195178031921387,4.174104522410369,3.862249724876075,4.300568823813345,3.9959299564361572,3.876611251204522,3.85974847964928,4.393492698669434
1440,2.86966623150499,,,,,,,,,,,,,,,3.4563736291473646,3.9535023479615687,4.1203300621931325,3.76423978805542,3.7559155277129754,3.6560699179565326,4.2237958908081055,3.5742384969532814,3.8766975057900503,4.184648197800105,3.825540781021118,3.7238045471471657,3.708800693914828,4.350531578063965
1441,2.91721462968355,2.930742729748059,3.0612117364804976,2.931221130704829,3.0762507915496826,2.9694856233095535,2.9741950948136195,2.943511724472046,,,,,,,,3.9268229095067824,3.937679463194486,3.9045241111097932,3.638924169540405,3.929798235416021,3.9168540440383612,4.18911600112915,3.731569687999368,3.83202507294909,4.0943130665403995,4.013319730758667,3.7985228195176846,3.8365076960446025,4.377348899841309
1442,2.92811799269387,,,,,,,,,,,,,,,3.801486601422027,3.9400769791727748,3.9361466228917323,3.9113781452178955,3.914062277433002,3.9152575087682595,4.163586616516113,3.64884453184482,3.8495929638320776,4.130579048544473,4.046827793121338,3.7980349994336478,3.814176267740012,4.397647380828857
1443,2.9100948885606,2.9256861334051787,2.9230834750500634,2.98974851486705,2.7970384120941163,2.9122313143964145,2.926437507129857,2.94582200050354,,,,,,,,4.379047203744346,3.9467278614235393,4.183501109417145,3.8955336570739747,3.948537255690461,3.9063495113364315,4.177767753601074,4.153085558592506,3.868789636747808,4.259154014744337,3.984651517868042,3.7996499789731697,3.8497279894387764,4.405966758728027
1444,2.93181413825384,2.9071734214574074,2.910157718232883,3.0797059103801154,2.8613587379455567,2.912566574090133,2.9079018263301144,2.959820032119751,,,,,,,,4.365641596697769,3.986908547531014,4.128813502565429,3.895607423782349,3.9732079971583003,3.9024160775297054,4.068343162536621,4.1119335812975475,3.8623338726827416,4.25900131402193,3.992780160903931,3.825055101402343,3.8643450646410735,4.421624183654785
1445,2.89962945488244,2.9308604664686078,2.9267030777808283,2.9913141653039417,2.8200501441955566,2.9366891127201376,2.9291867475198967,2.9058563709259033,,,,,,,,4.3183809603986605,3.946900905697674,4.143057650493503,3.8867531776428224,3.973635457050205,3.8952172144613852,4.127558708190918,4.048036803879647,3.8707531998518103,4.239849882668589,3.973047637939453,3.819930326354134,3.843452977074143,4.410473346710205
1446,2.93930215964639,2.9289332303196134,2.8909704994699434,2.907000926364712,2.8458148002624513,2.9262261716377367,2.9246728198017222,2.821260929107666,,,,,,,,3.920246438176471,3.9574590884580414,3.9312366526821894,3.9234052658081056,3.939438522751361,3.8931686066881377,4.047989845275879,3.751324756663164,3.83768654729819,4.131399869696793,4.057203340530395,3.7949601184786093,3.7809299322712637,4.421111106872559
1447,2.92811799269387,,,,,,,,,,,,,,,4.131151321759327,4.0087726562814465,4.253271132402066,4.345864582061767,3.996608850647217,4.1515178188447495,4.266218185424805,3.7775404943566655,3.8587486965945406,4.327004371771437,4.2658241271972654,3.802182461279728,3.9056242293630508,4.352471828460693
1448,2.92081875395238,,,,,,,,2.9032150998386896,2.9239991502066998,3.044013623396066,2.8301471710205077,2.933789452988443,2.9477935697136433,2.9381096363067627,4.108838387266104,4.051417220013458,4.290195606323077,4.3054118156433105,4.0167801517159525,4.169175166766513,4.265885353088379,3.7723991315060994,3.888615778783716,4.35468437127307,4.260800743103028,3.855347670334821,3.954627082306429,4.356628894805908
1449,2.92811799269387,,,,,,,,2.9357839678606963,2.934025424033968,3.2678245549405283,3.395030403137207,2.938981194687521,3.168758841069251,3.0906662940979004,4.110790572511255,4.018240383322922,4.102971333757662,3.911105918884277,4.042216018312703,4.007799898972596,4.308686256408691,3.8195862536268437,3.891640987430934,4.220237937369824,4.060477018356323,3.8790080052972495,3.8417238830392426,4.348204612731934
1450,2.91364016932525,2.9068043921522535,2.9187104325867024,2.994151290377971,2.9196072101593016,2.9074133063336878,2.923530516661592,2.9520442485809326,2.9068043921522535,2.9249118795294926,2.996404244108936,2.890046262741089,2.9053632820603235,2.9117434997405827,2.840935707092285,4.108838387266104,4.067910855642197,4.35322012509405,4.300349140167237,4.038834622529334,4.176614717982161,4.264767646789551,3.7723991315060994,3.92102045508168,4.380775445609298,4.24038257598877,3.8531709336308815,3.9213004713616555,4.355812072753906
1451,2.89279003035213,,,,,,,,2.91722946163882,2.9823288534528998,3.0679219302377247,2.887905168533325,2.921988872205664,2.9476641075008687,2.944658041000366,4.108838387266104,4.0754181485917895,4.368417882271444,4.310755062103271,4.069509060250059,4.1989194666541785,4.26650857925415,3.7723991315060994,3.926675795381143,4.388407963957234,4.274275302886963,3.8644260402869595,3.9420337064717654,4.358586311340332
1452,2.89962945488244,2.886528328745969,2.91755897889233,3.042983562390201,2.9894572257995606,2.9485845216496385,2.9371584431497295,3.088369846343994,,,,,,,,4.415835458207039,3.9980463092871554,3.949994455202689,3.959843301773071,4.0184498286402395,4.004596249511261,4.273530006408691,4.2025322157949505,3.888620402406728,4.019853300833062,3.8130184173583985,3.9806534990298177,3.864388613538494,4.373976707458496
1453,2.86966623150499,,,,,,,,2.903304857829568,2.943670720993773,3.00499337609427,3.0693753719329835,2.9404294892170824,2.951011753241191,3.0731093883514404,3.8786425126397854,4.034126199338323,3.967515620791811,3.999294471740723,3.9883781619151693,3.9322704842567187,4.270083904266357,3.7581165895941337,3.9136198059022798,4.0374290125651235,3.8199599742889405,3.882218482777481,3.79410373821483,4.348367214202881
1454,5.52287874528034,,,,,,,,4.639966237827207,4.759158799971171,5.062828182193599,4.778416633605957,4.754532463864847,4.720975652885076,5.034060001373291,4.679161785333114,4.750034962855109,5.2089200922925025,4.820005798339844,4.751001650548634,4.6839740192478345,4.9315996170043945,4.706602979616168,4.667600901828697,4.519911119714296,4.725,4.692711314037883,4.5773526226127,4.613805294036865
1455,5.4089353929735,,,,,,,,,,,,,,,,,,,,,,4.200159824499657,4.383434454656226,4.104295156549806,4.041801404953003,4.25631323006714,4.2060586734298715,4.339022636413574
1456,5.65757731917779,,,,,,,,,,,,,,,4.16187083718716,4.7347925091751275,4.438135409560067,4.386497211456299,4.198293403888581,4.105330570250507,4.706427574157715,3.927319382732443,4.558289704996632,4.206499958227633,4.375155639648438,4.202595988829587,4.109845271114678,4.558929443359375
1457,5.72124639904717,5.013086331470407,4.905980297456426,5.63879710907514,5.035560226440429,5.081619489514934,5.124955980664758,5.067191123962402,,,,,,,,4.254529243287796,4.7245705618321665,4.784252152282331,4.445964336395264,4.26426338181407,4.1315060845322895,4.687496662139893,3.9460228536836093,4.566623953046371,4.600927517882505,4.376956844329834,4.315946390125691,4.192343351717275,4.4945549964904785
1458,5.45593195564972,5.346279793892742,5.16546133048686,5.445386946240754,4.847516059875488,5.171464506512581,5.112420964937176,4.898221015930176,,,,,,,,5.3828889599040135,4.885673066849996,5.460162358880404,5.005466270446777,5.175613839988601,5.1200754517864375,4.897223472595215,4.711395891908801,4.582602967535065,4.703582130568802,4.561383438110352,4.721296195316912,4.616881455660361,4.550159454345703
1459,5.46852108295774,5.298606061192575,5.478117184423294,5.36993391338223,4.8477174758911135,5.298227947296311,5.145053979697821,5.110683917999268,,,,,,,,5.355214750593243,5.47715726121496,5.3123817883155136,5.054908561706543,5.293951908527516,5.179802719366325,4.933022499084473,4.70947369240905,4.6272651083703575,4.551427863725642,4.536638164520264,4.626989866995498,4.587549985773858,4.59165096282959
1460,5.49485002168009,,,,,,,,,,,,,,,,,,,,,,4.670843565048019,4.629056825420758,4.571169534923982,4.537360668182373,4.628919581602179,4.571541163797367,4.590893745422363
1461,5.65757731917779,4.548474836378893,4.57042732610666,4.865144787146942,4.524228954315186,4.60997667322965,4.55387139740653,4.650814533233643,,,,,,,,4.6762871603820795,4.679583167637155,4.912690217792812,4.504094028472901,4.677988502648335,4.588803306011567,4.585970878601074,4.475047689230551,4.451586844888701,4.49645835303255,4.214964485168457,4.5047082967967915,4.524892315206359,4.418609619140625
1462,4.46852108295774,,,,,,,,4.38692228232801,4.691830743714743,4.687412965554508,4.563533306121826,4.547502872260063,4.56499322689936,4.581960201263428,,,,,,,,4.290215493242506,4.6499362752328475,4.63616829839631,4.501114082336426,4.597957430549644,4.508852478251942,4.623944282531738
1463,4.36653154442041,4.649171058233074,3.818935255060403,4.611827124285368,4.7551679611206055,4.682650835866999,4.615224833092898,4.499046325683594,,,,,,,,4.574699226200036,3.819145658906891,4.560748494911396,4.7875518798828125,4.623259010574512,4.663332718766446,4.241276264190674,4.491405038576149,3.8686503861912542,4.580859977639186,4.770599460601806,4.682515152218381,4.575475139351195,4.586711406707764
1464,4.11446916681191,4.024206047203313,4.459760801793939,3.8539698940287086,4.376619529724121,4.093754211154882,4.139384798187836,3.694044828414917,,,,,,,,,,,,,,,,,,,,,
1465,4.32836440339787,,,,,,,,,,,,,,,,,,,,,,,,,,,,
1466,4.13477754370982,4.086510496502518,4.5071109005917664,4.582992883691492,4.157215213775634,4.135312681436508,4.133342470848687,4.690982818603516,4.0786066628399364,4.696995522047619,4.605584318838537,4.063307809829712,4.1917955735314845,4.128961315928745,4.8166184425354,,,,,,,,,,,,,,
1467,3.82527166668811,,,,,,,,,,,,,,,4.057326930507664,4.329093146069394,4.583324186036867,4.407847690582275,4.195768006483124,4.137066948846378,4.52980899810791,,,,,,,
1468,3.73313355877882,3.880700092072363,4.05804475819726,4.741174727653245,4.39538803100586,3.9919480511901004,4.035211573513225,4.360553741455078,,,,,,,,4.051531306109917,4.219839476432924,4.675918644291208,4.2192511558532715,4.144398351273097,4.12884680818329,4.568285942077637,,,,,,,
1469,4.45185636256515,,,,,,,,4.17607655869401,4.015208289666979,3.870480833890009,4.06192569732666,4.107792171587861,4.084809862130438,3.9914722442626953,,,,,,,,,,,,,,
1470,4.29499204066666,,,,,,,,4.283000123350962,4.102222194560834,4.270144103362291,3.9042442798614503,4.231681498309144,4.305049323608908,4.156662940979004,4.243926634675411,4.169875249964659,4.294853060971057,4.123528957366943,4.2213066530817365,4.285918889114934,4.271216869354248,,,,,,,
1471,4.70996538863748,,,,,,,,4.379322508361595,4.133152595139522,4.388470436692956,3.870585012435913,4.298546108395992,4.312489815889995,4.197186470031738,4.397668870180728,4.209165255207956,4.423465084858335,4.0656165599823,4.38225646689753,4.327904420070223,4.308363437652588,,,,,,,
1472,4.68824613894425,4.302607287806306,4.400787634044483,4.866282698621076,4.567174434661865,4.33338947710705,4.568607404872029,4.385423183441162,,,,,,,,,,,,,,,,,,,,,
1473,2.19382002601611,2.3424916238995324,2.9034261208809253,3.696882410053018,4.587894630432129,2.810985772738097,3.134763793862785,3.560192108154297,,,,,,,,4.318479905976116,4.416186212287838,4.74194180703939,4.578703784942627,4.323644595293885,4.255350382740666,4.336950778961182,4.293521957989997,4.33515157204828,4.788145025895087,4.635243988037109,4.294197226656044,4.276369068741164,4.272356986999512
1474,1.97715938912347,2.7425608007033664,3.5446626348429815,3.5151780888734336,4.462731552124024,3.3873190703021923,3.2524311546637916,3.7091193199157715,,,,,,,,4.3659781579326395,4.453279184771507,4.623907348261627,4.41135835647583,4.251643925746924,4.254582717430306,4.2620463371276855,4.347639716323989,4.332226086871944,4.67305538495843,4.463611602783203,4.203962524455416,4.25967420372049,4.1626763343811035
1475,4.80826960663714,5.5022120710254,5.57811574784694,5.437206759415123,5.035709095001221,5.325672016009626,5.264951299681604,4.995806694030762,,,,,,,,,,,,,,,3.7795597716581013,3.7897527280705696,4.050818652637767,3.985057306289673,3.715786122744914,3.776070950583647,3.853501796722412
1476,5.32513885926219,5.010411191468335,5.067207839528378,4.917278593204133,5.044399070739746,5.140462027731411,5.115724281710457,5.058775901794434,,,,,,,,,,,,,,,3.7921892388713165,3.755240104774732,3.9105577201314783,4.181206274032593,3.820900768142891,3.8795967519622807,3.874091386795044
1477,4.99439055463972,,,,,,,,,,,,,,,,,,,,,,3.7825293420099424,3.770732592315281,3.9170223806294313,4.079827690124512,3.716311190216526,3.7893652543775493,3.694063663482666
1478,6.08092190762393,5.268852053058032,5.290265980244967,5.656334291899023,5.6542689323425295,5.689118728180273,5.77800124968372,5.481912612915039,,,,,,,,,,,,,,,3.7681300413878547,3.7761457632946502,3.7778744587144053,4.114070272445678,3.702783142838507,3.827014300134163,3.5800113677978516
1479,5.11069829749369,,,,,,,,,,,,,,,,,,,,,,3.8173299669947185,3.7593756336958393,4.041964535069915,4.103909206390381,3.7407531031501544,3.8273396950209335,3.666191816329956
1480,4.96257350205938,5.140962866548091,5.101465782260398,5.178303557380502,5.235958576202393,5.099989488751314,5.226605450286627,4.9965500831604,,,,,,,,,,,,,,,3.8085882833005296,3.854452264162311,4.12547931091445,4.20816068649292,3.8555667923927968,3.925515272305845,3.952624559402466
1481,5.00436480540245,5.244487688654915,5.322429870161145,5.2458607589169794,5.400730419158935,5.116961748959267,5.174178672428224,5.302152633666992,,,,,,,,,,,,,,,3.7309405787736374,3.804470242772867,4.034016306969759,4.297302532196045,3.8198242504583315,3.8928726658006996,3.9286675453186035
1482,5.22329881601159,,,,,,,,,,,,,,,,,,,,,,3.763413422745182,3.807417810361214,4.139796204578052,4.105385828018188,3.7800724137062223,3.8140890037089656,3.73687744140625
1483,6.45593195564972,,,,,,,,,,,,,,,,,,,,,,3.7864041908620947,3.80745282801617,3.969198021398975,4.173543691635132,3.8074386822171373,3.8392038704335687,3.6593101024627686
1484,5.13489602535887,4.355263622439049,5.316294116613277,5.180258323503895,5.4564777374267575,4.662779591979828,4.3851122173461485,5.468178749084473,,,,,,,,,,,,,,,3.7306101570291372,3.8739014023487677,4.16548989909177,4.331338500976562,3.851885097732206,3.7216951525309456,4.019653797149658
1485,5.08407278830288,,,,,,,,,,,,,,,,,,,,,,3.7330188484777027,3.813540798328155,3.860432732708018,3.9476731300354,3.732905559887199,3.779939132229653,3.755746841430664
1486,6.20760831050175,,,,,,,,,,,,,,,,,,,,,,3.7065585177680385,3.805607227340883,3.6781029321821377,4.07822322845459,3.7259632237321183,3.843353602046659,3.686518907546997
1487,5.25570701687732,,,,,,,,,,,,,,,,,,,,,,3.770502387351472,4.036791247569428,4.020179852730048,3.851983737945557,3.974195828260851,3.8862612092441116,3.949676036834717
1488,5.36957212497498,,,,,,,,,,,,,,,,,,,,,,3.762834933585863,3.8149855289820063,3.810490529312184,3.823808717727661,3.724057948429461,3.8152237856056543,3.5878608226776123
1489,5.18708664335714,5.786531920018385,5.477115683270726,5.440938297463874,4.935013294219971,5.702007181886614,5.379797943706824,5.3863139152526855,,,,,,,,,,,,,,,3.783623009187894,3.8288940194599097,4.031049565753969,3.8115140438079833,3.7262870512260213,3.820623361706702,3.646784543991089
1490,5.50307035192678,,,,,,,,,,,,,,,,,,,,,,3.7329288507041802,3.823106017033463,4.0319313375195,4.302450275421142,3.7988322788175064,3.851426388954658,3.549908399581909
1491,4.64016451766011,,,,,,,,3.997449285709261,3.4066965798354807,4.084109784932322,3.993230628967285,3.8313144477689702,3.535601097437342,3.4529037475585938,3.7808229665471575,3.2584864315559243,4.037054644764668,3.8775822162628173,3.727029429764629,3.6069126451286717,2.929678440093994,3.8628370622238912,3.5488060549138627,3.9531599116329987,3.923891305923462,3.764872571748047,3.6263818536855545,1.235008955001831
1492,4.37263414340727,,,,,,,,,,,,,,,4.095448476046112,3.497428727789776,3.816110353667085,3.9493054389953612,3.3073335236171415,3.8457510466084512,4.274468421936035,3.9007909591317373,3.628518155497277,4.1157795896242355,4.31560525894165,3.590952039650547,3.6858540373198085,3.4371612071990967
1493,4.47366072261016,4.104132451310349,4.045446224826238,4.104813520811022,3.923751163482666,4.120580716291468,4.190774274551792,4.022027492523193,,,,,,,,,,,,,,,3.9983336302477426,4.041919776291973,4.127228454457806,4.433992004394531,4.162551921783949,4.140621896716039,3.6559531688690186
1494,4.73754891026957,4.450524772920057,3.8357039307745655,4.455201956572,4.763022327423096,4.3162263357235275,4.3848143261981365,4.360939025878906,,,,,,,,4.384578122773232,3.998655029819789,4.416294093254876,4.767150974273681,4.328863199379186,4.28872838197671,4.198222637176514,4.334359873356806,4.225455163568915,4.284644607744634,4.927035236358643,4.31385494168471,4.326607237673636,3.581130266189575
1495,4.81247927916354,4.530734445629656,4.684082693673615,4.920656654861866,4.563689136505127,4.60991578640098,4.590967951740454,4.583734512329102,,,,,,,,,,,,,,,,,,,,,
1496,4.98296666070122,,,,,,,,,,,,,,,,,,,,,,,,,,,,
1497,4.86327943284359,4.713465585609404,4.6861891709477925,4.7907263788641,4.825560283660889,4.704453047856709,4.5849128591386235,4.602191925048828,,,,,,,,,,,,,,,,,,,,,
1498,4.67162039656126,,,,,,,,,,,,,,,,,,,,,,,,,,,,
1499,4.49757288001557,,,,,,,,,,,,,,,5.6323369844793145,4.887653140156235,4.440289385274515,4.692543601989746,5.086471445456707,5.454977772883513,4.754983425140381,,,,,,,
1500,4.7594507517174,,,,,,,,,,,,,,,,,,,,,,,,,,,,
1501,3.82973828460504,3.3910557162540096,4.02257104101604,3.5857845104078327,3.788272762298584,3.99541671232811,3.7692521070256357,4.366771697998047,3.2825189121570797,3.940570510805565,3.6037359557707376,4.067845058441162,4.0284376431752635,3.605598915122779,4.281266212463379,,,,,,,,,,,,,,
1502,3.28241270314454,3.1253983952331823,3.2540058644688803,3.4325984867053743,3.050089406967163,3.265057589330123,3.3225295730539903,3.1785576343536377,,,,,,,,4.139650246794493,4.4702153447235915,4.434907714652882,4.424496841430664,4.522815211656931,4.316658014925135,4.403646469116211,,,,,,,
1503,3.3401788419443,,,,,,,,,,,,,,,4.1375013902276505,4.465802338622172,4.369219473118251,4.411872673034668,4.530250986796877,4.317706816084706,4.4152374267578125,,,,,,,
1504,3.14984407757791,,,,,,,,,,,,,,,4.1375013902276505,4.4590302582216745,4.305857849294314,4.410857772827148,4.526165190961503,4.296001088474688,4.417849063873291,,,,,,,
1505,3.14327110961712,,,,,,,,3.0373901668384864,2.885329728994583,2.8642017422446417,2.715702199935913,2.8691652505948606,2.7371876651444573,2.975864887237549,4.1375013902276505,4.452344268939035,4.257124558475411,4.561580753326416,4.5203441882704345,4.276819258336087,4.410507678985596,,,,,,,
1506,2.62214758099325,,,,,,,,3.2110980097131003,3.1750613170201007,3.147299897811407,3.022988510131836,3.089081215914892,3.143957800885643,2.9883158206939697,4.1375013902276505,4.456606450502679,4.212258884944734,4.583863353729248,4.524181496098618,4.3001363222134845,4.3952107429504395,,,,,,,
1507,3.26368319209589,3.2002673558545753,3.539175062746141,3.32273245096017,2.982698440551758,3.263409352949493,3.1593993060081984,3.262810230255127,,,,,,,,4.062232643548526,4.432599949726375,4.399102915877558,4.341723346710205,4.475500443642034,4.262126448193382,4.301558017730713,,,,,,,
1508,3.18795610206977,3.0225736158149856,3.2299779350683697,3.198348649903836,3.0765295028686523,3.1683661134287093,3.1088703238839757,3.2063698768615723,,,,,,,,4.062144465095698,4.4738255832092255,4.415780248796636,4.374431896209717,4.502335568902692,4.271393505616936,4.336260795593262,,,,,,,
1509,2.96899571863646,,,,,,,,,,,,,,,4.061769200894756,4.460328362799815,4.36190905246679,4.36613187789917,4.492911917297889,4.271441107787526,4.351817607879639,,,,,,,
1510,2.89279003035213,,,,,,,,,,,,,,,4.061769200894756,4.4508183516396755,4.322521829466739,4.411856842041016,4.480565682665075,4.256769028483372,4.3612494468688965,,,,,,,
1511,2.88405682306094,2.8728332009683673,2.900824537585314,2.877651537306668,2.7545062065124513,2.865992533078211,2.82833976492696,2.98313570022583,2.8728332009683673,2.800264873192172,2.7958878998922234,2.6791568279266356,2.814672945750365,2.777456616694406,2.9372406005859375,4.061769200894756,4.447320115025517,4.257177998650489,4.570515918731689,4.474271616749587,4.261661594220736,4.3615546226501465,,,,,,,
1512,2.75671385391655,,,,,,,,2.915280857349874,3.0680155183880244,2.999880800788418,2.884327936172485,2.9025832461564853,2.9195132933687864,2.883552074432373,4.061769200894756,4.457245050794993,4.234667144739821,4.588231372833252,4.48013338343998,4.276026924992226,4.35465145111084,,,,,,,
1513,4.65955588515988,,,,,,,,,,,,,,,,,,,,,,,,,,,,
1514,4.70685851654907,,,,,,,,,,,,,,,4.716200630266782,4.9822332108503655,4.937965376807214,5.009689807891846,4.914681591623385,4.696566187617356,5.170490264892578,,,,,,,
1515,4.79290445958078,,,,,,,,,,,,,,,,,,,,,,,,,,,,
1516,5.014573525917,,,,,,,,,,,,,,,4.402374890379821,4.3079209984305775,5.0168403198087,4.618038177490234,4.4786835559284865,4.386605737343679,4.76418399810791,,,,,,,
1517,4.0087739243075,,,,,,,,4.051072976857909,4.040334401615508,3.9500352109735175,4.127091026306152,4.084529349846565,4.130821479454685,4.372410297393799,,,,,,,,4.405008874075151,4.314423513106524,3.998701961977227,4.352799797058106,4.362246176743577,4.294030823576033,4.472710609436035
1518,4.02227639471115,,,,,,,,4.063315841454472,3.945597655162154,3.9910485717402873,4.119264745712281,4.07083604717043,4.126484294017422,4.398582458496094,,,,,,,,4.404171657815072,4.318221303584456,4.0417633220135984,4.357811069488525,4.350044551616729,4.2522049757653875,4.524277687072754
1519,4.46852108295774,4.51927087519065,4.504640383330278,4.421959264164267,4.653266334533692,4.513746995981822,4.454102013242627,4.573586463928223,4.443975856950716,4.392099238004678,4.298574713539306,4.666070079803466,4.370576738579155,4.340496451625341,4.427483558654785,,,,,,,,4.520623842519937,4.507596752769038,4.354529631239385,4.71055326461792,4.51474701321601,4.4255471627121645,4.520388126373291
1520,5.0073819536226,4.7076049349472635,4.817144278946749,4.840169927715614,4.7216390609741214,4.8275854219061,4.721958310076036,4.678438663482666,4.6392444943216375,4.726276518799983,4.931996534029734,4.647774505615234,4.728193704111822,4.763128898941279,4.833329200744629,4.3535531952024495,4.765987436412815,4.855171603100088,4.620377826690674,4.685185098681327,4.679513078140344,4.7554755210876465,,,,,,,
1521,4.87669465986789,4.187988482721084,4.46552680356399,4.738144133720329,4.292302083969116,4.503839418668618,4.4353397542409345,4.368292808532715,,,,,,,,4.17863777357848,4.41222943864808,4.683043884566312,4.3661510944366455,4.42686212483541,4.477984175152866,4.391648292541504,,,,,,,
1522,3.63288877449745,,,,,,,,,,,,,,,4.2067048390560045,4.3526229413997894,4.04925960858273,4.282523441314697,4.297038465917886,4.162101229324803,4.226193428039551,,,,,,,
1523,4.87614835903291,4.337894582744928,4.366807762693655,4.229767368051881,4.343753719329834,4.582471657086078,4.52285749350248,4.195995330810547,,,,,,,,,,,,,,,4.059080306022954,4.30506147383702,3.9301129517941047,3.9165767669677733,4.167603777149475,4.247922557235684,3.9462571144104004
1524,4.99139982823808,,,,,,,,4.527373934184178,4.287685663627941,4.248876982200752,4.41601037979126,4.513248570869593,4.603371062704793,4.317477226257324,,,,,,,,4.188557900598485,4.216677391632872,4.008122826720016,4.221088123321533,4.221362302471379,4.179059954353775,4.0348615646362305
1525,4.62342304294349,,,,,,,,4.668895077297448,4.751549700484106,4.75080624924243,4.704611587524414,4.7210809595891865,4.7220420670582515,4.735696792602539,4.665993566669157,4.82590669334173,4.467326846101738,4.74484691619873,4.826151472812423,4.710377097471592,4.798120021820068,4.676352473946349,4.589631091103005,4.64657722946189,4.819741439819336,4.658176559251052,4.7126348970787,4.789302825927734
1526,4.24412514432751,,,,,,,,3.768635743781989,3.7149543317559255,3.9296705577833126,3.4033110618591307,3.889768849190142,3.7290308643179837,3.648862361907959,3.835850617578513,3.7777002502876034,3.924757050586349,2.8843798637390137,3.969671341033522,3.5755207951526278,3.5851364135742188,3.9053709512620354,3.791794966976835,3.900755891324609,3.1113452911376953,3.82011302844276,3.7456262875797615,2.973088502883911
1527,6.22184874961636,4.6739409050982905,4.853804327558402,4.741752690840562,4.743829917907715,4.743869902647634,4.741965967097252,4.876339435577393,,,,,,,,,,,,,,,4.65788081408876,4.712599865942919,4.558839394918537,5.042625999450683,4.771793404325611,4.783455942410033,4.521665573120117
1528,5.85387196432176,5.093498388609879,5.300583711656292,4.9633002972942695,5.184748649597168,5.03722108388417,4.952480782754282,4.8726701736450195,,,,,,,,,,,,,,,5.08570257738249,4.899128332998089,4.6600774714800774,5.110873794555664,4.879945508774576,4.876837975260432,4.824209690093994
1529,3.27572413039921,,,,,,,,3.2535997668984376,3.874439485628443,3.2518133032998175,3.2692196369171143,3.3606332802329275,3.2917979635352106,3.548419952392578,,,,,,,,1.4981720599086434,4.307012205251806,4.084664228770014,4.154343509674073,3.3770947210738957,2.6845013032518388,4.127769470214844
1530,3.20411998265592,,,,,,,,,,,,,,,,,,,,,,1.4652593583070566,4.17038345001983,3.792145704448642,3.879327630996704,3.3786983310020418,2.635662612474543,4.136824131011963
1531,3.21324857785444,,,,,,,,,,,,,,,,,,,,,,1.440239125577031,4.203790216690276,3.9448420065320935,3.9488518714904783,3.2815512324103384,2.5123871183593396,4.246472358703613
1532,3.29242982390206,,,,,,,,,,,,,,,,,,,,,,2.666373526511842,4.6261843908669285,4.631929710878092,4.32244176864624,3.8554975498233004,3.2021217624910503,4.852811336517334
1533,3.34678748622466,,,,,,,,3.3254644825298074,3.883087709785674,3.4153381474511146,3.482054567337036,3.4727454711784156,3.3923814460976893,3.9835586547851562,,,,,,,,2.7344814795747876,4.612920514182595,4.36651804953236,4.401169061660767,3.8912535712587015,3.192957914588587,4.956600189208984
1534,3.3767507096021,3.294032011676627,3.467674395396161,3.33199102440523,4.040385913848877,3.2972132145550743,3.180974914200374,3.48240327835083,3.231888764039281,3.8731002550570692,3.4625307620919146,4.049729824066162,3.339898255436943,3.2543024756234353,3.6479697227478027,,,,,,,,1.5080644943906807,4.44794295378182,3.994437088634117,4.395287132263183,3.363078103252589,2.46683346509274,4.6153883934021
1535,4.74441397336776,4.421135839378261,4.02502052413385,4.183728064734107,4.271931076049805,4.3818252188945985,4.421121691696055,4.139769554138184,,,,,,,,,,,,,,,4.709051652882629,4.189051120653557,4.346818589135819,4.433331680297852,4.6215101796997375,4.629535030095709,4.616518974304199
1536,4.87308059890737,4.726090008718566,4.481315001669541,4.292211915221684,4.738307094573974,4.651619908742878,4.669515287772924,5.29807710647583,,,,,,,,,,,,,,,4.714021668129821,4.806689032917761,4.425890704420725,4.777337741851807,4.942109450804921,4.77524993098246,5.398609638214111
1537,4.36404407874477,,,,,,,,4.501624993792214,4.985741152925143,4.405758029577597,4.891511917114258,4.676028154166026,4.578350751299547,4.355532646179199,4.545896074474822,4.761135724074978,4.37879583212231,4.654991817474365,4.643643261125473,4.576678560693394,4.521202564239502,5.118723961336986,4.865871124776702,4.407277445901832,4.819208431243896,5.0150418822852,5.165502638050119,4.5124382972717285
1538,4.22485946865416,,,,,,,,4.500901534500131,4.95745563879483,4.647776167819985,4.584804630279541,4.5922150001014765,4.563871523615625,4.665801048278809,4.5257207881374875,4.917565122636858,4.573752616053915,4.616956806182861,4.619543673997784,4.54576552473823,4.44747257232666,4.9891628079722485,4.745376766207647,4.400659432499649,4.592915630340576,4.924307140530449,5.077643147431054,4.524871826171875
1539,5.07058107428571,,,,,,,,,,,,,,,4.859759030985227,4.5591226350908185,4.524178878835137,4.858468246459961,4.730777267258181,4.700139817045379,4.544921398162842,,,,,,,
1540,5.1249387366083,,,,,,,,,,,,,,,4.899549029229025,4.973334819007501,4.754851269501956,4.975768280029297,4.754215330743894,4.919137881364712,4.876294136047363,,,,,,,
1541,3.95616843047536,,,,,,,,4.179783262848814,4.089597188430699,4.831301420148459,4.440594863891602,4.42178804677516,4.265798478922823,4.0852861404418945,,,,,,,,,,,,,,
1542,3.68516364270073,,,,,,,,4.473902813966678,4.704312190376352,4.51097480364042,4.518899154663086,4.4187293837816535,4.551014134798476,4.634217739105225,4.470943894810122,4.725886663443075,4.613814587238256,4.848374462127685,4.474879534874031,4.5147344672808485,4.454035758972168,,,,,,,
1543,4.06560843885835,,,,,,,,,,,,,,,4.465663153042698,4.39065518638126,3.8765154154742363,4.332295513153076,4.221222243946205,4.364962431214367,4.296435356140137,,,,,,,
1544,3.53031614665046,,,,,,,,,,,,,,,,,,,,,,,,,,,,
1545,4.61978875828839,,,,,,,,,,,,,,,,,,,,,,,,,,,,
1546,4.7851561519523,,,,,,,,,,,,,,,,,,,,,,,,,,,,
1547,4.62289374184206,4.3069603310039914,4.691497936209733,4.539188998244876,4.406582927703857,4.3266642710864325,4.230537050011649,4.640728950500488,,,,,,,,,,,,,,,,,,,,,
1548,4.30980391997149,,,,,,,,,,,,,,,3.924161302573294,4.20990002532035,4.418924821854612,4.7852911949157715,4.0642552783784955,4.011061736936789,4.539334297180176,4.080878435852035,4.220156605146964,4.391231505172391,4.734832096099853,4.2259589704566904,4.023287459083793,4.756748676300049
1549,4.2572748686953,,,,,,,,,,,,,,,4.312957134442602,4.549448843003405,4.98427465554216,4.773271369934082,4.473841716851282,4.4297106048801105,4.852644920349121,4.393091181593569,4.449190511660106,4.734842869717166,4.772941017150879,4.417055852897274,4.4365565154328435,4.929470539093018
1550,5.42021640338319,4.5003811748054945,4.817656200963734,4.082310671399495,4.804148197174072,4.168329624242933,4.529576571141956,4.498024940490723,,,,,,,,,,,,,,,4.54806533008404,4.627195498700396,4.373660857793238,4.682514095306397,4.315496350135448,4.608564706352354,4.908124923706055
1551,6.09691001300806,,,,,,,,,,,,,,,,,,,,,,4.245117416884191,4.212450051932873,3.982022615273082,4.373821449279785,3.4000949911365566,3.9673710858219264,3.2160866260528564
1552,4.64781748188864,4.632994324089774,4.9452756393601405,4.314496108152375,4.2945493221282955,4.380692158080318,4.412378473500665,4.306488513946533,,,,,,,,,,,,,,,4.775020815948156,4.8207528837968185,4.225947200684428,3.9609693050384522,4.415320661504745,4.575620408657273,4.493183135986328
1553,3.09919606518963,4.623033222086245,4.211218363652751,4.052129243501317,4.556541538238525,4.417190371315338,4.52235580766582,4.1215105056762695,,,,,,,,,,,,,,,4.480614156096774,4.408973100913913,4.153480104086553,4.526439476013183,4.384396289697796,4.355321766499514,4.506259918212891
1554,3.90974194706868,4.150384818298338,3.7219280937292574,4.097735456968902,4.564437961578369,4.033029144093224,4.315606510002354,4.478814125061035,,,,,,,,,,,,,,,4.297922998569158,4.33330897875456,4.482531084263133,5.035477161407471,4.354528443740849,4.42541587041718,4.488907814025879
1555,3.79588001734407,3.60002414437552,3.441866781778403,3.5815799235209114,3.186605453491211,3.747175318209944,3.740222206963902,3.5243098735809326,3.276283162931752,3.5461941803666184,3.815107820874997,3.3258864879608154,3.1165202195181507,3.4404581278920228,3.9169602394104004,,,,,,,,3.2012751897076637,3.390470417200535,3.5287634121067293,3.415922498703003,3.4777205581889548,3.3729977329309544,3.652306318283081
1556,4.23136189875239,,,,,,,,,,,,,,,3.5784626288499286,3.9647227566141505,4.016623422249176,4.1092204570770265,3.9111571759030492,4.003528850804659,3.8968780040740967,4.476395657430289,4.119314018471556,4.2922918715616,4.179861450195313,4.386379508555085,4.387715581769177,4.178566932678223
1557,4.57186520597121,4.712286134625549,4.511199950774207,4.369045134355784,4.780655384063721,4.506762744493621,4.448600574162025,4.475856304168701,,,,,,,,,,,,,,,4.453516154147704,4.4363633829234415,4.496697494970227,4.649656677246094,4.387502194742925,4.413321150089288,4.964198112487793
1558,4.97469413473523,4.263749959982274,4.060051103164835,4.342321778860273,4.390756702423095,4.287835722715073,4.3178226099266706,4.236325740814209,,,,,,,,4.212897832709248,4.13942658492726,4.5719414795012945,4.430913257598877,4.230530060980335,4.263445690868896,4.564453125,4.346259818345882,4.289049110645182,4.544678136111699,4.422471523284912,4.279470512703864,4.34006447634358,4.870946884155273
1559,3.53565951537233,4.487474025515187,4.139339270000027,3.99057162174673,4.107354068756104,4.436135107439078,4.336718955647702,4.281624794006348,4.600979727112143,4.131367841959613,4.065202349594735,4.286929750442505,4.448353757806931,4.4758068272368785,4.25152063369751,,,,,,,,4.751457016619608,4.183001198058248,4.06241840254762,4.202100658416748,4.494255319375559,4.596275458507044,4.330948829650879
1560,3.90371582175514,4.708362618583413,4.371150984042306,3.9997147560953916,4.672484493255615,4.564651186918607,4.670824197518812,4.3464555740356445,,,,,,,,4.791235021726164,4.382429085506011,4.234728158987355,4.591918182373047,4.562873303034277,4.700041167688398,4.386239528656006,,,,,,,
1561,4.33989377827676,4.500907391028331,4.367352431324768,4.136493825257834,4.452502059936523,4.338173732421019,4.360692625639123,4.390807151794434,,,,,,,,4.537424292427648,4.338041054352703,4.217691993621391,4.325068378448487,4.2430362462299325,4.334515063604919,4.359564781188965,,,,,,,
1562,4.04095860767891,4.304289354361518,4.083248707745749,4.022111005754353,4.55109806060791,4.281428478562116,4.255548445755925,3.996400833129883,,,,,,,,,,,,,,,4.472248858607281,4.61415231776496,4.2871473883986075,4.5154345512390135,4.654324601475351,4.519796607439848,4.496072769165039
1563,3.63078414258986,,,,,,,,,,,,,,,,,,,,,,4.825056402078032,4.759386764333034,4.795976729006917,4.818070983886718,4.771411045640978,4.694675114914674,4.663311958312988
1564,3.53760200210104,,,,,,,,4.592533898882412,4.282080043012135,4.466899471944301,4.815307331085205,4.4951347944025715,4.528603661691874,4.7107110023498535,4.624842247323245,4.308017464555894,4.090945260418515,4.582016181945801,4.402266159822171,4.477102847635913,4.392887115478516,4.687652066492787,4.6695249499710965,4.634557772489696,4.6066662788391115,4.752439405536659,4.622419514435489,4.657906532287598
1565,3.81389219924572,4.629620229529801,4.589779556764562,4.315729868444005,4.470336055755615,4.339557715466868,4.591306007153573,4.465493202209473,,,,,,,,4.5956662481715815,4.573546335179497,4.279751290312413,4.430792331695557,4.282995328696317,4.587232864681051,4.574209690093994,,,,,,,
1566,3.74615728754312,,,,,,,,,,,,,,,,,,,,,,,,,,,,
1567,3.77582738056031,3.9657537871505837,4.042220827045956,3.5673217220907008,3.9938652992248533,4.064332415629485,4.04219076403363,3.7113049030303955,3.9787029678576613,4.021913112698342,3.649538278558863,4.203134298324585,4.036675212596675,4.006709697674145,3.4341068267822266,,,,,,,,,,,,,,
1568,3.8689315046311,,,,,,,,,,,,,,,,,,,,,,,,,,,,
1569,3.9788333198453,4.600255677430184,4.459960771850475,4.303650559200359,4.659558486938477,4.546476411261924,4.501185366185621,4.590396881103516,,,,,,,,,,,,,,,,,,,,,
1570,3.93491639762551,,,,,,,,4.0443094551646706,4.223831672932862,4.325197108835281,4.296524238586426,4.217350111621698,4.210920879905529,4.227408409118652,,,,,,,,,,,,,,
1571,3.57953273541634,4.039115799002761,3.8103890075289772,4.215119894703278,4.309780216217041,3.9790968872891175,4.147018317127503,4.031485557556152,,,,,,,,4.124708449405752,3.7916778663045125,4.421586105138641,4.381174182891845,3.991958574559888,4.128293573596194,3.954118251800537,,,,,,,
1572,3.75088495855792,3.963774898909086,3.7054076322275815,4.16889790823382,3.9362483501434324,3.885616734209134,4.065249447775779,4.040489196777344,,,,,,,,3.9896913906495826,3.673215360271627,4.24187486091092,4.065366411209107,3.8489627943008937,4.111060395807736,4.0772809982299805,,,,,,,
1573,3.90902085421116,4.3377480106132085,4.476798457738491,3.7191611162949347,3.817815732955933,4.318746601792338,4.244149509175633,4.280125617980957,,,,,,,,4.4925457246044855,4.494594822545443,3.844739703618582,3.7973289012908937,4.336630707662153,4.214196065520395,4.241156101226807,,,,,,,
1574,4.49349496759513,3.8505512297497706,3.687293158402003,4.077343822320044,3.967801094055176,3.80111341379287,3.74856373864445,3.4664642810821533,3.8620589853444875,3.6541236640800996,4.112721762610946,4.001850938796997,3.790321210725411,3.7623249784743495,3.853435516357422,,,,,,,,3.8671529708143235,3.537693305977823,4.127326809637471,3.9422836303710938,3.8285576372243395,3.741137866527786,3.448455810546875
1575,4.49757288001557,4.4590278727784955,4.495819382512597,4.40397416940436,4.612681293487549,4.472599592535195,4.428992148251961,4.528565406799316,4.4196457016579,4.429142887374183,4.302785941894492,4.6395257949829105,4.398034315308661,4.380451998526751,4.453467845916748,,,,,,,,4.376028052895351,4.484071905205066,4.480998471887422,4.672089004516602,4.42359649827502,4.395156649241711,4.4695916175842285
1576,4.59687947882418,,,,,,,,4.539780536508915,4.233523687927834,4.519033406619357,4.601093292236328,4.385377188689979,4.391241505326238,4.331270694732666,,,,,,,,4.460769934652899,4.50465078314954,4.617212452479601,4.6163256645202635,4.424372584397364,4.412078368572024,4.422865867614746
1577,4.04575749056067,4.291613373121721,4.56327077054986,4.1105450329390605,4.509532165527344,4.3655593705267774,4.266244564326343,4.460157871246338,,,,,,,,4.25660432791164,4.586763960183393,4.340474109640342,4.516775035858155,4.407337411997117,4.281042489009195,4.506447792053223,4.109883066542448,4.4814865597164415,4.462512069313429,4.284609413146972,4.249560135641343,4.168534900182868,4.484670639038086
1578,4.46092390120722,,,,,,,,,,,,,,,4.44722597780317,4.321941741465164,4.626065854719434,4.830594062805176,4.431625923994222,4.376808859194062,4.454672813415527,4.3301124247282425,4.416472190592539,4.580256290114859,4.63908805847168,4.407808789749945,4.363245957410128,4.4614434242248535
1579,4.45222529461218,4.144548116017722,4.444161110140554,4.470030522477091,4.592991065979004,4.197378240270917,4.238911910204256,4.3289265632629395,,,,,,,,4.488917519027174,4.3242650081063685,4.558203228413744,4.843358135223388,4.208398656572455,4.259210360342667,4.24523401260376,4.20273272564863,4.41188023540177,4.548979177588853,4.818246459960937,4.14171867835148,4.1320755853774935,4.379073619842529
1580,4.53017798402184,,,,,,,,4.522861348402973,4.46615413195066,4.514206836873986,4.542515754699707,4.516467753361126,4.46446834361041,4.56823205947876,,,,,,,,4.336988726509726,4.575514613953827,4.586224960093518,4.645769691467285,4.334031921214564,4.328381941489944,4.440535545349121
1581,4.50584540598156,,,,,,,,4.216222970249536,4.515729857414528,4.51686659811059,4.631945514678955,4.335090358720839,4.327583389054156,4.346096038818359,,,,,,,,4.2362156100124615,4.5723189911802935,4.547322578891428,4.658330249786377,4.237132509543649,4.160242650079606,4.439943790435791
1582,4.50307035192678,,,,,,,,4.1360309001012805,4.14683383055488,4.3005850330038,4.2978307723999025,4.130084264852764,4.080530186251417,3.9657371044158936,3.8184229257513866,3.820476940547921,4.299455367225754,4.086294794082642,3.798524407239827,3.694085769464655,4.039182186126709,3.2848667112434464,3.882757482529272,4.256941050540554,4.095838928222657,3.7248491689901004,3.4872487560257803,3.72343373298645
1583,4.14630178822383,4.4353118809122645,4.5015595127144685,4.3524834039314495,4.348844337463379,4.468793659236018,4.323591519593637,4.198709011077881,4.464866584773516,4.4965180065650125,4.349235534336956,4.357685613632202,4.485353178708625,4.298549038684396,4.242066860198975,3.83133536615744,3.823209471887351,4.266093609182372,4.009683895111084,3.788230367510883,3.706710064700786,3.981818675994873,3.2904691967328357,3.893610316287944,4.216046834802494,4.029128074645996,3.725429776071996,3.4917551416939636,3.7075321674346924
1584,4.97881070093006,,,,,,,,3.992111060043791,3.8958420310350066,3.691064560326673,4.282155895233155,3.8948993764064914,3.9119457064535523,3.8518619537353516,4.538472913640997,4.268924864670342,3.7793530417053636,4.44423656463623,4.116083787896545,4.545516336505395,3.9957871437072754,,,,,,,
1585,5.06048074738138,4.906703912454369,4.897537318211764,4.55859424947856,4.497130584716797,4.8907480455633285,4.7891895590220095,4.791075706481934,3.9818465779228442,3.9042525626992863,3.6614884129164955,4.211414527893067,3.895796568560541,3.9401563213416866,3.8839633464813232,4.516150032909078,4.253802466943796,3.7836949682039887,4.181979179382324,4.120116480925457,4.597353740974582,3.945631742477417,,,,,,,
1586,4.45593195564972,,,,,,,,,,,,,,,,,,,,,,,,,,,,
1587,4.45593195564972,,,,,,,,,,,,,,,,,,,,,,,,,,,,
1588,4.72124639904717,4.817579009925274,4.675455340714762,4.366768426377445,4.363863945007324,4.712580793758607,4.523835606547914,4.404700756072998,4.9558082057778865,4.700394667448353,4.361707579392903,4.388893127441406,4.699468298761872,4.6136000479871475,4.437259674072266,,,,,,,,,,,,,,
1589,3.65915945018767,4.057128633211559,4.50565705255599,4.0653186898606615,4.129642343521118,3.93744623706345,4.127540408223,3.754676103591919,3.9254605087798478,4.3906799888362675,4.290357931368089,4.029003572463989,3.8050850919588357,4.044596263059821,3.5310325622558594,3.978198863763579,4.522860335919021,4.353782435287566,4.098663473129273,3.7768037399019327,4.14969522061643,3.7830214500427246,4.028431873207662,4.416874830403582,4.2536893445878174,4.10985631942749,3.903367147381879,4.043804301471813,3.955829620361328
1590,3.78251605578609,4.297122245390839,4.3892427045979865,4.065235325392725,4.143401622772217,4.4333383089150935,4.388942019772149,4.272744655609131,,,,,,,,4.2936070986961425,4.39833671379887,4.062779950433619,4.2184240341186525,4.461519944949656,4.391254594979209,4.074703693389893,4.215823785917502,4.386308358438731,4.301418874584475,4.298983001708985,4.4164107570600155,4.274837539404275,4.211911678314209
1591,4.94309514866353,4.305580553282041,4.5842567975930635,4.335020459649092,4.471500396728516,4.361397034618594,4.360744590613832,4.118433475494385,4.267348257606664,4.51200819699891,4.304631034146154,4.224496078491211,4.368293863479352,4.233305802562042,4.182734489440918,4.272343288390502,4.529851658200533,4.333539455439283,4.5064247131347654,4.27029808784628,4.183034876022731,4.256867408752441,4.277122526503429,4.497099663891685,4.209005949929791,4.330808162689209,4.328631391605914,4.255966661473461,3.860952377319336
1592,4.45469288353418,,,,,,,,3.974765103348421,4.008132807509159,3.8837705690929942,3.2861762046813965,3.9228332128790004,3.804307711502531,2.453278064727783,4.053824143686198,4.0116470937105415,3.723888805073414,3.324032115936279,4.010201443970275,3.9594750940410317,2.94063138961792,4.024522607022043,4.1163583511941315,3.791758177112387,3.8183681964874268,3.9967072575686236,3.9460211283576143,3.2809741497039795
1593,5.82390874094432,,,,,,,,4.374552105238804,4.703647539909579,4.781729827956099,4.610299110412598,4.6613764098368815,4.643603318717113,4.906471252441406,,,,,,,,,,,,,,
1594,4.83921848179203,,,,,,,,,,,,,,,4.70896104213419,4.650091136925922,4.713087257812479,4.969200134277344,4.6889012925013525,4.765094379373989,4.612316608428955,,,,,,,
1595,4.96657624451305,5.550953410399139,5.176878706300207,5.337747789574223,4.578853416442871,5.337353527970624,5.11787334792844,5.088106632232666,4.589385092443667,4.727358304031269,4.950246418830204,4.498680305480957,4.7816152181615825,4.772014191882018,4.908777236938477,,,,,,,,,,,,,,
1596,5.55284196865778,,,,,,,,4.5849031747576054,4.539288207160485,4.501107205878465,4.228830432891845,4.6245002108997575,4.650946757909025,4.504497528076172,,,,,,,,,,,,,,
1597,4.82102305270683,4.837013417045261,4.547601336819963,4.50345305598952,4.692746257781982,4.719758644801667,4.7817445478635445,4.63580846786499,,,,,,,,,,,,,,,4.700387202994578,4.47599073355751,4.251666429718775,4.636943912506103,4.619113556818145,4.7398844623503,4.486494541168213
1598,4.46846098131303,,,,,,,,,,,,,,,,,,,,,,,,,,,,
1599,4.42852409631806,,,,,,,,4.649721809678028,4.613094271220137,4.393034349272804,4.513358211517334,4.653102216612621,4.638966553397807,4.4580397605896,4.627402013480869,4.648630938920809,4.445457410046693,4.5144118309021,4.671423522229547,4.6404413644140625,4.599212169647217,,,,,,,
1600,4.65757731917779,4.651840818473517,4.5552829383135585,4.494989477106199,4.620318603515625,4.522839270767853,4.595127950137842,4.4635329246521,,,,,,,,,,,,,,,,,,,,,
1601,4.49620931694282,4.539990388846849,4.6439004302259335,4.507364181219084,4.835350894927979,4.614961775160138,4.613767193362558,4.603636741638184,,,,,,,,,,,,,,,,,,,,,
1602,4.53461714855158,,,,,,,,4.635664883519377,4.378237030580086,4.462226689680291,4.724699306488037,4.498422802930325,4.562005239354353,4.501169204711914,4.5587341320401045,4.379938174651196,4.558114077983145,4.632825946807861,4.498858711174382,4.550585532624967,4.3635125160217285,,,,,,,
1603,3.94195376960472,,,,,,,,3.717594754218242,4.01890710765733,4.198388291318171,3.9011425018310546,3.9002533829945327,3.877523507559924,4.138704776763916,3.8050343698029905,3.8704385529634435,4.002867482107254,3.480215311050415,3.9055181283568405,3.783526115877046,3.75199556350708,,,,,,,
1604,3.27646223846794,3.348851244463308,3.4540320605552974,3.407389150214267,4.18499231338501,3.5731148873747727,3.710971022515525,4.038870811462402,3.338340621077663,3.445893204110593,3.4375436770984957,3.9155779838562013,3.5933532037805254,3.729676562335416,3.9100260734558105,3.8131792733450993,3.742815293496731,3.760191795414595,3.2719656467437743,3.777133499628997,3.8161502068855446,3.3455162048339844,,,,,,,
1605,3.33592240981493,,,,,,,,,,,,,,,3.8079158732367673,3.7206344516577166,3.7907971493659276,3.268963098526001,3.8025253774260546,3.8064247835319645,3.336442232131958,,,,,,,
1606,3.85542579239038,3.427590051362373,3.964522324154223,4.146067370845535,4.219276332855225,3.909398272239688,3.8819558895791015,4.015094757080078,3.362596973583734,3.4053375662055463,3.406751191985708,3.3821929931640624,3.4059852345903185,3.4025129831386196,3.3050854206085205,3.8111920015171457,3.739808131402764,3.7073263048569305,3.3360827445983885,3.767684396167449,3.795559346569317,3.3370285034179688,,,,,,,
1607,5.05060999335509,,,,,,,,3.444825847667647,3.456933495110776,3.4133271027379424,3.3022242069244383,3.4855974516642823,3.4298240652650507,3.323315382003784,3.8030666744905055,3.7302294274127847,3.6849263077377046,3.2798537254333495,3.7638854377938675,3.7633017140058036,3.3407440185546875,,,,,,,
1608,3.64820369310298,,,,,,,,,,,,,,,3.8209464940369684,3.3971648874245055,3.6172412511176018,3.188689184188843,3.5891182930801917,3.793561011968994,3.0995826721191406,,,,,,,
1609,3.91793306571489,,,,,,,,3.7135049947769225,4.012634206976536,4.216138324609367,3.966441440582275,3.9362948434138376,3.9010725587560295,4.068019390106201,3.803424713772103,3.904877912108554,4.050534705738161,3.6042470932006836,3.922423158911654,3.8177468513051394,3.8052279949188232,,,,,,,
1610,3.98046831546874,3.947506976479756,3.965262024053974,4.040427718056347,4.079091596603393,3.8507456505690167,3.8994731545556736,3.8420376777648926,3.7554908884286253,4.012036087477252,4.1988215634648025,3.8755438327789307,3.8726480714898206,3.914733933677348,4.084210395812988,3.8233870574386235,3.9150380562854603,4.089442586603653,3.6490674018859863,3.8839620261123984,3.7867268985814144,3.8389670848846436,,,,,,,
1611,4.93554201077308,4.991660880944035,4.686493523858018,5.033777253958407,4.792097091674805,4.7170206707415625,4.715585015113466,4.656815528869629,,,,,,,,4.285145611253323,4.677928060799237,4.7133409769388415,4.834574222564697,4.517082347204281,4.599909227963959,4.508055686950684,,,,,,,
1612,5.10237290870956,,,,,,,,,,,,,,,4.280729832579842,4.559672032914754,4.401225935697049,4.70398530960083,4.472014621125962,4.544635312256638,4.23190975189209,,,,,,,
1613,4.67366413907125,,,,,,,,,,,,,,,,,,,,,,,,,,,,
1614,4.30980391997149,4.078595010778622,4.377288774727258,4.287489858749438,4.298663997650147,4.475580341506716,3.988987057691024,4.49428653717041,,,,,,,,,,,,,,,,,,,,,
1615,4.85387196432176,,,,,,,,,,,,,,,,,,,,,,,,,,,,
1616,4.24260397120698,4.526032427612047,4.360637719075132,4.302416010644362,4.285164260864258,4.416346512670725,4.174673355583427,4.318946838378906,,,,,,,,,,,,,,,,,,,,,
1617,4.81815641205523,4.49840727867132,4.541255891394869,4.8128601229889,4.291852951049805,4.476098323620597,4.288704739509791,4.540029525756836,,,,,,,,,,,,,,,,,,,,,
1618,4.79860287567955,4.526938678589219,4.544796595604506,4.616409200167708,4.323340797424317,4.5856185920662655,4.462549926547446,4.679495811462402,,,,,,,,,,,,,,,,,,,,,
1619,4.04575749056067,4.2883914369493095,4.3683984854603,4.181734211741768,4.066840267181396,4.328035979036446,4.0581781591441475,4.422641277313232,,,,,,,,,,,,,,,,,,,,,
1620,4.5185573714977,4.157877250082868,4.194847018702646,4.123133147821155,4.09344973564148,4.100463743511472,4.118565379756541,4.157256126403809,,,,,,,,,,,,,,,,,,,,,
1621,4.0584885673656,4.505341861329683,4.477589938436177,4.3321182060800405,4.195765781402588,4.345990031834997,4.130305471823851,4.376502990722656,,,,,,,,,,,,,,,,,,,,,
1622,3.96899571863646,,,,,,,,,,,,,,,,,,,,,,,,,,,,
1623,3.84436036624022,4.222358681850313,4.210220041856816,4.23921866828062,4.420928859710694,4.180482327813009,4.283639214329433,4.535157680511475,,,,,,,,,,,,,,,,,,,,,
1624,4.80966830182971,,,,,,,,3.6599780741294423,4.123571787016996,4.3838734844900245,4.099521732330322,3.91299006708082,3.8950361196936103,4.043262481689453,3.966839282043097,4.2086726470720075,4.481039168389781,4.020625352859497,4.224723718178829,4.156046933134493,4.1876044273376465,,,,,,,
1625,4.30803489723264,,,,,,,,,,,,,,,4.074439341987628,4.183550861402598,4.3944838162629285,3.936707544326782,4.037815721274922,4.131732895769916,4.120755672454834,,,,,,,
1626,4.33254704711005,4.216731750613124,4.2239265963687265,4.31905229128089,4.478027248382569,4.37554236330008,4.401324499537323,4.127291202545166,4.186302324688952,4.2452430237321455,4.399850730131872,4.624808025360108,4.369577393489129,4.365701873395501,4.182271480560303,4.548972305461614,4.238677768370848,4.673486179140543,4.692897891998291,4.61615618958619,4.645318859281979,4.306076526641846,4.787325167017803,4.2200024078599,4.4590981457137175,4.6115490913391115,4.5883118386037935,4.639317463389057,4.372344970703125
1627,4.21324857785444,,,,,,,,4.183060413375506,4.4745536005022695,4.093702871466618,4.2905271530151365,4.244064739761044,4.165363876598107,4.218817710876465,4.316241543327561,4.2265564203750206,4.293904904357027,4.3232146263122555,4.297048154072124,4.24493695417203,4.2239227294921875,4.161496039118234,4.430697343989194,4.049377626215479,4.292280864715576,4.252118419009018,4.169356214517302,4.243287563323975
1628,4.20481541031758,,,,,,,,3.766482958822418,4.475111361371803,3.9097430587465802,4.176509952545166,4.021718386933071,3.8986074863170477,4.176596641540527,4.006025011632049,4.221420279341851,4.096423449378155,4.200187873840332,4.2058038334907035,4.158462481756249,4.286664009094238,3.739999440240952,4.433755242062046,3.837021370845371,4.178679800033569,4.022673920262143,3.905340477818441,4.167784690856934
1629,4.21324857785444,4.333356822061086,4.368824692916662,4.103096101146999,4.513936996459961,4.410238597611462,4.509801814955154,4.458610534667969,4.308045121417524,4.362627712059612,4.053774869025419,4.529564666748047,4.40530626891966,4.497038226618598,4.571364879608154,,,,,,,,4.573686727547366,4.432819889261317,4.461777565213826,4.579869556427002,4.602410534405221,4.688618933300071,4.585920333862305
1630,4.32239304727951,,,,,,,,4.485953999537092,4.440151996897775,4.816993523028303,4.819953346252442,4.528702428167618,4.632588544277569,4.52187442779541,4.524055342541976,4.451721044863712,4.81342273029375,4.769579887390137,4.55165519593263,4.632657637238095,4.5392632484436035,4.666332609262385,4.606839532209584,4.839877003528176,4.871178913116455,4.720236503149019,4.746660906223601,4.528316020965576
1631,4.16941133131486,,,,,,,,3.8400758846216725,4.447910353124322,3.8788421855192,4.160095596313477,3.9354505502023756,3.910050635159483,4.174642562866211,4.073182528389359,4.38063295775459,4.301605860235494,4.199293422698974,4.2708055374357885,4.207700844709422,4.287679195404053,3.606175876685802,4.461756952865032,3.783497241222135,4.133927726745606,3.929967931314015,3.7953560207069916,4.171522617340088
1632,4.19722627470802,,,,,,,,3.7321066770890727,4.327079592329515,3.7260472162553153,3.587545871734619,3.8857253686516855,3.658879254557121,3.3691532611846924,3.833883648606604,4.3914752938213795,3.9286904948887322,3.4250536918640138,4.114013319543727,3.8206512861499,3.530735492706299,3.586712170858687,4.230073543674665,3.780889920465406,3.2186739444732666,3.830982579053163,3.5131700130493893,3.557713031768799
1633,4.17392519729917,,,,,,,,4.473165814288871,4.272748210378927,4.433287198519971,4.676097774505616,4.385630499763696,4.477221237818257,4.341792583465576,4.581034910223661,4.277103593713416,4.639612334528483,4.794847869873047,4.599861830560823,4.621553551526082,4.437010765075684,4.8314058785759375,4.219100245659213,4.494958939207334,4.609565925598145,4.550396471063806,4.611566696305014,4.669112682342529
1634,4.18575240426808,4.490229302423878,4.264463025762509,4.286393199259695,4.594964599609375,4.28279790712051,4.258409990585969,4.399788856506348,,,,,,,,4.379330367675674,4.20482659073717,4.314380718132632,4.440973472595215,4.2903478710180885,4.38748176326003,4.469711780548096,4.631578749884204,4.20342767809246,4.121924592352481,4.253448247909546,4.3809462243073725,4.41821205627396,4.751011848449707
1635,4.1890957193313,,,,,,,,,,,,,,,4.4834680909766345,4.1923653916910055,4.304597251637054,4.381766414642334,4.331131666943112,4.5165514546917045,4.486690521240234,4.57978346096538,4.220287602522728,4.139822407288884,4.151267051696777,4.435373457432916,4.566224312257668,4.760719299316406
1636,4.24336389175415,,,,,,,,4.230843401281839,4.32251558053206,4.258426000376326,4.292101097106934,4.298324540176245,4.42691383443786,4.26744270324707,4.495490252625169,4.266269985125944,4.164823041846916,4.22271614074707,4.393955005316852,4.607038915855683,4.4010725021362305,4.564834918244632,4.271299912587933,4.151663291544009,4.2476362705230715,4.453038215044825,4.533123746002097,4.37277889251709
1637,4.63096977819085,4.551452541592877,4.526504538528476,4.582699034605724,4.69026460647583,4.48878566377882,4.518302287141294,4.5704145431518555,4.752465158551492,4.6212337594437916,4.725116025884792,4.740360069274902,4.682988424617383,4.639885423816119,4.702670574188232,,,,,,,,,,,,,,
1638,4.70158361993871,,,,,,,,4.622072930569016,4.5570111627521195,4.468353803669835,4.338459300994873,4.577901744272663,4.553748276254573,4.366381645202637,,,,,,,,,,,,,,
1639,4.65208481349831,,,,,,,,4.6707307020043505,4.64716577027259,4.717011344718195,4.813943099975586,4.6315964024003895,4.644155915114272,4.617661952972412,,,,,,,,,,,,,,
1640,4.49148854011533,4.246531532124916,3.7189221218313753,3.765629439430044,4.131815719604492,3.848174512690181,4.007983830794238,3.624804735183716,,,,,,,,,,,,,,,,,,,,,
1641,4.50113831100712,4.744857457470798,4.263105744315957,4.606529659419835,4.148416471481323,4.464441279577201,4.397936917689968,4.404496192932129,,,,,,,,,,,,,,,4.181188369279969,4.166583934112585,4.118947201176648,3.8492445945739746,4.1948309441623355,4.145653278028714,4.211297988891602
1642,5.04383156952464,4.176397011462708,4.271846654982768,4.078544879640701,4.3670494079589846,4.299358288904999,4.247102102900948,4.173703193664551,4.146161924955851,4.197672138726543,4.089463403274553,4.385738468170166,4.250727784446264,4.197977104515879,4.250093936920166,4.14641515288474,4.2389600488868275,4.125913544665933,4.370804977416992,4.214128499807458,4.201437811688246,4.290450096130371,4.1493315688470425,4.252601740896624,4.023479708697308,4.133806228637695,4.275921135495159,4.221889184044246,4.156666278839111
1643,4.38721614328026,4.58047113014245,4.519158484175416,4.44496489176757,4.599577331542969,4.484734803204795,4.4381028970460905,4.481926918029785,4.4905368953709015,4.392701313100274,4.493808453861555,4.6632530212402346,4.441076878769294,4.387299626901541,4.6845784187316895,3.653139779396719,3.954675097185365,3.991655451626829,3.7652704238891603,3.7904680146466436,3.774704701352618,3.86712384223938,,,,,,,
1644,4.32882715728492,,,,,,,,4.586965116987955,4.465394619857735,4.562523395538432,4.658603954315185,4.4902530235581635,4.522097054775024,4.552761554718018,3.606079348649471,3.8594356849804763,3.991535728597628,3.571055603027344,3.8165519627604767,3.8393559407693427,3.7240638732910156,,,,,,,
1645,4.1771783546969,4.475164038999767,4.461350323121886,4.436160691612678,4.488854312896729,4.402154411870333,4.406796504095828,4.5144476890563965,4.585880568894831,4.52516340018376,4.496271854195126,4.659108257293701,4.479955530035721,4.499311077758117,4.596866130828857,3.633003322062663,3.9137108703899917,3.902697877902166,3.5848801136016846,3.858173136752853,3.820620130887414,3.6567604541778564,,,,,,,
1646,4.44611697335613,,,,,,,,4.07998840248963,4.507544691980242,4.550511742719992,4.663224983215332,4.034653922554043,4.111911124557812,4.527657508850098,3.4418076806746734,3.860643124660338,3.9885123241592093,3.566695737838745,3.7230479617829264,3.6680197287358505,3.7851033210754395,,,,,,,
1647,3.38533573476434,4.447659129479595,4.511287200791706,4.44700891233411,4.623678970336914,4.653707531016201,4.522146932911526,4.546534061431885,,,,,,,,4.468737635525528,4.4989478494082835,4.364339852337637,4.6793896675109865,4.6167270125251445,4.498355544362316,4.441376686096191,4.585571815681117,4.522437622955249,4.337902576561459,4.498405170440674,4.676511339999157,4.54303751756904,4.7911200523376465
1648,4.58335949266172,,,,,,,,4.015830465848985,4.351382039511438,4.165929433112752,4.008640241622925,4.193247167504646,3.9172454405056554,4.324732303619385,3.3337944483660396,3.856307799091803,3.8101536967211183,3.7864399433135985,3.5150870860172443,3.593613097960603,3.5436642169952393,,,,,,,
1649,4.58838029403677,,,,,,,,4.056104015382232,4.3890025994662105,4.264204942508675,4.013761329650879,4.1988662813121,3.963534410662366,4.288242340087891,3.317434447117549,3.876699765250556,3.91864211250548,3.796732711791992,3.549122954409165,3.6291649547434752,3.604886531829834,,,,,,,
1650,4.68824613894425,4.449926412560722,4.367078887560306,4.283028963679538,4.316574001312256,4.301036912840728,4.343962354868528,4.377659320831299,4.329499967101173,4.172238300570019,4.262170473919019,4.25535774230957,4.143495257210555,4.2779854350711135,4.248485565185547,3.642917910482569,3.719173640124698,3.970262611793254,3.4720324516296386,3.8784298917581306,3.9333749484519043,3.4047317504882812,,,,,,,
1651,5.16749108729376,4.9828134037733305,4.934321525272169,4.775939553117446,4.212907314300537,4.983375366164552,4.838648718174128,4.583250045776367,5.000863823798437,4.917902210801924,4.855484620650284,4.543643474578857,4.9822367245062225,4.865986217072645,4.714544773101807,,,,,,,,,,,,,,
1652,5.08092190762393,,,,,,,,5.102839097908042,5.059020807700679,4.861320202651036,5.116191387176514,5.047104197333668,5.049452272936919,5.017423629760742,,,,,,,,,,,,,,
1653,4.95078197732982,,,,,,,,5.066686308984054,4.921238220046339,4.8944811231324294,4.888658905029297,5.019466255237297,5.02682368588867,5.149590492248535,,,,,,,,,,,,,,
1654,4.97061622231479,,,,,,,,5.084482988669839,5.055026515903187,4.936909684079502,4.9217023849487305,5.0527468507925795,5.044126653674684,5.177635192871094,,,,,,,,,,,,,,
1655,5.08092190762393,,,,,,,,5.102971903216972,5.028563565947777,4.837867538609498,5.121178436279297,5.020674379956436,5.058659635658557,5.207247257232666,,,,,,,,,,,,,,
1656,5.14266750356873,,,,,,,,5.229308428329443,5.027664169480686,4.870973846827835,5.16051607131958,4.998569488343425,5.137827177785169,5.202713489532471,,,,,,,,,,,,,,
1657,5.10790539730952,,,,,,,,5.088717981996909,5.040030332989794,4.902031204930185,5.184651279449463,5.044009606270943,5.052565186421238,5.229488372802734,,,,,,,,,,,,,,
1658,5.08092190762393,5.001521873884161,4.991831273055626,5.004220005163859,5.0970330238342285,4.965533621769949,4.903453370988774,4.935587406158447,,,,,,,,,,,,,,,,,,,,,
1659,5.15490195998574,5.068194423282497,5.038221122155727,5.0179048084742774,5.1440935134887695,5.000450704131134,4.868572876607943,5.067713737487793,,,,,,,,,,,,,,,,,,,,,
1660,5.04095860767891,,,,,,,,5.081373098991031,5.052227819697112,5.0149054475823736,5.097973918914795,5.030339633223855,4.969818299019345,5.044002532958984,,,,,,,,,,,,,,
1661,4.99567862621736,5.076222114506195,5.04803082279986,4.9004644376881705,5.1263813972473145,5.050449162553201,5.047042352867882,5.021225452423096,5.0880391041017985,5.041378777922146,4.882666087609277,5.173873805999756,5.039757252422373,5.038800385623785,5.142897605895996,,,,,,,,,,,,,,
1662,4.86012091359876,,,,,,,,4.839986729302281,4.787390798574345,4.971888684059194,4.897929000854492,4.761381363240901,4.838915714076242,4.577033042907715,4.619221644646363,4.588150357399872,4.7993345352795656,4.8577502250671385,4.627275531689344,4.673462755013926,4.445326328277588,4.45923057927786,4.6566549666448,4.8436350340349765,4.732367038726807,4.592370896333378,4.580472707237554,4.420471668243408
1663,4.87942606879415,4.836112936487815,4.7365078638060165,4.901198509682765,5.059510231018066,4.830762606894947,4.726809732089747,4.755179405212402,,,,,,,,4.705321619238781,4.540655431722546,4.902046054690926,4.983359909057617,4.76402548604856,4.765655392123829,4.632161617279053,4.6876807023655696,4.622197127229824,4.900535444745708,5.035086154937744,4.806232652450061,4.75735130930952,4.5714006423950195
1664,4.73282827159699,,,,,,,,4.880386393962243,4.680173996444769,4.589290822550385,4.76958122253418,4.802768958000857,4.846641104025359,4.503909111022949,4.625593145712163,4.558559591957728,4.520218768586424,4.899190139770508,4.7227063981226465,4.813836595776875,4.402884006500244,4.77551828356442,4.5684556375032805,4.413892285999965,4.832876205444336,4.766985700240232,4.8451602986215345,4.37199592590332
1665,4.81247927916354,,,,,,,,,,,,,,,4.582700021330954,4.404715538440088,4.151205254250703,4.479984951019287,4.597120385332349,4.676122844737274,4.738553524017334,4.830769746687644,4.640031726089138,4.045225684154436,4.617416572570801,4.742593411158666,4.76421031986708,4.557407855987549
1666,4.7594507517174,4.850267280076341,4.664625631866837,4.79440214408975,4.957811260223389,4.770775146036001,4.909393729161249,4.769989967346191,,,,,,,,4.637364690439795,4.511181098994308,4.411098155344353,4.868195629119873,4.584551071208177,4.8041253553624355,4.645141124725342,4.7619014232564805,4.6186887887418235,4.229652625451162,4.892651748657227,4.696643274400135,4.8039809714710024,4.479403018951416
1667,4.94692155651658,,,,,,,,,,,,,,,4.676561507205467,4.617506875054005,4.460796625765484,4.891604900360107,4.634212482973606,4.804410010207815,4.622682571411133,4.76804364839869,4.7779738035422605,4.2065493938802705,4.912118530273437,4.673389995592529,4.818049012331201,4.436024188995361
1668,4.89279003035213,4.814043501865038,4.8137707692632095,4.979303641020078,4.68515911102295,4.76520059436036,4.773613545698048,4.762454509735107,,,,,,,,4.665972181941197,4.624340766670906,4.7399840876646,4.82998046875,4.586664625529684,4.80704610756401,4.750020503997803,4.816687012913052,4.778905852034776,4.6423782701268745,4.893092155456543,4.64472956789674,4.796917652314667,4.600432872772217
1669,4.92445303860747,4.832645457134897,4.845950984886104,4.8508001272646535,4.914179706573487,4.849884486223561,4.831297464237807,4.622662544250488,,,,,,,,4.7059148993485875,4.597581510638606,4.582397105469769,4.970454978942871,4.7184201615967325,4.745530877899242,4.5862321853637695,4.808604165983061,4.738193895146733,4.5064493028322765,4.930973529815674,4.757625844707607,4.808284210480263,4.419753551483154
1670,4.8153085691824,,,,,,,,4.590218211821628,4.804953111982594,5.039427754035165,4.8972197532653805,4.809205959169978,4.73883208775305,4.749112129211426,4.684317957327311,4.566709578952829,4.668708680966185,4.865262031555176,4.686897680262518,4.70338270325794,4.589221000671387,4.728761089843968,4.640079525325653,4.751914840876985,4.770442390441895,4.729774085800148,4.6739526803792355,4.4471564292907715
1671,4.90308998699194,,,,,,,,4.809272381097763,4.642261843380469,4.494540239574284,4.811392116546631,4.726899990459177,4.795656932724282,4.550682067871094,4.731041679064399,4.403793574580954,4.427745954909572,4.801962280273438,4.6952453988007905,4.737785337182908,4.461535453796387,4.695395874911854,4.535186598417155,4.480815557552536,4.732210540771485,4.704173379043583,4.685706939076976,4.472384929656982
1672,5.02227639471115,4.625646239842127,4.716427115631544,4.6617159750848,4.625545501708984,4.664890486668496,4.651165898323972,4.702221393585205,,,,,,,,4.48353046174584,4.511139313242155,4.314006262274091,4.622504138946534,4.531425164923382,4.628528138748539,4.664401054382324,4.499256820343748,4.500460526515925,4.4278712607955875,4.746680450439453,4.56616935479394,4.63164784363646,4.710277080535889
1673,4.62342304294349,4.841139467544832,4.87669113547625,4.931312819435515,5.072544288635254,4.8663861060428415,4.8044198138791465,4.7461676597595215,,,,,,,,4.56159405474773,4.573573885445764,4.422728700182844,4.860623073577881,4.570059770224906,4.671723059807493,4.689986228942871,4.603752942987739,4.513724912537844,4.388933857266845,4.972128677368164,4.569803649936656,4.689952617862214,4.428681373596191
1674,4.89962945488244,4.821212300474971,4.758275676127842,4.679741329948336,4.889018821716308,4.738544669543739,4.80066463285903,4.689408779144287,,,,,,,,4.647146156409902,4.514122856610927,4.070969377298092,4.784554100036621,4.593244292041633,4.646963637859349,4.788394927978516,4.626043396097905,4.495665430568289,4.090330267782826,4.730255126953125,4.579565511929411,4.594902399678656,4.673274040222168
1675,4.88605664769316,4.7745222895672335,4.690428106052073,4.707156134121547,4.79033088684082,4.739934820613824,4.7575713512146685,4.628857612609863,,,,,,,,4.762059771214887,4.446594139483186,4.312547843891065,4.784365653991699,4.41617764633531,4.518425823888935,4.783339500427246,4.639546637917016,4.495973304955833,4.513144116354567,4.818296337127686,4.353880855813607,4.567428837621585,4.613110542297363
1676,4.84771165561694,4.842070259427049,4.761461521203118,4.728119240583507,4.886516666412353,4.734583681318226,4.76095765777047,4.811350345611572,,,,,,,,4.64023055152183,4.495120329425132,4.028508622201991,4.778448581695557,4.597093692408528,4.640551075338573,4.783745765686035,4.610298780764667,4.518288380537823,4.170225714151103,4.743581962585449,4.59501028944405,4.588013719374689,4.701239585876465
1677,4.67162039656126,,,,,,,,,,,,,,,4.898427887713361,4.222118894500796,4.009630461503648,4.769162273406982,4.640446467235455,4.854011666370534,4.634004592895508,5.028682240867929,4.457169919773533,4.476127943209092,4.732611656188965,4.739840400530194,4.820142087976157,4.637338638305664
1678,3.55909091793478,,,,,,,,3.9449900880269957,3.539428314420607,3.5636901143931787,3.36729736328125,3.7127158798958466,3.6285921527999045,3.615243911743164,,,,,,,,,,,,,,
1679,3.17005330405836,,,,,,,,3.8551349074751933,3.8396476823103036,3.7977581997935514,4.024010086059571,3.789555579667132,3.9230115952831155,4.269341945648193,,,,,,,,,,,,,,
1680,3.94309514866353,3.650788487482385,3.9629898904157637,3.6848796153380325,4.064784097671509,3.870030720173965,3.9135227454071555,3.9661781787872314,3.7934221840617006,3.9406793639083566,3.627018885393255,3.9857781887054444,3.8787512738945584,3.94794615872292,4.09102725982666,,,,,,,,,,,,,,
1681,3.09420411963213,,,,,,,,3.838802691344083,3.866272282675092,3.7815390757751937,3.9151799201965334,3.794529341261846,3.972142890091028,4.2293596267700195,,,,,,,,,,,,,,
1682,4.63264407897398,3.4546771048925096,3.211456875395868,3.168418546616338,3.1080060482025145,3.29532027518273,3.2417708235171854,3.5392982959747314,3.804722449887694,3.669014277648837,3.7709760768656944,4.023329448699951,3.742501371154351,3.9099819377465237,4.211335182189941,,,,,,,,,,,,,,
1683,4.56863623584101,3.571378953433576,3.8651760129127606,4.057856430268274,3.8033378601074217,3.895601549835698,3.973229424612167,3.5961556434631348,3.849759209819793,3.820722727815488,3.730866185747331,4.11779899597168,3.847491151400336,3.9704757895748757,4.206303596496582,,,,,,,,,,,,,,
1684,4.15490195998574,3.735694139683016,4.1987672985897975,4.024334893979365,4.528776550292969,4.212352936194338,4.204664391610223,4.063299655914307,3.806808083970659,3.8342367492591434,3.7909200151758955,4.428013134002685,3.8476948193655325,3.9228344099988486,4.182560920715332,,,,,,,,,,,,,,
1685,4.51286162452281,3.782266732951628,3.7766643834319233,3.779243496450161,3.8912686824798586,4.07229488695929,3.8530454306289155,3.7753307819366455,3.7787420348118843,3.846137340351589,3.7597718347280455,4.1660867691040036,3.817293132067651,3.96188386668124,4.174511909484863,3.974716179904003,4.195701553732895,3.9115084739005006,4.091245174407959,4.144668517726653,3.9718662911041487,4.103199481964111,,,,,,,
1686,3.61978875828839,,,,,,,,3.712081626081042,3.8446577538270605,3.785409340492951,4.243341445922852,3.810612007579847,3.8343478226612335,4.217207908630371,3.8570095759378535,4.21244721603947,3.7525091566926876,4.084040784835816,4.001541240362616,3.9151653559054616,4.132404804229736,,,,,,,
1687,4.53017798402184,,,,,,,,3.6417179661139825,3.8455102755724253,3.768870671845139,4.391070747375489,3.8729411274555368,3.928523593471754,4.332602500915527,3.598383285446059,4.175421675745478,3.819821482528547,4.24276065826416,4.113966141243079,3.9955783667409746,4.130176544189453,,,,,,,
1688,3.57675412606319,4.218633771586327,3.94132350608969,3.7582798908398063,3.9308047771453856,3.843404445583196,3.891466162570586,3.9454574584960938,3.8347572489509645,3.778368482859195,3.769658067404792,4.040610456466675,3.757899982428488,3.8888151321186,4.175686836242676,,,,,,,,,,,,,,
1689,3.11407366019857,,,,,,,,3.7888018855208943,3.6370761089893615,3.6930607734661005,3.970193338394165,3.760092586724071,3.754936960577445,4.1666412353515625,,,,,,,,,,,,,,
1690,4.70774392864352,,,,,,,,3.7848336302244134,4.071595099893832,4.299909855373132,4.517369556427002,3.846345420760451,3.656512639249887,4.353079319000244,4.164257699585894,4.239694003921513,4.326731692103683,4.663405990600586,4.188711859703242,3.892492183059991,4.496550559997559,,,,,,,
1691,4.46092390120722,,,,,,,,,,,,,,,,,,,,,,,,,,,,
1692,4.72584215073632,,,,,,,,,,,,,,,,,,,,,,,,,,,,
1693,5.07572071393812,,,,,,,,4.547986997485548,4.431446018732254,4.356350189553403,4.057815885543823,4.364236079769987,4.28780871488113,4.451639175415039,,,,,,,,,,,,,,
1694,4.48638292621212,4.466018042453296,4.504210657931846,4.370449896451447,4.323868751525879,4.481689356513228,4.396095901269737,4.431357383728027,4.034820823296887,4.1731904808450695,4.072560159129414,4.168706893920898,4.189094909963902,4.031870335902722,4.129860877990723,4.0797141785776505,4.140615104133008,4.012706851332685,4.025793838500976,4.119677123291177,4.0395235909896545,4.136882305145264,3.920991932392273,4.252832673907969,3.934171623050772,3.987557554244995,4.101230025076995,3.9663667416746846,3.724196195602417
1695,4.02502800570193,,,,,,,,,,,,,,,4.0929631210474655,3.8535686114661756,3.8588324264906073,3.859791326522827,4.098550377805571,3.9996570730001504,4.15969181060791,3.938047444861362,3.717095428792494,3.7846592258275913,3.8631309032440186,3.9455775922011407,3.9656709969924013,3.6864686012268066
1696,5.02826040911222,4.097928222303195,2.981739446133341,3.9146559514070667,3.007471036911011,4.340560636240276,4.256668885001356,3.3135311603546143,,,,,,,,4.094266001187469,3.3980839479242713,3.934741562000596,3.1074374675750733,4.189109173737676,4.110047617477241,4.0080885887146,,,,,,,
1697,4.51427857351842,4.873561661185169,4.009290269858924,4.342471699539813,4.234383583068848,4.680468020372903,4.694949203223461,4.202176094055176,,,,,,,,,,,,,,,,,,,,,
1698,4.27408836770495,4.239597158165433,3.9322934452464167,4.156631530806922,4.008810043334961,3.9102179500585557,3.858960372169755,3.6200790405273438,,,,,,,,,,,,,,,,,,,,,
1699,4.20342566678957,3.869917854781245,3.6517751224690134,4.074065941459432,3.8911415100097657,3.833079697727007,3.7281495527133943,3.8546650409698486,,,,,,,,3.8696180577090273,3.78006320196331,4.030726981238207,4.014125013351441,3.7379657569426024,3.631674984736612,3.87671160697937,,,,,,,
1700,4.37478049334954,4.689488491855555,4.764539929990465,4.453635815687742,4.978315353393555,4.666598450029573,4.686439879745503,4.738448143005371,4.751011175822652,5.891237446066225,4.949495311641025,5.77753210067749,4.686619336254167,4.686473580030435,4.720902442932129,,,,,,,,4.765236375740487,4.801910763245662,4.743218065195517,5.01220121383667,4.647235588036213,4.610171257259223,4.5456342697143555
1701,4.49005864274182,,,,,,,,4.639951573006275,5.608447476197768,5.076244758879519,5.066279506683349,4.6533863692853545,4.557836126854537,6.139563083648682,,,,,,,,4.6426831221872416,5.071572476226592,5.37277033426459,5.075608539581299,4.732184834355003,4.724918870106804,5.258406162261963
1702,5.09151498112135,5.013497811139714,4.972771920237431,4.864989674282507,5.101887798309326,4.9882057810225895,4.998683290492821,4.952340602874756,4.969437896426652,4.931854929689407,4.828622340236214,5.084657669067383,4.952924481122411,4.971959384028162,5.0348801612854,,,,,,,,,,,,,,
1703,4.97881070093006,,,,,,,,4.981321754577968,5.0021754181311975,5.011569064611531,5.045605850219727,4.991955051672518,5.009743360486479,4.989570617675781,,,,,,,,,,,,,,
1704,5.00436480540245,,,,,,,,5.036810968779575,5.013850638604084,4.881384374727802,5.084747695922852,5.0339931147154235,4.9982920805195015,5.019858360290527,,,,,,,,,,,,,,
1705,4.76447155309245,,,,,,,,5.030780590868688,5.0004088850766415,4.767638322281568,5.2255144119262695,5.0505397470720865,5.101536789897797,5.004010200500488,,,,,,,,,,,,,,
1706,5.05551732784983,5.096577972158625,5.077465965395747,4.950907245495856,5.147895050048828,5.071383264352026,5.067633233632551,5.052783489227295,5.02876775964489,4.980468443191878,4.8268245962718925,5.140802383422852,5.023569726033688,5.00993066043709,5.027227401733398,,,,,,,,,,,,,,
1707,5.02227639471115,5.102253768752564,4.995279444253819,5.09218982348008,4.784200382232666,4.975777242211833,4.989012787153763,4.986294746398926,5.006709292156162,4.898671991473469,5.018959573644684,4.7489094734191895,4.965684878359672,4.956373445821101,4.856019020080566,,,,,,,,,,,,,,
1708,5.23657200643706,5.126883686050906,5.024673562446676,5.019556373120144,5.233761024475098,5.08824486308767,5.093779087928422,5.099148750305176,5.05654556698678,4.929396118475171,4.944809319208699,5.145148658752442,5.067460544459738,5.062216081661388,4.897185325622559,,,,,,,,,,,,,,
1709,5.04095860767891,,,,,,,,4.9340463086729685,4.858502492211513,5.0047108829374665,4.955645179748535,4.9357386292512375,4.933509416931944,4.944869041442871,,,,,,,,,,,,,,
1710,4.83268266525182,,,,,,,,,,,,,,,,,,,,,,,,,,,,
1711,4.93554201077308,,,,,,,,4.8538426455296895,4.863255645329406,5.025637887836764,4.999367046356201,4.863353828249189,4.839143631589892,4.929891586303711,,,,,,,,,,,,,,
1712,4.84163750790475,,,,,,,,,,,,,,,,,,,,,,,,,,,,
1713,4.79048498545737,,,,,,,,4.8424889701405665,4.838286857436076,4.743680460333178,5.139331722259522,4.8384666393192575,4.810722963169172,4.935705661773682,,,,,,,,,,,,,,
1714,5.09151498112135,4.8907846696593325,4.862661221261429,5.105341231433668,4.7340163230896,4.908194316131086,4.830243201562051,4.899585723876953,,,,,,,,,,,,,,,,,,,,,
1715,5.00436480540245,5.04823985459057,4.91988595920407,4.950353234195559,5.0157395362854,4.915280885949585,4.912837257676449,4.906375885009766,,,,,,,,,,,,,,,,,,,,,
1716,5.10790539730952,,,,,,,,,,,,,,,,,,,,,,,,,,,,
1717,4.93930215964639,,,,,,,,,,,,,,,,,,,,,,,,,,,,
1718,4.00036480009025,4.097488634692326,4.008110734611905,3.989530968199658,4.320629024505616,4.061501979648313,4.121613023536732,4.5233259201049805,4.153164727164064,4.152570496405159,5.202056504249089,4.530573844909668,4.223536038653113,4.25185520732029,4.835597038269043,,,,,,,,,,,,,,
1719,4.03254948346165,3.9872662325195516,3.9983002433989303,4.0823822678655795,4.070317506790161,3.9833933299040165,4.011598277603293,4.154482841491699,4.205362866128496,4.0743314210906485,5.463508799280912,4.422058248519898,4.344634740723747,4.338995326229189,4.583920001983643,3.976803430152935,3.9764077141468563,4.040081930111167,4.051389598846436,3.9980564987845586,4.040965519094901,3.782968521118164,,,,,,,
1720,3.99312639116633,4.041895910065182,4.013228137193152,4.297396300987359,3.9006449699401857,4.01931429596025,4.108729132120393,4.38185977935791,4.246358755051856,4.07661375663384,5.570976845587495,4.477637243270874,4.379596239452641,4.415480485565655,4.6003875732421875,,,,,,,,,,,,,,
1721,4.09554537879209,3.970814302494537,4.545942216350326,4.30660029752701,4.2279808044433596,4.2223338139939015,4.171344408355234,4.174915790557861,3.9904063014506796,4.815144661830365,5.100618345135991,4.670875883102417,4.298386105136262,4.28371009582863,4.469686031341553,,,,,,,,,,,,,,
1722,4.69637202361611,,,,,,,,,,,,,,,4.292731818499861,3.93020898231328,3.5430324797117603,3.9297373294830322,4.003781073211871,4.267575300306751,3.4392242431640625,3.9401403416090686,3.5503455868429477,3.4031137467217327,3.6757705211639404,3.7988421613725922,3.89382903456133,3.184025287628174
1723,4.53313237964589,,,,,,,,4.6636715154426325,4.641111259178693,4.510839980978037,4.773972415924073,4.635092872505949,4.636077686413689,4.682992935180664,4.268435653728649,3.8790576924613624,3.531225285459648,4.046597719192505,3.9705811443834707,4.225142271521065,3.4977974891662598,3.9346532226925324,3.679534236331551,3.4392394333710303,3.765864849090576,3.8044692218484766,3.898784842153121,3.4234251976013184
1724,4.71466777235612,,,,,,,,4.49006698853213,4.467334749662277,4.5494466991190885,4.6419445991516115,4.468374060128465,4.477723008962121,4.416022777557373,4.301731810401493,3.9178059149823894,3.70278394421205,4.066147375106811,4.0597309726121855,4.239908533798441,3.4481940269470215,3.7156519785804334,3.667379006508229,3.572232281595151,3.806173849105835,3.7176898034896713,3.808723282719516,3.1643447875976562
1725,4.6903698325741,4.58982108732091,4.626158157987259,4.523530267227586,4.480895042419434,4.5449302056503855,4.449272195036134,4.350855827331543,4.346242237450129,4.423572216616174,4.357392854192415,4.260571479797363,4.357116085642497,4.289126587270295,4.206550121307373,4.238826324472722,3.9863225126143984,3.58873039026635,4.035085725784302,4.056037772979881,4.195739655955139,3.5503547191619873,3.8255679967608565,3.5865303613125317,3.388263263634745,3.852873754501343,3.7953044128592808,3.8916940691327784,2.9658687114715576
1726,4.54944299058167,,,,,,,,4.3033236066530005,4.198767439139874,4.120516634517175,4.121369028091431,4.129640591842556,4.275469068476068,4.108363151550293,4.197577642401342,3.88107380923413,3.442939908547109,3.862570381164551,4.01191785189736,4.169801764596077,3.40205717086792,3.920023713975557,3.5400996865022445,3.27223057813222,3.7386947154998778,3.767585904407371,3.899851108825982,2.993088483810425
1727,4.42922363120525,4.385165607502849,4.304728291058207,3.9042377920100395,4.336663722991943,4.2516954832480645,4.322460979757924,4.383238315582275,4.350305409157104,4.325033760284823,3.875075233718682,4.332885837554931,4.251633255585587,4.270549509984001,4.244213104248047,4.1923915814990735,3.9857380543860614,3.2345311343168346,4.157679843902588,3.9904631888435813,4.138809730347447,3.6347885131835938,3.833213464682905,3.5381550496108827,3.3251839915652353,3.564754343032837,3.7533924378011716,3.841944305024958,3.475557327270508
1728,4.40395299245456,4.485089558606726,4.406545884724261,4.423904545245538,4.341384506225586,4.398531426166677,4.396327616444072,4.375594139099121,,,,,,,,4.269699072734626,4.009122707123191,3.579124005292411,4.125279140472412,4.068909953593207,4.221253052227675,3.6689162254333496,3.788546923636955,3.5161224919003935,3.557683061657658,3.6676585197448732,3.7211457689564362,3.7602112813079884,3.3754687309265137
1729,4.48865148450979,,,,,,,,,,,,,,,,,,,,,,3.8129913483431848,3.559177027824593,3.821747438046456,3.9200769901275634,3.8396379481716907,3.6639651949644514,4.349911689758301
1730,4.53431978840172,,,,,,,,4.519783191268029,4.5665289298202865,4.564850554335472,4.676412868499756,4.529821815013941,4.480012647674362,4.904514312744141,,,,,,,,3.8182074932851156,3.8519969263042215,3.806398876479728,3.9427441120147706,3.8268379774167216,3.6668912808025476,4.384741306304932
1731,4.59057413132856,4.5191714270648875,4.528124819261297,4.527589490054215,4.517957782745361,4.498545019106617,4.444583417764496,4.571352958679199,4.367129227256388,4.4354653316209784,4.493529466763619,4.613374519348144,4.385935445772623,4.391603613255766,4.452115058898926,,,,,,,,3.602397794898997,3.9033399406843894,3.942167682732937,3.9966326713562013,3.787323874519879,3.62564715107017,4.218531608581543
1732,4.73541827076192,4.260173171245325,4.458565315774938,4.103489340094704,3.708290195465088,4.419953215662004,4.171941655761072,4.400203704833984,4.266441505222679,4.386211230930114,4.058453713808972,3.9305902481079102,4.340048663829236,4.171648812322236,4.377377510070801,,,,,,,,3.602293210186892,3.788555443633679,3.7160248110409912,3.702409601211548,3.8054723566023885,3.7890228689389125,4.0875067710876465
1733,4.32084475871665,,,,,,,,4.564046002546636,4.471233321251684,4.593088154776865,4.568332195281982,4.485843098147068,4.477199898663296,4.612626075744629,,,,,,,,3.845925322247693,3.5629078541099104,3.8454842861805734,3.839311933517456,3.8577231416497524,3.7077495690766566,4.348239898681641
1734,4.63846102873072,,,,,,,,,,,,,,,,,,,,,,3.6675018598326905,3.4904089869057184,3.6607611441498222,3.7996763229370116,3.6844651079319606,3.6171400624828687,3.9177112579345703
1735,4.30891850787703,,,,,,,,4.378501242000847,4.4112638812603855,4.387175042050605,4.157731342315674,4.266810821733161,4.092533598182423,3.953697681427002,,,,,,,,3.1839656029458814,3.69956271865421,3.970723944385926,3.749815797805786,3.3985232795953477,3.3043198954829274,3.808063507080078
1736,4.50459443685381,,,,,,,,4.482868832546245,4.430040289057622,4.259399945781412,4.293140029907226,4.386671881090689,4.331848384205493,4.350902080535889,4.279417061073333,4.313634791386037,3.954011815217805,3.847887897491455,4.246164064642639,4.266141145319124,4.3783135414123535,3.952569820784537,3.598443598720841,3.7067231670536183,3.7083096504211426,3.8319730374378675,3.828413510328702,3.689469814300537
1737,4.56960240861303,4.532380017030639,4.433138444203429,4.396222600815181,4.531433868408203,4.40686200277457,4.36752197680584,4.393302917480469,4.47683611857757,4.283983198184625,4.288108758338323,4.37172565460205,4.306290682438737,4.315686851884079,4.209923267364502,4.275284509400201,4.290977015625413,4.010074585442939,3.9522372245788575,4.234537991456235,4.223702276496502,4.31050968170166,3.7000515409466503,3.603274143450019,3.703054635430617,3.7895819187164306,3.789869799091307,3.769887965244135,3.374253034591675
1738,4.36371274790149,4.567644978399149,4.492260767137138,4.20472447375273,4.152100229263306,4.376780996693874,4.35578620363947,4.059782981872559,4.562939303902588,4.372232165419805,4.158371777620175,4.177107429504394,4.351607994653944,4.336759819061657,4.0598249435424805,4.4340848773638335,4.338117838936281,3.8375013269578044,3.9640870571136473,4.262591365084959,4.279770295547577,4.285730838775635,3.8513999155565357,3.5609370708012587,3.6146023454105545,3.8641983032226563,3.8515117252945736,3.869709539591867,3.3038330078125
1739,4.53431978840172,4.469572247692991,4.271742497910232,4.283874030478035,3.897950792312622,4.324356779197023,4.222321718423103,4.246018409729004,,,,,,,,4.280941777293964,4.233314271199884,4.08310262976021,3.474976587295532,4.218349948726734,4.0625139106332835,4.356324672698975,3.7926932432344267,3.52381852495018,3.821568366200439,3.6239776611328125,3.743627812458996,3.751463757925951,3.6785521507263184
1740,4.5548630312867,4.069338127665362,4.326469980540792,4.108901106446236,4.062467479705811,4.001997723384567,3.830792257720796,4.138213634490967,4.11006866973294,4.272305932376718,4.127139789676257,4.091608667373658,4.060415465919502,3.8394023775317483,4.208887577056885,,,,,,,,3.1590722945198597,3.691827621725038,3.8073027657859533,3.8243292808532714,3.4102590440617986,3.253107453477639,3.643876314163208
1741,5.50863830616573,,,,,,,,4.872694704811231,4.801614110653194,5.008945741694286,4.9496002197265625,4.9158440341523155,4.859114585082121,4.855116367340088,4.3929387905210255,4.6370479865106695,4.283243724524403,4.6913628578186035,4.370637315323185,4.324357094591432,4.328987121582031,4.350714858149627,4.545163735283208,4.203538964038267,4.670468521118164,4.292620958627881,4.287942227358304,4.430447578430176
1742,5.44369749923271,,,,,,,,,,,,,,,4.435440202629287,4.577625921196811,4.387293542048595,4.806882572174072,4.391617309039166,4.337488443130267,4.28539514541626,4.361749156784145,4.535399889959997,4.24283650651091,4.7980879783630375,4.362998203852986,4.382625022535136,4.230057716369629
1743,5.35372393758895,4.234905430360518,4.471788283407077,4.713620572814338,4.356265640258789,4.122579294070648,4.136311254969985,4.430019378662109,4.148730795993373,4.397266006547096,4.6865036814497145,4.395512962341309,4.138801877398886,4.137247414756897,4.269034385681152,,,,,,,,,,,,,,
1744,5.2298847052129,4.417777182168984,4.542699188247399,4.849631123632961,4.929826831817627,4.677559950685808,4.633330519408363,4.6948370933532715,,,,,,,,,,,,,,,,,,,,,
1745,4.80966830182971,,,,,,,,4.601753604617048,4.868259889583329,5.1326967135589685,5.3255573272705075,4.63917334453514,4.535228483851582,5.255625247955322,,,,,,,,4.463897077091863,4.424830921315548,4.416757227664126,4.690965604782105,4.5960526066260226,4.587718671022174,4.882975101470947
1746,4.95703092660682,,,,,,,,,,,,,,,4.765293076783829,4.554451916702351,4.07970411457657,4.393607425689697,4.670765719269307,4.502944205653034,4.550012588500977,4.737649489483719,4.564128978493842,4.067181700119479,4.308260440826416,4.80543402829951,4.5174136049277545,4.95060920715332
1747,1.36855623098683,2.7550658082310604,2.4515786995073667,2.4474664203164602,2.915401268005371,3.133808767634026,3.1638333504222085,1.8032417297363281,,,,,,,,,,,,,,,4.116040431116357,4.091554714964011,3.4372964412434843,3.8312432289123537,4.172922375986339,4.174203566596951,3.8895835876464844
1748,1.37882371822496,2.333397553682038,2.6672481416053815,2.5514847028303946,2.6417565822601317,3.1175217947207443,3.352488409120105,2.62601900100708,,,,,,,,2.8029327025981376,2.4087192371282926,2.5852474003668435,2.651567506790161,2.894339184544013,3.1253600889755155,3.02553129196167,4.09359140521863,4.184198857394965,3.921013572252721,4.178125953674316,4.315676592562054,4.451808848497455,4.20498514175415
1749,1.32975414692588,1.774971774440512,1.519603120053967,1.517744746609511,1.2594619274139405,1.9488895610269727,1.6002464409443369,1.4016817808151245,,,,,,,,,,,,,,,4.129122857799932,3.8977283925265693,3.837519825425912,4.307537078857422,3.802500298250726,3.9490612125200273,3.659198760986328
1750,1.37365963262496,,,,,,,,,,,,,,,,,,,,,,4.003141683964626,3.899054888703769,4.024068612896695,4.31097412109375,3.802874058974878,3.913085012997878,3.875155210494995
1751,1.37263414340727,,,,,,,,,,,,,,,,,,,,,,4.007962261975519,3.930711330801011,4.070812276641469,4.020553922653198,3.7967461930172406,3.879387373009591,3.8564250469207764
1752,1.4089353929735,,,,,,,,,,,,,,,,,,,,,,4.007962261975519,3.9244690325280516,4.14068476170199,4.115131616592407,3.7931932126246597,3.9413314085114353,3.771261692047119
1753,1.45469288353418,1.6584016575455878,1.4589808408362144,1.5347850830749454,1.3236742258071899,1.4655665157682787,1.3858902151192765,1.6069568395614624,,,,,,,,,,,,,,,4.007962261975519,3.948758172428764,4.092903392043657,4.046415758132935,3.803004748078611,3.9100032159666953,3.701699733734131
1754,1.53017798402184,,,,,,,,,,,,,,,,,,,,,,4.007962261975519,3.954644093410281,4.131041809256388,4.135043144226074,3.828546941511383,3.9355277649180573,3.6820425987243652
1755,1.79317412396815,1.5907054094587911,1.7404684388247391,1.8764129080198346,1.9331167221069336,1.7148487214410904,2.0035466034799483,1.771063208580017,,,,,,,,,,,,,,,4.007962261975519,3.9880114754337614,4.136508189148087,3.9453690528869627,3.840180492520903,3.91956245996624,3.658862352371216
1756,2.18708664335714,,,,,,,,,,,,,,,,,,,,,,4.007962261975519,3.9918503748702046,4.135224467010395,4.102524948120117,3.8492556425386137,3.9120744057456074,3.623058319091797
1757,1.40230481407449,1.7315876068338865,1.6315067143787434,2.0022181031219874,1.3164822340011597,1.8383824238641906,1.7201980900486455,1.1999635696411133,,,,,,,,,,,,,,,4.093698361790572,3.862330199002397,3.8841715914900248,4.283499145507813,3.718977749943366,3.856214531420173,3.390193462371826
1758,1.36351210364663,1.4028956331258424,1.511141942993781,1.6606280651277436,1.3427650451660156,1.4471116381702478,1.4329248504178438,1.3464325666427612,,,,,,,,,,,,,,,3.97276253487082,3.8246268557607497,3.9447728599990066,4.269532966613769,3.7298782066767133,3.808522137187402,3.580904483795166
1759,1.37059040089728,1.4094959344512419,1.4946131889730379,1.3688674065437367,1.3023416996002197,1.4097764009231495,1.4146163382988588,1.380784273147583,,,,,,,,,,,,,,,3.9885519492492962,3.8383984762193712,3.9692562362622246,3.7878631114959718,3.6707331526881113,3.8678145745143895,3.469508409500122
1760,1.39794000867204,1.4094959344512419,1.469104443810211,1.363092046759974,1.239047145843506,1.4215217277780443,1.4332204841777512,1.3688369989395142,,,,,,,,,,,,,,,3.9885519492492962,3.8417329643022464,3.999292091359305,3.7921652793884277,3.677243563575932,3.8256271775589914,3.316497802734375
1761,1.39685562737982,1.392135219254939,1.421969310322317,1.3135800358821328,1.317578339576721,1.4093214739131306,1.3981021683906065,1.2663283348083496,,,,,,,,,,,,,,,3.9885519492492962,3.8972952231368123,3.998083666276315,3.8016350746154783,3.6435237574561556,3.869655660626126,3.254117250442505
1762,1.42712839779952,,,,,,,,,,,,,,,,,,,,,,3.9885519492492962,3.9219494805352273,3.9528732915853984,3.8095346450805665,3.6871503960997063,3.844446854800324,3.218181610107422
1763,1.36051351073141,1.4094959344512419,1.4313064403736655,1.3576345974012471,1.3063756585121156,1.4157933403691394,1.6202264044733459,1.5759199857711792,,,,,,,,,,,,,,,3.9885519492492962,3.9338206790230554,3.8966875021350726,3.722873163223267,3.7021080583116963,3.8627413032503553,3.1783576011657715
1764,1.40450377817443,,,,,,,,,,,,,,,,,,,,,,3.9885519492492962,3.9570886518133763,3.9944846040721043,3.872056484222412,3.67718813975132,3.8818590229406165,3.1319546699523926
1765,4.06651271215129,5.867589762228667,4.494352521465791,5.033807351617472,4.517831420898437,5.561544525601505,5.83029967716645,4.798351287841797,6.238212607845919,4.5556305560092785,5.0355564488364815,4.443402433395386,5.962385878557714,6.157697005299092,4.820344924926758,5.345222894105807,4.571676566954841,4.986371474481995,4.061760187149048,5.292785097009736,5.260118471614127,4.777807712554932,,,,,,,
1766,4.05434558617539,4.131867975406945,4.225325932035429,4.0885915359321,3.9893242359161376,4.163479669108597,4.120335900978418,4.207736492156982,3.7350004852921534,3.8624709069118484,4.00111635605904,3.9281110763549805,3.7376268455474393,3.7310597910311567,4.144384860992432,,,,,,,,3.491187251115264,3.5420296180794524,3.6943406665195315,3.6887171268463135,3.4701127585032676,3.6098155995754793,3.486945390701294
1767,4.15007677352503,4.504889054329154,4.219536891088453,4.2608579867751395,4.237177181243896,4.296619387121862,4.194428769318939,4.249115943908691,3.763115204738864,3.879478739450003,4.246570284735186,4.383566284179688,3.7830791883217487,3.8093210889461955,4.149689674377441,,,,,,,,3.579286930815629,3.5786386641153096,4.0199256157642385,4.1805212020874025,3.577556483131955,3.6251374881951186,3.6423938274383545
1768,4.55476517356236,,,,,,,,3.758689743744264,3.9076828901841787,4.163094771390422,3.735461139678955,3.7573145273323765,3.7917947233560896,4.335801601409912,,,,,,,,3.545245826864022,3.6061534173218464,3.9729726137641674,3.8657368183135987,3.5661067709619516,3.655699814747639,4.136510848999023
1769,4.23456220972852,,,,,,,,3.9091356192025204,3.8908449545511443,4.262384455253937,4.464980030059815,3.8237153515744557,3.8627690727575996,4.151434421539307,,,,,,,,3.53169353541309,3.5829066399209655,3.937688332944462,4.024513053894043,3.5327217576174017,3.5837443205445743,3.5175445079803467
1770,4.43203309317685,4.167965412509791,4.183084266993877,3.9430522832416584,4.115931653976441,4.1385936035801745,4.10006209820555,4.237953186035156,3.753396692449277,3.868839766345253,3.956511595002053,4.108690786361694,3.8003903232558582,3.7590372332365325,4.161917686462402,,,,,,,,3.51261369468066,3.432143166700324,3.9578424606090774,4.094388103485107,3.548200909897505,3.635848538241681,3.5823826789855957
1771,4.10302754461539,4.450145300837801,4.507628566934156,4.271160658162515,4.356970024108887,4.4460106796085785,4.242685571989996,4.436806678771973,3.896078962284258,3.886518418308337,4.2393029624626655,4.388881015777588,3.7899063952894134,3.8398651734821287,4.3125081062316895,,,,,,,,3.5280828714807826,3.6012432808334993,3.957485980073287,3.9957080364227293,3.5294324454555484,3.5650926296506444,3.816331386566162
1772,4.1819447160118,,,,,,,,4.192982807056204,4.119975881860352,4.041570719188783,4.446177577972412,4.226223248411694,4.119723142667266,4.166430950164795,,,,,,,,3.606711859598544,3.6779060270298003,3.7624449725898583,4.099091053009033,3.6442171263102887,3.6436629891672214,3.3992934226989746
1773,3.97341204386561,,,,,,,,,,,,,,,,,,,,,,3.5654523094595896,3.5914434121471674,3.625611429512127,3.410591411590576,3.547322145524146,3.68381005096165,3.4421591758728027
1774,4.13473861764668,,,,,,,,,,,,,,,,,,,,,,3.616472828009466,3.570040696239062,3.8078841806058508,3.8549851417541503,3.609399412501212,3.6972852291809257,3.5716259479522705
1775,4.45074050015499,4.143022306071015,4.020359443063207,4.269346423195224,4.143448686599731,4.113352159100815,4.217195454711106,4.115423679351807,,,,,,,,,,,,,,,3.61069029996876,3.5932836354925217,3.748494919727334,3.8394991397857665,3.568394037531754,3.6797156445735846,3.4725418090820312
1776,4.17797949890807,,,,,,,,,,,,,,,,,,,,,,3.6040927950205246,3.4889204877471895,3.9716517385164525,4.078318929672241,3.5855984657827573,3.78967482698885,3.5229573249816895
1777,4.48840492981511,,,,,,,,,,,,,,,,,,,,,,3.6460546796118765,3.5449115135996423,3.78859295231285,3.901396131515503,3.569787526544799,3.6618473324624756,3.5407233238220215
1778,4.74605698427946,,,,,,,,,,,,,,,4.526614287827188,4.2467348120883965,4.306833789738306,4.769542503356933,4.087633927720441,4.597677006224396,4.411089897155762,,,,,,,
1779,4.96257350205938,4.9039674627699865,4.858552810773963,4.844596630802643,4.865939044952393,4.898511513314976,4.822247585890331,4.981783866882324,5.02160773379865,4.518877086467207,4.865015749298912,4.760517024993897,4.752630733292452,4.721472025283209,5.1194586753845215,4.479845927266038,4.799275312374986,4.554689892387639,4.570385360717774,4.766726290298257,4.541229226359987,5.012494087219238,,,,,,,
1780,4.65345144145153,4.9340067462595805,4.7615102797420885,4.711826375952754,4.874665832519531,4.864557202493597,4.814133825588765,4.976862907409668,5.022208735481175,4.465030643455308,4.743423835137854,4.785008811950684,4.792449278836976,4.737318548592897,5.122908115386963,4.460069831630089,4.749490619306936,4.432432102124827,4.566863536834717,4.827344143561632,4.546737279618219,4.935451984405518,,,,,,,
1781,4.6763354643919,4.917960185834452,4.77341864592958,4.793657717424602,4.790794754028321,4.751233721763882,4.7735924686458056,4.994083404541016,5.0238042785337775,4.46587464836146,4.797221423341332,4.74338550567627,4.746923575832501,4.733546136354364,5.112021446228027,4.452263741748718,4.751373156584552,4.51553428764756,4.530128765106201,4.780258400152527,4.513701907369648,4.962119102478027,,,,,,,
1782,5.29929628285498,,,,,,,,4.938911791331023,4.824618238786535,4.70350962055023,4.695661735534668,4.946892395202224,4.793404072733182,4.834413051605225,4.934096136814891,4.617271891694125,4.8088556415034205,4.622239303588867,4.9912296064498785,4.699527891707977,5.106047630310059,,,,,,,
1783,5.20551195334083,,,,,,,,,,,,,,,,,,,,,,,,,,,,
1784,4.52709734819634,4.849425063191473,4.734979510081935,4.70087067748136,4.903862571716308,4.772052429433374,4.832006805306742,4.833024024963379,5.116181188747513,4.741299269132157,4.8719659169199385,4.750257301330566,4.84588821143533,4.926479948185852,5.114072799682617,4.662433653883457,4.691794135111324,4.623916925292051,4.796926689147949,4.655174677751168,4.6226629745615,4.942598819732666,,,,,,,
1785,4.93554201077308,4.739817056795001,4.883540790528963,4.987041586427711,4.927400779724121,4.941384794274421,4.804433575428389,4.9497785568237305,5.139291105747386,4.770044871243605,5.136436573633058,4.847276973724365,4.920876008869529,5.015362859470619,5.086660861968994,,,,,,,,,,,,,,
1786,4.90483064856824,4.749549992357964,4.749331885019044,4.8098376484072345,4.944480991363525,4.805716034033665,4.847536731614214,4.88762903213501,5.15803014808897,4.702190403366773,5.016887776672098,4.785940837860108,4.906454267374453,5.022393970644748,5.080235958099365,,,,,,,,,,,,,,
1787,4.6959405337824,4.932839407980325,4.807575432161693,4.998178663486685,4.993974399566651,4.797127923918095,4.9223994275970515,4.878148555755615,5.162660026283107,4.703617634500823,5.0239396579192395,4.777345466613769,4.909008250374185,5.024081748353596,5.092648506164551,,,,,,,,,,,,,,
1788,4.65836766422195,4.953850881740572,4.71221818331109,4.967201243006198,4.995508098602295,4.8007739456643215,4.7634687070700075,5.026622295379639,,,,,,,,4.568984060295552,4.066480840114985,4.653191836036427,4.80835371017456,4.3709916521121075,4.446796311279272,4.717442989349365,,,,,,,
1789,4.94962024373854,4.651962519480256,4.6219583580121935,4.573564887369205,4.785986042022705,4.604957774093826,4.649061919863731,4.708481311798096,4.678229179540809,4.652532147988678,4.658967402626798,4.848915386199951,4.643736746518304,4.656351840955764,4.773736000061035,4.691276924930478,4.140883746291898,4.465995074880414,4.789128017425537,4.355661795158256,4.418766735630232,4.6081695556640625,,,,,,,
1790,4.56351930499051,,,,,,,,,,,,,,,4.396473569997054,3.869302668598763,4.079389020651298,4.90504903793335,4.169638972701376,4.309744166294727,4.373347282409668,,,,,,,
1791,4.60432421473006,4.835524976047622,4.6960757671794084,4.659598875717407,4.927530193328858,4.682795664346194,4.733785797803308,4.71290397644043,,,,,,,,4.566559164376567,3.8990871099700946,4.2568702418361415,5.0574544906616214,4.374162425108094,4.410414219195258,4.475635528564453,,,,,,,
1792,4.70180213289018,4.652418561196726,4.58702834862476,4.641014185128545,4.7288415908813475,4.6617305280206445,4.650541822803218,4.5318145751953125,,,,,,,,4.577928772758543,3.8921557062429866,4.216503124796338,5.0030864715576175,4.332285925108818,4.434155550588,4.386406898498535,,,,,,,
1793,4.78383409771401,4.639844445498458,4.554794602780317,4.48130082658726,4.799729919433593,4.5593779952795295,4.584195973314292,4.591954231262207,,,,,,,,4.425422867823072,3.9099633000512415,4.1662734174422615,4.923962211608886,4.263302643755838,4.371203165656499,4.385120868682861,,,,,,,
1794,4.54242085300424,,,,,,,,5.0118748336823336,4.525206961330031,4.836118434635785,4.134081697463989,4.814703410802931,4.64175663835017,5.1076459884643555,4.574659215781762,4.686313811971314,4.588163153842406,4.183724355697632,4.765294750274254,4.494495453050305,4.965155601501465,,,,,,,
1795,5.30277065724028,5.012784337432892,4.9492620019014915,5.142468396283348,4.950738048553466,4.909319323875823,4.873079165023057,5.001580715179443,5.229906715129448,4.741173783051357,5.145626217049977,4.862798690795898,4.886725407772881,4.936224424399546,5.190809726715088,4.514828124489149,4.814076968414331,4.840018787247612,4.606924343109131,4.729106817292494,4.514342671091041,5.017929553985596,,,,,,,
1796,5.27490547891853,,,,,,,,,,,,,,,4.494879305213081,4.616806611703368,4.779479257555305,4.533653736114502,4.690165472397151,4.492199873408899,5.071295738220215,,,,,,,
1797,4.72124639904717,4.716321374344786,4.519998284075834,4.603718326653706,4.787839317321778,4.602020188293704,4.4690668748204745,4.703450679779053,4.7544862823361855,4.738924195999114,4.864674603823007,4.795189380645752,4.6493951887282,4.5584557253111475,4.5630598068237305,,,,,,,,5.18469292821808,4.97965651159029,5.0240633423647365,5.125437545776367,5.055440877700491,5.023323119183581,4.99857234954834
1798,4.52287874528034,4.596779946419386,4.686027692707916,4.712765555982602,4.6035665512084964,4.61671239786901,4.5591611511824235,4.65468692779541,4.348046851612093,4.716682216047353,4.75438761421427,4.592044162750244,4.566346438550746,4.3718716583856425,4.6078877449035645,,,,,,,,4.55932847223877,4.945656609576436,4.654617799253659,4.85760383605957,4.599270548707364,4.488430239734347,5.060811996459961
1799,4.63827216398241,4.294233905885235,4.486968827662965,4.580739238984312,4.619110488891602,4.503182522609163,4.402409740364935,4.692053318023682,4.167952291079526,4.602200243774454,4.508457088983556,4.544028282165527,4.390757421416935,4.254585390074449,4.506685733795166,,,,,,,,4.553144229084096,4.6281065351784685,4.446795314477483,4.567144680023193,4.457642955718992,4.379142693885404,4.775076866149902
1800,4.53760200210104,4.492432035470314,4.543140568524199,4.474864645348573,4.491048431396484,4.518796335090468,4.49016784099242,4.453807353973389,4.364322950579775,4.656512375022484,4.509928445295473,4.30634036064148,4.407158132095553,4.348992936201215,4.239851951599121,,,,,,,,4.51097663956377,4.590995748559923,4.456767962984273,4.267895603179932,4.442137962437612,4.423541091072213,4.311858177185059
1801,4.56863623584101,,,,,,,,4.416596043451092,4.600638447659521,4.496462007017261,4.353797149658203,4.403908436103429,4.344970761830054,4.221770286560059,,,,,,,,4.478817614181298,4.580921745914034,4.30733811388873,4.063631391525268,4.457496662919818,4.404619291542369,4.251193046569824
1802,4.22184874961636,,,,,,,,4.471677322138507,4.58496605261159,4.56415973066017,4.632438659667969,4.5635502701089194,4.49466343567808,4.375181198120117,,,,,,,,5.069865155481537,4.904642446202905,4.75356641318795,5.045841217041016,4.969128995098165,4.945007814425853,4.629385948181152
1803,4.56863623584101,,,,,,,,4.705516540796549,4.5989560406762005,4.482797149292873,4.6635716438293455,4.561873910267917,4.596059654573138,4.42233943939209,,,,,,,,4.918645891558481,4.8866224072975974,4.4235862486115884,4.808981895446777,4.696068018951654,4.558438298694299,4.778400897979736
1804,4.31875876262441,4.3238715177039815,4.300075970280863,4.38356034829371,4.438380432128906,4.348548755179371,4.3067058917146674,4.331311225891113,4.6987895848367405,4.5466305082658955,4.273449478693383,4.380192852020263,4.399670368185609,4.391888309654087,4.267823696136475,,,,,,,,4.254098174873313,4.41913965128579,4.243377501098136,4.411251258850098,4.207954747243425,4.161919844011863,4.328919410705566
1805,4.05551732784983,4.2420686935432625,4.378313992416108,4.355038834388847,4.337325572967529,4.2891062753036895,4.267987692695295,4.098092555999756,4.507537956449589,4.5604421075987025,4.254744365706969,4.05878267288208,4.323722192358693,4.287751157772268,3.884533643722534,,,,,,,,4.23258245425097,4.4877951256509245,4.27476004516873,4.118177318572998,4.147559578442842,4.167482772374232,3.511043071746826
1806,4.38721614328026,4.069988844039446,4.165952529484181,4.05867299136067,4.076911973953247,4.103782859760168,3.982941619071653,3.94264554977417,4.097889209613316,4.52922810644106,4.139750449592877,3.963619518280029,4.187396964757995,3.96726138134921,3.809892177581787,,,,,,,,4.062868189699607,4.459079255129428,4.074803005098807,3.8469499588012694,4.114372047674748,4.012574156535862,3.4029107093811035
1807,4.24412514432751,4.393161795942528,4.353171637947899,4.183366439149836,4.460111045837403,4.316991802880684,4.328113809643462,4.162951469421387,4.694296735902763,4.57041398713952,4.122959075657644,4.479658603668213,4.4114461003390195,4.447188694777449,4.167382717132568,,,,,,,,4.263665146515839,4.806696100419169,4.182446349030811,4.7095132827758786,4.256390351195508,4.225392805872754,4.244568824768066
1808,4.20760831050175,,,,,,,,,,,,,,,5.155532090902658,4.258261808682829,4.591438226850506,4.98778657913208,4.957048724345825,5.028287883629601,4.550559997558594,5.473578217423499,4.431339460014143,4.690433384854373,5.131710243225098,5.113201533663118,5.218255449591553,4.679745197296143
1809,4.14874165128092,4.5681675305415395,4.450457966064047,4.6056191207931,4.700793743133545,4.557287556989344,4.745015380387339,4.3172760009765625,,,,,,,,5.172994950503419,4.3603813538865746,4.530080626011957,4.577001285552979,4.977662727770252,5.11724873602404,4.154752254486084,5.1330233038198925,4.355627768526312,4.589382547861232,4.545722579956054,4.880094622663087,4.9618431402452225,4.195390701293945
1810,4.61978875828839,4.46336665261561,4.231707285958351,4.297024272686666,4.467430114746094,4.333927766421116,4.425333143253142,4.0505781173706055,,,,,,,,4.899977906095331,4.3212127602441965,4.385235320126494,4.579552555084229,4.820024770317201,4.9599157597101025,4.099104881286621,5.057734511355495,4.217584136518605,4.356272707944921,4.456946086883545,4.886687076300478,4.89799965559764,4.130598545074463
1811,4.60205999132796,,,,,,,,,,,,,,,4.853485372638428,4.742807922482566,4.633123686602242,4.822210884094238,4.764917340347766,4.875041601391064,4.4505205154418945,5.421986842135075,4.828374727876496,4.704257082862017,5.09731388092041,5.067982550344462,5.135625889136963,4.649788856506348
1812,4.00436480540245,4.652524754630264,4.375716422166692,4.404982222594887,4.596911239624023,4.4717906397711245,4.4987722510659065,4.61799430847168,,,,,,,,,,,,,,,4.713629665481392,4.505907141868462,4.163544141079554,4.648277378082275,4.480239905072068,4.509019775922621,4.744091033935547
1813,4.31875876262441,4.343571688501978,4.2578620754718175,4.335681929025721,4.424503231048584,4.355127802963634,4.458532653736255,4.328823566436768,,,,,,,,,,,,,,,4.707470047784621,4.4105064196964205,4.363404070863215,4.615544700622559,4.429741573262771,4.575892196275359,4.379683494567871
1814,4.39794000867204,4.498869256926581,4.366156861377223,4.552128949005288,4.411490631103516,4.400494189458062,4.454968461910555,4.459186553955078,,,,,,,,,,,,,,,4.629505817031138,4.291041914457407,4.139420342396976,4.5196808815002445,4.4258814295973545,4.5237474921840555,4.332159996032715
1815,4.88605664769316,,,,,,,,,,,,,,,,,,,,,,4.952463174501286,4.827920514264725,4.350379439627842,4.952001857757568,4.726768043608569,4.614261152478566,4.771191596984863
1816,4.79588001734407,,,,,,,,,,,,,,,,,,,,,,4.968793667556731,4.63815509931369,4.970450562739414,4.761603546142578,5.000944803895284,5.029110080086085,4.759361267089844
1817,5.0,,,,,,,,,,,,,,,,,,,,,,4.479318636204804,4.634820758194358,4.9394944531245795,4.435770416259766,4.668051113921981,4.722448026228652,4.262946128845215
1818,4.08618614761628,4.519632170783837,4.632596735624708,4.810366670408035,4.870486927032471,4.5361424413184555,4.609848743258294,4.809131145477295,,,,,,,,,,,,,,,4.975576183124729,4.876578332515841,4.909122689375381,4.876005458831787,4.961854910081748,4.966561611237175,4.79158878326416
1819,4.55284196865778,4.713780672738105,4.690246418482727,4.804150510736583,4.867135524749756,4.664250777897708,4.564960420057167,4.636310577392578,,,,,,,,,,,,,,,4.969245164165164,4.854938635760256,4.6518845695566675,4.91937837600708,4.764984524714013,4.631565519864965,4.9596476554870605
1820,4.31875876262441,,,,,,,,,,,,,,,,,,,,,,4.929970360753694,5.0787929369808005,4.558739636860704,5.166622829437256,4.849031932312511,4.802688462783638,4.937248229980469
1821,4.4089353929735,,,,,,,,,,,,,,,4.485260963251334,4.632292813857809,4.515767959651277,4.9688544273376465,4.4803779560849195,4.559002968903304,4.627377033233643,4.7671160234783745,5.065343859380098,4.921179780155054,5.2279308319091795,4.707086131260612,4.751242991788379,4.920731067657471
1822,4.47750712278761,3.2615978917161645,4.081335044031877,4.046628912705369,4.191208076477051,3.636749914307826,3.222952227964706,4.250061511993408,,,,,,,,3.237803463381364,4.0357150832500785,4.002769751058021,3.9928017139434813,3.6965236724788246,3.131721920479007,4.161252498626709,3.5396867392006173,4.067726098434723,3.9322403941385127,4.194548034667969,3.7524553191958057,3.6248006695305053,4.281080722808838
1823,4.16178077809237,,,,,,,,,,,,,,,4.682133914339361,4.446008242257334,4.806657070483122,4.869189643859864,4.547892142591183,4.577241312518962,4.599131107330322,,,,,,,
1824,4.57691804170277,,,,,,,,,,,,,,,4.120236547329731,4.2482565790099285,4.3629864424332085,4.24775276184082,4.220600923900424,4.206173355105914,4.4848127365112305,,,,,,,
1825,4.542269451754,4.485582796636096,4.406869608742311,4.2776264883411,4.59297924041748,4.438288694991916,4.484811531249055,4.545496940612793,,,,,,,,4.144099047923503,4.233269986000937,4.19716109529104,4.287368392944336,4.184004567315811,4.161144202875353,4.434863090515137,,,,,,,
1826,4.33348201944512,4.163692491549847,4.088948270618062,4.077957934185949,4.078173685073852,4.032690342637311,4.125194227245258,4.183687686920166,,,,,,,,,,,,,,,4.129874960354836,4.121920087121975,4.139866125692267,4.216170310974121,4.098735415169148,4.094376569526811,4.133719444274902
1827,4.25103713874384,4.05235925465201,4.138956034690875,4.145201328292333,4.26338939666748,3.942383435941525,4.007998232181912,4.18405294418335,,,,,,,,,,,,,,,3.8709242682557523,4.151535499736858,4.275801759548059,4.080747079849243,3.9490134846813243,3.999384022959725,4.135176181793213
1828,3.31695296176115,,,,,,,,,,,,,,,3.9447280078171736,3.34330725363304,3.4430772612220992,3.5911542892456056,3.6933274582444113,3.805637584356496,3.1632351875305176,3.9847738008065288,3.3674326389597975,3.5339943010531503,3.9290514469146727,3.8219092708701674,3.9745923501460485,3.3366942405700684
1829,4.52724355068279,4.634808535496506,4.679725901815925,4.679128907839877,4.770376586914063,4.638583396972767,4.585263862398265,4.687069892883301,,,,,,,,4.549027755763832,4.6769932625775406,4.644229339727611,4.7439374923706055,4.597650030719431,4.5087682119783645,4.69146728515625,4.691290538641643,4.65834060613051,4.683690526486357,4.760751438140869,4.66768203966312,4.616224519433455,4.606759548187256
1830,4.70774392864352,,,,,,,,,,,,,,,,,,,,,,4.451467858439082,4.5706917168353405,4.8267696467305345,4.701185894012451,4.604196045069983,4.568152902011795,4.554108619689941
1831,4.54363396687096,,,,,,,,,,,,,,,4.514620431450945,4.4975610089576294,4.78981234676629,4.580597686767578,4.442772924782654,4.525777712794015,4.676039218902588,4.62217712121871,4.5792273633186396,4.846762967060445,4.483310890197754,4.607334122165629,4.58984528270897,4.558389663696289
1832,4.36151074304536,,,,,,,,,,,,,,,,,,,,,,4.693713606349684,4.516508577392231,4.936690240370053,4.625794792175293,4.656917382797145,4.60873636042129,4.585659503936768
1833,4.45105929903903,,,,,,,,,,,,,,,,,,,,,,4.921467863430518,4.468529064090135,4.488343786406648,4.842879104614258,4.671611083551131,4.731837218298635,4.713460445404053
1834,4.70774392864352,,,,,,,,3.5264462977942794,3.836446874207461,4.00552512730158,3.7102492809295655,3.821568094971569,3.7948442238395694,4.050763130187988,,,,,,,,3.7755569089959726,3.840263276686138,4.02230964691023,3.844915199279785,3.8372963565962057,3.949833046592102,4.233452796936035
1835,4.69440895044556,4.77716756778943,4.482667094318548,3.669158042469048,4.142786645889283,4.574611313201669,4.59971737900923,4.35899543762207,,,,,,,,4.68707640093178,4.258429515756794,3.6842235524121287,4.255793762207031,4.533293918735805,4.627900407683125,4.372775077819824,4.815503569787865,4.438877206278303,3.795001731566602,4.163506603240966,4.557040486342187,4.681864097912511,4.655336856842041
1836,4.78489141894691,4.462834121544432,4.6179722642278715,4.549714367625752,4.843189239501953,4.429315953077156,4.412346219514571,4.327261924743652,,,,,,,,4.428868975709111,4.4915612042753965,4.604421839983874,4.7693016052246096,4.421938442924221,4.4771584367366986,4.296542167663574,3.9939963553259417,4.273139581148989,4.041760932345584,4.669116020202637,4.107035950698385,4.069393752256051,4.036411285400391
1837,4.82275216374438,,,,,,,,,,,,,,,4.26840194341449,4.222764300707029,4.405488801715686,4.373872756958008,4.321581113895715,4.291584077742406,4.129295349121094,4.206163790759839,4.128326771770172,4.169971865639044,4.357298851013184,4.062741172454001,4.140630597491846,3.835073471069336
1838,4.76120143728608,,,,,,,,,,,,,,,,,,,,,,4.603774911121378,4.253128778957567,4.164522974852393,4.676295185089112,4.263474295335772,4.334562492939155,4.2869343757629395
1839,3.0,3.755677142992279,3.70321598621176,3.853633237442488,3.92216010093689,4.019807903589113,4.016576475648615,3.776381254196167,,,,,,,,,,,,,,,3.83965430912493,3.6144002994187203,3.6242713662808623,3.810220813751221,4.039685601414939,4.015848599184346,3.8968729972839355
1840,4.3646167959525,4.548837158610973,4.318583871275573,4.559972728409785,4.287593746185303,4.374276493689733,4.39901973316602,4.439507484436035,4.389782963870041,4.290248425095197,4.571894691540351,4.403315925598145,4.280171107770757,4.296049586947999,4.317539215087891,4.2421643819122625,4.101256494649842,4.279022837774563,4.275302600860596,4.0277303139795,4.153157080473371,4.312460899353027,4.1815675690105785,4.245703451418971,4.286914084876767,4.312373924255371,4.099517722365809,4.102300565699007,4.373998641967773
1841,4.45705015118582,,,,,,,,,,,,,,,4.330789090841166,4.25860222722428,4.02986684229281,4.443396663665771,4.106672900972578,4.49626898343902,4.347559928894043,4.268378792205282,4.328851728301047,4.144833906607511,4.729788398742675,4.1505435558852914,4.333525682357467,4.525832176208496
1842,4.537751784645,4.283019716734536,4.374452729609219,4.318747524248221,4.563623905181885,4.362091369829374,4.282574690944012,4.482466697692871,,,,,,,,4.245232909704844,4.199268075473984,3.982237664774866,4.307227325439453,4.05702188243744,4.104489486415893,4.218209266662598,4.144191241397498,4.279456500455312,3.9297095019152923,4.449943161010742,4.106470538063053,4.095115879743114,4.489625930786133
1843,4.537751784645,4.527345162631321,4.532149227173768,4.617958994932944,4.543768501281738,4.495688163154504,4.448266404048926,4.5483856201171875,4.505942398359203,4.406754693886762,4.574875407474817,4.614654922485352,4.379481274660659,4.325222416509684,4.522913932800293,4.3711530097602935,4.19651630701675,4.356612440151757,4.399608039855957,4.025612747144228,4.134981798572959,4.334193229675293,4.272631754870296,4.363451677162544,4.40837865881177,4.475682353973388,4.183055894363901,4.134352218336246,4.525064468383789
1844,4.63695240547891,,,,,,,,,,,,,,,4.218425578794243,4.278420642747647,4.25159569998006,4.489798450469971,4.107899026922048,4.114505897944222,4.467083930969238,4.194377180280878,4.319470424227572,4.275975673429734,4.649512004852295,4.2126352455894285,4.174969581077561,4.461798667907715
1845,4.542269451754,4.391805636538026,4.38492326128389,4.311601902166709,4.427973651885987,4.406130556187474,4.338493309287402,4.408474922180176,4.318533840658846,4.2799394688203485,4.334655310644109,4.530033111572266,4.317168520802878,4.344641983007713,4.337189674377441,4.292916724379088,4.147029193390261,4.021466936435278,4.377249622344971,3.9816313171770936,4.227390063295618,4.1986823081970215,4.195927648921148,4.286839351348097,4.100838978462533,4.558618259429932,4.129531569664342,4.220754386390994,4.420266628265381
1846,4.542269451754,4.505027781769323,4.5217095340144295,4.474353307414864,4.308505344390869,4.366104452006875,4.30700740571567,4.376883506774902,4.400975880983455,4.310239020857565,4.232067063057089,4.267671585083008,4.232299256999985,4.175936037005844,4.323941230773926,4.31336252249321,4.13767307635224,3.985272649974816,4.170703887939453,3.891552163111788,4.082627873002082,4.1999831199646,4.268809392192031,4.2849219684126965,4.053665695504307,4.310644817352295,4.10007679552049,4.089208281670868,4.376466274261475
1847,4.76573587562121,,,,,,,,4.425138211058931,4.310763053000085,4.332278244897962,4.3726194381713865,4.329385054754676,4.306061837495213,4.406991004943848,4.3616096371692805,4.130818340679927,4.069911678536967,4.267034912109375,3.9163662332557667,4.096401879037552,4.275973320007324,4.303198793396894,4.290405305251019,4.116874887413681,4.330190563201905,4.1466740995654305,4.163913979153732,4.418973445892334
1848,4.38912699961995,4.53399846743271,4.597109217191215,4.612007677072959,4.460247135162353,4.538069504353556,4.473223890178456,4.475602626800537,4.449049147464035,4.31869738381504,4.33318014481255,4.383923816680908,4.284414790573851,4.194520549205865,4.381314277648926,4.2912462432691845,4.123452487076184,4.04606736675961,4.214798164367676,3.914985476820037,4.065151814266117,4.222973823547363,4.28079861238004,4.281234294008891,4.130596094030512,4.279158020019532,4.131728926511593,4.1323084572487065,4.4020891189575195
1849,4.63695240547891,,,,,,,,4.4749486681282775,4.30858809230931,4.384198000582129,4.428213405609131,4.3174756842979,4.238102928602182,4.366705417633057,4.340403591170202,4.1247451852680905,4.109926211240516,4.283114337921143,3.9363017268121103,4.0577564674611475,4.273571968078613,4.311012156978441,4.289722472060523,4.164190358183165,4.366178894042969,4.110660310165119,4.116671627834757,4.408105850219727
1850,4.13448148092523,,,,,,,,,,,,,,,4.299795406945578,4.1565973077347005,4.0108265999625585,4.126943588256836,3.907694467673008,4.078519535603147,4.187528133392334,4.249791911633168,4.162047718843197,4.066496167332903,4.321599674224854,4.124456975995988,4.079155287985185,4.360535621643066
1851,4.45705015118582,4.473290070786118,4.483427343831363,4.434206286477015,4.617342281341553,4.458697606913374,4.401525616506822,4.444740295410156,4.215404640652242,4.249389678535088,4.381220942219658,4.575095081329346,4.263357135782849,4.315659474057444,4.402297019958496,4.202323908001383,4.100367127276578,4.13535285504407,4.490543937683105,3.870642581460504,4.180737470864508,4.2808966636657715,4.183882534975689,4.245479480862807,4.096896055941245,4.663655757904053,4.111198037130353,4.189413103988647,4.443240165710449
1852,4.44611697335613,,,,,,,,,,,,,,,3.1027619606067027,3.23401024796819,4.236610995509507,4.09535436630249,2.892418069604966,3.6014820333033217,4.317825794219971,,,,,,,
1853,4.69250396208679,4.600971198217037,4.739455098597082,4.413951338464266,4.493977737426758,4.639719632597559,4.575344887405709,4.7832441329956055,,,,,,,,3.3682064462781884,4.618077023013289,4.426737642854908,4.057592105865479,4.019217215724984,3.7794013794803623,4.51057767868042,,,,,,,
1854,4.82102305270683,4.594578179109553,4.592529069900115,4.432707371391677,4.789532470703125,4.593295190541731,4.525464198258779,4.66537618637085,4.580846967051595,4.674645805237366,4.4555102110515765,4.727947807312011,4.5665129791100485,4.550524560663387,4.95021915435791,,,,,,,,,,,,,,
1855,5.09151498112135,,,,,,,,4.892062908531213,5.030771224652193,5.111832022568079,4.783865070343017,4.89113236808379,4.741734818315672,5.141366004943848,4.858908317146044,5.060365326612461,5.1599566710506375,4.637135982513428,4.9461056723746335,4.786675827316294,5.190764427185059,,,,,,,
1856,5.21467016498923,,,,,,,,,,,,,,,,,,,,,,,,,,,,
1857,5.16749108729376,,,,,,,,,,,,,,,,,,,,,,,,,,,,
1858,4.73282827159699,,,,,,,,,,,,,,,4.870899127506063,4.685035902795419,5.013246536519544,5.011938095092773,4.766238078023106,4.763407464299756,4.660246849060059,,,,,,,
1859,4.60730304674033,,,,,,,,,,,,,,,,,,,,,,,,,,,,
1860,4.85387196432176,,,,,,,,,,,,,,,,,,,,,,,,,,,,
1861,4.80966830182971,4.980400326916413,4.898658520473842,4.830743012581616,5.19405345916748,4.788676138683345,5.032939544787641,4.76126766204834,,,,,,,,,,,,,,,,,,,,,
1862,5.07058107428571,4.990440049344775,4.99317423839655,4.942376090703859,5.15795316696167,4.933645147772155,4.999549027249418,5.212563991546631,4.913479618490878,4.921755307975408,4.934683465422775,5.130662441253662,4.888591466773026,4.8894270461714795,5.1927337646484375,,,,,,,,,,,,,,
1863,5.09151498112135,5.044162082823862,5.000787716750491,4.8960720029264,5.174221134185791,4.963761528242737,4.925179928481181,5.081191539764404,4.936424047245961,4.955737929067432,4.90321510132366,5.171108245849609,4.903062618817801,4.88585041168696,5.509961128234863,4.890845376267146,4.966325813790027,4.864201750618942,5.250103092193603,4.864589855985598,4.866882235953951,5.199233055114746,,,,,,,
1864,4.61978875828839,,,,,,,,,,,,,,,,,,,,,,,,,,,,
1865,4.97881070093006,4.974080634353471,5.015089975058942,5.069146298333979,5.300189113616943,4.939835830062505,4.883469613868076,5.085831642150879,4.815511546603506,4.941246989072731,5.059262146648604,5.300383472442627,4.873479114904848,4.839564983051751,5.204679012298584,4.805971521142218,4.942017922785865,4.993242589597221,5.3596173286437985,4.927010636141208,4.8120237707627584,5.21896505355835,,,,,,,
1866,4.99139982823808,,,,,,,,,,,,,,,4.889430341405994,5.034203689697309,4.83392867463097,5.092451190948486,4.935326239706256,4.9095037666748915,5.231334686279297,,,,,,,
1867,4.10237290870956,4.083793179103786,4.094904099124258,3.9816736138903233,4.102368450164795,4.080690319949232,4.032266286825277,4.0552191734313965,,,,,,,,4.084038699760604,4.10936102149687,3.8030954080328763,4.074889421463013,4.051919054942205,3.9974958788839077,3.8642737865448,,,,,,,
1868,4.18708664335714,,,,,,,,3.75472771070877,3.8435991387255792,3.871245983544298,3.762641954421997,3.8263820874214374,3.850318145887968,3.4505488872528076,,,,,,,,,,,,,,
1869,4.22184874961636,,,,,,,,3.774145723149207,3.870007619457933,3.837706427537731,3.821978759765625,3.8385598955497215,3.8839127429721065,3.548508405685425,4.297740141441836,4.248440043940096,3.973415637546994,4.2613451957702635,4.222690400210334,4.224267649956528,4.268162250518799,,,,,,,
1870,4.36653154442041,4.18619959996199,4.290668740132066,4.1931461989804415,4.013742542266845,4.2350869908665185,4.192751628852856,4.301810264587402,3.788529348346661,3.8345832417519587,3.976174789207686,3.7308791160583494,3.814432845683461,3.8806398601923293,3.6661980152130127,,,,,,,,,,,,,,
1871,4.29242982390206,,,,,,,,3.6678146463047625,3.834336114393827,3.9870033740487925,3.7330296993255616,3.7185047191315412,3.8124304609160875,3.6120457649230957,,,,,,,,,,,,,,
1872,2.99869906697958,3.619874567877768,3.251633714361845,3.3849243824924438,3.6414749145507814,3.5246314824331186,3.729143999263899,3.2720210552215576,,,,,,,,,,,,,,,,,,,,,
1873,3.04000516167158,,,,,,,,,,,,,,,3.2035134192453953,3.0560946398363327,3.0503622662619296,3.2596157073974608,3.13461608307656,3.3205484690734686,3.236142635345459,,,,,,,
1874,3.04624030826677,,,,,,,,,,,,,,,,,,,,,,,,,,,,
1875,3.24488773360493,,,,,,,,,,,,,,,,,,,,,,,,,,,,
1876,3.98716277529483,4.033621696841241,3.9809509126107963,4.064071707899004,4.0336301803588865,4.044454780568443,4.041503283526521,3.9794585704803467,,,,,,,,4.002392653618932,3.7228857990943793,3.5957108232425323,4.0214332103729244,3.831546966141639,3.9492390304373814,3.5947654247283936,,,,,,,
1877,4.0087739243075,4.039319855538986,3.972137952879137,3.692310525785599,3.8016551971435546,4.00999508128519,4.033392647120201,3.932206630706787,,,,,,,,4.022896992427731,3.7304646599040057,3.311817401690364,3.784084510803223,3.825340868446791,3.850574742957443,3.7495784759521484,,,,,,,
1878,4.10237290870956,4.035696803070749,4.055864753692066,4.058658119070441,4.179892063140869,4.066041113929742,4.012641854478262,4.073777198791504,,,,,,,,3.9469018730131866,3.9927450913939913,3.786686183683772,4.186401271820069,3.965607498575644,3.8670589461725022,3.925739288330078,,,,,,,
1879,3.20551195334083,3.083984538533635,3.249484397835056,3.4189285150686555,3.46753044128418,3.3206357556692887,3.3390736110023744,3.370255708694458,,,,,,,,,,,,,,,,,,,,,
1880,4.05060999335509,,,,,,,,,,,,,,,,,,,,,,,,,,,,
1881,3.99139982823808,,,,,,,,,,,,,,,4.061602747150992,3.7557486064285053,3.5602693881006755,3.939851427078247,3.9298028327172934,3.9353816788694314,4.0386152267456055,,,,,,,
1882,4.10237290870956,3.9876833341449105,3.9840873267447092,3.917670903940008,4.027961206436157,4.0200931783166265,3.975141936861435,4.294278621673584,,,,,,,,4.026856387428441,3.9182333921600154,3.5068137682701956,3.9536521434783936,3.942550811099155,3.877446747845554,4.004735469818115,,,,,,,
1883,4.00436480540245,,,,,,,,,,,,,,,,,,,,,,,,,,,,
1884,4.06550154875643,4.034106326810073,3.976453355566972,3.6282663476131995,3.7141884326934815,3.972162547963606,3.983811755024972,3.9043049812316895,,,,,,,,4.002373970895539,3.7636097202496206,3.381901511066615,3.741166830062866,3.822699835633037,3.813681041539788,3.708056688308716,,,,,,,
1885,4.11350927482752,4.112286506940895,4.095198027016903,4.084490398194189,4.03800220489502,4.092011363384166,4.0473498226092826,4.0879926681518555,,,,,,,,4.077107146849673,4.096595432773202,4.105832299409769,4.1087981224060055,4.051190766188628,4.052900873685974,4.051823616027832,,,,,,,
1886,4.10237290870956,,,,,,,,,,,,,,,3.907771385828367,3.6980461618760874,3.4746495806697624,3.800932455062866,3.8667169869808875,3.8748786414428853,3.6882126331329346,,,,,,,
1887,4.05551732784983,3.8512251517066027,4.028735735935292,4.014371691218933,3.8961376667022707,3.9467225516787567,3.9337268297539127,4.148528099060059,3.9602443573809216,4.007761043065508,3.9069091235868694,4.010859251022339,3.984629083772848,3.9637764585886477,4.121147632598877,3.8494523603298108,3.930102206207485,3.835917213341491,3.919731950759888,3.8834629827803933,3.854883433385582,4.0265069007873535,,,,,,,
1888,4.1249387366083,4.053230444636696,4.056186769408594,4.040792460821643,4.130716991424561,4.070256298564646,4.052850101471389,4.01882266998291,,,,,,,,4.0117068248066206,3.963430121272115,3.6023064671249445,3.983110952377319,3.963745770877775,3.902134129082071,3.6628074645996094,,,,,,,
1889,4.01322826573375,,,,,,,,,,,,,,,4.012842035977119,4.078035972668958,3.6589364738985153,4.122625732421875,3.994722332033098,3.921030808725189,3.901287078857422,,,,,,,
1890,5.36653154442041,5.222193340088784,5.278688084122783,5.372318638544866,5.197730636596679,5.25464227409232,5.165446494037946,5.088646411895752,5.126283081045099,5.003970286596167,5.361219352118871,4.945067310333252,5.099993222776265,4.947508125258378,4.760395526885986,,,,,,,,5.116971385443811,4.579298202021604,5.273562452848438,4.8365155220031735,4.778044152067552,4.792673929910283,4.571996688842773
1891,5.0087739243075,,,,,,,,,,,,,,,,,,,,,,4.836186839482714,4.990497242022943,4.3272704393569015,5.699213123321533,4.17516407174561,5.622806583417994,4.6763739585876465
1892,5.07058107428571,4.780412226625195,4.829055543471322,4.966261768915526,5.1988598823547365,4.663555451943504,4.70276721234351,4.970871448516846,,,,,,,,5.037456077277571,4.872225343178846,4.995802032222928,4.953747844696045,4.60686446115135,4.766252102791242,5.001204490661621,4.643671679008649,4.873070692982685,4.82200359766412,5.305799102783203,4.432561529345811,4.510562249737454,4.759989261627197
1893,5.58502665202918,,,,,,,,,,,,,,,4.993614243637515,4.670865225090625,4.956026271789984,5.124740695953369,4.773086305250647,4.786727580813551,5.326272010803223,4.836451532051796,4.535572486350627,4.92546889341137,4.929258251190186,4.386979697765671,4.4663953264205665,5.100480556488037
1894,5.20065945054642,,,,,,,,5.5850266520292156,4.890087720673029,5.3462225357737605,5.283955001831055,5.126287932990489,5.14195948478286,5.22647762298584,4.993614243637515,4.954806004872016,5.090884237497893,5.256093692779541,4.744574578982201,4.872646923084099,5.16726016998291,4.836451532051796,4.536332317080147,4.904108780933882,4.900780487060547,4.347262813838562,4.435641240070413,5.093767166137695
1895,5.38721614328026,,,,,,,,5.797908966363451,4.956103907853289,5.380382413997136,5.453172206878662,5.93047596018625,5.3563153258077945,5.401302337646484,,,,,,,,5.215333288202414,4.550448500725361,5.1191516348089605,5.289214420318603,5.097303017800829,4.962273570979847,5.670627593994141
1896,5.38721614328026,,,,,,,,5.458902820024266,4.927410572685664,5.088499272833946,5.040926265716553,5.113377872471816,5.014419906275822,5.3507280349731445,,,,,,,,5.507745859677659,4.561537782543954,4.974701378916867,5.136514949798584,4.937110989244387,4.894683308844361,5.659983158111572
1897,5.20760831050175,5.688319250672509,4.72667795574222,5.18424499091409,5.018523788452148,5.042770899754916,4.822763871963567,5.001867771148682,5.745904385895812,4.760191350257486,5.010238227912865,4.896304893493652,5.219618175723566,4.945286085308534,4.999667167663574,,,,,,,,5.830525733642527,4.398652803620905,4.901702132848255,4.763424396514893,4.427392936411397,4.5105265471049485,4.978959560394287
1898,5.35654732351381,,,,,,,,5.304024438921383,4.933553846485122,4.998640995915056,5.1185911178588865,5.2541868480780645,5.0045985408903935,5.012021064758301,,,,,,,,5.457076924331258,4.437510904473599,4.936307990554011,5.032234477996826,4.843848234261853,4.706050777468314,5.026214599609375
1899,5.33724216831843,5.326513558562928,4.925319770360936,5.177403586516792,4.997360706329346,5.060681789790831,4.864129600094266,5.257022380828857,5.156839879625219,4.926265893867347,5.183261893986298,4.818711948394776,5.101330525677415,4.825847259675089,4.826059818267822,,,,,,,,4.857333253052209,4.5290155679344615,5.118784563525578,4.592272329330444,4.3999911947294255,4.490847347755798,4.648663520812988
1900,4.28903688100472,,,,,,,,4.610573556150807,4.92158623404308,4.970685231520312,4.751407146453857,4.6550813445075585,4.825899808604092,4.814072132110596,,,,,,,,,,,,,,
1901,4.20901152491118,,,,,,,,4.646651528465432,5.047488740515308,5.099201590752946,4.7623907089233395,4.668325598952389,4.803434821776389,4.830596446990967,,,,,,,,,,,,,,
1902,4.18976748200492,4.160827163178916,3.8282905749896456,3.5768553358602246,4.004104900360107,4.048576572217065,4.077602441951205,3.583505630493164,,,,,,,,,,,,,,,4.23808807224387,3.907483954029585,3.514045765550306,4.097820281982422,4.165984684777894,4.118390074518835,3.843463182449341
1903,4.27984069659404,,,,,,,,4.68916199527541,4.176532314254578,4.224417603012123,4.132405185699463,4.541795868439158,4.448129917018042,4.527871131896973,4.51184095742413,4.123089802915013,4.0978680207797185,4.094902276992798,4.424186849312607,4.389784585043121,4.058866500854492,5.232118412612221,4.41178033170984,4.907200335611661,5.753938293457031,5.2640899694946155,5.229137429315867,5.370251178741455
1904,4.27984069659404,4.266422128796886,4.1753963169464585,4.121745676198778,4.30323224067688,4.221715807779608,4.219995935219364,4.17893123626709,,,,,,,,4.187121190422666,4.054591142379764,4.073887581652481,4.261859321594239,4.058072134677493,4.109941209503922,3.9290378093719482,4.1776111253585375,4.106281041793327,4.09272869830937,4.325728988647461,4.143023521098569,4.232734054425424,4.258484840393066
1905,4.27408836770495,4.315801435098922,4.253150559341851,4.574356770529521,4.411803340911865,4.272122045150578,4.2618535062616125,4.355158805847168,,,,,,,,,,,,,,,4.205203547964977,4.177466815458659,4.356965448873102,4.441259098052979,4.1792310966238855,4.225757536040105,4.508586406707764
1906,4.3585258894959,4.315702537147221,3.970820060861875,4.038402038852522,4.002164363861084,4.199102979417431,4.246775319422055,4.231804847717285,,,,,,,,4.222514329367358,4.119491657286926,3.981396683260181,3.960040283203125,4.080712440663615,4.110391783963005,4.079782962799072,4.197962181865361,4.039073991074138,4.0068582750148325,4.151025676727295,4.131308723233078,4.134728159447289,4.294129371643066
1907,4.33724216831843,4.262089598536276,3.780341082036293,3.9555792828883862,4.25201644897461,4.140626734837065,4.207413385001479,4.063179969787598,4.299246977035829,3.7666582176874197,3.9931922990408095,4.271372985839844,4.129844324228951,4.226638356708469,3.8554069995880127,4.169714183101035,3.6838923243280886,3.870024619610921,4.3001837730407715,4.010981748757866,4.099697534542804,3.7801449298858643,4.158751943059009,4.083522996217277,3.926925535977012,4.408281135559082,4.097369987791954,4.163252801042597,4.276188850402832
1908,5.12378215940836,,,,,,,,,,,,,,,4.745740264153981,4.806549890825954,4.727788669021734,5.157969760894775,4.6962248197487195,4.667324270419125,5.079050064086914,4.637031266838918,4.8497988704253,4.587485786058316,5.067110824584961,4.713358610967432,4.673814109002302,4.851151466369629
1909,5.08039897621589,4.683629099256525,5.077025233737533,5.103288285465066,5.1307454109191895,4.992499335012067,4.7460822916060605,4.818442344665527,,,,,,,,4.488937271102031,4.7824432084309505,4.909263908404602,5.1983521461486815,4.63056451136158,4.581801950667726,4.9680280685424805,4.318787005625472,4.851099283964878,4.837422908068178,4.986595630645752,4.6271775955301955,4.608264827529413,4.946140289306641
1910,5.10902040301031,,,,,,,,,,,,,,,4.601916257756202,4.758104081742767,4.932550379192641,5.129050445556641,4.63087405116016,4.69830678855186,5.041163921356201,4.532538986226114,4.823162358510604,4.789752553460053,5.0182013511657715,4.669383381517053,4.616071470780049,4.855906963348389
